episode,n_frames,ext1_serial,ext2_serial,error,ext1_max_frac,ext2_max_frac,post_birth_both_visible_frac,birth_f025,ext1_first_f025,ext2_first_f025,birth_f050,ext1_first_f050,ext2_first_f050,birth_f075,ext1_first_f075,ext2_first_f075,birth_f100,ext1_first_f100,ext2_first_f100
AUTOLab+0d4edc83+2023-10-21-19h-11m-38s,131,22008760,24400334,,1.0,1.0,1.0,0,0,0,0,0,0,0,0,0,0,0,0
AUTOLab+0d4edc83+2023-10-21-19h-14m-57s,141,22008760,24400334,,1.0,1.0,1.0,0,0,0,0,0,0,0,0,0,16,15,16
AUTOLab+0d4edc83+2023-10-21-19h-16m-50s,128,22008760,24400334,,1.0,1.0,1.0,0,0,0,0,0,0,0,0,0,0,0,0
AUTOLab+0d4edc83+2023-10-21-19h-19m-23s,133,22008760,24400334,,1.0,1.0,1.0,0,0,0,0,0,0,0,0,0,0,0,0
AUTOLab+0d4edc83+2023-10-21-19h-22m-26s,140,22008760,24400334,,1.0,1.0,1.0,0,0,0,0,0,0,0,0,0,0,0,0
AUTOLab+0d4edc83+2023-10-21-19h-37m-25s,180,22008760,24400334,,1.0,1.0,1.0,0,0,0,0,0,0,0,0,0,0,0,0
AUTOLab+0d4edc83+2023-10-21-19h-40m-44s,111,22008760,24400334,,1.0,1.0,1.0,0,0,0,0,0,0,0,0,0,0,0,0
AUTOLab+0d4edc83+2023-10-21-19h-40m-59s,152,22008760,24400334,,1.0,1.0,1.0,0,0,0,0,0,0,0,0,0,17,0,17
AUTOLab+0d4edc83+2023-10-21-19h-43m-30s,129,22008760,24400334,,1.0,1.0,1.0,0,0,0,0,0,0,0,0,0,0,0,0
AUTOLab+0d4edc83+2023-10-21-19h-44m-52s,135,22008760,24400334,,1.0,1.0,1.0,0,0,0,0,0,0,0,0,0,0,0,0
AUTOLab+0d4edc83+2023-10-21-19h-48m-55s,158,22008760,24400334,,1.0,1.0,0.9367088607594937,0,0,0,0,0,0,9,0,9,12,12,10
AUTOLab+0d4edc83+2023-10-21-19h-52m-38s,157,22008760,24400334,,1.0,1.0,1.0,0,0,0,0,0,0,0,0,0,0,0,0
AUTOLab+0d4edc83+2023-10-21-19h-53m-15s,158,22008760,24400334,,1.0,1.0,1.0,0,0,0,0,0,0,0,0,0,0,0,0
AUTOLab+0d4edc83+2023-10-21-19h-53m-52s,126,22008760,24400334,,1.0,1.0,1.0,0,0,0,0,0,0,0,0,0,0,0,0
AUTOLab+0d4edc83+2023-10-21-19h-58m-12s,180,22008760,24400334,,1.0,1.0,1.0,0,0,0,0,0,0,0,0,0,0,0,0
AUTOLab+0d4edc83+2023-10-21-20h-00m-21s,132,22008760,24400334,,1.0,1.0,1.0,0,0,0,0,0,0,9,0,9,12,11,12
AUTOLab+0d4edc83+2023-10-21-20h-26m-49s,104,22008760,24400334,,1.0,1.0,1.0,0,0,0,0,0,0,0,0,0,0,0,0
AUTOLab+0d4edc83+2023-10-27-19h-52m-01s,77,22008760,24400334,,1.0,1.0,1.0,0,0,0,0,0,0,0,0,0,0,0,0
AUTOLab+0d4edc83+2023-10-27-19h-53m-02s,82,22008760,24400334,,1.0,1.0,1.0,0,0,0,0,0,0,0,0,0,0,0,0
AUTOLab+0d4edc83+2023-10-27-19h-53m-24s,78,22008760,24400334,,1.0,1.0,1.0,0,0,0,0,0,0,0,0,0,0,0,0
AUTOLab+0d4edc83+2023-10-27-19h-55m-09s,67,22008760,24400334,,1.0,1.0,1.0,0,0,0,0,0,0,0,0,0,0,0,0
AUTOLab+0d4edc83+2023-10-27-19h-59m-18s,57,22008760,24400334,,1.0,1.0,1.0,0,0,0,0,0,0,0,0,0,0,0,0
AUTOLab+0d4edc83+2023-10-27-20h-11m-00s,92,22008760,24400334,,1.0,1.0,1.0,0,0,0,0,0,0,0,0,0,23,23,0
AUTOLab+0d4edc83+2023-10-27-20h-13m-55s,67,22008760,24400334,,1.0,1.0,1.0,0,0,0,0,0,0,0,0,0,10,10,0
AUTOLab+0d4edc83+2023-10-27-20h-15m-02s,87,22008760,24400334,,1.0,1.0,1.0,0,0,0,0,0,0,0,0,0,0,0,0
AUTOLab+0d4edc83+2023-10-27-20h-16m-35s,67,22008760,24400334,,1.0,1.0,1.0,0,0,0,0,0,0,0,0,0,16,16,0
AUTOLab+0d4edc83+2023-10-27-20h-19m-25s,63,22008760,24400334,,1.0,1.0,1.0,0,0,0,0,0,0,0,0,0,0,0,0
AUTOLab+0d4edc83+2023-10-27-20h-23m-08s,79,22008760,24400334,,1.0,1.0,1.0,0,0,0,0,0,0,0,0,0,21,21,0
AUTOLab+0d4edc83+2023-10-27-20h-24m-01s,76,22008760,24400334,,1.0,1.0,1.0,0,0,0,0,0,0,0,0,0,11,11,0
AUTOLab+0d4edc83+2023-10-27-20h-24m-13s,63,22008760,24400334,,1.0,1.0,1.0,0,0,0,0,0,0,0,0,0,0,0,0
AUTOLab+0d4edc83+2023-10-27-20h-28m-46s,71,22008760,24400334,,1.0,1.0,1.0,0,0,0,0,0,0,0,0,0,0,0,0
AUTOLab+0d4edc83+2023-10-27-20h-36m-17s,58,22008760,24400334,,1.0,1.0,1.0,0,0,0,0,0,0,0,0,0,10,10,0
AUTOLab+0d4edc83+2023-12-02-12h-56m-56s,169,22008760,24400334,,1.0,1.0,1.0,0,0,0,0,0,0,0,0,0,0,0,0
AUTOLab+0d4edc83+2023-12-02-13h-31m-49s,127,22008760,24400334,,1.0,1.0,1.0,0,0,0,0,0,0,0,0,0,0,0,0
AUTOLab+0d4edc83+2023-12-02-13h-44m-42s,89,22008760,24400334,,1.0,1.0,1.0,0,0,0,0,0,0,0,0,0,0,0,0
AUTOLab+0d4edc83+2023-12-02-13h-51m-22s,174,22008760,24400334,,1.0,1.0,1.0,0,0,0,0,0,0,0,0,0,0,0,0
AUTOLab+0d4edc83+2023-12-02-13h-53m-28s,127,22008760,24400334,,1.0,1.0,1.0,0,0,0,0,0,0,0,0,0,18,11,18
AUTOLab+0d4edc83+2023-12-02-13h-55m-18s,126,22008760,24400334,,1.0,1.0,1.0,0,0,0,0,0,0,10,10,0,13,13,0
AUTOLab+0d4edc83+2023-12-02-14h-05m-19s,127,22008760,24400334,,1.0,1.0,1.0,0,0,0,0,0,0,0,0,0,0,0,0
AUTOLab+0d4edc83+2023-12-02-14h-08m-07s,86,22008760,24400334,,1.0,1.0,1.0,0,0,0,0,0,0,0,0,0,0,0,0
AUTOLab+0d4edc83+2023-12-02-14h-17m-47s,117,22008760,24400334,,1.0,1.0,1.0,0,0,0,0,0,0,0,0,0,0,0,0
AUTOLab+0d4edc83+2023-12-02-14h-34m-19s,108,22008760,24400334,,1.0,1.0,1.0,0,0,0,0,0,0,0,0,0,0,0,0
AUTOLab+0d4edc83+2023-12-02-14h-41m-31s,132,22008760,24400334,,1.0,1.0,1.0,0,0,0,0,0,0,0,0,0,0,0,0
AUTOLab+0d4edc83+2023-12-02-14h-56m-54s,126,22008760,24400334,,1.0,1.0,1.0,0,0,0,0,0,0,0,0,0,11,11,0
AUTOLab+0d4edc83+2023-12-02-15h-17m-54s,152,22008760,24400334,,1.0,1.0,1.0,0,0,0,0,0,0,0,0,0,0,0,0
AUTOLab+0d4edc83+2023-12-02-15h-19m-42s,142,22008760,24400334,,1.0,1.0,1.0,0,0,0,0,0,0,0,0,0,10,0,10
AUTOLab+0d4edc83+2023-12-02-15h-21m-56s,153,22008760,24400334,,1.0,1.0,1.0,0,0,0,0,0,0,19,0,19,24,21,24
AUTOLab+0d4edc83+2023-12-02-15h-26m-18s,126,22008760,24400334,,1.0,1.0,1.0,0,0,0,0,0,0,0,0,0,0,0,0
AUTOLab+0d4edc83+2023-12-02-15h-33m-49s,155,22008760,24400334,,1.0,1.0,1.0,0,0,0,0,0,0,0,0,0,0,0,0
AUTOLab+0d4edc83+2023-12-02-15h-34m-31s,104,22008760,24400334,,1.0,1.0,1.0,0,0,0,0,0,0,0,0,0,13,12,13
AUTOLab+0d4edc83+2023-12-02-15h-41m-32s,178,22008760,24400334,,1.0,1.0,1.0,0,0,0,0,0,0,11,0,11,13,11,13
AUTOLab+0d4edc83+2023-12-02-15h-41m-57s,148,22008760,24400334,,1.0,1.0,1.0,0,0,0,0,0,0,0,0,0,43,0,43
AUTOLab+0d4edc83+2023-12-02-15h-45m-41s,106,22008760,24400334,,1.0,1.0,1.0,0,0,0,0,0,0,0,0,0,13,0,13
AUTOLab+0d4edc83+2023-12-02-17h-12m-19s,96,22008760,24400334,,1.0,1.0,1.0,0,0,0,10,0,10,13,0,13,16,12,16
AUTOLab+0d4edc83+2023-12-02-17h-30m-10s,115,22008760,24400334,,1.0,1.0,1.0,0,0,0,0,0,0,0,0,0,0,0,0
AUTOLab+0d4edc83+2023-12-02-18h-07m-01s,158,22008760,24400334,,1.0,1.0,0.918918918918919,0,0,0,10,0,10,12,0,12,16,0,16
AUTOLab+44bb9c36+2023-11-21-17h-48m-20s,288,22008760,24400334,,1.0,1.0,0.6701388888888888,0,0,0,0,0,0,0,0,0,0,0,0
AUTOLab+44bb9c36+2023-11-21-17h-48m-54s,193,22008760,24400334,,1.0,1.0,1.0,0,0,0,16,0,16,26,0,26,38,0,38
AUTOLab+44bb9c36+2023-11-23-09h-58m-34s,92,22008760,24400334,,1.0,1.0,1.0,0,0,0,0,0,0,0,0,0,0,0,0
AUTOLab+44bb9c36+2023-11-23-10h-44m-13s,178,22008760,24400334,,1.0,1.0,0.9550561797752809,0,0,0,0,0,0,12,0,12,37,0,37
AUTOLab+44bb9c36+2023-11-23-10h-45m-46s,705,22008760,24400334,,1.0,1.0,0.8567375886524823,0,0,0,0,0,0,0,0,0,0,0,0
AUTOLab+44bb9c36+2023-11-23-15h-22m-31s,339,22008760,24400334,,1.0,1.0,0.8613569321533924,0,0,0,0,0,0,0,0,0,0,0,0
AUTOLab+44bb9c36+2023-11-23-15h-24m-18s,555,22008760,24400334,,1.0,1.0,0.863063063063063,0,0,0,0,0,0,0,0,0,0,0,0
AUTOLab+44bb9c36+2023-11-23-15h-25m-46s,515,22008760,24400334,,1.0,1.0,0.9495145631067962,0,0,0,0,0,0,17,0,17,30,0,30
AUTOLab+44bb9c36+2023-11-23-15h-28m-43s,188,22008760,24400334,,1.0,1.0,0.5478723404255319,0,0,0,0,0,0,23,0,23,37,17,37
AUTOLab+44bb9c36+2023-11-23-15h-35m-31s,182,22008760,24400334,,1.0,1.0,1.0,10,0,10,14,0,14,22,0,22,35,18,35
AUTOLab+44bb9c36+2023-11-23-17h-02m-03s,400,22008760,24400334,,1.0,1.0,0.480719794344473,0,0,0,11,0,11,50,0,50,151,12,151
AUTOLab+44bb9c36+2023-11-23-17h-02m-54s,265,22008760,24400334,,1.0,1.0,0.6792452830188679,0,0,0,0,0,0,0,0,0,0,0,0
AUTOLab+44bb9c36+2023-11-23-17h-08m-17s,460,22008760,24400334,,1.0,1.0,0.6956521739130435,0,0,0,0,0,0,0,0,0,13,0,13
AUTOLab+44bb9c36+2023-11-23-18h-31m-35s,453,22008760,24400334,,1.0,1.0,0.6423841059602649,0,0,0,0,0,0,0,0,0,0,0,0
AUTOLab+44bb9c36+2023-11-23-18h-32m-23s,453,22008760,24400334,,1.0,1.0,0.6821192052980133,0,0,0,0,0,0,0,0,0,0,0,0
AUTOLab+44bb9c36+2023-11-23-19h-47m-13s,248,22008760,24400334,,1.0,1.0,0.9435483870967742,0,0,0,0,0,0,0,0,0,0,0,0
AUTOLab+44bb9c36+2023-11-24-16h-02m-51s,849,22008760,24400334,,1.0,1.0,0.8822143698468787,0,0,0,0,0,0,0,0,0,8,8,0
AUTOLab+44bb9c36+2023-11-24-16h-08m-49s,102,22008760,24400334,,1.0,1.0,1.0,0,0,0,0,0,0,0,0,0,0,0,0
AUTOLab+44bb9c36+2023-11-24-18h-22m-36s,1382,22008760,24400334,,1.0,1.0,0.8422575976845152,0,0,0,0,0,0,0,0,0,12,0,12
AUTOLab+44bb9c36+2023-11-24-18h-38m-17s,662,22008760,24400334,,1.0,1.0,0.9199395770392749,0,0,0,0,0,0,0,0,0,0,0,0
AUTOLab+44bb9c36+2023-11-24-18h-53m-11s,941,22008760,24400334,,1.0,1.0,0.9808714133900106,0,0,0,0,0,0,0,0,0,15,0,15
AUTOLab+44bb9c36+2023-11-24-18h-57m-25s,900,22008760,24400334,,1.0,1.0,0.9433333333333334,0,0,0,0,0,0,0,0,0,0,0,0
AUTOLab+44bb9c36+2023-11-25-10h-19m-02s,984,22008760,24400334,,1.0,1.0,0.9410569105691057,0,0,0,0,0,0,0,0,0,32,31,32
AUTOLab+44bb9c36+2023-11-25-11h-00m-53s,688,22008760,24400334,,1.0,1.0,1.0,0,0,0,0,0,0,0,0,0,0,0,0
AUTOLab+44bb9c36+2023-11-25-11h-05m-25s,588,22008760,24400334,,1.0,1.0,0.9302721088435374,0,0,0,0,0,0,0,0,0,0,0,0
AUTOLab+44bb9c36+2023-11-25-11h-06m-27s,618,22008760,24400334,,1.0,1.0,1.0,0,0,0,0,0,0,0,0,0,0,0,0
AUTOLab+44bb9c36+2023-11-25-11h-07m-29s,622,22008760,24400334,,1.0,1.0,0.9630225080385852,0,0,0,0,0,0,0,0,0,0,0,0
AUTOLab+44bb9c36+2023-11-25-11h-10m-00s,700,22008760,24400334,,1.0,1.0,0.9871428571428571,0,0,0,0,0,0,0,0,0,0,0,0
AUTOLab+44bb9c36+2023-11-25-11h-13m-51s,592,22008760,24400334,,1.0,1.0,0.9391891891891891,0,0,0,0,0,0,0,0,0,0,0,0
AUTOLab+44bb9c36+2023-11-25-11h-35m-21s,885,22008760,24400334,,1.0,1.0,1.0,0,0,0,0,0,0,32,0,32,39,35,39
AUTOLab+44bb9c36+2023-11-25-11h-39m-41s,1095,22008760,24400334,,1.0,1.0,0.9771689497716894,0,0,0,0,0,0,0,0,0,0,0,0
AUTOLab+44bb9c36+2023-11-25-11h-50m-53s,975,22008760,24400334,,1.0,1.0,0.9743589743589743,0,0,0,0,0,0,0,0,0,0,0,0
AUTOLab+44bb9c36+2023-11-25-12h-14m-46s,1067,22008760,24400334,,1.0,1.0,1.0,0,0,0,0,0,0,0,0,0,0,0,0
AUTOLab+44bb9c36+2023-11-25-13h-18m-02s,774,22008760,24400334,,1.0,1.0,0.9483204134366925,0,0,0,0,0,0,0,0,0,0,0,0
AUTOLab+44bb9c36+2023-11-25-13h-39m-05s,742,22008760,24400334,,1.0,1.0,0.9339622641509434,0,0,0,0,0,0,0,0,0,0,0,0
AUTOLab+44bb9c36+2023-11-25-13h-40m-15s,578,22008760,24400334,,1.0,1.0,0.9480968858131488,0,0,0,0,0,0,0,0,0,0,0,0
AUTOLab+44bb9c36+2023-11-26-15h-08m-07s,365,22008760,24400334,,1.0,1.0,1.0,0,0,0,0,0,0,0,0,0,0,0,0
AUTOLab+44bb9c36+2023-11-26-15h-44m-02s,283,22008760,24400334,,1.0,1.0,1.0,0,0,0,0,0,0,0,0,0,0,0,0
AUTOLab+44bb9c36+2023-11-26-15h-53m-17s,267,22008760,24400334,,1.0,1.0,1.0,0,0,0,0,0,0,0,0,0,0,0,0
AUTOLab+44bb9c36+2023-11-26-15h-54m-10s,244,22008760,24400334,,1.0,1.0,1.0,0,0,0,0,0,0,0,0,0,0,0,0
AUTOLab+44bb9c36+2023-11-26-16h-09m-31s,309,22008760,24400334,,1.0,1.0,0.9676375404530745,0,0,0,0,0,0,0,0,0,0,0,0
AUTOLab+44bb9c36+2023-11-26-16h-46m-38s,381,22008760,24400334,,1.0,1.0,1.0,0,0,0,0,0,0,0,0,0,0,0,0
AUTOLab+44bb9c36+2023-11-26-16h-50m-08s,92,22008760,24400334,,1.0,1.0,1.0,0,0,0,0,0,0,0,0,0,0,0,0
AUTOLab+44bb9c36+2023-11-28-08h-38m-13s,730,22008760,24400334,,1.0,1.0,1.0,0,0,0,0,0,0,0,0,0,0,0,0
AUTOLab+44bb9c36+2023-11-28-09h-03m-58s,693,22008760,24400334,,1.0,1.0,0.8773448773448773,0,0,0,0,0,0,10,0,10,19,0,19
AUTOLab+44bb9c36+2023-11-28-10h-43m-38s,269,22008760,24400334,,1.0,1.0,1.0,0,0,0,0,0,0,10,0,10,14,0,14
AUTOLab+44bb9c36+2023-11-29-17h-22m-07s,419,22008760,24400334,,1.0,1.0,0.7732696897374701,0,0,0,0,0,0,0,0,0,0,0,0
AUTOLab+44bb9c36+2023-11-29-19h-04m-27s,451,22008760,24400334,,1.0,1.0,1.0,0,0,0,0,0,0,0,0,0,0,0,0
AUTOLab+44bb9c36+2023-11-29-19h-42m-50s,321,22008760,24400334,,1.0,1.0,1.0,0,0,0,0,0,0,0,0,0,9,9,0
AUTOLab+44bb9c36+2023-11-29-19h-53m-40s,467,22008760,24400334,,1.0,1.0,1.0,0,0,0,0,0,0,0,0,0,8,8,0
AUTOLab+44bb9c36+2023-11-29-19h-54m-26s,83,22008760,24400334,,1.0,1.0,1.0,0,0,0,0,0,0,0,0,0,0,0,0
AUTOLab+44bb9c36+2023-11-29-19h-59m-39s,361,22008760,24400334,,1.0,1.0,1.0,0,0,0,0,0,0,0,0,0,0,0,0
AUTOLab+44bb9c36+2023-11-29-20h-08m-27s,425,22008760,24400334,,1.0,1.0,1.0,0,0,0,0,0,0,0,0,0,0,0,0
AUTOLab+44bb9c36+2023-11-29-20h-12m-58s,476,22008760,24400334,,1.0,1.0,0.8361344537815126,0,0,0,0,0,0,0,0,0,0,0,0
AUTOLab+44bb9c36+2023-11-29-23h-38m-45s,340,22008760,24400334,,1.0,1.0,1.0,0,0,0,0,0,0,0,0,0,0,0,0
AUTOLab+44bb9c36+2023-11-30-01h-39m-55s,115,22008760,24400334,,1.0,1.0,1.0,0,0,0,0,0,0,0,0,0,0,0,0
AUTOLab+44bb9c36+2023-11-30-01h-58m-09s,833,22008760,24400334,,1.0,1.0,0.8631452581032413,0,0,0,0,0,0,0,0,0,0,0,0
AUTOLab+44bb9c36+2023-11-30-03h-10m-56s,116,22008760,24400334,,1.0,1.0,1.0,0,0,0,0,0,0,0,0,0,0,0,0
AUTOLab+44bb9c36+2023-11-30-05h-40m-30s,523,22008760,24400334,,1.0,1.0,0.9235181644359465,0,0,0,0,0,0,0,0,0,15,0,15
AUTOLab+44bb9c36+2023-11-30-10h-57m-25s,1381,22008760,24400334,,1.0,1.0,0.8414192614047792,0,0,0,0,0,0,0,0,0,0,0,0
AUTOLab+44bb9c36+2023-11-30-10h-59m-28s,1538,22008760,24400334,,1.0,1.0,0.9141742522756827,0,0,0,0,0,0,0,0,0,0,0,0
AUTOLab+44bb9c36+2023-11-30-11h-06m-14s,351,22008760,24400334,,1.0,1.0,1.0,0,0,0,0,0,0,0,0,0,0,0,0
AUTOLab+44bb9c36+2023-11-30-11h-25m-20s,1669,22008760,24400334,,1.0,1.0,0.8214499700419413,0,0,0,0,0,0,0,0,0,0,0,0
AUTOLab+44bb9c36+2023-11-30-11h-27m-42s,1450,22008760,24400334,,1.0,1.0,0.856551724137931,0,0,0,0,0,0,0,0,0,0,0,0
AUTOLab+44bb9c36+2023-11-30-11h-48m-30s,128,22008760,24400334,,1.0,1.0,1.0,0,0,0,0,0,0,0,0,0,0,0,0
AUTOLab+44bb9c36+2023-11-30-11h-50m-56s,1103,22008760,24400334,,1.0,1.0,0.8676337262012692,0,0,0,0,0,0,0,0,0,0,0,0
AUTOLab+5d05c5aa+2023-07-07-10h-04m-33s,379,22008760,24400334,,1.0,1.0,1.0,0,0,0,0,0,0,0,0,0,52,0,52
AUTOLab+5d05c5aa+2023-07-07-10h-17m-57s,423,22008760,24400334,,1.0,1.0,0.9621749408983451,0,0,0,0,0,0,0,0,0,0,0,0
AUTOLab+5d05c5aa+2023-07-07-10h-45m-46s,553,22008760,24400334,,1.0,1.0,1.0,0,0,0,92,92,0,95,95,0,98,98,97
AUTOLab+5d05c5aa+2023-07-07-10h-56m-37s,227,22008760,24400334,,1.0,0.7222222222222222,0.43137254901960786,43,42,0,74,67,0,-1,72,-1,-1,77,-1
AUTOLab+5d05c5aa+2023-07-07-14h-56m-20s,446,22008760,24400334,,1.0,1.0,1.0,51,51,0,54,54,0,57,57,47,64,64,55
AUTOLab+5d05c5aa+2023-07-07-16h-09m-58s,376,22008760,24400334,,1.0,1.0,1.0,53,53,0,56,56,35,59,59,48,71,71,56
AUTOLab+5d05c5aa+2023-07-07-16h-15m-15s,320,22008760,24400334,,1.0,1.0,1.0,27,27,0,30,30,16,36,36,24,57,57,32
AUTOLab+5d05c5aa+2023-07-07-16h-15m-45s,266,22008760,24400334,,1.0,1.0,1.0,0,0,0,0,0,0,21,21,0,27,27,0
AUTOLab+5d05c5aa+2023-07-07-16h-17m-37s,374,22008760,24400334,,1.0,1.0,1.0,35,35,25,38,38,35,45,41,45,57,51,57
AUTOLab+5d05c5aa+2023-07-07-16h-18m-48s,92,22008760,24400334,,1.0,1.0,1.0,19,19,0,22,22,0,26,26,19,29,29,23
AUTOLab+5d05c5aa+2023-07-07-16h-25m-08s,323,22008760,24400334,,1.0,1.0,1.0,31,31,0,36,36,0,40,40,0,60,60,26
AUTOLab+5d05c5aa+2023-07-07-18h-38m-56s,383,22008760,24400334,,1.0,1.0,1.0,37,37,0,42,42,0,47,47,0,63,53,63
AUTOLab+5d05c5aa+2023-07-07-19h-02m-10s,495,22008760,24400334,,1.0,1.0,1.0,23,23,0,28,28,0,33,33,22,39,39,26
AUTOLab+5d05c5aa+2023-07-13-11h-12m-31s,163,22008760,24400334,,1.0,1.0,1.0,22,0,22,27,0,27,32,0,32,36,27,36
AUTOLab+5d05c5aa+2023-07-13-11h-31m-03s,559,22008760,24400334,,1.0,1.0,1.0,11,0,11,20,0,20,29,0,29,35,14,35
AUTOLab+5d05c5aa+2023-07-23-20h-55m-06s,298,22008760,24400334,,1.0,1.0,1.0,0,0,0,0,0,0,67,0,67,73,0,73
AUTOLab+5d05c5aa+2023-07-23-21h-15m-38s,355,22008760,24400334,,1.0,1.0,1.0,0,0,0,42,0,42,65,39,65,71,62,71
AUTOLab+5d05c5aa+2023-07-23-21h-50m-23s,248,22008760,24400334,,1.0,1.0,1.0,0,0,0,0,0,0,0,0,0,52,0,52
AUTOLab+5d05c5aa+2023-07-26-16h-57m-14s,1591,22008760,24400334,,1.0,1.0,1.0,0,0,0,53,45,53,78,74,78,86,82,86
AUTOLab+5d05c5aa+2023-07-26-17h-44m-26s,799,22008760,24400334,,1.0,1.0,1.0,0,0,0,0,0,0,0,0,0,0,0,0
AUTOLab+5d05c5aa+2023-07-26-17h-53m-00s,1190,22008760,24400334,,1.0,1.0,1.0,0,0,0,0,0,0,0,0,0,0,0,0
AUTOLab+5d05c5aa+2023-07-26-18h-14m-58s,247,22008760,24400334,,1.0,1.0,1.0,0,0,0,0,0,0,0,0,0,0,0,0
AUTOLab+5d05c5aa+2023-07-26-18h-24m-04s,258,22008760,24400334,,1.0,1.0,1.0,0,0,0,0,0,0,0,0,0,0,0,0
AUTOLab+5d05c5aa+2023-07-26-18h-50m-31s,307,22008760,24400334,,1.0,1.0,1.0,0,0,0,0,0,0,0,0,0,0,0,0
AUTOLab+5d05c5aa+2023-07-26-18h-51m-02s,446,22008760,24400334,,1.0,1.0,1.0,0,0,0,0,0,0,0,0,0,0,0,0
AUTOLab+5d05c5aa+2023-07-26-18h-51m-43s,348,22008760,24400334,,1.0,1.0,1.0,0,0,0,0,0,0,19,0,19,27,24,27
AUTOLab+5d05c5aa+2023-07-26-19h-20m-42s,306,22008760,24400334,,1.0,1.0,1.0,0,0,0,0,0,0,0,0,0,31,23,31
AUTOLab+5d05c5aa+2023-07-26-19h-21m-45s,218,22008760,24400334,,1.0,1.0,1.0,11,0,11,18,0,18,23,17,23,27,24,27
AUTOLab+5d05c5aa+2023-07-26-19h-32m-04s,171,22008760,24400334,,1.0,1.0,0.8888888888888888,0,0,0,0,0,0,32,29,32,38,35,38
AUTOLab+5d05c5aa+2023-07-26-19h-35m-20s,382,22008760,24400334,,1.0,1.0,1.0,0,0,0,0,0,0,0,0,0,0,0,0
AUTOLab+5d05c5aa+2023-07-31-17h-41m-17s,75,22008760,24400334,,0.7962962962962963,0.9629629629629629,0.75,0,0,0,39,0,39,50,50,46,-1,-1,-1
AUTOLab+5d05c5aa+2023-07-31-18h-51m-02s,206,22008760,24400334,,1.0,1.0,1.0,67,67,2,174,174,165,180,180,173,185,185,179
AUTOLab+5d05c5aa+2023-07-31-19h-35m-00s,83,22008760,24400334,,1.0,1.0,1.0,0,0,0,0,0,0,24,23,24,26,26,26
AUTOLab+5d05c5aa+2023-07-31-20h-04m-41s,104,22008760,24400334,,1.0,1.0,1.0,0,0,0,0,0,0,0,0,0,27,0,27
AUTOLab+5d05c5aa+2023-08-12-14h-42m-25s,98,22008760,24400334,,1.0,1.0,1.0,0,0,0,22,20,22,29,29,29,33,33,33
AUTOLab+5d05c5aa+2023-08-12-14h-49m-19s,143,22008760,24400334,,1.0,1.0,1.0,12,0,12,17,17,17,21,21,21,26,26,25
AUTOLab+5d05c5aa+2023-08-12-14h-50m-15s,130,22008760,24400334,,1.0,1.0,1.0,0,0,0,0,0,0,13,13,0,19,19,0
AUTOLab+5d05c5aa+2023-08-12-15h-35m-50s,59,22008760,24400334,,1.0,1.0,1.0,0,0,0,0,0,0,0,0,0,17,0,17
AUTOLab+5d05c5aa+2023-08-12-15h-55m-49s,165,22008760,24400334,,1.0,1.0,0.9567901234567902,0,0,0,3,0,3,17,16,17,21,20,21
AUTOLab+5d05c5aa+2023-08-12-16h-27m-23s,87,22008760,24400334,,1.0,1.0,1.0,0,0,0,0,0,0,0,0,0,18,18,18
AUTOLab+5d05c5aa+2023-08-12-20h-16m-38s,157,22008760,24400334,,1.0,1.0,1.0,20,0,20,25,22,25,30,27,30,33,32,33
AUTOLab+5d05c5aa+2023-08-12-20h-31m-36s,141,22008760,24400334,,1.0,1.0,1.0,0,0,0,23,23,23,28,28,28,32,31,32
AUTOLab+5d05c5aa+2023-08-12-20h-31m-55s,164,22008760,24400334,,1.0,1.0,1.0,0,0,0,21,0,21,27,21,27,32,29,32
AUTOLab+5d05c5aa+2023-08-12-21h-07m-48s,126,22008760,24400334,,1.0,1.0,1.0,16,0,16,18,16,18,21,20,21,25,25,25
AUTOLab+5d05c5aa+2023-08-12-21h-16m-10s,111,22008760,24400334,,1.0,1.0,1.0,0,0,0,0,0,0,15,0,15,21,14,21
AUTOLab+5d05c5aa+2023-08-12-21h-34m-01s,87,22008760,24400334,,1.0,1.0,1.0,17,13,17,20,18,20,25,24,25,29,27,29
AUTOLab+5d05c5aa+2023-08-12-21h-48m-48s,97,22008760,24400334,,1.0,1.0,1.0,0,0,0,0,0,0,0,0,0,39,36,39
AUTOLab+5d05c5aa+2023-08-12-21h-54m-07s,142,22008760,24400334,,1.0,1.0,1.0,0,0,0,15,0,15,21,0,21,25,21,25
AUTOLab+5d05c5aa+2023-08-12-22h-28m-13s,357,22008760,24400334,,1.0,1.0,1.0,16,0,16,21,0,21,26,19,26,32,23,32
AUTOLab+5d05c5aa+2023-08-12-22h-36m-52s,69,22008760,24400334,,1.0,1.0,1.0,25,20,25,30,25,30,34,29,34,39,33,39
AUTOLab+5d05c5aa+2023-08-12-22h-42m-36s,90,22008760,24400334,,1.0,1.0,1.0,0,0,0,0,0,0,26,0,26,31,28,31
AUTOLab+5d05c5aa+2023-08-12-23h-55m-27s,151,22008760,24400334,,1.0,1.0,1.0,0,0,0,0,0,0,13,13,0,18,18,17
AUTOLab+5d05c5aa+2023-08-12-23h-55m-47s,221,22008760,24400334,,1.0,1.0,1.0,0,0,0,0,0,0,19,14,19,26,20,26
AUTOLab+5d05c5aa+2023-08-13-00h-13m-04s,114,22008760,24400334,,1.0,1.0,1.0,15,0,15,19,14,19,23,20,23,26,24,26
AUTOLab+5d05c5aa+2023-09-02-09h-37m-09s,239,22008760,24400334,,1.0,1.0,1.0,0,0,0,0,0,0,26,26,17,31,31,24
AUTOLab+5d05c5aa+2023-09-02-09h-39m-16s,288,22008760,24400334,,1.0,1.0,1.0,33,33,27,36,36,31,41,41,35,45,45,38
AUTOLab+5d05c5aa+2023-09-02-09h-47m-43s,243,22008760,24400334,,1.0,1.0,0.9112149532710281,27,27,0,29,29,24,35,35,28,40,40,31
AUTOLab+5d05c5aa+2023-09-02-09h-51m-19s,216,22008760,24400334,,1.0,1.0,0.9029126213592233,0,0,0,10,10,0,19,19,0,25,25,14
AUTOLab+5d05c5aa+2023-09-02-09h-55m-32s,236,22008760,24400334,,1.0,1.0,0.7821782178217822,21,21,0,34,34,0,41,41,29,49,49,37
AUTOLab+5d05c5aa+2023-09-02-10h-24m-18s,108,22008760,24400334,,1.0,1.0,0.7209302325581395,17,17,0,22,22,0,28,28,19,36,36,23
AUTOLab+5d05c5aa+2023-09-02-10h-32m-29s,196,22008760,24400334,,1.0,1.0,0.8021390374331551,0,0,0,9,9,0,19,19,0,23,23,15
AUTOLab+5d05c5aa+2023-09-02-10h-35m-23s,180,22008760,24400334,,1.0,1.0,0.8475609756097561,0,0,0,16,16,0,21,21,12,26,26,17
AUTOLab+5d05c5aa+2023-09-02-10h-37m-40s,208,22008760,24400334,,1.0,1.0,1.0,15,15,0,20,20,0,24,24,18,27,27,21
AUTOLab+5d05c5aa+2023-09-02-10h-39m-35s,154,22008760,24400334,,1.0,1.0,1.0,20,20,0,25,25,11,29,29,21,34,34,25
AUTOLab+5d05c5aa+2023-09-02-10h-49m-03s,309,22008760,24400334,,1.0,1.0,0.887719298245614,19,19,0,24,24,0,29,29,21,36,36,24
AUTOLab+5d05c5aa+2023-09-02-10h-51m-11s,404,22008760,24400334,,1.0,1.0,0.7175572519083969,0,0,0,11,11,0,20,20,0,30,30,17
AUTOLab+5d05c5aa+2023-10-14-19h-49m-31s,71,22008760,24400334,,1.0,1.0,1.0,0,0,0,0,0,0,0,0,0,18,18,0
AUTOLab+5d05c5aa+2023-10-14-20h-02m-40s,453,22008760,24400334,,1.0,1.0,1.0,0,0,0,0,0,0,0,0,0,20,15,20
AUTOLab+5d05c5aa+2023-10-14-20h-03m-23s,361,22008760,24400334,,1.0,1.0,1.0,0,0,0,0,0,0,0,0,0,0,0,0
AUTOLab+5d05c5aa+2023-10-15-17h-48m-01s,161,22008760,24400334,,1.0,1.0,1.0,0,0,0,0,0,0,0,0,0,0,0,0
AUTOLab+5d05c5aa+2023-10-15-18h-30m-45s,154,22008760,24400334,,1.0,1.0,1.0,0,0,0,0,0,0,0,0,0,0,0,0
AUTOLab+5d05c5aa+2023-10-15-18h-31m-42s,191,22008760,24400334,,1.0,1.0,1.0,0,0,0,0,0,0,0,0,0,0,0,0
AUTOLab+5d05c5aa+2023-10-15-18h-40m-22s,159,22008760,24400334,,1.0,1.0,1.0,0,0,0,0,0,0,0,0,0,0,0,0
AUTOLab+5d05c5aa+2023-10-15-19h-37m-16s,148,22008760,24400334,,1.0,1.0,1.0,0,0,0,0,0,0,0,0,0,0,0,0
AUTOLab+5d05c5aa+2023-10-15-19h-38m-27s,157,22008760,24400334,,1.0,1.0,1.0,0,0,0,0,0,0,0,0,0,0,0,0
AUTOLab+5d05c5aa+2023-10-15-19h-41m-20s,127,22008760,24400334,,1.0,1.0,1.0,0,0,0,0,0,0,0,0,0,0,0,0
AUTOLab+5d05c5aa+2023-10-15-19h-43m-19s,154,22008760,24400334,,1.0,1.0,1.0,0,0,0,0,0,0,0,0,0,10,10,0
AUTOLab+5d05c5aa+2023-10-15-19h-50m-18s,202,22008760,24400334,,1.0,1.0,1.0,0,0,0,0,0,0,0,0,0,26,0,26
AUTOLab+5d05c5aa+2023-10-15-19h-51m-00s,144,22008760,24400334,,1.0,1.0,1.0,0,0,0,0,0,0,0,0,0,21,0,21
AUTOLab+5d05c5aa+2023-10-15-19h-52m-26s,159,22008760,24400334,,1.0,1.0,1.0,0,0,0,0,0,0,0,0,0,0,0,0
AUTOLab+5d05c5aa+2023-10-15-19h-55m-06s,170,22008760,24400334,,1.0,1.0,1.0,0,0,0,0,0,0,0,0,0,0,0,0
AUTOLab+5d05c5aa+2023-11-12-16h-46m-22s,720,22008760,24400334,,1.0,1.0,1.0,0,0,0,23,0,23,29,23,29,32,27,32
AUTOLab+5d05c5aa+2023-11-12-16h-54m-03s,1080,22008760,24400334,,1.0,1.0,0.9932562620423893,41,34,41,42,38,42,44,40,44,47,42,47
AUTOLab+5d05c5aa+2023-11-12-18h-11m-59s,813,22008760,24400334,,1.0,1.0,0.993849938499385,0,0,0,0,0,0,0,0,0,0,0,0
AUTOLab+5d05c5aa+2023-11-12-21h-12m-59s,790,22008760,24400334,,1.0,1.0,0.959493670886076,0,0,0,0,0,0,29,25,29,33,28,33
AUTOLab+5d05c5aa+2023-11-12-21h-14m-43s,885,22008760,24400334,,1.0,1.0,1.0,27,0,27,34,34,33,40,40,40,44,44,44
AUTOLab+5d05c5aa+2023-11-17-20h-47m-29s,382,22008760,24400334,,1.0,1.0,1.0,21,18,21,25,21,25,31,25,31,35,29,35
AUTOLab+5d05c5aa+2023-11-17-21h-21m-05s,645,22008760,24400334,,1.0,1.0,1.0,30,0,30,33,29,33,37,34,37,43,38,43
AUTOLab+5d05c5aa+2023-11-17-22h-10m-38s,1101,22008760,24400334,,1.0,1.0,0.9954586739327884,0,0,0,0,0,0,0,0,0,28,0,28
AUTOLab+5d05c5aa+2023-11-17-22h-34m-22s,1098,22008760,24400334,,1.0,1.0,1.0,20,16,20,23,19,23,27,24,27,30,27,30
AUTOLab+5d05c5aa+2023-11-17-22h-50m-18s,783,22008760,24400334,,1.0,1.0,1.0,0,0,0,25,0,25,29,25,29,32,28,32
AUTOLab+5d05c5aa+2023-11-18-01h-24m-07s,115,22008760,24400334,,1.0,1.0,0.9391304347826087,0,0,0,0,0,0,23,23,21,25,25,23
AUTOLab+7cb094d5+2023-12-13-15h-29m-16s,330,22008760,24400334,,1.0,1.0,1.0,0,0,0,0,0,0,0,0,0,0,0,0
AUTOLab+7cb094d5+2023-12-13-16h-39m-46s,648,22008760,24400334,,1.0,1.0,1.0,0,0,0,0,0,0,0,0,0,0,0,0
AUTOLab+7cb094d5+2023-12-13-16h-40m-42s,150,22008760,24400334,,1.0,1.0,1.0,0,0,0,0,0,0,0,0,0,0,0,0
AUTOLab+7cb094d5+2023-12-13-16h-43m-15s,530,22008760,24400334,,1.0,1.0,1.0,0,0,0,0,0,0,0,0,0,0,0,0
AUTOLab+7cb094d5+2023-12-13-17h-25m-44s,471,22008760,24400334,,1.0,1.0,0.9617834394904459,0,0,0,0,0,0,0,0,0,0,0,0
AUTOLab+7cb094d5+2023-12-13-17h-55m-21s,442,22008760,24400334,,1.0,1.0,1.0,0,0,0,0,0,0,0,0,0,0,0,0
AUTOLab+7cb094d5+2023-12-13-18h-06m-10s,339,22008760,24400334,,1.0,1.0,0.9144542772861357,0,0,0,0,0,0,0,0,0,0,0,0
AUTOLab+7cb094d5+2023-12-13-18h-09m-21s,537,22008760,24400334,,1.0,1.0,0.8472998137802608,0,0,0,0,0,0,0,0,0,0,0,0
AUTOLab+7cb094d5+2023-12-13-18h-18m-18s,467,22008760,24400334,,1.0,1.0,1.0,0,0,0,0,0,0,0,0,0,0,0,0
AUTOLab+7cb094d5+2023-12-13-18h-21m-07s,642,22008760,24400334,,1.0,1.0,1.0,0,0,0,0,0,0,0,0,0,0,0,0
AUTOLab+7cb094d5+2023-12-13-18h-30m-13s,388,22008760,24400334,,1.0,1.0,1.0,0,0,0,0,0,0,0,0,0,0,0,0
AUTOLab+7cb094d5+2023-12-13-21h-25m-01s,495,22008760,24400334,,1.0,1.0,0.9333333333333333,0,0,0,0,0,0,0,0,0,0,0,0
AUTOLab+7cb094d5+2023-12-13-21h-29m-17s,808,22008760,24400334,,1.0,1.0,0.8918238993710692,0,0,0,13,0,13,16,0,16,20,0,20
AUTOLab+7cb094d5+2023-12-13-21h-49m-47s,300,22008760,24400334,,1.0,1.0,0.9532374100719424,0,0,0,22,0,22,25,0,25,30,0,30
AUTOLab+7cb094d5+2023-12-13-22h-08m-16s,210,22008760,24400334,,1.0,1.0,0.9380952380952381,0,0,0,0,0,0,0,0,0,0,0,0
AUTOLab+7cb094d5+2023-12-13-22h-15m-18s,88,22008760,24400334,,1.0,1.0,1.0,0,0,0,0,0,0,0,0,0,0,0,0
AUTOLab+7cb094d5+2023-12-13-23h-07m-10s,324,22008760,24400334,,1.0,1.0,0.6645161290322581,0,0,0,14,14,0,63,63,0,67,67,14
AUTOLab+7cb094d5+2023-12-13-23h-33m-27s,507,22008760,24400334,,1.0,1.0,0.6706114398422091,0,0,0,0,0,0,191,191,11,220,220,15
AUTOLab+7cb094d5+2023-12-13-23h-37m-51s,537,22008760,24400334,,1.0,1.0,1.0,24,24,0,25,25,11,27,27,14,31,31,18
AUTOLab+7cb094d5+2023-12-14-00h-31m-33s,325,22008760,24400334,,0.9814814814814815,1.0,0.33948339483394835,14,14,0,54,54,0,138,138,0,-1,-1,14
AUTOLab+7cb094d5+2023-12-14-01h-04m-57s,284,22008760,24400334,,1.0,1.0,1.0,0,0,0,0,0,0,0,0,0,0,0,0
AUTOLab+7cb094d5+2023-12-14-01h-14m-39s,389,22008760,24400334,,1.0,1.0,1.0,0,0,0,0,0,0,0,0,0,0,0,0
AUTOLab+7cb094d5+2023-12-14-01h-27m-12s,387,22008760,24400334,,1.0,1.0,1.0,0,0,0,0,0,0,0,0,0,0,0,0
AUTOLab+7cb094d5+2023-12-14-09h-37m-36s,450,22008760,24400334,,1.0,1.0,1.0,0,0,0,0,0,0,0,0,0,0,0,0
AUTOLab+7cb094d5+2023-12-14-10h-01m-50s,219,22008760,24400334,,1.0,1.0,0.6164383561643836,0,0,0,0,0,0,0,0,0,0,0,0
AUTOLab+7cb094d5+2023-12-14-10h-34m-30s,103,22008760,24400334,,1.0,1.0,1.0,0,0,0,0,0,0,0,0,0,0,0,0
AUTOLab+7cb094d5+2023-12-14-10h-45m-51s,1015,22008760,24400334,,1.0,1.0,0.9172413793103448,0,0,0,0,0,0,0,0,0,0,0,0
AUTOLab+7cb094d5+2023-12-14-12h-05m-55s,234,22008760,24400334,,1.0,1.0,0.9572649572649573,0,0,0,0,0,0,0,0,0,0,0,0
AUTOLab+7cb094d5+2023-12-14-12h-06m-34s,981,22008760,24400334,,1.0,1.0,0.9806320081549439,0,0,0,0,0,0,0,0,0,0,0,0
AUTOLab+7cb094d5+2023-12-14-12h-13m-55s,368,22008760,24400334,,1.0,1.0,1.0,0,0,0,0,0,0,0,0,0,0,0,0
AUTOLab+7cb094d5+2023-12-14-12h-18m-51s,66,22008760,24400334,,1.0,1.0,1.0,0,0,0,0,0,0,0,0,0,0,0,0
AUTOLab+7cb094d5+2023-12-14-13h-24m-55s,85,22008760,24400334,,1.0,1.0,0.9764705882352941,0,0,0,0,0,0,0,0,0,0,0,0
AUTOLab+7cb094d5+2023-12-14-15h-27m-00s,105,22008760,24400334,,1.0,1.0,0.9238095238095239,0,0,0,0,0,0,16,0,16,18,0,18
AUTOLab+7cb094d5+2023-12-14-21h-26m-06s,119,22008760,24400334,,1.0,1.0,0.9242424242424242,47,0,47,53,0,53,61,0,61,-1,0,69
AUTOLab+7cb094d5+2023-12-14-21h-57m-38s,143,22008760,24400334,,1.0,1.0,1.0,0,0,0,33,0,33,38,0,38,82,0,82
AUTOLab+7cb094d5+2023-12-15-09h-09m-48s,343,22008760,24400334,,1.0,1.0,1.0,0,0,0,0,0,0,0,0,0,0,0,0
AUTOLab+7cb094d5+2023-12-15-09h-45m-40s,397,22008760,24400334,,1.0,1.0,1.0,0,0,0,0,0,0,0,0,0,0,0,0
AUTOLab+7cb094d5+2023-12-15-10h-03m-10s,345,22008760,24400334,,1.0,1.0,1.0,0,0,0,0,0,0,0,0,0,0,0,0
AUTOLab+7cb094d5+2023-12-15-10h-14m-28s,204,22008760,24400334,,1.0,1.0,1.0,0,0,0,0,0,0,0,0,0,26,26,0
AUTOLab+7cb094d5+2023-12-15-10h-23m-44s,454,22008760,24400334,,1.0,1.0,1.0,0,0,0,0,0,0,0,0,0,0,0,0
AUTOLab+7cb094d5+2023-12-15-10h-26m-34s,506,22008760,24400334,,1.0,1.0,1.0,0,0,0,0,0,0,0,0,0,0,0,0
AUTOLab+7cb094d5+2023-12-15-10h-42m-01s,361,22008760,24400334,,1.0,1.0,1.0,0,0,0,0,0,0,0,0,0,0,0,0
AUTOLab+7cb094d5+2023-12-15-10h-52m-56s,508,22008760,24400334,,1.0,1.0,1.0,0,0,0,0,0,0,0,0,0,0,0,0
AUTOLab+7cb094d5+2023-12-15-15h-52m-19s,737,20521388,24259877,,1.0,1.0,1.0,0,0,0,10,10,0,19,19,0,21,21,0
AUTOLab+7cb094d5+2023-12-15-15h-55m-06s,994,20521388,24259877,,1.0,1.0,1.0,0,0,0,0,0,0,0,0,0,23,23,0
AUTOLab+7cb094d5+2023-12-15-16h-01m-38s,481,20521388,24259877,,1.0,1.0,1.0,0,0,0,0,0,0,0,0,0,0,0,0
AUTOLab+7cb094d5+2023-12-15-16h-23m-25s,407,20521388,24259877,,1.0,1.0,0.9803439803439803,0,0,0,0,0,0,31,31,0,34,34,0
AUTOLab+7cb094d5+2023-12-15-16h-25m-41s,409,20521388,24259877,,1.0,1.0,0.8166259168704156,0,0,0,0,0,0,0,0,0,17,17,0
AUTOLab+7cb094d5+2023-12-15-17h-01m-13s,319,20521388,24259877,,1.0,1.0,1.0,0,0,0,0,0,0,0,0,0,0,0,0
AUTOLab+7cb094d5+2023-12-15-17h-07m-32s,134,20521388,24259877,,1.0,1.0,0.8955223880597015,0,0,0,0,0,0,0,0,0,11,11,0
AUTOLab+7cb094d5+2023-12-15-17h-09m-38s,128,20521388,24259877,,1.0,1.0,0.7327586206896551,8,8,0,12,12,0,15,15,0,18,18,0
AUTOLab+7cb094d5+2023-12-15-17h-35m-53s,66,20521388,24259877,,1.0,1.0,1.0,0,0,0,0,0,0,12,12,0,14,14,12
AUTOLab+7cb094d5+2023-12-15-17h-43m-21s,413,20521388,24259877,,1.0,1.0,0.9757869249394673,0,0,0,0,0,0,0,0,0,10,10,0
AUTOLab+7cb094d5+2023-12-15-18h-17m-49s,246,20521388,24259877,,1.0,1.0,1.0,16,16,15,24,24,21,41,41,27,50,50,41
AUTOLab+7cb094d5+2023-12-15-23h-30m-06s,242,20521388,24259877,,1.0,1.0,1.0,0,0,0,0,0,0,18,0,18,21,0,21
AUTOLab+7cb094d5+2023-12-16-00h-23m-42s,454,20521388,24259877,,1.0,1.0,0.9205607476635514,15,0,15,26,0,26,35,9,35,59,15,59
AUTOLab+7cb094d5+2023-12-16-00h-52m-35s,404,20521388,24259877,,1.0,1.0,0.9794344473007712,13,0,13,15,0,15,16,7,16,18,14,18
AUTOLab+7cb094d5+2023-12-16-00h-54m-50s,170,20521388,24259877,,1.0,1.0,1.0,14,0,14,17,8,17,19,13,19,22,17,22
AUTOLab+84bd5053+2023-07-08-08h-58m-33s,680,22008760,24400334,,1.0,1.0,0.8919753086419753,26,26,0,32,32,27,37,37,33,69,69,37
AUTOLab+84bd5053+2023-07-08-08h-59m-35s,720,22008760,24400334,,1.0,1.0,1.0,55,55,0,58,58,0,73,73,46,78,78,71
AUTOLab+84bd5053+2023-07-08-09h-09m-59s,431,22008760,24400334,,1.0,1.0,0.948905109489051,18,18,0,20,20,0,22,22,0,25,25,0
AUTOLab+84bd5053+2023-07-08-09h-16m-01s,470,22008760,24400334,,1.0,1.0,1.0,26,26,0,28,28,19,31,31,28,34,34,31
AUTOLab+84bd5053+2023-07-08-09h-16m-49s,456,22008760,24400334,,1.0,1.0,1.0,26,26,0,30,30,22,35,35,27,58,58,31
AUTOLab+84bd5053+2023-07-08-09h-54m-01s,364,22008760,24400334,,1.0,1.0,1.0,11,11,0,13,13,0,15,15,13,18,18,18
AUTOLab+84bd5053+2023-07-08-09h-57m-29s,277,22008760,24400334,,1.0,1.0,1.0,0,0,0,0,0,0,0,0,0,8,8,0
AUTOLab+84bd5053+2023-07-08-10h-28m-16s,346,22008760,24400334,,1.0,1.0,1.0,20,20,0,24,24,0,27,26,27,30,28,30
AUTOLab+84bd5053+2023-07-08-10h-33m-56s,368,22008760,24400334,,1.0,1.0,1.0,11,11,0,13,13,9,15,15,11,17,17,14
AUTOLab+84bd5053+2023-07-08-10h-35m-48s,308,22008760,24400334,,1.0,1.0,1.0,9,0,9,12,9,12,14,11,14,16,13,16
AUTOLab+84bd5053+2023-07-08-10h-37m-27s,225,22008760,24400334,,1.0,1.0,1.0,0,0,0,0,0,0,12,12,0,20,20,13
AUTOLab+84bd5053+2023-07-08-10h-40m-52s,323,22008760,24400334,,1.0,1.0,1.0,17,17,0,18,18,0,20,20,15,23,23,20
AUTOLab+84bd5053+2023-07-08-10h-44m-19s,528,22008760,24400334,,1.0,1.0,1.0,0,0,0,8,8,0,12,12,0,15,15,0
AUTOLab+84bd5053+2023-07-08-10h-45m-44s,457,22008760,24400334,,1.0,1.0,1.0,18,18,4,21,21,15,24,24,18,32,32,22
AUTOLab+84bd5053+2023-07-08-10h-50m-58s,338,22008760,24400334,,1.0,1.0,1.0,19,19,11,21,21,15,24,24,18,34,34,22
AUTOLab+84bd5053+2023-07-08-10h-57m-16s,213,22008760,24400334,,1.0,1.0,1.0,11,11,0,12,12,0,14,14,0,17,17,10
AUTOLab+84bd5053+2023-07-08-10h-58m-00s,275,22008760,24400334,,1.0,1.0,1.0,7,7,0,9,9,0,11,11,7,14,14,10
AUTOLab+84bd5053+2023-07-08-11h-52m-30s,138,22008760,24400334,,1.0,1.0,1.0,0,0,0,0,0,0,0,0,0,9,0,9
AUTOLab+84bd5053+2023-07-12-11h-18m-41s,111,22008760,24400334,,1.0,1.0,0.9032258064516129,12,0,12,18,0,18,22,13,22,28,19,28
AUTOLab+84bd5053+2023-07-14-14h-56m-19s,191,22008760,24400334,,1.0,1.0,1.0,0,0,0,0,0,0,0,0,0,24,0,24
AUTOLab+84bd5053+2023-07-14-15h-11m-08s,132,22008760,24400334,,1.0,1.0,1.0,0,0,0,0,0,0,15,13,15,18,17,18
AUTOLab+84bd5053+2023-07-14-15h-58m-46s,86,22008760,24400334,,1.0,1.0,1.0,10,0,10,13,0,13,17,11,17,20,19,20
AUTOLab+84bd5053+2023-07-14-16h-01m-03s,150,22008760,24400334,,1.0,1.0,1.0,0,0,0,0,0,0,0,0,0,0,0,0
AUTOLab+84bd5053+2023-07-14-16h-18m-41s,112,22008760,24400334,,1.0,1.0,0.9642857142857143,0,0,0,0,0,0,13,13,0,17,17,17
AUTOLab+84bd5053+2023-07-14-16h-41m-36s,145,22008760,24400334,,1.0,1.0,1.0,0,0,0,0,0,0,0,0,0,23,15,23
AUTOLab+84bd5053+2023-07-14-16h-53m-21s,86,22008760,24400334,,1.0,1.0,1.0,0,0,0,0,0,0,0,0,0,10,10,0
AUTOLab+84bd5053+2023-07-14-16h-54m-39s,95,22008760,24400334,,1.0,1.0,1.0,0,0,0,0,0,0,0,0,0,15,0,15
AUTOLab+84bd5053+2023-07-14-17h-08m-01s,101,22008760,24400334,,1.0,1.0,1.0,0,0,0,6,0,6,11,0,11,14,10,14
AUTOLab+84bd5053+2023-07-14-17h-25m-19s,125,22008760,24400334,,1.0,1.0,1.0,0,0,0,18,0,18,21,17,21,23,19,23
AUTOLab+84bd5053+2023-07-14-17h-27m-13s,106,22008760,24400334,,1.0,1.0,1.0,0,0,0,0,0,0,0,0,0,0,0,0
AUTOLab+84bd5053+2023-07-21-12h-20m-03s,219,22008760,24400334,,1.0,1.0,1.0,0,0,0,17,0,17,20,0,20,23,0,23
AUTOLab+84bd5053+2023-07-21-12h-23m-40s,147,22008760,24400334,,1.0,1.0,1.0,0,0,0,0,0,0,14,0,14,18,0,18
AUTOLab+84bd5053+2023-07-21-12h-32m-18s,185,22008760,24400334,,1.0,1.0,1.0,0,0,0,0,0,0,15,0,15,18,0,18
AUTOLab+84bd5053+2023-07-21-12h-33m-12s,137,22008760,24400334,,1.0,1.0,1.0,8,0,8,12,0,12,16,0,16,18,0,18
AUTOLab+84bd5053+2023-07-21-12h-37m-16s,359,22008760,24400334,,1.0,1.0,1.0,0,0,0,0,0,0,36,0,36,39,0,39
AUTOLab+84bd5053+2023-07-21-12h-39m-22s,170,22008760,24400334,,1.0,1.0,1.0,0,0,0,0,0,0,16,0,16,21,0,21
AUTOLab+84bd5053+2023-07-21-12h-42m-00s,109,22008760,24400334,,1.0,1.0,1.0,7,0,7,10,0,10,12,0,12,14,0,14
AUTOLab+84bd5053+2023-07-21-12h-42m-32s,129,22008760,24400334,,1.0,1.0,0.9689922480620154,0,0,0,0,0,0,15,0,15,18,0,18
AUTOLab+84bd5053+2023-07-21-12h-44m-49s,125,22008760,24400334,,1.0,1.0,1.0,0,0,0,0,0,0,0,0,0,14,0,14
AUTOLab+84bd5053+2023-07-21-12h-45m-11s,116,22008760,24400334,,1.0,1.0,1.0,11,0,11,14,0,14,16,0,16,18,0,18
AUTOLab+84bd5053+2023-07-21-12h-45m-51s,121,22008760,24400334,,1.0,1.0,1.0,0,0,0,0,0,0,0,0,0,11,0,11
AUTOLab+84bd5053+2023-07-21-12h-48m-39s,151,22008760,24400334,,1.0,1.0,1.0,0,0,0,0,0,0,0,0,0,35,0,35
AUTOLab+84bd5053+2023-07-21-12h-49m-14s,137,22008760,24400334,,1.0,1.0,1.0,0,0,0,11,0,11,14,0,14,16,0,16
AUTOLab+84bd5053+2023-07-21-12h-59m-42s,188,22008760,24400334,,1.0,1.0,1.0,0,0,0,0,0,0,0,0,0,13,0,13
AUTOLab+84bd5053+2023-07-21-13h-16m-47s,121,22008760,24400334,,1.0,1.0,1.0,0,0,0,0,0,0,0,0,0,9,0,9
AUTOLab+84bd5053+2023-07-21-13h-22m-15s,158,22008760,24400334,,1.0,1.0,1.0,0,0,0,10,0,10,13,0,13,15,0,15
AUTOLab+84bd5053+2023-07-21-13h-28m-13s,112,22008760,24400334,,1.0,1.0,1.0,0,0,0,0,0,0,0,0,0,0,0,0
AUTOLab+84bd5053+2023-07-21-13h-29m-36s,111,22008760,24400334,,1.0,1.0,1.0,0,0,0,0,0,0,8,0,8,12,0,12
AUTOLab+84bd5053+2023-07-21-13h-30m-30s,158,22008760,24400334,,1.0,1.0,1.0,0,0,0,0,0,0,9,0,9,13,0,13
AUTOLab+84bd5053+2023-07-21-13h-34m-29s,153,22008760,24400334,,1.0,1.0,1.0,0,0,0,0,0,0,13,0,13,16,0,16
AUTOLab+84bd5053+2023-07-21-14h-43m-24s,108,22008760,24400334,,1.0,1.0,1.0,8,0,8,11,0,11,14,0,14,24,0,24
AUTOLab+84bd5053+2023-07-21-15h-14m-28s,149,22008760,24400334,,1.0,1.0,1.0,0,0,0,0,0,0,0,0,0,16,0,16
AUTOLab+84bd5053+2023-07-21-15h-18m-08s,162,22008760,24400334,,1.0,1.0,1.0,0,0,0,0,0,0,12,0,12,19,0,19
AUTOLab+84bd5053+2023-07-21-15h-19m-36s,119,22008760,24400334,,1.0,1.0,1.0,0,0,0,0,0,0,11,0,11,15,0,15
AUTOLab+84bd5053+2023-07-21-15h-21m-32s,215,22008760,24400334,,1.0,1.0,1.0,0,0,0,0,0,0,14,0,14,18,0,18
AUTOLab+84bd5053+2023-07-21-15h-36m-07s,128,22008760,24400334,,1.0,1.0,1.0,0,0,0,16,0,16,21,0,21,23,0,23
AUTOLab+84bd5053+2023-07-27-08h-45m-09s,124,22008760,24400334,,1.0,1.0,1.0,6,0,6,10,0,10,13,12,13,16,15,16
AUTOLab+84bd5053+2023-07-27-08h-50m-00s,173,22008760,24400334,,1.0,1.0,1.0,0,0,0,14,0,14,17,15,17,20,17,20
AUTOLab+84bd5053+2023-07-27-08h-54m-06s,117,22008760,24400334,,1.0,1.0,1.0,0,0,0,0,0,0,0,0,0,4,4,0
AUTOLab+84bd5053+2023-07-27-08h-55m-51s,87,22008760,24400334,,1.0,1.0,1.0,0,0,0,0,0,0,0,0,0,0,0,0
AUTOLab+84bd5053+2023-07-27-08h-58m-20s,90,22008760,24400334,,1.0,1.0,1.0,0,0,0,0,0,0,9,0,9,12,11,12
AUTOLab+84bd5053+2023-07-27-09h-02m-32s,104,22008760,24400334,,1.0,1.0,1.0,0,0,0,10,0,10,13,10,13,15,12,15
AUTOLab+84bd5053+2023-07-27-09h-03m-15s,104,22008760,24400334,,1.0,1.0,1.0,0,0,0,0,0,0,0,0,0,8,8,6
AUTOLab+84bd5053+2023-07-27-09h-05m-30s,210,22008760,24400334,,1.0,1.0,1.0,0,0,0,0,0,0,11,0,11,15,0,15
AUTOLab+84bd5053+2023-07-27-09h-09m-02s,60,22008760,24400334,,1.0,1.0,1.0,0,0,0,0,0,0,0,0,0,9,0,9
AUTOLab+84bd5053+2023-07-27-09h-10m-47s,111,22008760,24400334,,1.0,1.0,1.0,0,0,0,0,0,0,12,0,12,16,14,16
AUTOLab+84bd5053+2023-07-27-09h-11m-17s,91,22008760,24400334,,1.0,1.0,1.0,0,0,0,0,0,0,0,0,0,0,0,0
AUTOLab+84bd5053+2023-07-27-09h-11m-31s,99,22008760,24400334,,1.0,1.0,1.0,0,0,0,0,0,0,0,0,0,9,0,9
AUTOLab+84bd5053+2023-07-27-09h-14m-27s,110,22008760,24400334,,1.0,1.0,1.0,0,0,0,0,0,0,12,0,12,15,0,15
AUTOLab+84bd5053+2023-07-27-09h-14m-58s,101,22008760,24400334,,1.0,1.0,1.0,0,0,0,0,0,0,0,0,0,0,0,0
AUTOLab+84bd5053+2023-07-27-09h-16m-39s,113,22008760,24400334,,1.0,1.0,1.0,0,0,0,0,0,0,0,0,0,11,0,11
AUTOLab+84bd5053+2023-07-27-09h-18m-59s,75,22008760,24400334,,1.0,1.0,1.0,0,0,0,0,0,0,0,0,0,6,6,6
AUTOLab+84bd5053+2023-07-27-09h-21m-31s,91,22008760,24400334,,1.0,1.0,1.0,0,0,0,0,0,0,0,0,0,11,0,11
AUTOLab+84bd5053+2023-07-27-09h-22m-55s,116,22008760,24400334,,1.0,1.0,1.0,0,0,0,0,0,0,0,0,0,0,0,0
AUTOLab+84bd5053+2023-07-27-09h-38m-46s,86,22008760,24400334,,1.0,1.0,1.0,0,0,0,11,0,11,14,13,14,17,17,17
AUTOLab+84bd5053+2023-07-27-09h-39m-12s,121,22008760,24400334,,1.0,1.0,1.0,0,0,0,0,0,0,0,0,0,12,0,12
AUTOLab+84bd5053+2023-07-27-09h-47m-17s,136,22008760,24400334,,1.0,1.0,1.0,0,0,0,0,0,0,23,0,23,27,27,26
AUTOLab+84bd5053+2023-07-27-10h-12m-15s,98,22008760,24400334,,1.0,1.0,1.0,9,0,9,12,0,12,14,10,14,17,14,17
AUTOLab+84bd5053+2023-07-27-10h-13m-07s,89,22008760,24400334,,1.0,1.0,1.0,0,0,0,0,0,0,10,0,10,12,9,12
AUTOLab+84bd5053+2023-07-27-10h-14m-07s,100,22008760,24400334,,1.0,1.0,1.0,0,0,0,6,0,6,10,10,9,13,13,12
AUTOLab+84bd5053+2023-07-27-10h-16m-27s,103,22008760,24400334,,1.0,1.0,1.0,0,0,0,0,0,0,0,0,0,10,0,10
AUTOLab+84bd5053+2023-07-27-10h-21m-01s,80,22008760,24400334,,1.0,1.0,1.0,0,0,0,0,0,0,0,0,0,7,7,6
AUTOLab+84bd5053+2023-07-27-10h-29m-39s,93,22008760,24400334,,1.0,1.0,1.0,0,0,0,0,0,0,0,0,0,0,0,0
AUTOLab+84bd5053+2023-08-17-17h-13m-17s,183,22008760,24400334,,1.0,1.0,0.9556962025316456,23,19,23,25,23,25,27,27,27,31,31,30
AUTOLab+84bd5053+2023-08-17-17h-17m-33s,159,22008760,24400334,,1.0,1.0,0.9245283018867925,0,0,0,0,0,0,17,0,17,21,20,21
AUTOLab+84bd5053+2023-08-17-17h-21m-08s,102,22008760,24400334,,1.0,1.0,0.967741935483871,0,0,0,9,8,9,12,12,11,16,16,14
AUTOLab+84bd5053+2023-08-17-17h-24m-43s,89,22008760,24400334,,1.0,1.0,1.0,0,0,0,0,0,0,16,15,16,21,19,21
AUTOLab+84bd5053+2023-08-17-17h-25m-00s,124,22008760,24400334,,1.0,1.0,1.0,0,0,0,0,0,0,0,0,0,67,67,67
AUTOLab+84bd5053+2023-08-17-17h-27m-21s,112,22008760,24400334,,1.0,1.0,0.9553571428571429,0,0,0,0,0,0,17,0,17,21,21,21
AUTOLab+84bd5053+2023-08-17-17h-28m-18s,121,22008760,24400334,,1.0,1.0,1.0,12,8,12,15,12,15,18,18,18,21,21,20
AUTOLab+84bd5053+2023-08-17-17h-33m-56s,112,22008760,24400334,,1.0,1.0,1.0,11,10,11,14,14,14,16,16,16,19,19,18
AUTOLab+84bd5053+2023-08-17-17h-34m-16s,100,22008760,24400334,,1.0,1.0,1.0,0,0,0,0,0,0,19,0,19,22,19,22
AUTOLab+84bd5053+2023-08-17-17h-34m-40s,103,22008760,24400334,,1.0,1.0,1.0,16,13,16,18,17,18,20,20,20,23,23,22
AUTOLab+84bd5053+2023-08-17-17h-46m-22s,124,22008760,24400334,,1.0,1.0,1.0,13,0,13,16,12,16,19,17,19,22,22,22
AUTOLab+84bd5053+2023-08-17-17h-47m-46s,91,22008760,24400334,,1.0,1.0,1.0,0,0,0,0,0,0,0,0,0,14,14,13
AUTOLab+84bd5053+2023-08-17-17h-49m-29s,88,22008760,24400334,,1.0,1.0,1.0,10,10,10,14,14,13,17,17,16,21,21,18
AUTOLab+84bd5053+2023-08-17-17h-50m-17s,112,22008760,24400334,,1.0,1.0,1.0,10,0,10,13,0,13,16,15,16,18,18,18
AUTOLab+84bd5053+2023-08-17-17h-53m-45s,66,22008760,24400334,,1.0,1.0,1.0,0,0,0,0,0,0,38,38,0,42,42,38
AUTOLab+84bd5053+2023-08-18-11h-41m-14s,77,22008760,24400334,,1.0,1.0,1.0,0,0,0,17,17,0,20,20,18,22,22,21
AUTOLab+84bd5053+2023-08-18-11h-47m-08s,97,22008760,24400334,,1.0,1.0,1.0,8,0,8,12,10,12,15,15,15,19,19,18
AUTOLab+84bd5053+2023-08-18-11h-47m-22s,90,22008760,24400334,,1.0,1.0,1.0,0,0,0,6,6,0,11,11,8,14,14,11
AUTOLab+84bd5053+2023-08-18-11h-51m-46s,99,22008760,24400334,,1.0,1.0,1.0,24,22,24,26,25,26,28,27,28,30,29,30
AUTOLab+84bd5053+2023-08-18-11h-56m-22s,101,22008760,24400334,,1.0,1.0,1.0,0,0,0,26,26,25,29,29,28,33,33,31
AUTOLab+84bd5053+2023-08-18-11h-59m-56s,108,22008760,24400334,,1.0,1.0,1.0,13,0,13,15,12,15,17,15,17,19,18,19
AUTOLab+84bd5053+2023-08-18-12h-06m-13s,98,22008760,24400334,,1.0,1.0,1.0,0,0,0,16,0,16,22,21,22,25,25,25
AUTOLab+84bd5053+2023-08-18-12h-08m-47s,112,22008760,24400334,,1.0,1.0,1.0,14,14,14,17,17,16,21,20,21,25,24,25
AUTOLab+84bd5053+2023-08-18-12h-10m-02s,114,22008760,24400334,,1.0,1.0,0.9727272727272728,0,0,0,4,0,4,16,0,16,18,15,18
AUTOLab+84bd5053+2023-08-18-12h-15m-17s,112,22008760,24400334,,1.0,1.0,1.0,0,0,0,0,0,0,0,0,0,10,10,0
AUTOLab+84bd5053+2023-08-18-12h-17m-13s,88,22008760,24400334,,1.0,1.0,1.0,9,9,9,11,11,11,13,13,13,16,16,15
AUTOLab+84bd5053+2023-08-18-12h-26m-41s,68,22008760,24400334,,1.0,1.0,1.0,0,0,0,0,0,0,7,0,7,10,8,10
AUTOLab+84bd5053+2023-08-21-13h-32m-49s,158,22008760,24400334,,1.0,1.0,1.0,11,0,11,13,11,13,15,14,15,17,16,17
AUTOLab+84bd5053+2023-08-21-13h-54m-18s,161,22008760,24400334,,1.0,1.0,1.0,0,0,0,14,14,12,17,17,16,20,20,18
AUTOLab+84bd5053+2023-08-21-13h-58m-26s,155,22008760,24400334,,1.0,1.0,1.0,10,10,0,13,13,12,17,17,15,19,19,18
AUTOLab+84bd5053+2023-08-21-14h-01m-37s,171,22008760,24400334,,1.0,1.0,1.0,0,0,0,0,0,0,7,7,6,10,10,10
AUTOLab+84bd5053+2023-08-21-14h-12m-40s,186,22008760,24400334,,1.0,1.0,1.0,0,0,0,0,0,0,0,0,0,0,0,0
AUTOLab+84bd5053+2023-08-21-14h-16m-58s,144,22008760,24400334,,1.0,1.0,1.0,0,0,0,0,0,0,11,11,9,14,14,12
AUTOLab+84bd5053+2023-08-21-14h-20m-34s,158,22008760,24400334,,1.0,1.0,1.0,0,0,0,11,0,11,14,13,14,16,15,16
AUTOLab+84bd5053+2023-08-27-21h-02m-48s,584,22008760,24400334,,1.0,1.0,1.0,0,0,0,0,0,0,0,0,0,0,0,0
AUTOLab+84bd5053+2023-08-27-21h-19m-46s,128,22008760,24400334,,1.0,1.0,1.0,0,0,0,21,21,0,25,25,21,29,29,24
AUTOLab+84bd5053+2023-08-27-23h-20m-41s,184,22008760,24400334,,1.0,1.0,1.0,0,0,0,0,0,0,0,0,0,11,0,11
AUTOLab+84bd5053+2023-08-27-23h-21m-48s,616,22008760,24400334,,1.0,1.0,1.0,0,0,0,0,0,0,28,0,28,32,0,32
AUTOLab+84bd5053+2023-08-28-00h-30m-10s,294,22008760,24400334,,1.0,1.0,1.0,0,0,0,0,0,0,0,0,0,0,0,0
AUTOLab+84bd5053+2023-09-04-18h-45m-31s,221,22008760,24400334,,1.0,1.0,0.7817258883248731,21,21,14,24,24,18,28,28,23,31,31,26
AUTOLab+84bd5053+2023-09-04-18h-50m-50s,129,22008760,24400334,,1.0,1.0,0.9682539682539683,64,64,0,66,66,58,69,69,63,73,73,67
AUTOLab+84bd5053+2023-09-04-19h-27m-53s,138,22008760,24400334,,1.0,1.0,1.0,0,0,0,29,29,27,32,32,30,37,37,34
AUTOLab+84bd5053+2023-09-05-08h-55m-46s,181,22008760,24400334,,1.0,1.0,1.0,0,0,0,13,0,13,22,22,17,27,27,23
AUTOLab+84bd5053+2023-09-05-08h-56m-34s,175,22008760,24400334,,1.0,1.0,1.0,0,0,0,10,10,0,16,16,14,21,21,17
AUTOLab+84bd5053+2023-09-05-09h-03m-25s,130,22008760,24400334,,1.0,1.0,1.0,16,16,13,18,18,16,21,21,18,25,25,21
AUTOLab+84bd5053+2023-09-05-09h-10m-10s,80,22008760,24400334,,1.0,1.0,1.0,0,0,0,0,0,0,0,0,0,16,16,0
AUTOLab+84bd5053+2023-09-05-09h-14m-22s,114,22008760,24400334,,1.0,1.0,1.0,0,0,0,15,15,12,20,20,16,23,23,18
AUTOLab+84bd5053+2023-09-05-09h-43m-55s,146,22008760,24400334,,1.0,1.0,1.0,0,0,0,0,0,0,23,23,0,35,35,0
AUTOLab+84bd5053+2023-09-05-09h-46m-16s,130,22008760,24400334,,1.0,1.0,1.0,27,27,0,29,29,0,32,32,24,36,36,26
AUTOLab+84bd5053+2023-09-05-09h-48m-18s,160,22008760,24400334,,1.0,1.0,1.0,20,20,0,24,24,0,28,28,20,36,36,23
AUTOLab+84bd5053+2023-09-10-16h-17m-22s,2100,22008760,24400334,,1.0,1.0,0.9704761904761905,0,0,0,0,0,0,57,57,0,64,64,0
AUTOLab+84bd5053+2023-10-07-17h-36m-34s,261,22008760,24400334,,1.0,1.0,1.0,26,26,0,29,29,0,32,32,24,36,36,27
AUTOLab+84bd5053+2023-10-07-17h-41m-23s,419,22008760,24400334,,1.0,1.0,1.0,0,0,0,0,0,0,0,0,0,0,0,0
AUTOLab+84bd5053+2023-10-07-17h-52m-20s,308,22008760,24400334,,1.0,1.0,1.0,0,0,0,0,0,0,0,0,0,15,15,0
AUTOLab+84bd5053+2023-10-07-19h-10m-39s,572,22008760,24400334,,1.0,1.0,1.0,0,0,0,54,0,54,56,54,56,59,57,59
AUTOLab+84bd5053+2023-10-07-19h-19m-26s,759,22008760,24400334,,1.0,1.0,1.0,0,0,0,36,0,36,41,36,41,43,39,43
AUTOLab+84bd5053+2023-10-07-19h-26m-26s,373,22008760,24400334,,1.0,1.0,1.0,0,0,0,19,0,19,22,0,22,31,0,31
AUTOLab+84bd5053+2023-10-13-19h-10m-35s,86,22008760,24400334,,1.0,1.0,1.0,0,0,0,0,0,0,0,0,0,0,0,0
AUTOLab+84bd5053+2023-10-13-19h-18m-04s,113,22008760,24400334,,1.0,1.0,1.0,0,0,0,19,0,19,22,0,22,26,16,26
AUTOLab+84bd5053+2023-10-13-19h-37m-06s,98,22008760,24400334,,1.0,1.0,1.0,0,0,0,0,0,0,0,0,0,0,0,0
AUTOLab+84bd5053+2023-10-13-19h-48m-25s,55,22008760,24400334,,1.0,1.0,1.0,0,0,0,0,0,0,14,0,14,17,11,17
AUTOLab+84bd5053+2023-10-13-19h-55m-33s,116,22008760,24400334,,1.0,1.0,1.0,0,0,0,0,0,0,0,0,0,0,0,0
AUTOLab+84bd5053+2023-10-13-20h-18m-20s,117,22008760,24400334,,1.0,1.0,0.46464646464646464,0,0,0,18,0,18,22,0,22,25,13,25
AUTOLab+84bd5053+2023-10-13-20h-21m-40s,145,22008760,24400334,,1.0,1.0,0.6620689655172414,0,0,0,0,0,0,0,0,0,35,0,35
AUTOLab+84bd5053+2023-10-13-20h-25m-47s,108,22008760,24400334,,1.0,1.0,0.5740740740740741,0,0,0,0,0,0,0,0,0,0,0,0
AUTOLab+84bd5053+2023-10-13-20h-28m-45s,99,22008760,24400334,,1.0,1.0,0.6363636363636364,0,0,0,0,0,0,0,0,0,0,0,0
AUTOLab+84bd5053+2023-10-13-20h-41m-05s,104,22008760,24400334,,1.0,1.0,0.5961538461538461,0,0,0,0,0,0,0,0,0,0,0,0
AUTOLab+84bd5053+2023-10-13-21h-13m-25s,112,22008760,24400334,,1.0,1.0,1.0,0,0,0,0,0,0,0,0,0,0,0,0
AUTOLab+84bd5053+2023-11-11-08h-52m-38s,2331,22008760,24400334,,1.0,1.0,1.0,93,0,93,99,0,99,105,0,105,111,0,111
AUTOLab+84bd5053+2023-11-19-13h-16m-03s,266,22008760,24400334,,1.0,1.0,1.0,0,0,0,0,0,0,0,0,0,0,0,0
AUTOLab+84bd5053+2023-12-02-12h-57m-57s,143,22008760,24400334,,1.0,1.0,1.0,52,52,0,54,54,0,56,56,0,60,60,0
AUTOLab+84bd5053+2023-12-02-13h-39m-34s,113,22008760,24400334,,1.0,1.0,1.0,0,0,0,0,0,0,0,0,0,0,0,0
AUTOLab+9aed6d7a+2023-11-04-17h-50m-07s,187,22008760,24400334,,1.0,1.0,1.0,0,0,0,0,0,0,0,0,0,0,0,0
AUTOLab+9aed6d7a+2023-11-04-18h-09m-07s,180,22008760,24400334,,1.0,1.0,1.0,0,0,0,0,0,0,0,0,0,0,0,0
AUTOLab+9aed6d7a+2023-11-04-18h-11m-46s,102,22008760,24400334,,1.0,1.0,1.0,0,0,0,0,0,0,0,0,0,0,0,0
AUTOLab+9aed6d7a+2023-11-06-15h-48m-48s,116,22008760,24400334,,1.0,1.0,1.0,0,0,0,0,0,0,22,0,22,28,0,28
AUTOLab+9aed6d7a+2023-11-06-19h-35m-41s,177,22008760,24400334,,1.0,1.0,1.0,0,0,0,0,0,0,0,0,0,32,0,32
AUTOLab+9aed6d7a+2023-11-06-19h-52m-45s,171,22008760,24400334,,1.0,1.0,0.9298245614035088,0,0,0,0,0,0,0,0,0,40,0,40
AUTOLab+9aed6d7a+2023-11-06-20h-04m-04s,110,22008760,24400334,,1.0,1.0,1.0,0,0,0,0,0,0,0,0,0,35,0,35
AUTOLab+9aed6d7a+2023-11-06-20h-11m-23s,180,22008760,24400334,,1.0,1.0,1.0,0,0,0,39,0,39,45,0,45,50,15,50
AUTOLab+9aed6d7a+2023-11-06-20h-37m-10s,185,22008760,24400334,,1.0,1.0,0.9081081081081082,0,0,0,0,0,0,0,0,0,0,0,0
AUTOLab+9aed6d7a+2023-11-07-14h-38m-28s,180,22008760,24400334,,1.0,1.0,1.0,0,0,0,0,0,0,0,0,0,0,0,0
AUTOLab+9aed6d7a+2023-11-07-14h-48m-43s,145,22008760,24400334,,1.0,1.0,1.0,0,0,0,0,0,0,0,0,0,0,0,0
AUTOLab+9aed6d7a+2023-11-07-15h-12m-19s,148,22008760,24400334,,1.0,1.0,1.0,0,0,0,0,0,0,0,0,0,25,0,25
AUTOLab+9aed6d7a+2023-11-07-15h-12m-56s,225,22008760,24400334,,1.0,1.0,1.0,0,0,0,0,0,0,0,0,0,0,0,0
AUTOLab+9aed6d7a+2023-11-07-15h-13m-18s,172,22008760,24400334,,1.0,1.0,1.0,0,0,0,0,0,0,0,0,0,0,0,0
AUTOLab+9aed6d7a+2023-11-07-15h-15m-45s,168,22008760,24400334,,1.0,1.0,1.0,0,0,0,0,0,0,0,0,0,0,0,0
AUTOLab+9aed6d7a+2023-11-07-15h-18m-36s,246,22008760,24400334,,1.0,1.0,1.0,0,0,0,25,0,25,28,0,28,32,0,32
AUTOLab+9aed6d7a+2023-11-07-15h-19m-24s,122,22008760,24400334,,1.0,1.0,1.0,0,0,0,0,0,0,0,0,0,11,0,11
AUTOLab+9aed6d7a+2023-11-07-15h-19m-44s,215,22008760,24400334,,1.0,1.0,1.0,0,0,0,0,0,0,0,0,0,0,0,0
AUTOLab+9aed6d7a+2023-11-07-15h-37m-14s,157,22008760,24400334,,1.0,1.0,1.0,0,0,0,0,0,0,0,0,0,0,0,0
AUTOLab+9aed6d7a+2023-11-07-15h-53m-37s,195,22008760,24400334,,1.0,1.0,0.8974358974358975,0,0,0,0,0,0,0,0,0,0,0,0
AUTOLab+9aed6d7a+2023-11-07-16h-33m-19s,254,22008760,24400334,,1.0,1.0,0.8543307086614174,0,0,0,0,0,0,0,0,0,0,0,0
AUTOLab+9aed6d7a+2023-11-07-16h-39m-35s,155,22008760,24400334,,1.0,1.0,1.0,0,0,0,0,0,0,0,0,0,0,0,0
AUTOLab+9aed6d7a+2023-11-07-17h-02m-26s,319,22008760,24400334,,1.0,1.0,1.0,0,0,0,0,0,0,0,0,0,13,0,13
AUTOLab+9aed6d7a+2023-11-07-17h-10m-08s,95,22008760,24400334,,1.0,1.0,1.0,0,0,0,13,0,13,16,0,16,19,0,19
AUTOLab+9aed6d7a+2023-11-07-17h-12m-50s,279,22008760,24400334,,1.0,1.0,1.0,0,0,0,0,0,0,0,0,0,14,0,14
AUTOLab+9aed6d7a+2023-11-07-17h-14m-19s,231,22008760,24400334,,1.0,1.0,1.0,0,0,0,0,0,0,14,0,14,17,0,17
AUTOLab+9aed6d7a+2023-11-07-17h-17m-00s,405,22008760,24400334,,1.0,1.0,1.0,0,0,0,0,0,0,0,0,0,0,0,0
AUTOLab+9aed6d7a+2023-11-07-17h-20m-29s,605,22008760,24400334,,1.0,1.0,0.9537190082644628,0,0,0,0,0,0,0,0,0,0,0,0
AUTOLab+9aed6d7a+2023-11-07-17h-21m-18s,230,22008760,24400334,,1.0,1.0,0.7347826086956522,0,0,0,0,0,0,12,0,12,16,0,16
AUTOLab+9aed6d7a+2023-11-07-17h-24m-50s,121,22008760,24400334,,1.0,1.0,1.0,0,0,0,0,0,0,0,0,0,0,0,0
AUTOLab+9aed6d7a+2023-11-09-17h-41m-34s,111,22008760,24400334,,1.0,1.0,1.0,0,0,0,0,0,0,18,0,18,48,0,48
AUTOLab+9aed6d7a+2023-11-09-17h-56m-28s,261,22008760,24400334,,1.0,1.0,1.0,0,0,0,0,0,0,13,0,13,19,0,19
AUTOLab+9aed6d7a+2023-11-09-18h-32m-52s,240,22008760,24400334,,1.0,1.0,0.9291666666666667,0,0,0,0,0,0,0,0,0,115,115,0
AUTOLab+9aed6d7a+2023-11-11-17h-19m-00s,573,22008760,24400334,,1.0,1.0,0.9755671902268761,0,0,0,0,0,0,0,0,0,18,15,18
AUTOLab+9aed6d7a+2023-11-11-17h-50m-40s,356,22008760,24400334,,1.0,1.0,1.0,0,0,0,0,0,0,10,0,10,16,0,16
AUTOLab+9aed6d7a+2023-11-11-17h-51m-35s,573,22008760,24400334,,1.0,1.0,1.0,0,0,0,0,0,0,11,11,0,18,18,0
AUTOLab+9aed6d7a+2023-11-13-16h-09m-33s,73,22008760,24400334,,1.0,1.0,1.0,0,0,0,41,0,41,45,0,45,49,0,49
AUTOLab+9aed6d7a+2023-11-16-12h-25m-59s,780,22008760,24400334,,1.0,1.0,1.0,0,0,0,12,0,12,17,0,17,20,0,20
AUTOLab+9aed6d7a+2023-11-16-12h-43m-02s,1190,22008760,24400334,,1.0,1.0,1.0,0,0,0,0,0,0,0,0,0,15,0,15
AUTOLab+9aed6d7a+2023-11-16-13h-04m-31s,520,22008760,24400334,,1.0,1.0,1.0,0,0,0,0,0,0,0,0,0,0,0,0
AUTOLab+9aed6d7a+2023-11-16-13h-24m-20s,731,22008760,24400334,,1.0,1.0,1.0,0,0,0,0,0,0,0,0,0,15,0,15
AUTOLab+9aed6d7a+2023-11-16-13h-32m-13s,676,22008760,24400334,,1.0,1.0,0.9848254931714719,14,0,14,17,0,17,22,0,22,26,0,26
AUTOLab+9aed6d7a+2023-11-16-13h-51m-11s,710,22008760,24400334,,1.0,1.0,0.9901408450704225,0,0,0,0,0,0,16,0,16,20,0,20
AUTOLab+9aed6d7a+2023-11-16-13h-57m-43s,903,22008760,24400334,,1.0,1.0,0.9745293466223699,0,0,0,0,0,0,0,0,0,14,0,14
AUTOLab+9aed6d7a+2023-11-16-14h-04m-52s,893,22008760,24400334,,1.0,1.0,0.9798432250839866,0,0,0,0,0,0,0,0,0,15,0,15
AUTOLab+9aed6d7a+2023-11-16-14h-15m-39s,666,22008760,24400334,,1.0,1.0,0.987987987987988,0,0,0,0,0,0,23,0,23,26,0,26
AUTOLab+9aed6d7a+2023-11-16-14h-23m-27s,262,22008760,24400334,,1.0,1.0,1.0,0,0,0,0,0,0,0,0,0,0,0,0
AUTOLab+9aed6d7a+2023-11-16-14h-26m-27s,529,22008760,24400334,,1.0,1.0,0.970873786407767,0,0,0,14,0,14,20,0,20,23,0,23
AUTOLab+9aed6d7a+2023-11-16-14h-36m-32s,581,22008760,24400334,,1.0,1.0,0.9242685025817556,0,0,0,0,0,0,14,0,14,17,0,17
AUTOLab+9aed6d7a+2023-11-16-14h-45m-17s,534,22008760,24400334,,1.0,1.0,1.0,0,0,0,12,0,12,16,0,16,18,0,18
AUTOLab+9aed6d7a+2023-11-16-15h-38m-38s,152,22008760,24400334,,1.0,1.0,0.756578947368421,0,0,0,0,0,0,0,0,0,0,0,0
AUTOLab+9aed6d7a+2023-11-16-15h-39m-00s,190,22008760,24400334,,1.0,1.0,0.5736842105263158,0,0,0,0,0,0,0,0,0,0,0,0
AUTOLab+9aed6d7a+2023-11-16-15h-41m-42s,201,22008760,24400334,,1.0,1.0,0.5671641791044776,0,0,0,0,0,0,0,0,0,15,0,15
AUTOLab+9aed6d7a+2023-11-16-15h-46m-25s,135,22008760,24400334,,1.0,1.0,0.725925925925926,0,0,0,0,0,0,13,0,13,16,0,16
AUTOLab+9aed6d7a+2023-11-16-15h-46m-57s,196,22008760,24400334,,1.0,1.0,0.5102040816326531,0,0,0,0,0,0,0,0,0,13,0,13
AUTOLab+9aed6d7a+2023-11-16-15h-52m-16s,157,22008760,24400334,,1.0,1.0,0.7707006369426752,0,0,0,0,0,0,0,0,0,0,0,0
AUTOLab+9aed6d7a+2023-11-16-15h-54m-26s,207,22008760,24400334,,1.0,1.0,0.40096618357487923,0,0,0,0,0,0,0,0,0,10,0,10
AUTOLab+9aed6d7a+2023-11-16-16h-15m-06s,161,22008760,24400334,,1.0,1.0,0.8482758620689655,0,0,0,16,0,16,37,0,37,107,0,107
AUTOLab+9aed6d7a+2023-11-16-16h-18m-41s,99,22008760,24400334,,1.0,1.0,1.0,0,0,0,0,0,0,13,0,13,20,0,20
AUTOLab+9aed6d7a+2023-11-16-16h-24m-31s,306,22008760,24400334,,1.0,1.0,0.8561643835616438,0,0,0,14,0,14,19,0,19,22,0,22
AUTOLab+9aed6d7a+2023-11-16-16h-29m-52s,356,22008760,24400334,,1.0,1.0,0.8676470588235294,13,0,13,16,0,16,20,0,20,22,0,22
AUTOLab+9aed6d7a+2023-11-16-16h-31m-25s,218,22008760,24400334,,1.0,1.0,1.0,0,0,0,0,0,0,12,0,12,19,0,19
AUTOLab+9aed6d7a+2023-11-16-16h-35m-48s,258,22008760,24400334,,1.0,1.0,0.9922480620155039,0,0,0,0,0,0,0,0,0,13,0,13
AUTOLab+9aed6d7a+2023-11-16-16h-50m-11s,239,22008760,24400334,,1.0,1.0,0.9539748953974896,0,0,0,0,0,0,0,0,0,0,0,0
AUTOLab+9aed6d7a+2023-11-16-16h-52m-07s,159,22008760,24400334,,1.0,1.0,1.0,0,0,0,0,0,0,0,0,0,16,0,16
AUTOLab+9aed6d7a+2023-11-21-14h-36m-22s,139,22008760,24400334,,1.0,1.0,1.0,0,0,0,0,0,0,0,0,0,12,0,12
AUTOLab+9aed6d7a+2023-11-21-14h-48m-04s,697,22008760,24400334,,1.0,1.0,0.9741750358680057,0,0,0,0,0,0,0,0,0,0,0,0
AUTOLab+9aed6d7a+2023-11-21-14h-56m-17s,126,22008760,24400334,,1.0,1.0,1.0,0,0,0,0,0,0,13,0,13,17,0,17
AUTOLab+9aed6d7a+2023-11-21-15h-33m-18s,266,22008760,24400334,,1.0,1.0,0.8383458646616542,0,0,0,0,0,0,0,0,0,9,0,9
AUTOLab+9aed6d7a+2023-11-21-15h-52m-19s,384,22008760,24400334,,1.0,1.0,0.9326145552560647,0,0,0,13,0,13,16,0,16,19,0,19
AUTOLab+9aed6d7a+2023-11-21-16h-09m-11s,111,22008760,24400334,,1.0,1.0,1.0,0,0,0,0,0,0,0,0,0,13,0,13
AUTOLab+9aed6d7a+2023-11-21-16h-13m-16s,488,22008760,24400334,,1.0,1.0,0.9200819672131147,0,0,0,0,0,0,0,0,0,10,0,10
AUTOLab+9aed6d7a+2023-11-21-16h-14m-05s,576,22008760,24400334,,1.0,1.0,0.8188277087033747,10,0,10,13,0,13,15,0,15,18,0,18
AUTOLab+9aed6d7a+2023-11-22-14h-11m-35s,580,22008760,24400334,,1.0,1.0,0.9672413793103448,0,0,0,0,0,0,0,0,0,10,0,10
AUTOLab+9aed6d7a+2023-11-22-14h-12m-52s,438,22008760,24400334,,1.0,1.0,0.8515981735159818,0,0,0,0,0,0,14,0,14,17,0,17
AUTOLab+9aed6d7a+2023-11-22-14h-20m-20s,350,22008760,24400334,,1.0,1.0,1.0,0,0,0,0,0,0,0,0,0,0,0,0
AUTOLab+9aed6d7a+2023-11-30-12h-45m-40s,318,22008760,24400334,,1.0,1.0,0.8930817610062893,0,0,0,0,0,0,10,0,10,18,0,18
AUTOLab+9aed6d7a+2023-11-30-12h-49m-39s,99,22008760,24400334,,1.0,1.0,1.0,0,0,0,0,0,0,0,0,0,0,0,0
AUTOLab+9aed6d7a+2023-11-30-12h-51m-36s,572,22008760,24400334,,1.0,1.0,1.0,0,0,0,0,0,0,0,0,0,0,0,0
AUTOLab+9aed6d7a+2023-11-30-12h-55m-34s,289,22008760,24400334,,1.0,1.0,1.0,0,0,0,0,0,0,0,0,0,0,0,0
AUTOLab+9aed6d7a+2023-11-30-13h-00m-43s,516,22008760,24400334,,1.0,1.0,1.0,0,0,0,0,0,0,0,0,0,0,0,0
AUTOLab+9aed6d7a+2023-11-30-13h-28m-17s,395,22008760,24400334,,1.0,1.0,1.0,1,0,1,19,0,19,26,0,26,33,20,33
AUTOLab+9aed6d7a+2023-11-30-13h-31m-45s,515,22008760,24400334,,1.0,1.0,0.97165991902834,17,0,17,21,10,21,25,14,25,28,19,28
AUTOLab+9aed6d7a+2023-11-30-13h-38m-23s,815,22008760,24400334,,1.0,1.0,0.9736180904522613,15,0,15,19,0,19,23,0,23,26,14,26
AUTOLab+9aed6d7a+2023-11-30-13h-40m-23s,807,22008760,24400334,,1.0,1.0,0.9810126582278481,14,0,14,17,0,17,21,0,21,24,16,24
AUTOLab+9aed6d7a+2023-11-30-13h-45m-48s,651,22008760,24400334,,1.0,1.0,0.9856459330143541,21,0,21,24,0,24,30,18,30,34,24,34
AUTOLab+9aed6d7a+2023-11-30-13h-47m-02s,621,22008760,24400334,,1.0,1.0,0.9833610648918469,17,0,17,20,10,20,24,15,24,28,22,28
AUTOLab+9aed6d7a+2023-11-30-13h-47m-57s,846,22008760,24400334,,1.0,1.0,1.0,0,0,0,14,0,14,22,0,22,33,17,33
AUTOLab+9aed6d7a+2023-11-30-14h-03m-49s,1068,22008760,24400334,,1.0,1.0,0.9850187265917603,0,0,0,0,0,0,0,0,0,22,19,22
AUTOLab+9aed6d7a+2023-11-30-14h-19m-01s,998,22008760,24400334,,1.0,1.0,0.9829659318637275,0,0,0,0,0,0,15,0,15,20,0,20
AUTOLab+9aed6d7a+2023-11-30-14h-48m-00s,1076,22008760,24400334,,1.0,1.0,1.0,0,0,0,0,0,0,16,0,16,21,0,21
AUTOLab+9aed6d7a+2023-11-30-16h-09m-51s,559,22008760,24400334,,1.0,1.0,1.0,0,0,0,0,0,0,15,0,15,18,15,18
AUTOLab+9aed6d7a+2023-11-30-16h-19m-53s,926,22008760,24400334,,1.0,1.0,0.9791208791208791,12,0,12,16,0,16,31,0,31,35,9,35
AUTOLab+9aed6d7a+2023-11-30-16h-29m-48s,1124,22008760,24400334,,1.0,1.0,0.9782805429864253,14,0,14,19,0,19,25,0,25,29,11,29
AUTOLab+9aed6d7a+2023-12-02-16h-24m-32s,167,22008760,24400334,,1.0,1.0,1.0,0,0,0,0,0,0,0,0,0,0,0,0
AUTOLab+9aed6d7a+2023-12-02-16h-29m-38s,149,22008760,24400334,,1.0,1.0,1.0,0,0,0,0,0,0,0,0,0,0,0,0
AUTOLab+9aed6d7a+2023-12-02-17h-29m-15s,132,22008760,24400334,,1.0,1.0,1.0,0,0,0,0,0,0,0,0,0,0,0,0
AUTOLab+9aed6d7a+2023-12-02-17h-34m-34s,118,22008760,24400334,,1.0,1.0,1.0,0,0,0,0,0,0,0,0,0,0,0,0
AUTOLab+9aed6d7a+2023-12-02-17h-46m-11s,125,22008760,24400334,,1.0,1.0,1.0,0,0,0,0,0,0,0,0,0,0,0,0
AUTOLab+9aed6d7a+2023-12-02-17h-57m-27s,136,22008760,24400334,,1.0,1.0,1.0,0,0,0,0,0,0,0,0,0,0,0,0
AUTOLab+9aed6d7a+2023-12-09-15h-58m-59s,510,20521388,24259877,,1.0,1.0,0.9469387755102041,17,13,17,20,19,20,31,25,31,36,35,36
AUTOLab+cf2a60c6+2023-11-05-10h-16m-29s,137,22008760,24400334,,1.0,1.0,1.0,0,0,0,0,0,0,0,0,0,0,0,0
AUTOLab+cf2a60c6+2023-11-05-10h-45m-46s,134,22008760,24400334,,1.0,1.0,1.0,0,0,0,0,0,0,0,0,0,0,0,0
AUTOLab+cf2a60c6+2023-11-05-11h-33m-32s,165,22008760,24400334,,1.0,1.0,1.0,0,0,0,0,0,0,0,0,0,12,0,12
AUTOLab+cf2a60c6+2023-11-18-17h-29m-55s,185,22008760,24400334,,1.0,1.0,0.9405405405405406,0,0,0,0,0,0,0,0,0,0,0,0
AUTOLab+cf2a60c6+2023-11-18-17h-39m-44s,258,22008760,24400334,,1.0,1.0,1.0,0,0,0,0,0,0,0,0,0,47,47,24
AUTOLab+cf2a60c6+2023-11-18-17h-40m-29s,167,22008760,24400334,,1.0,1.0,1.0,0,0,0,0,0,0,0,0,0,0,0,0
AUTOLab+cf2a60c6+2023-11-18-17h-44m-14s,87,22008760,24400334,,1.0,1.0,1.0,0,0,0,0,0,0,0,0,0,0,0,0
AUTOLab+cf2a60c6+2023-11-18-17h-55m-48s,203,22008760,24400334,,1.0,1.0,1.0,0,0,0,0,0,0,0,0,0,0,0,0
AUTOLab+cf2a60c6+2023-11-18-17h-56m-17s,167,22008760,24400334,,1.0,1.0,1.0,0,0,0,0,0,0,0,0,0,29,29,0
AUTOLab+cf2a60c6+2023-11-18-17h-59m-35s,229,22008760,24400334,,1.0,1.0,1.0,0,0,0,0,0,0,0,0,0,37,34,37
AUTOLab+cf2a60c6+2023-11-18-18h-16m-50s,361,22008760,24400334,,1.0,1.0,1.0,0,0,0,0,0,0,0,0,0,0,0,0
AUTOLab+cf2a60c6+2023-11-18-18h-24m-34s,595,22008760,24400334,,1.0,1.0,1.0,0,0,0,0,0,0,0,0,0,0,0,0
AUTOLab+cf2a60c6+2023-11-18-18h-27m-29s,512,22008760,24400334,,1.0,1.0,1.0,0,0,0,0,0,0,0,0,0,49,49,0
AUTOLab+cf2a60c6+2023-11-18-18h-34m-53s,292,22008760,24400334,,1.0,1.0,1.0,0,0,0,0,0,0,0,0,0,0,0,0
AUTOLab+cf2a60c6+2023-11-18-18h-43m-44s,597,22008760,24400334,,1.0,1.0,1.0,0,0,0,0,0,0,0,0,0,0,0,0
AUTOLab+cf2a60c6+2023-11-18-18h-44m-44s,413,22008760,24400334,,1.0,1.0,1.0,0,0,0,0,0,0,0,0,0,96,96,74
AUTOLab+cf2a60c6+2023-11-18-18h-56m-57s,360,22008760,24400334,,1.0,1.0,1.0,0,0,0,0,0,0,0,0,0,55,55,53
AUTOLab+cf2a60c6+2023-11-18-19h-01m-37s,290,22008760,24400334,,1.0,1.0,1.0,0,0,0,0,0,0,88,88,0,92,92,0
AUTOLab+cf2a60c6+2023-11-18-19h-22m-34s,244,22008760,24400334,,1.0,1.0,1.0,0,0,0,0,0,0,0,0,0,0,0,0
AUTOLab+cf2a60c6+2023-11-18-19h-31m-51s,477,22008760,24400334,,1.0,1.0,1.0,0,0,0,0,0,0,0,0,0,0,0,0
AUTOLab+cf2a60c6+2023-11-19-22h-25m-22s,110,22008760,24400334,,1.0,1.0,1.0,0,0,0,0,0,0,0,0,0,0,0,0
AUTOLab+cf2a60c6+2023-11-19-22h-47m-07s,347,22008760,24400334,,1.0,1.0,1.0,0,0,0,0,0,0,0,0,0,0,0,0
AUTOLab+cf2a60c6+2023-11-20-09h-03m-56s,453,22008760,24400334,,1.0,1.0,1.0,0,0,0,0,0,0,35,0,35,49,0,49
AUTOLab+cf2a60c6+2023-11-20-09h-12m-01s,902,22008760,24400334,,1.0,1.0,1.0,0,0,0,0,0,0,83,0,83,101,0,101
AUTOLab+cf2a60c6+2023-11-20-09h-21m-37s,683,22008760,24400334,,1.0,1.0,1.0,0,0,0,17,0,17,35,0,35,39,0,39
AUTOLab+cf2a60c6+2023-11-20-09h-28m-02s,410,22008760,24400334,,1.0,1.0,1.0,0,0,0,0,0,0,0,0,0,0,0,0
AUTOLab+cf2a60c6+2023-11-20-09h-44m-27s,605,22008760,24400334,,1.0,1.0,1.0,0,0,0,0,0,0,0,0,0,0,0,0
AUTOLab+cf2a60c6+2023-11-20-09h-46m-33s,413,22008760,24400334,,1.0,1.0,1.0,0,0,0,0,0,0,17,0,17,24,13,24
AUTOLab+cf2a60c6+2023-11-20-09h-49m-08s,459,22008760,24400334,,1.0,1.0,1.0,0,0,0,0,0,0,0,0,0,0,0,0
AUTOLab+cf2a60c6+2023-11-20-09h-52m-01s,429,22008760,24400334,,1.0,1.0,1.0,0,0,0,0,0,0,0,0,0,0,0,0
AUTOLab+cf2a60c6+2023-11-20-10h-09m-02s,301,22008760,24400334,,1.0,1.0,1.0,0,0,0,0,0,0,0,0,0,0,0,0
AUTOLab+cf2a60c6+2023-11-20-10h-14m-48s,436,22008760,24400334,,1.0,1.0,1.0,0,0,0,0,0,0,0,0,0,0,0,0
AUTOLab+cf2a60c6+2023-11-20-10h-38m-38s,138,22008760,24400334,,1.0,1.0,1.0,0,0,0,0,0,0,0,0,0,0,0,0
AUTOLab+cf2a60c6+2023-11-20-11h-08m-20s,414,22008760,24400334,,1.0,1.0,1.0,0,0,0,0,0,0,0,0,0,44,0,44
AUTOLab+cf2a60c6+2023-11-20-11h-17m-48s,481,22008760,24400334,,1.0,1.0,1.0,0,0,0,0,0,0,28,0,28,32,0,32
AUTOLab+cf2a60c6+2023-11-20-11h-29m-16s,164,22008760,24400334,,1.0,1.0,1.0,0,0,0,0,0,0,0,0,0,0,0,0
AUTOLab+cf2a60c6+2023-11-20-11h-36m-03s,77,22008760,24400334,,1.0,1.0,0.6363636363636364,0,0,0,0,0,0,32,0,32,35,0,35
AUTOLab+cf2a60c6+2023-11-20-15h-41m-38s,338,22008760,24400334,,1.0,1.0,1.0,0,0,0,0,0,0,0,0,0,35,0,35
AUTOLab+cf2a60c6+2023-11-21-08h-52m-49s,223,22008760,24400334,,1.0,1.0,1.0,0,0,0,0,0,0,0,0,0,16,0,16
AUTOLab+cf2a60c6+2023-11-21-09h-58m-42s,395,22008760,24400334,,1.0,1.0,1.0,0,0,0,37,0,37,48,0,48,53,0,53
AUTOLab+cf2a60c6+2023-11-21-10h-28m-47s,293,22008760,24400334,,1.0,1.0,1.0,0,0,0,0,0,0,0,0,0,0,0,0
AUTOLab+cf2a60c6+2023-11-21-11h-20m-49s,84,22008760,24400334,,1.0,1.0,0.9523809523809523,0,0,0,0,0,0,0,0,0,49,0,32
AUTOLab+cf2a60c6+2023-11-21-11h-36m-00s,667,22008760,24400334,,1.0,1.0,1.0,0,0,0,0,0,0,0,0,0,0,0,0
AUTOLab+cf2a60c6+2023-11-27-08h-52m-26s,1063,22008760,24400334,,1.0,1.0,0.9943555973659455,0,0,0,0,0,0,0,0,0,0,0,0
AUTOLab+cf2a60c6+2023-11-27-08h-55m-59s,473,22008760,24400334,,1.0,1.0,0.9260042283298098,0,0,0,0,0,0,0,0,0,0,0,0
AUTOLab+cf2a60c6+2023-11-27-08h-59m-00s,171,22008760,24400334,,1.0,1.0,1.0,0,0,0,0,0,0,0,0,0,0,0,0
AUTOLab+cf2a60c6+2023-11-27-09h-23m-09s,969,22008760,24400334,,1.0,1.0,1.0,0,0,0,0,0,0,0,0,0,0,0,0
AUTOLab+cf2a60c6+2023-11-27-09h-38m-37s,1130,22008760,24400334,,1.0,1.0,1.0,0,0,0,0,0,0,0,0,0,0,0,0
AUTOLab+cf2a60c6+2023-11-27-10h-07m-19s,558,22008760,24400334,,1.0,1.0,1.0,0,0,0,0,0,0,0,0,0,0,0,0
AUTOLab+cf2a60c6+2023-11-27-10h-10m-25s,502,22008760,24400334,,1.0,1.0,1.0,0,0,0,0,0,0,0,0,0,0,0,0
AUTOLab+cf2a60c6+2023-11-27-10h-18m-58s,462,22008760,24400334,,1.0,1.0,1.0,0,0,0,0,0,0,0,0,0,0,0,0
AUTOLab+cf2a60c6+2023-11-27-10h-23m-29s,123,22008760,24400334,,1.0,1.0,1.0,0,0,0,0,0,0,0,0,0,21,0,21
AUTOLab+cf2a60c6+2023-12-16-17h-16m-01s,419,20521388,24259877,,1.0,1.0,0.827893175074184,78,0,78,82,0,82,89,0,89,98,0,98
AUTOLab+cf2a60c6+2023-12-16-17h-20m-16s,443,20521388,24259877,,1.0,1.0,0.9741602067183462,54,0,54,56,0,56,61,48,61,74,52,74
AUTOLab+cf2a60c6+2023-12-16-17h-36m-21s,97,20521388,24259877,,1.0,1.0,1.0,21,0,21,26,0,26,30,0,30,35,0,35
AUTOLab+cf2a60c6+2023-12-16-17h-41m-35s,274,20521388,24259877,,1.0,1.0,0.8677685950413223,30,0,30,32,0,32,34,27,34,37,30,37
AUTOLab+cf2a60c6+2023-12-16-17h-50m-12s,575,20521388,24259877,,1.0,1.0,0.9183673469387755,32,0,32,36,0,36,41,0,41,292,0,292
AUTOLab+cf2a60c6+2023-12-16-17h-53m-09s,249,20521388,24259877,,1.0,1.0,0.5942028985507246,39,0,39,42,0,42,46,0,46,51,0,51
AUTOLab+cf2a60c6+2023-12-17-15h-52m-26s,591,20521388,24259877,,1.0,1.0,1.0,0,0,0,0,0,0,158,0,158,162,155,162
AUTOLab+cf2a60c6+2023-12-18-10h-49m-04s,533,20521388,24259877,,1.0,1.0,0.7711069418386491,0,0,0,0,0,0,0,0,0,0,0,0
AUTOLab+cf2a60c6+2023-12-18-11h-01m-10s,926,20521388,24259877,,1.0,1.0,0.8142548596112311,0,0,0,0,0,0,0,0,0,36,22,36
AUTOLab+cf2a60c6+2023-12-18-11h-26m-08s,833,20521388,24259877,,1.0,1.0,0.8285714285714286,23,0,23,28,0,28,32,0,32,39,23,39
AUTOLab+cf2a60c6+2023-12-18-11h-32m-14s,1262,20521388,24259877,,1.0,1.0,0.884310618066561,0,0,0,0,0,0,14,0,14,22,17,22
AUTOLab+cf2a60c6+2023-12-18-11h-42m-44s,712,20521388,24259877,,1.0,1.0,0.8882521489971347,0,0,0,14,9,6,23,15,23,27,19,27
AUTOLab+cf2a60c6+2023-12-18-12h-12m-12s,340,20521388,24259877,,1.0,1.0,0.842948717948718,25,0,25,28,0,28,31,0,31,39,0,39
AUTOLab+cf2a60c6+2023-12-18-12h-19m-01s,290,20521388,24259877,,1.0,1.0,0.9202898550724637,9,0,9,14,0,14,17,0,17,20,7,20
AUTOLab+cf2a60c6+2023-12-18-12h-25m-14s,676,20521388,24259877,,1.0,1.0,0.9186390532544378,0,0,0,0,0,0,28,0,28,32,0,32
AUTOLab+cf2a60c6+2023-12-18-12h-39m-32s,297,20521388,24259877,,1.0,1.0,0.7643097643097643,0,0,0,0,0,0,0,0,0,42,0,42
AUTOLab+cf2a60c6+2023-12-18-12h-41m-06s,1123,20521388,24259877,,1.0,1.0,0.7289377289377289,29,0,29,31,0,31,34,0,34,38,0,38
AUTOLab+cf2a60c6+2023-12-18-12h-42m-39s,1221,20521388,24259877,,1.0,1.0,0.774247491638796,21,0,21,25,0,25,31,0,31,33,0,33
AUTOLab+cf2a60c6+2023-12-18-16h-40m-01s,178,20521388,24259877,,1.0,1.0,1.0,0,0,0,0,0,0,0,0,0,59,0,59
AUTOLab+cf2a60c6+2023-12-18-17h-14m-40s,568,20521388,24259877,,1.0,1.0,0.38742393509127787,71,63,71,75,65,75,85,70,85,102,76,102
AUTOLab+cf2a60c6+2023-12-19-10h-26m-30s,550,20521388,24259877,,1.0,1.0,1.0,0,0,0,0,0,0,0,0,0,27,22,27
AUTOLab+cf2a60c6+2023-12-19-12h-04m-58s,132,20521388,24259877,,1.0,1.0,1.0,0,0,0,0,0,0,0,0,0,25,22,25
AUTOLab+t3d58310+2023-08-12-13h-03m-32s,1562,22008760,24400334,,1.0,1.0,1.0,0,0,0,0,0,0,30,1,30,35,35,35
AUTOLab+t3d58310+2023-08-12-18h-05m-38s,1197,22008760,24400334,,1.0,1.0,1.0,0,0,0,14,0,14,18,16,18,21,19,21
AUTOLab+t3d58310+2023-08-12-18h-25m-49s,1431,22008760,24400334,,1.0,1.0,1.0,0,0,0,4,0,4,10,7,10,12,10,12
AUTOLab+t3d58310+2023-08-12-18h-37m-05s,813,22008760,24400334,,1.0,1.0,1.0,12,11,12,16,16,14,18,18,17,20,20,19
AUTOLab+t3d58310+2023-08-12-18h-39m-38s,901,22008760,24400334,,1.0,1.0,1.0,0,0,0,0,0,0,12,11,12,15,15,15
AUTOLab+t3d58310+2023-08-12-18h-42m-00s,1113,22008760,24400334,,1.0,1.0,1.0,0,0,0,8,8,7,11,11,10,13,13,12
AUTOLab+t3d58310+2023-08-19-17h-40m-34s,771,22008760,24400334,,1.0,1.0,1.0,0,0,0,0,0,0,0,0,0,38,35,38
AUTOLab+t3d58310+2023-08-19-17h-41m-40s,1221,22008760,24400334,,1.0,1.0,0.9354568315171836,0,0,0,28,0,28,41,0,41,44,38,44
AUTOLab+t3d58310+2023-09-02-13h-33m-34s,949,22008760,24400334,,1.0,1.0,0.8105381165919282,53,53,0,57,57,0,60,60,55,75,75,58
AUTOLab+t3d58310+2023-09-02-14h-27m-35s,933,22008760,24400334,,1.0,1.0,0.701123595505618,32,32,0,43,43,29,56,56,42,68,68,46
AUTOLab+t3d58310+2023-09-02-15h-15m-44s,972,22008760,24400334,,1.0,1.0,0.7717391304347826,49,49,0,52,52,0,187,187,48,291,291,50
CLVR+13759f6e+2023-05-15-00h-57m-17s,184,20103212,20655732,,1.0,1.0,1.0,36,36,23,39,39,30,43,43,34,48,48,38
CLVR+13759f6e+2023-05-15-01h-03m-33s,235,20103212,20655732,,1.0,1.0,1.0,74,74,0,79,79,0,89,89,0,105,105,76
CLVR+13759f6e+2023-05-15-22h-10m-46s,224,20103212,20655732,,1.0,1.0,0.7987012987012987,64,64,35,70,70,48,88,88,64,110,110,70
CLVR+13759f6e+2023-05-15-22h-25m-23s,289,20103212,20655732,,1.0,1.0,1.0,35,35,0,40,40,36,44,44,41,47,47,46
CLVR+13759f6e+2023-05-15-22h-32m-57s,228,20103212,20655732,,1.0,1.0,1.0,28,28,0,32,32,30,60,60,60,63,63,63
CLVR+13759f6e+2023-05-15-22h-33m-22s,213,20103212,20655732,,1.0,1.0,1.0,27,27,0,60,60,59,67,67,65,72,72,71
CLVR+13759f6e+2023-05-15-22h-36m-52s,194,20103212,20655732,,1.0,1.0,1.0,34,34,28,42,42,39,48,48,46,69,69,67
CLVR+13759f6e+2023-05-15-22h-39m-19s,412,20103212,20655732,,1.0,1.0,1.0,0,0,0,21,21,0,26,26,24,31,31,31
CLVR+13759f6e+2023-05-15-22h-46m-15s,286,20103212,20655732,,1.0,1.0,1.0,11,11,0,14,14,10,48,48,16,54,54,51
CLVR+13759f6e+2023-05-15-23h-24m-03s,236,20103212,20655732,,1.0,1.0,1.0,0,0,0,19,19,0,22,22,21,35,34,35
CLVR+13759f6e+2023-05-15-23h-26m-52s,224,20103212,20655732,,1.0,1.0,1.0,0,0,0,18,18,0,25,25,23,37,35,37
CLVR+13759f6e+2023-05-15-23h-41m-47s,288,20103212,20655732,,1.0,1.0,0.9348659003831418,0,0,0,27,27,0,72,72,70,86,86,86
CLVR+13759f6e+2023-05-16-13h-58m-29s,264,20103212,20655732,,1.0,1.0,1.0,39,39,0,42,42,0,45,45,26,49,49,32
CLVR+13759f6e+2023-05-16-14h-00m-56s,243,20103212,20655732,,1.0,1.0,1.0,32,32,0,35,35,0,38,38,0,45,45,17
CLVR+13759f6e+2023-05-16-14h-48m-00s,274,20103212,20655732,,1.0,1.0,1.0,0,0,0,16,16,0,20,20,0,24,24,0
CLVR+13759f6e+2023-05-16-21h-52m-56s,301,20103212,20655732,,1.0,1.0,0.9844357976653697,40,40,25,44,44,29,49,49,34,54,54,39
CLVR+13759f6e+2023-05-16-22h-07m-43s,173,20103212,20655732,,1.0,1.0,1.0,25,25,14,28,28,18,33,33,22,36,36,26
CLVR+13759f6e+2023-05-16-22h-12m-26s,197,20103212,20655732,,1.0,1.0,0.9565217391304348,28,28,0,36,36,0,65,65,21,95,95,25
CLVR+13759f6e+2023-05-16-22h-23m-59s,171,20103212,20655732,,1.0,1.0,0.8584070796460177,0,0,0,58,58,0,77,77,0,88,88,36
CLVR+13759f6e+2023-05-17-17h-06m-19s,150,20103212,20655732,,1.0,1.0,1.0,6,0,6,9,0,9,11,9,11,17,13,17
CLVR+13759f6e+2023-05-17-17h-10m-15s,222,20103212,20655732,,1.0,1.0,1.0,18,18,0,23,23,0,27,27,18,33,33,23
CLVR+13759f6e+2023-05-17-17h-35m-09s,202,20103212,20655732,,1.0,1.0,1.0,21,21,0,25,25,0,51,51,0,75,75,0
CLVR+13759f6e+2023-05-17-17h-38m-15s,300,20103212,20655732,,1.0,1.0,1.0,33,33,18,42,42,22,50,50,25,68,68,29
CLVR+13759f6e+2023-05-17-17h-41m-40s,237,20103212,20655732,,1.0,1.0,1.0,42,42,0,45,45,0,48,48,30,53,53,34
CLVR+13759f6e+2023-05-17-17h-52m-31s,227,20103212,20655732,,1.0,1.0,1.0,30,30,21,34,34,23,36,36,25,46,46,28
CLVR+13759f6e+2023-05-17-18h-07m-41s,341,20103212,20655732,,1.0,1.0,1.0,111,111,0,135,135,0,146,146,0,154,154,0
CLVR+13759f6e+2023-05-17-18h-11m-21s,189,20103212,20655732,,1.0,1.0,1.0,52,52,0,70,70,0,75,75,0,80,80,0
CLVR+13759f6e+2023-05-17-21h-25m-32s,146,20103212,20655732,,1.0,1.0,1.0,0,0,0,0,0,0,0,0,0,25,0,25
CLVR+13759f6e+2023-05-17-21h-29m-10s,289,20103212,20655732,,1.0,1.0,1.0,36,0,36,40,0,40,43,35,43,50,42,50
CLVR+13759f6e+2023-05-17-21h-32m-36s,257,20103212,20655732,,1.0,1.0,1.0,0,0,0,32,0,32,40,0,40,45,31,45
CLVR+13759f6e+2023-05-17-21h-35m-23s,232,20103212,20655732,,1.0,1.0,1.0,36,0,36,41,0,41,46,36,46,49,42,49
CLVR+13759f6e+2023-05-17-21h-44m-08s,183,20103212,20655732,,1.0,1.0,1.0,0,0,0,16,0,16,20,0,20,23,19,23
CLVR+13759f6e+2023-05-17-21h-53m-35s,257,20103212,20655732,,1.0,1.0,1.0,0,0,0,0,0,0,15,0,15,23,0,23
CLVR+13759f6e+2023-05-17-21h-54m-27s,436,20103212,20655732,,1.0,1.0,1.0,0,0,0,0,0,0,16,0,16,23,0,23
CLVR+13759f6e+2023-05-17-21h-57m-56s,131,20103212,20655732,,1.0,1.0,1.0,17,0,17,20,0,20,23,17,23,26,21,26
CLVR+13759f6e+2023-05-17-22h-12m-16s,153,20103212,20655732,,1.0,1.0,1.0,0,0,0,18,0,18,23,16,23,25,21,25
CLVR+13759f6e+2023-05-18-15h-10m-32s,187,20103212,20655732,,1.0,1.0,1.0,23,23,0,34,34,0,42,42,0,51,51,32
CLVR+13759f6e+2023-05-18-15h-17m-02s,141,20103212,20655732,,1.0,1.0,1.0,28,28,0,35,35,0,39,39,0,45,45,33
CLVR+13759f6e+2023-05-18-15h-27m-56s,205,20103212,20655732,,1.0,1.0,1.0,34,34,0,38,38,26,43,43,32,46,46,37
CLVR+13759f6e+2023-05-18-15h-32m-26s,212,20103212,20655732,,1.0,1.0,1.0,91,91,0,93,93,0,96,96,0,98,98,89
CLVR+13759f6e+2023-05-18-15h-33m-15s,262,20103212,20655732,,1.0,1.0,1.0,0,0,0,0,0,0,42,42,0,53,53,0
CLVR+13759f6e+2023-05-18-16h-53m-28s,227,20103212,20655732,,1.0,1.0,1.0,0,0,0,39,39,0,47,47,0,59,59,0
CLVR+13759f6e+2023-05-18-16h-55m-13s,327,20103212,20655732,,1.0,1.0,1.0,41,41,27,45,45,32,50,50,37,56,56,42
CLVR+13759f6e+2023-05-18-16h-56m-47s,175,20103212,20655732,,1.0,1.0,1.0,0,0,0,0,0,0,24,24,0,27,27,0
CLVR+13759f6e+2023-05-18-17h-00m-50s,208,20103212,20655732,,1.0,1.0,1.0,32,32,0,38,38,0,44,44,26,63,63,32
CLVR+13759f6e+2023-05-18-17h-44m-10s,233,20103212,20655732,,1.0,1.0,1.0,28,28,0,32,32,25,37,37,29,41,41,32
CLVR+13759f6e+2023-05-18-17h-45m-18s,323,20103212,20655732,,1.0,1.0,1.0,0,0,0,0,0,0,18,18,0,22,22,0
CLVR+13759f6e+2023-05-18-17h-54m-32s,140,20103212,20655732,,1.0,1.0,1.0,19,19,0,26,26,16,46,46,22,52,52,32
CLVR+13759f6e+2023-05-18-17h-54m-49s,182,20103212,20655732,,1.0,1.0,1.0,0,0,0,18,18,0,45,45,17,48,48,24
CLVR+13759f6e+2023-05-18-18h-04m-33s,236,20103212,20655732,,1.0,1.0,1.0,45,45,23,50,50,27,53,53,47,56,56,50
CLVR+13759f6e+2023-05-18-19h-11m-18s,236,20103212,20655732,,1.0,1.0,1.0,14,14,0,24,24,0,42,42,0,47,47,43
CLVR+13759f6e+2023-05-18-19h-15m-45s,186,20103212,20655732,,1.0,1.0,1.0,20,20,0,22,22,15,25,25,20,28,28,23
CLVR+13759f6e+2023-05-18-19h-16m-14s,151,20103212,20655732,,1.0,1.0,1.0,21,21,0,35,35,0,40,40,0,56,56,38
CLVR+13759f6e+2023-05-19-20h-52m-07s,161,20103212,20655732,,1.0,1.0,1.0,15,15,0,21,21,0,27,27,0,31,31,15
CLVR+13759f6e+2023-05-19-21h-51m-05s,201,20103212,20655732,,1.0,1.0,1.0,23,23,0,27,27,0,44,44,16,47,47,19
CLVR+13759f6e+2023-05-19-21h-52m-54s,199,20103212,20655732,,1.0,1.0,1.0,19,19,0,22,22,0,25,25,0,38,38,12
CLVR+13759f6e+2023-05-19-21h-54m-55s,223,20103212,20655732,,1.0,1.0,0.8507462686567164,12,12,0,22,22,0,27,27,0,30,30,19
CLVR+13759f6e+2023-05-19-21h-56m-36s,256,20103212,20655732,,1.0,1.0,1.0,0,0,0,19,19,0,25,25,0,32,32,0
CLVR+13759f6e+2023-05-19-22h-01m-34s,265,20103212,20655732,,1.0,1.0,0.47297297297297297,42,42,0,43,43,0,45,45,0,159,47,41
CLVR+13759f6e+2023-05-19-22h-15m-53s,177,20103212,20655732,,1.0,1.0,1.0,0,0,0,0,0,0,0,0,0,25,25,0
CLVR+13759f6e+2023-05-19-22h-43m-05s,156,20103212,20655732,,1.0,1.0,1.0,0,0,0,21,21,16,33,33,20,42,42,25
CLVR+13759f6e+2023-05-19-23h-16m-50s,119,20103212,20655732,,1.0,1.0,1.0,0,0,0,18,18,0,25,25,0,30,30,0
CLVR+13759f6e+2023-05-20-15h-22m-44s,227,20103212,20655732,,1.0,1.0,1.0,0,0,0,0,0,0,26,26,0,30,30,0
CLVR+13759f6e+2023-05-20-15h-25m-34s,180,20103212,20655732,,1.0,1.0,1.0,16,16,0,19,19,11,22,22,18,27,27,21
CLVR+13759f6e+2023-05-20-15h-25m-58s,179,20103212,20655732,,1.0,1.0,0.88125,14,14,0,19,19,0,49,49,0,51,51,47
CLVR+13759f6e+2023-05-20-17h-19m-08s,204,20103212,20655732,,1.0,1.0,1.0,29,29,0,32,32,0,36,36,0,56,56,18
CLVR+13759f6e+2023-05-20-17h-30m-46s,146,20103212,20655732,,1.0,1.0,1.0,0,0,0,15,15,0,19,19,0,23,23,0
CLVR+13759f6e+2023-05-20-17h-31m-06s,118,20103212,20655732,,1.0,1.0,1.0,27,27,0,31,31,0,34,34,0,47,47,0
CLVR+13759f6e+2023-05-20-17h-33m-35s,170,20103212,20655732,,1.0,1.0,0.8768115942028986,23,23,0,32,32,0,44,44,0,48,48,0
CLVR+13759f6e+2023-06-03-00h-01m-15s,113,20103212,20655732,,0.5555555555555556,1.0,0.27586206896551724,53,53,0,84,84,14,-1,-1,16,-1,-1,18
CLVR+13759f6e+2023-06-03-00h-37m-51s,197,20103212,20655732,,0.4444444444444444,1.0,0.0,19,19,0,-1,-1,0,-1,-1,0,-1,-1,0
CLVR+13759f6e+2023-06-03-00h-38m-37s,227,20103212,20655732,,0.6111111111111112,1.0,0.11413043478260869,38,38,16,43,43,18,-1,-1,20,-1,-1,25
CLVR+13759f6e+2023-06-03-00h-51m-46s,290,20103212,20655732,,0.3888888888888889,1.0,0.0,92,92,0,-1,-1,0,-1,-1,27,-1,-1,62
CLVR+13759f6e+2023-06-03-17h-19m-53s,300,20103212,20655732,,0.18518518518518517,1.0,0.0,-1,-1,0,-1,-1,21,-1,-1,24,-1,-1,28
CLVR+13759f6e+2023-06-03-17h-24m-42s,193,20103212,20655732,,0.2962962962962963,1.0,0.0,133,133,0,-1,-1,0,-1,-1,18,-1,-1,24
CLVR+13759f6e+2023-06-03-17h-47m-31s,249,20103212,20655732,,1.0,1.0,1.0,81,81,0,105,105,0,129,129,0,146,146,0
CLVR+13759f6e+2023-06-03-22h-12m-07s,309,20103212,20655732,,1.0,1.0,1.0,23,23,0,26,26,0,29,29,0,35,35,0
CLVR+13759f6e+2023-06-03-22h-54m-58s,283,20103212,20655732,,1.0,1.0,0.5912698412698413,21,21,0,31,31,0,40,40,0,60,60,0
CLVR+13759f6e+2023-06-03-23h-57m-50s,210,20103212,20655732,,1.0,1.0,1.0,0,0,0,0,0,0,16,0,16,19,15,19
CLVR+13759f6e+2023-06-04-00h-00m-11s,166,20103212,20655732,,1.0,1.0,1.0,0,0,0,16,0,16,21,0,21,28,0,28
CLVR+13759f6e+2023-06-04-00h-01m-00s,230,20103212,20655732,,1.0,1.0,1.0,26,0,26,28,0,28,30,0,30,56,0,56
CLVR+13759f6e+2023-06-04-00h-10m-42s,198,20103212,20655732,,1.0,1.0,1.0,0,0,0,13,0,13,67,0,67,159,12,159
CLVR+13759f6e+2023-06-04-15h-06m-37s,154,20103212,20655732,,1.0,1.0,1.0,30,0,30,32,0,32,34,17,34,67,20,67
CLVR+13759f6e+2023-06-04-15h-12m-26s,174,20103212,20655732,,1.0,1.0,0.7111111111111111,38,0,38,39,30,39,40,32,40,43,33,43
CLVR+13759f6e+2023-06-04-15h-23m-28s,236,20103212,20655732,,1.0,1.0,0.7222222222222222,0,0,0,20,0,20,22,0,22,24,0,24
CLVR+13759f6e+2023-06-04-15h-23m-55s,238,20103212,20655732,,1.0,1.0,0.7194570135746606,16,0,16,17,0,17,19,0,19,21,0,21
CLVR+13759f6e+2023-06-04-15h-53m-35s,137,20103212,20655732,,1.0,1.0,1.0,0,0,0,16,0,16,19,0,19,81,0,81
CLVR+13759f6e+2023-06-04-16h-13m-57s,229,20103212,20655732,,1.0,1.0,0.9388646288209607,0,0,0,0,0,0,0,0,0,0,0,0
CLVR+13759f6e+2023-06-04-16h-15m-21s,397,20103212,20655732,,1.0,1.0,1.0,0,0,0,0,0,0,16,16,0,23,23,0
CLVR+13759f6e+2023-06-04-16h-30m-57s,234,20103212,20655732,,1.0,1.0,1.0,0,0,0,0,0,0,0,0,0,20,0,20
CLVR+13759f6e+2023-06-04-17h-22m-49s,182,20103212,20655732,,1.0,1.0,1.0,0,0,0,0,0,0,0,0,0,0,0,0
CLVR+13759f6e+2023-06-04-17h-23m-13s,186,20103212,20655732,,1.0,1.0,1.0,0,0,0,0,0,0,22,22,0,23,23,0
CLVR+13759f6e+2023-06-04-18h-02m-43s,235,20103212,20655732,,1.0,1.0,1.0,0,0,0,0,0,0,0,0,0,0,0,0
CLVR+13759f6e+2023-06-04-18h-05m-10s,137,20103212,20655732,,1.0,1.0,1.0,0,0,0,0,0,0,0,0,0,0,0,0
CLVR+13759f6e+2023-06-05-23h-03m-10s,134,20103212,20655732,,1.0,1.0,1.0,0,0,0,0,0,0,0,0,0,14,14,0
CLVR+13759f6e+2023-06-05-23h-06m-09s,171,20103212,20655732,,1.0,1.0,1.0,0,0,0,0,0,0,0,0,0,0,0,0
CLVR+13759f6e+2023-06-05-23h-13m-49s,177,20103212,20655732,,1.0,1.0,1.0,0,0,0,0,0,0,14,14,0,19,19,15
CLVR+13759f6e+2023-06-05-23h-14m-28s,168,20103212,20655732,,1.0,1.0,1.0,0,0,0,0,0,0,0,0,0,20,20,17
CLVR+13759f6e+2023-06-05-23h-17m-30s,133,20103212,20655732,,1.0,1.0,1.0,0,0,0,0,0,0,0,0,0,0,0,0
CLVR+13759f6e+2023-06-05-23h-41m-18s,119,20103212,20655732,,1.0,1.0,1.0,0,0,0,0,0,0,0,0,0,19,19,16
CLVR+13759f6e+2023-06-05-23h-44m-21s,160,20103212,20655732,,1.0,1.0,1.0,15,0,15,16,0,16,17,14,17,18,17,18
CLVR+13759f6e+2023-06-05-23h-46m-37s,249,20103212,20655732,,1.0,1.0,1.0,0,0,0,13,13,0,18,18,0,20,20,0
CLVR+13759f6e+2023-06-05-23h-53m-19s,190,20103212,20655732,,1.0,1.0,1.0,0,0,0,0,0,0,0,0,0,21,21,16
CLVR+13759f6e+2023-06-05-23h-53m-41s,126,20103212,20655732,,1.0,1.0,1.0,0,0,0,0,0,0,0,0,0,19,19,0
CLVR+13759f6e+2023-06-05-23h-56m-24s,199,20103212,20655732,,1.0,1.0,1.0,0,0,0,0,0,0,0,0,0,13,13,13
CLVR+13759f6e+2023-06-06-00h-02m-01s,177,20103212,20655732,,1.0,1.0,1.0,0,0,0,0,0,0,14,14,0,19,19,0
CLVR+13759f6e+2023-06-09-11h-23m-32s,118,20103212,20655732,,1.0,1.0,1.0,13,13,0,14,14,0,17,17,0,18,18,13
CLVR+13759f6e+2023-06-13-01h-12m-42s,113,20103212,20655732,,1.0,1.0,1.0,25,25,25,29,27,29,42,34,42,48,45,48
CLVR+13759f6e+2023-06-13-01h-33m-52s,142,20103212,20655732,,1.0,1.0,1.0,26,25,26,45,44,45,50,50,50,55,55,55
CLVR+13759f6e+2023-06-13-01h-43m-49s,32,20103212,20655732,,1.0,1.0,1.0,0,0,0,16,16,0,20,20,0,22,22,0
CLVR+13759f6e+2023-06-13-02h-29m-03s,168,20103212,20655732,,1.0,1.0,1.0,39,39,0,42,42,0,45,45,0,48,48,0
CLVR+13759f6e+2023-06-13-02h-29m-24s,126,20103212,20655732,,0.9074074074074074,1.0,0.8295454545454546,35,35,0,38,38,0,43,43,0,-1,-1,0
CLVR+13759f6e+2023-06-19-16h-56m-15s,255,20103212,20655732,,1.0,1.0,1.0,73,73,58,78,78,64,97,97,70,141,141,77
CLVR+13759f6e+2023-06-19-17h-10m-34s,159,20103212,20655732,,1.0,1.0,1.0,47,47,0,49,49,15,52,52,49,56,56,51
CLVR+13759f6e+2023-06-19-17h-31m-46s,181,20103212,20655732,,1.0,1.0,1.0,33,33,0,38,38,0,42,42,37,48,48,40
CLVR+13759f6e+2023-06-19-17h-38m-19s,256,20103212,20655732,,1.0,1.0,1.0,23,23,19,26,26,22,32,32,26,70,70,29
CLVR+13759f6e+2023-06-19-17h-46m-00s,163,20103212,20655732,,1.0,1.0,1.0,35,35,0,37,37,0,39,39,34,54,54,37
CLVR+13759f6e+2023-06-19-17h-47m-51s,236,20103212,20655732,,1.0,1.0,1.0,49,49,29,52,52,50,56,56,54,76,76,58
CLVR+13759f6e+2023-06-19-23h-20m-53s,161,20103212,20655732,,1.0,1.0,1.0,0,0,0,0,0,0,0,0,0,0,0,0
CLVR+13759f6e+2023-06-19-23h-26m-21s,333,20103212,20655732,,1.0,1.0,1.0,0,0,0,0,0,0,0,0,0,22,0,22
CLVR+13759f6e+2023-06-19-23h-30m-07s,81,20103212,20655732,,1.0,1.0,1.0,0,0,0,0,0,0,0,0,0,15,0,15
CLVR+13759f6e+2023-06-19-23h-59m-53s,136,20103212,20655732,,1.0,1.0,1.0,0,0,0,0,0,0,0,0,0,13,0,13
CLVR+13759f6e+2023-06-20-00h-05m-04s,126,20103212,20655732,,1.0,1.0,1.0,0,0,0,0,0,0,0,0,0,0,0,0
CLVR+13759f6e+2023-06-20-00h-12m-20s,215,20103212,20655732,,1.0,1.0,1.0,0,0,0,0,0,0,0,0,0,0,0,0
CLVR+13759f6e+2023-06-20-00h-19m-48s,197,20103212,20655732,,1.0,1.0,1.0,10,0,10,12,0,12,14,0,14,16,9,16
CLVR+13759f6e+2023-06-20-00h-24m-22s,243,20103212,20655732,,1.0,1.0,1.0,11,0,11,14,0,14,18,0,18,19,0,19
CLVR+13759f6e+2023-06-20-00h-46m-44s,125,20103212,20655732,,1.0,1.0,1.0,0,0,0,0,0,0,0,0,0,13,1,13
CLVR+13759f6e+2023-06-27-00h-49m-21s,163,20103212,20655732,,1.0,1.0,1.0,0,0,0,0,0,0,0,0,0,0,0,0
CLVR+13759f6e+2023-06-27-00h-59m-54s,190,20103212,20655732,,1.0,1.0,1.0,0,0,0,13,13,0,16,16,13,19,19,17
CLVR+13759f6e+2023-06-27-01h-04m-31s,119,20103212,20655732,,1.0,1.0,1.0,0,0,0,14,0,14,17,0,17,19,15,19
CLVR+13759f6e+2023-06-27-01h-04m-54s,131,20103212,20655732,,1.0,1.0,1.0,0,0,0,36,36,36,38,38,38,41,40,41
CLVR+13759f6e+2023-06-27-01h-12m-56s,103,20103212,20655732,,1.0,1.0,1.0,0,0,0,14,0,14,19,0,19,33,15,33
CLVR+13759f6e+2023-06-27-01h-23m-41s,94,20103212,20655732,,1.0,1.0,1.0,0,0,0,0,0,0,19,0,19,23,0,23
CLVR+13759f6e+2023-06-27-01h-24m-15s,213,20103212,20655732,,1.0,1.0,1.0,0,0,0,12,12,0,25,14,25,45,17,45
CLVR+13759f6e+2023-06-27-01h-24m-53s,106,20103212,20655732,,1.0,1.0,1.0,0,0,0,0,0,0,0,0,0,22,0,22
CLVR+13759f6e+2023-06-27-01h-28m-43s,137,20103212,20655732,,1.0,1.0,1.0,21,21,0,24,24,0,41,41,0,46,46,0
CLVR+13759f6e+2023-06-27-01h-29m-00s,133,20103212,20655732,,1.0,1.0,1.0,20,20,0,24,24,0,41,41,0,111,111,0
CLVR+13759f6e+2023-06-27-01h-29m-36s,175,20103212,20655732,,1.0,1.0,1.0,15,15,0,18,18,0,21,21,0,26,26,13
CLVR+13759f6e+2023-06-27-01h-37m-34s,246,20103212,20655732,,1.0,1.0,1.0,20,20,0,22,22,0,25,25,16,29,29,18
CLVR+13759f6e+2023-06-27-01h-44m-18s,101,20103212,20655732,,1.0,1.0,1.0,17,17,0,19,19,0,21,21,0,24,24,13
CLVR+13759f6e+2023-06-27-01h-45m-44s,101,20103212,20655732,,1.0,1.0,1.0,19,19,0,22,22,0,25,25,12,39,39,16
CLVR+236539bc+2023-05-09-02h-07m-26s,147,20103212,20655732,,1.0,1.0,1.0,0,0,0,21,21,0,25,25,18,27,27,22
CLVR+236539bc+2023-05-09-03h-30m-39s,190,20103212,20655732,,1.0,1.0,1.0,23,23,0,27,27,0,30,30,23,41,41,27
CLVR+236539bc+2023-05-09-03h-34m-28s,150,20103212,20655732,,1.0,1.0,1.0,20,20,0,24,24,0,33,33,18,38,38,23
CLVR+236539bc+2023-05-09-03h-37m-25s,148,20103212,20655732,,1.0,1.0,1.0,37,37,0,40,40,0,45,45,38,48,48,41
CLVR+236539bc+2023-05-09-03h-38m-02s,179,20103212,20655732,,1.0,1.0,1.0,0,0,0,18,18,0,24,24,0,27,27,21
CLVR+236539bc+2023-05-09-03h-38m-23s,148,20103212,20655732,,1.0,1.0,1.0,18,18,0,24,24,0,28,28,22,31,31,25
CLVR+236539bc+2023-05-09-03h-38m-44s,138,20103212,20655732,,1.0,1.0,1.0,0,0,0,0,0,0,22,22,0,35,35,0
CLVR+236539bc+2023-05-09-03h-39m-28s,194,20103212,20655732,,1.0,1.0,1.0,19,19,0,22,22,0,25,25,18,37,37,20
CLVR+236539bc+2023-05-09-03h-40m-54s,190,20103212,20655732,,1.0,1.0,1.0,0,0,0,17,17,0,24,24,0,28,28,18
CLVR+236539bc+2023-05-09-03h-44m-37s,169,20103212,20655732,,1.0,1.0,1.0,25,25,0,28,28,0,30,30,26,33,33,28
CLVR+236539bc+2023-05-09-03h-45m-06s,174,20103212,20655732,,1.0,1.0,1.0,0,0,0,0,0,0,0,0,0,26,26,0
CLVR+236539bc+2023-05-09-03h-58m-00s,150,20103212,20655732,,1.0,1.0,1.0,0,0,0,20,20,0,27,27,0,31,31,0
CLVR+236539bc+2023-05-09-04h-00m-03s,162,20103212,20655732,,1.0,1.0,1.0,25,25,0,28,28,0,33,33,24,45,45,30
CLVR+236539bc+2023-05-09-04h-07m-08s,154,20103212,20655732,,1.0,1.0,1.0,29,29,0,32,32,0,36,36,0,40,40,26
CLVR+236539bc+2023-05-09-04h-23m-06s,138,20103212,20655732,,1.0,1.0,1.0,25,25,0,28,28,0,35,35,0,41,41,23
CLVR+236539bc+2023-05-09-04h-34m-43s,148,20103212,20655732,,1.0,1.0,1.0,28,28,0,34,34,0,45,45,21,49,49,25
CLVR+236539bc+2023-05-09-04h-42m-25s,156,20103212,20655732,,1.0,1.0,1.0,27,27,0,40,40,0,46,46,0,49,49,0
CLVR+236539bc+2023-05-09-04h-55m-16s,195,20103212,20655732,,1.0,1.0,1.0,31,31,0,44,44,0,50,50,0,55,55,23
CLVR+236539bc+2023-05-16-19h-24m-38s,280,20103212,20655732,,1.0,1.0,0.957983193277311,39,39,35,42,42,38,51,51,40,57,57,42
CLVR+236539bc+2023-05-16-19h-40m-53s,183,20103212,20655732,,1.0,1.0,0.9746835443037974,23,23,19,25,25,21,28,28,24,40,40,25
CLVR+236539bc+2023-05-16-19h-53m-56s,210,20103212,20655732,,1.0,1.0,0.8444444444444444,70,70,0,75,75,0,83,83,70,87,87,74
CLVR+236539bc+2023-05-16-20h-03m-58s,141,20103212,20655732,,1.0,1.0,0.9369369369369369,23,23,0,30,30,13,44,44,19,50,50,23
CLVR+236539bc+2023-05-17-19h-01m-33s,160,20103212,20655732,,1.0,1.0,1.0,22,22,0,37,37,0,41,41,0,53,53,0
CLVR+236539bc+2023-05-17-19h-03m-58s,142,20103212,20655732,,1.0,1.0,0.8303571428571429,24,24,0,30,30,0,46,46,0,57,57,0
CLVR+236539bc+2023-05-17-19h-15m-18s,208,20103212,20655732,,1.0,1.0,1.0,0,0,0,20,0,20,31,0,31,35,22,35
CLVR+236539bc+2023-05-18-20h-21m-20s,164,20103212,20655732,,1.0,1.0,1.0,20,20,0,23,23,0,26,26,18,38,38,25
CLVR+236539bc+2023-05-18-20h-22m-32s,188,20103212,20655732,,1.0,1.0,1.0,23,23,0,32,32,0,37,37,33,41,41,38
CLVR+236539bc+2023-05-18-20h-27m-00s,126,20103212,20655732,,1.0,1.0,1.0,18,18,0,22,22,0,26,26,20,29,29,25
CLVR+236539bc+2023-05-18-20h-27m-23s,135,20103212,20655732,,1.0,1.0,1.0,23,23,0,26,26,19,30,30,27,33,33,32
CLVR+236539bc+2023-05-18-20h-28m-11s,112,20103212,20655732,,1.0,1.0,1.0,0,0,0,19,19,17,22,22,20,25,25,23
CLVR+236539bc+2023-05-18-20h-31m-56s,143,20103212,20655732,,1.0,1.0,1.0,15,15,0,20,20,0,25,25,20,37,37,26
CLVR+236539bc+2023-05-18-20h-47m-11s,128,20103212,20655732,,1.0,1.0,1.0,25,25,21,29,29,25,40,40,34,44,44,39
CLVR+236539bc+2023-05-18-20h-51m-22s,210,20103212,20655732,,1.0,1.0,1.0,40,40,24,43,43,27,47,47,40,51,51,43
CLVR+236539bc+2023-05-18-20h-51m-44s,128,20103212,20655732,,1.0,1.0,1.0,0,0,0,19,19,0,23,23,19,25,25,22
CLVR+236539bc+2023-05-18-20h-55m-09s,198,20103212,20655732,,1.0,1.0,1.0,44,44,0,49,49,0,62,62,49,67,67,54
CLVR+236539bc+2023-05-21-19h-26m-30s,148,20103212,20655732,,1.0,1.0,1.0,49,49,0,52,52,0,58,58,27,67,67,33
CLVR+236539bc+2023-05-21-19h-47m-57s,121,20103212,20655732,,1.0,1.0,1.0,24,24,0,26,26,0,29,29,18,40,40,21
CLVR+236539bc+2023-05-21-19h-50m-36s,117,20103212,20655732,,1.0,1.0,1.0,25,25,0,29,29,0,32,32,0,36,36,20
CLVR+236539bc+2023-05-21-19h-53m-24s,110,20103212,20655732,,1.0,1.0,1.0,0,0,0,17,17,0,26,26,0,31,31,0
CLVR+236539bc+2023-05-21-19h-53m-53s,123,20103212,20655732,,1.0,1.0,1.0,33,33,0,36,36,0,40,40,0,43,43,27
CLVR+236539bc+2023-05-21-19h-54m-23s,109,20103212,20655732,,1.0,1.0,1.0,25,25,0,27,27,15,38,38,20,42,42,22
CLVR+236539bc+2023-05-21-19h-55m-00s,146,20103212,20655732,,1.0,1.0,1.0,22,22,0,27,27,0,36,36,0,41,41,0
CLVR+236539bc+2023-05-22-11h-49m-49s,284,20103212,20655732,,1.0,1.0,1.0,23,23,0,27,27,0,31,31,0,45,45,0
CLVR+236539bc+2023-05-22-11h-51m-02s,199,20103212,20655732,,1.0,1.0,1.0,18,18,0,28,28,0,34,34,0,40,40,0
CLVR+236539bc+2023-05-22-11h-51m-47s,141,20103212,20655732,,1.0,1.0,1.0,24,24,0,27,27,0,31,31,0,36,36,18
CLVR+236539bc+2023-05-22-11h-55m-01s,163,20103212,20655732,,1.0,1.0,1.0,25,25,0,30,30,0,35,35,0,48,48,19
CLVR+236539bc+2023-05-22-11h-59m-35s,147,20103212,20655732,,1.0,1.0,1.0,25,25,0,31,31,0,45,45,0,51,51,0
CLVR+236539bc+2023-05-22-12h-04m-00s,162,20103212,20655732,,1.0,1.0,1.0,41,41,0,44,44,33,57,57,36,59,59,38
CLVR+236539bc+2023-05-22-12h-13m-31s,143,20103212,20655732,,1.0,1.0,1.0,31,31,17,44,44,20,48,48,22,51,51,26
CLVR+236539bc+2023-05-22-12h-15m-38s,115,20103212,20655732,,1.0,1.0,1.0,21,21,0,24,24,0,28,28,0,41,41,0
CLVR+236539bc+2023-05-22-12h-21m-42s,119,20103212,20655732,,1.0,1.0,1.0,35,35,0,41,41,16,46,46,19,50,50,22
CLVR+236539bc+2023-05-22-12h-22m-59s,116,20103212,20655732,,1.0,1.0,1.0,0,0,0,0,0,0,34,34,0,40,40,0
CLVR+236539bc+2023-05-29-21h-59m-48s,126,20103212,20655732,,1.0,1.0,0.38095238095238093,0,0,0,0,0,0,98,98,44,103,103,53
CLVR+236539bc+2023-05-29-22h-15m-11s,175,20103212,20655732,,1.0,1.0,0.4424778761061947,59,43,59,62,54,62,70,59,70,78,67,78
CLVR+236539bc+2023-05-29-22h-18m-18s,163,20103212,20655732,,1.0,0.9444444444444444,0.34375,27,0,27,35,20,35,41,23,41,-1,27,-1
CLVR+236539bc+2023-05-29-22h-24m-17s,159,20103212,20655732,,1.0,0.5740740740740741,0.48,88,47,88,134,119,134,-1,123,-1,-1,127,-1
CLVR+236539bc+2023-05-29-22h-25m-28s,173,20103212,20655732,,1.0,1.0,0.33858267716535434,34,23,34,46,24,46,52,27,52,60,33,60
CLVR+236539bc+2023-05-29-22h-34m-38s,375,20103212,20655732,,1.0,1.0,0.3392857142857143,27,25,27,39,38,39,45,41,45,49,45,49
CLVR+236539bc+2023-05-29-22h-37m-34s,101,20103212,20655732,,1.0,0.7222222222222222,1.0,71,0,71,75,22,75,-1,38,-1,-1,70,-1
CLVR+236539bc+2023-05-29-22h-39m-00s,145,20103212,20655732,,1.0,1.0,0.3559322033898305,24,0,24,27,19,27,30,22,30,35,26,35
CLVR+236539bc+2023-05-29-23h-20m-35s,280,20103212,20655732,,1.0,1.0,0.40784313725490196,22,0,22,25,17,25,29,20,29,34,22,34
CLVR+236539bc+2023-05-29-23h-24m-06s,153,20103212,20655732,,1.0,1.0,0.37168141592920356,35,0,35,40,0,40,44,20,44,48,25,48
CLVR+236539bc+2023-05-29-23h-42m-29s,150,20103212,20655732,,1.0,1.0,0.4,36,0,36,40,0,40,45,21,45,50,35,50
CLVR+236539bc+2023-05-29-23h-43m-03s,248,20103212,20655732,,1.0,0.9629629629629629,0.2,69,0,69,73,26,73,81,66,81,-1,69,-1
CLVR+236539bc+2023-05-29-23h-45m-34s,143,20103212,20655732,,1.0,1.0,0.5752212389380531,26,0,26,30,15,30,51,22,51,65,25,65
CLVR+236539bc+2023-05-29-23h-46m-10s,193,20103212,20655732,,1.0,1.0,0.6851851851851852,28,0,28,31,0,31,67,21,67,74,25,74
CLVR+236539bc+2023-05-29-23h-54m-53s,559,20103212,20655732,,1.0,1.0,0.5327102803738317,21,0,21,24,0,24,29,20,29,34,22,34
CLVR+236539bc+2023-05-30-00h-17m-53s,167,20103212,20655732,,1.0,0.9444444444444444,0.5263157894736842,28,0,28,34,19,34,64,24,64,-1,26,-1
CLVR+236539bc+2023-05-30-00h-39m-16s,157,20103212,20655732,,1.0,1.0,1.0,44,26,44,49,38,49,63,43,63,67,48,67
CLVR+236539bc+2023-05-30-00h-41m-43s,124,20103212,20655732,,1.0,1.0,1.0,25,18,25,28,21,28,35,23,35,43,26,43
CLVR+236539bc+2023-05-30-00h-52m-44s,127,20103212,20655732,,1.0,1.0,1.0,23,0,23,28,0,28,35,21,35,44,27,44
CLVR+236539bc+2023-05-30-00h-57m-21s,130,20103212,20655732,,1.0,1.0,1.0,33,24,33,46,27,46,52,31,52,57,45,57
CLVR+236539bc+2023-05-30-00h-59m-09s,143,20103212,20655732,,1.0,1.0,1.0,32,18,32,44,23,44,51,30,51,56,43,56
CLVR+236539bc+2023-05-30-01h-00m-01s,125,20103212,20655732,,1.0,1.0,1.0,42,23,42,45,27,45,50,42,50,56,46,56
CLVR+236539bc+2023-05-30-01h-01m-07s,152,20103212,20655732,,1.0,1.0,1.0,34,22,34,47,27,47,51,32,51,56,46,56
CLVR+236539bc+2023-05-30-01h-15m-45s,198,20103212,20655732,,1.0,1.0,1.0,33,23,33,36,27,36,50,32,50,53,36,53
CLVR+236539bc+2023-05-30-01h-38m-26s,110,20103212,20655732,,1.0,1.0,0.7951807228915663,22,0,22,27,16,27,41,23,41,85,30,85
CLVR+236539bc+2023-05-30-01h-39m-29s,194,20103212,20655732,,1.0,1.0,0.7108433734939759,26,20,26,28,23,28,32,25,32,36,28,36
CLVR+236539bc+2023-05-31-13h-29m-18s,216,20103212,20655732,,1.0,1.0,1.0,0,0,0,19,0,19,27,20,27,38,24,38
CLVR+236539bc+2023-06-06-00h-43m-50s,134,20103212,20655732,,1.0,1.0,1.0,0,0,0,16,16,0,22,22,21,25,25,23
CLVR+236539bc+2023-06-06-01h-07m-40s,316,20103212,20655732,,1.0,1.0,1.0,53,52,53,57,55,57,64,60,64,82,74,82
CLVR+236539bc+2023-06-06-01h-20m-51s,159,20103212,20655732,,1.0,1.0,1.0,0,0,0,18,17,18,31,28,31,36,33,36
CLVR+236539bc+2023-06-06-01h-27m-28s,166,20103212,20655732,,1.0,1.0,1.0,19,19,0,26,26,22,31,31,31,46,46,46
CLVR+236539bc+2023-06-06-01h-33m-08s,150,20103212,20655732,,1.0,1.0,1.0,22,22,0,25,25,0,28,28,16,30,30,25
CLVR+236539bc+2023-06-06-01h-37m-02s,155,20103212,20655732,,1.0,1.0,1.0,0,0,0,23,23,0,29,29,0,34,34,32
CLVR+236539bc+2023-06-06-01h-37m-40s,114,20103212,20655732,,1.0,1.0,1.0,15,15,0,19,19,0,23,23,20,27,26,27
CLVR+236539bc+2023-06-06-01h-42m-34s,176,20103212,20655732,,1.0,1.0,1.0,0,0,0,0,0,0,0,0,0,23,20,23
CLVR+236539bc+2023-06-06-01h-49m-08s,158,20103212,20655732,,1.0,1.0,1.0,0,0,0,21,21,0,26,26,16,29,29,23
CLVR+236539bc+2023-06-06-01h-49m-40s,129,20103212,20655732,,1.0,1.0,1.0,0,0,0,17,17,0,23,23,0,26,26,16
CLVR+236539bc+2023-06-06-01h-51m-04s,138,20103212,20655732,,1.0,1.0,1.0,0,0,0,18,18,0,24,24,0,27,27,27
CLVR+236539bc+2023-06-06-01h-52m-42s,171,20103212,20655732,,1.0,1.0,1.0,0,0,0,21,21,17,27,27,20,37,37,24
CLVR+236539bc+2023-06-06-02h-06m-40s,112,20103212,20655732,,1.0,1.0,1.0,19,19,0,22,22,0,24,24,0,28,28,21
CLVR+236539bc+2023-06-20-02h-57m-02s,156,20103212,20655732,,1.0,1.0,1.0,0,0,0,0,0,0,0,0,0,0,0,0
CLVR+236539bc+2023-06-20-03h-01m-57s,118,20103212,20655732,,1.0,1.0,1.0,0,0,0,0,0,0,0,0,0,0,0,0
CLVR+236539bc+2023-06-20-03h-03m-53s,143,20103212,20655732,,1.0,1.0,1.0,0,0,0,0,0,0,0,0,0,19,0,19
CLVR+236539bc+2023-06-20-03h-06m-56s,144,20103212,20655732,,1.0,1.0,1.0,0,0,0,18,0,18,21,20,21,25,25,25
CLVR+236539bc+2023-06-20-03h-12m-40s,130,20103212,20655732,,1.0,1.0,1.0,0,0,0,23,0,23,27,0,27,30,19,30
CLVR+236539bc+2023-06-20-03h-31m-05s,109,20103212,20655732,,1.0,1.0,1.0,0,0,0,0,0,0,0,0,0,0,0,0
CLVR+236539bc+2023-06-20-03h-32m-39s,120,20103212,20655732,,1.0,1.0,1.0,0,0,0,0,0,0,0,0,0,0,0,0
CLVR+236539bc+2023-06-20-03h-32m-54s,188,20103212,20655732,,1.0,1.0,1.0,0,0,0,0,0,0,21,0,21,26,0,26
CLVR+236539bc+2023-06-20-03h-35m-17s,153,20103212,20655732,,1.0,1.0,1.0,0,0,0,20,0,20,23,0,23,27,0,27
CLVR+236539bc+2023-06-20-03h-36m-09s,121,20103212,20655732,,1.0,1.0,1.0,0,0,0,0,0,0,0,0,0,0,0,0
CLVR+236539bc+2023-06-20-03h-36m-50s,116,20103212,20655732,,1.0,1.0,1.0,0,0,0,0,0,0,0,0,0,25,0,25
CLVR+236539bc+2023-06-20-03h-47m-31s,108,20103212,20655732,,1.0,1.0,1.0,0,0,0,17,0,17,23,0,23,29,0,29
CLVR+236539bc+2023-06-20-04h-19m-27s,141,20103212,20655732,,1.0,1.0,1.0,22,0,22,24,0,24,27,0,27,31,19,31
CLVR+236539bc+2023-06-20-04h-20m-11s,118,20103212,20655732,,1.0,1.0,1.0,18,0,18,21,0,21,24,0,24,27,0,27
CLVR+236539bc+2023-06-20-04h-25m-14s,194,20103212,20655732,,1.0,1.0,1.0,18,18,16,22,22,19,29,29,21,44,44,25
CLVR+236539bc+2023-06-20-04h-26m-04s,195,20103212,20655732,,1.0,1.0,1.0,13,13,0,20,20,19,26,26,25,32,32,31
CLVR+236539bc+2023-06-25-04h-35m-11s,340,20103212,20655732,,1.0,1.0,1.0,19,0,19,42,42,22,47,47,43,64,64,47
CLVR+236539bc+2023-06-25-04h-46m-33s,93,20103212,20655732,,1.0,1.0,1.0,23,23,22,27,27,25,30,30,28,36,36,32
CLVR+236539bc+2023-06-25-04h-51m-51s,139,20103212,20655732,,1.0,1.0,1.0,27,24,27,31,29,31,39,39,37,48,48,43
CLVR+236539bc+2023-06-25-17h-27m-37s,364,20103212,20655732,,1.0,1.0,1.0,0,0,0,16,0,16,20,16,20,23,20,23
CLVR+236539bc+2023-06-25-17h-30m-33s,156,20103212,20655732,,1.0,1.0,0.8776978417266187,14,0,14,17,0,17,19,0,19,21,14,21
CLVR+236539bc+2023-06-25-17h-31m-26s,163,20103212,20655732,,1.0,1.0,0.9724137931034482,0,0,0,18,0,18,20,14,20,23,20,23
CLVR+236539bc+2023-06-25-17h-33m-47s,128,20103212,20655732,,1.0,1.0,1.0,0,0,0,0,0,0,21,0,21,27,20,27
CLVR+236539bc+2023-06-25-17h-34m-45s,139,20103212,20655732,,1.0,1.0,1.0,23,0,23,25,17,25,26,22,26,29,25,29
CLVR+236539bc+2023-06-25-17h-52m-04s,153,20103212,20655732,,1.0,1.0,0.8431372549019608,0,0,0,0,0,0,0,0,0,15,0,15
CLVR+236539bc+2023-06-25-18h-05m-13s,220,20103212,20655732,,1.0,1.0,1.0,0,0,0,0,0,0,18,18,0,23,23,18
CLVR+236539bc+2023-06-25-18h-05m-38s,89,20103212,20655732,,1.0,1.0,1.0,0,0,0,0,0,0,0,0,0,0,0,0
CLVR+236539bc+2023-06-25-18h-10m-23s,157,20103212,20655732,,1.0,1.0,1.0,0,0,0,0,0,0,17,0,17,21,15,21
CLVR+236539bc+2023-06-25-18h-13m-08s,106,20103212,20655732,,1.0,1.0,1.0,0,0,0,0,0,0,0,0,0,18,0,18
CLVR+236539bc+2023-06-25-18h-13m-22s,179,20103212,20655732,,1.0,1.0,1.0,0,0,0,0,0,0,12,0,12,23,17,23
CLVR+236539bc+2023-06-25-18h-14m-50s,154,20103212,20655732,,1.0,1.0,1.0,0,0,0,0,0,0,0,0,0,0,0,0
CLVR+236539bc+2023-06-25-18h-24m-07s,298,20103212,20655732,,1.0,1.0,0.9530201342281879,0,0,0,0,0,0,20,20,18,24,23,24
CLVR+236539bc+2023-06-25-18h-47m-26s,192,20103212,20655732,,1.0,1.0,0.828125,0,0,0,0,0,0,0,0,0,14,0,14
CLVR+236539bc+2023-06-25-18h-49m-54s,98,20103212,20655732,,1.0,1.0,1.0,0,0,0,0,0,0,0,0,0,20,0,20
CLVR+236539bc+2023-06-25-18h-51m-25s,336,20103212,20655732,,1.0,1.0,1.0,0,0,0,0,0,0,0,0,0,24,24,0
CLVR+236539bc+2023-06-25-18h-53m-33s,143,20103212,20655732,,1.0,1.0,1.0,0,0,0,0,0,0,0,0,0,16,0,16
CLVR+236539bc+2023-08-06-19h-27m-40s,197,20103212,20655732,,0.9814814814814815,1.0,0.3561643835616438,49,49,0,51,51,0,156,156,0,-1,-1,0
CLVR+236539bc+2023-08-06-19h-44m-31s,208,20103212,20655732,,0.09259259259259259,1.0,0.0,-1,-1,0,-1,-1,0,-1,-1,0,-1,-1,0
CLVR+236539bc+2023-08-06-20h-39m-47s,205,20103212,20655732,,1.0,1.0,1.0,21,21,0,23,23,0,27,27,16,36,36,24
CLVR+236539bc+2023-08-06-22h-27m-42s,204,20103212,20655732,,1.0,1.0,1.0,20,20,0,26,26,0,30,30,0,42,42,0
CLVR+236539bc+2023-08-06-22h-38m-05s,149,20103212,20655732,,1.0,1.0,1.0,0,0,0,0,0,0,0,0,0,0,0,0
CLVR+236539bc+2023-08-06-22h-44m-45s,153,20103212,20655732,,1.0,1.0,1.0,0,0,0,0,0,0,0,0,0,26,26,0
GuptaLab+553d1bd5+2023-04-20-12h-45m-08s,185,22246076,26638268,,1.0,1.0,1.0,0,0,0,0,0,0,0,0,0,0,0,0
GuptaLab+553d1bd5+2023-04-20-12h-56m-47s,251,22246076,26638268,,1.0,1.0,1.0,0,0,0,0,0,0,0,0,0,0,0,0
GuptaLab+553d1bd5+2023-04-20-13h-00m-56s,164,22246076,26638268,,1.0,1.0,1.0,0,0,0,0,0,0,0,0,0,0,0,0
GuptaLab+553d1bd5+2023-04-20-13h-08m-59s,178,22246076,26638268,,1.0,1.0,1.0,0,0,0,0,0,0,0,0,0,0,0,0
GuptaLab+553d1bd5+2023-04-20-13h-12m-56s,133,22246076,26638268,,1.0,1.0,1.0,0,0,0,0,0,0,0,0,0,0,0,0
GuptaLab+553d1bd5+2023-04-20-13h-13m-40s,150,22246076,26638268,,1.0,1.0,1.0,0,0,0,0,0,0,0,0,0,0,0,0
GuptaLab+553d1bd5+2023-04-20-13h-15m-01s,171,22246076,26638268,,1.0,1.0,1.0,0,0,0,0,0,0,0,0,0,0,0,0
GuptaLab+553d1bd5+2023-04-20-13h-16m-00s,145,22246076,26638268,,1.0,1.0,1.0,0,0,0,0,0,0,0,0,0,0,0,0
GuptaLab+553d1bd5+2023-04-20-14h-18m-53s,162,22246076,26638268,,1.0,1.0,1.0,0,0,0,0,0,0,0,0,0,0,0,0
GuptaLab+553d1bd5+2023-04-20-14h-22m-58s,191,22246076,26638268,,1.0,1.0,1.0,0,0,0,0,0,0,0,0,0,0,0,0
GuptaLab+553d1bd5+2023-04-20-14h-32m-32s,293,22246076,26638268,,1.0,1.0,1.0,0,0,0,0,0,0,0,0,0,0,0,0
GuptaLab+553d1bd5+2023-04-20-14h-38m-52s,163,22246076,26638268,,1.0,1.0,1.0,0,0,0,0,0,0,0,0,0,0,0,0
GuptaLab+553d1bd5+2023-04-20-14h-46m-15s,179,22246076,26638268,,1.0,1.0,1.0,0,0,0,0,0,0,0,0,0,0,0,0
GuptaLab+553d1bd5+2023-04-20-14h-49m-31s,180,22246076,26638268,,1.0,1.0,1.0,0,0,0,0,0,0,0,0,0,0,0,0
GuptaLab+553d1bd5+2023-04-20-14h-52m-45s,172,22246076,26638268,,1.0,1.0,1.0,0,0,0,0,0,0,0,0,0,0,0,0
GuptaLab+553d1bd5+2023-04-20-14h-55m-05s,143,22246076,26638268,,1.0,1.0,1.0,0,0,0,0,0,0,0,0,0,0,0,0
GuptaLab+553d1bd5+2023-04-20-14h-57m-42s,164,22246076,26638268,,1.0,1.0,1.0,0,0,0,0,0,0,0,0,0,0,0,0
GuptaLab+553d1bd5+2023-04-30-12h-41m-09s,113,22246076,26638268,,1.0,1.0,1.0,0,0,0,0,0,0,0,0,0,0,0,0
GuptaLab+553d1bd5+2023-04-30-12h-41m-53s,146,22246076,26638268,,1.0,1.0,1.0,0,0,0,0,0,0,0,0,0,0,0,0
GuptaLab+553d1bd5+2023-04-30-12h-42m-23s,202,22246076,26638268,,1.0,1.0,1.0,0,0,0,0,0,0,0,0,0,0,0,0
GuptaLab+553d1bd5+2023-04-30-12h-56m-54s,122,22246076,26638268,,1.0,1.0,1.0,0,0,0,0,0,0,0,0,0,0,0,0
GuptaLab+553d1bd5+2023-04-30-12h-59m-43s,123,22246076,26638268,,1.0,1.0,1.0,0,0,0,0,0,0,0,0,0,0,0,0
GuptaLab+553d1bd5+2023-04-30-13h-14m-39s,113,22246076,26638268,,1.0,1.0,1.0,0,0,0,0,0,0,0,0,0,0,0,0
GuptaLab+553d1bd5+2023-04-30-14h-24m-53s,187,22246076,26638268,,1.0,1.0,1.0,0,0,0,0,0,0,0,0,0,0,0,0
GuptaLab+553d1bd5+2023-04-30-14h-38m-12s,164,22246076,26638268,,1.0,1.0,1.0,0,0,0,0,0,0,0,0,0,0,0,0
GuptaLab+553d1bd5+2023-04-30-14h-40m-59s,204,22246076,26638268,,1.0,1.0,1.0,0,0,0,0,0,0,0,0,0,0,0,0
GuptaLab+553d1bd5+2023-04-30-14h-46m-15s,214,22246076,26638268,,1.0,1.0,1.0,0,0,0,0,0,0,0,0,0,0,0,0
GuptaLab+553d1bd5+2023-04-30-14h-50m-41s,287,22246076,26638268,,1.0,1.0,1.0,0,0,0,0,0,0,0,0,0,0,0,0
GuptaLab+553d1bd5+2023-04-30-14h-57m-19s,149,22246076,26638268,,1.0,1.0,1.0,0,0,0,0,0,0,0,0,0,0,0,0
GuptaLab+553d1bd5+2023-04-30-14h-58m-45s,142,22246076,26638268,,1.0,1.0,1.0,0,0,0,0,0,0,0,0,0,0,0,0
GuptaLab+553d1bd5+2023-04-30-14h-59m-15s,141,22246076,26638268,,1.0,1.0,1.0,0,0,0,0,0,0,0,0,0,0,0,0
GuptaLab+553d1bd5+2023-04-30-15h-04m-28s,125,22246076,26638268,,1.0,1.0,1.0,0,0,0,0,0,0,0,0,0,0,0,0
GuptaLab+553d1bd5+2023-04-30-15h-43m-36s,188,22246076,26638268,,1.0,1.0,1.0,0,0,0,0,0,0,0,0,0,0,0,0
GuptaLab+553d1bd5+2023-04-30-15h-46m-41s,290,22246076,26638268,,1.0,1.0,1.0,0,0,0,0,0,0,0,0,0,0,0,0
GuptaLab+553d1bd5+2023-04-30-16h-00m-24s,153,22246076,26638268,,1.0,1.0,1.0,0,0,0,0,0,0,0,0,0,0,0,0
GuptaLab+553d1bd5+2023-04-30-16h-10m-56s,149,22246076,26638268,,1.0,1.0,1.0,0,0,0,0,0,0,0,0,0,0,0,0
GuptaLab+553d1bd5+2023-04-30-16h-18m-25s,108,22246076,26638268,,1.0,1.0,1.0,0,0,0,0,0,0,0,0,0,0,0,0
GuptaLab+553d1bd5+2023-04-30-16h-27m-49s,127,22246076,26638268,,1.0,1.0,1.0,0,0,0,0,0,0,0,0,0,0,0,0
GuptaLab+553d1bd5+2023-04-30-17h-57m-30s,173,22246076,26638268,,1.0,1.0,1.0,0,0,0,0,0,0,0,0,0,0,0,0
GuptaLab+553d1bd5+2023-04-30-18h-01m-08s,181,22246076,26638268,,1.0,1.0,1.0,0,0,0,0,0,0,0,0,0,0,0,0
GuptaLab+553d1bd5+2023-04-30-18h-03m-40s,123,22246076,26638268,,1.0,1.0,1.0,0,0,0,0,0,0,0,0,0,0,0,0
GuptaLab+553d1bd5+2023-04-30-18h-04m-14s,126,22246076,26638268,,1.0,1.0,1.0,0,0,0,0,0,0,0,0,0,0,0,0
GuptaLab+553d1bd5+2023-04-30-18h-14m-48s,116,22246076,26638268,,1.0,1.0,1.0,0,0,0,0,0,0,0,0,0,0,0,0
GuptaLab+553d1bd5+2023-04-30-18h-28m-50s,138,22246076,26638268,,1.0,1.0,1.0,0,0,0,0,0,0,0,0,0,0,0,0
GuptaLab+553d1bd5+2023-04-30-18h-58m-50s,137,22246076,26638268,,1.0,1.0,1.0,0,0,0,0,0,0,0,0,0,0,0,0
GuptaLab+553d1bd5+2023-04-30-19h-11m-16s,177,22246076,26638268,,1.0,1.0,1.0,0,0,0,0,0,0,0,0,0,0,0,0
GuptaLab+553d1bd5+2023-04-30-19h-17m-10s,184,22246076,26638268,,1.0,1.0,1.0,0,0,0,0,0,0,0,0,0,0,0,0
GuptaLab+553d1bd5+2023-04-30-19h-27m-43s,135,22246076,26638268,,1.0,1.0,1.0,0,0,0,0,0,0,0,0,0,0,0,0
GuptaLab+553d1bd5+2023-04-30-19h-32m-09s,107,22246076,26638268,,1.0,1.0,1.0,0,0,0,0,0,0,0,0,0,0,0,0
GuptaLab+553d1bd5+2023-05-19-10h-51m-36s,102,22246076,26638268,,1.0,1.0,1.0,0,0,0,0,0,0,0,0,0,0,0,0
GuptaLab+553d1bd5+2023-05-19-10h-55m-09s,93,22246076,26638268,,1.0,1.0,1.0,0,0,0,0,0,0,0,0,0,0,0,0
GuptaLab+553d1bd5+2023-05-19-11h-06m-55s,103,22246076,26638268,,1.0,1.0,1.0,0,0,0,0,0,0,0,0,0,0,0,0
GuptaLab+553d1bd5+2023-05-28-15h-37m-38s,326,22246076,26638268,,1.0,1.0,1.0,0,0,0,0,0,0,0,0,0,0,0,0
GuptaLab+553d1bd5+2023-05-28-15h-38m-14s,307,22246076,26638268,,1.0,1.0,1.0,0,0,0,0,0,0,0,0,0,0,0,0
GuptaLab+553d1bd5+2023-05-28-15h-56m-14s,191,22246076,26638268,,1.0,1.0,1.0,0,0,0,0,0,0,23,23,0,31,31,0
GuptaLab+553d1bd5+2023-05-28-15h-59m-01s,196,22246076,26638268,,1.0,1.0,1.0,0,0,0,0,0,0,19,19,0,24,24,0
GuptaLab+553d1bd5+2023-05-28-16h-00m-17s,176,22246076,26638268,,1.0,1.0,1.0,0,0,0,0,0,0,0,0,0,27,27,0
GuptaLab+553d1bd5+2023-05-28-16h-17m-58s,311,22246076,26638268,,1.0,1.0,1.0,0,0,0,0,0,0,0,0,0,0,0,0
GuptaLab+553d1bd5+2023-05-28-16h-25m-17s,186,22246076,26638268,,1.0,1.0,1.0,0,0,0,0,0,0,0,0,0,0,0,0
GuptaLab+553d1bd5+2023-05-28-16h-33m-02s,162,22246076,26638268,,1.0,1.0,1.0,0,0,0,0,0,0,0,0,0,24,24,0
GuptaLab+553d1bd5+2023-05-28-16h-46m-39s,201,22246076,26638268,,1.0,1.0,1.0,0,0,0,0,0,0,0,0,0,0,0,0
GuptaLab+553d1bd5+2023-05-28-16h-52m-13s,196,22246076,26638268,,1.0,1.0,1.0,17,17,0,22,22,0,25,25,0,28,28,0
GuptaLab+553d1bd5+2023-05-28-16h-58m-59s,244,22246076,26638268,,1.0,1.0,1.0,0,0,0,0,0,0,0,0,0,0,0,0
GuptaLab+553d1bd5+2023-05-28-17h-04m-35s,401,22246076,26638268,,1.0,1.0,1.0,0,0,0,0,0,0,0,0,0,18,18,0
GuptaLab+553d1bd5+2023-05-28-17h-06m-33s,203,22246076,26638268,,1.0,1.0,1.0,0,0,0,0,0,0,0,0,0,15,15,0
GuptaLab+553d1bd5+2023-05-28-17h-13m-21s,138,22246076,26638268,,1.0,1.0,1.0,0,0,0,0,0,0,0,0,0,24,24,0
GuptaLab+553d1bd5+2023-05-28-17h-51m-54s,262,22246076,26638268,,1.0,1.0,1.0,0,0,0,0,0,0,0,0,0,0,0,0
GuptaLab+553d1bd5+2023-05-28-18h-13m-43s,159,22246076,26638268,,1.0,1.0,1.0,0,0,0,0,0,0,0,0,0,0,0,0
GuptaLab+553d1bd5+2023-06-18-16h-45m-57s,65,22246076,26638268,,1.0,1.0,1.0,0,0,0,0,0,0,0,0,0,0,0,0
GuptaLab+553d1bd5+2023-06-18-16h-46m-29s,96,22246076,26638268,,1.0,1.0,1.0,0,0,0,0,0,0,35,35,0,40,40,0
GuptaLab+553d1bd5+2023-06-18-16h-53m-13s,82,22246076,26638268,,1.0,1.0,1.0,30,30,0,34,34,0,37,37,0,43,43,0
GuptaLab+553d1bd5+2023-06-18-16h-53m-29s,95,22246076,26638268,,1.0,1.0,1.0,19,19,0,24,24,0,27,27,0,32,32,0
GuptaLab+553d1bd5+2023-06-18-17h-17m-33s,68,22246076,26638268,,1.0,1.0,1.0,0,0,0,0,0,0,0,0,0,26,26,0
GuptaLab+553d1bd5+2023-06-18-17h-18m-22s,79,22246076,26638268,,1.0,1.0,1.0,0,0,0,0,0,0,0,0,0,27,27,0
GuptaLab+553d1bd5+2023-06-18-17h-27m-15s,105,22246076,26638268,,1.0,1.0,1.0,0,0,0,0,0,0,0,0,0,25,25,0
GuptaLab+553d1bd5+2023-06-18-18h-00m-03s,76,22246076,26638268,,1.0,1.0,1.0,0,0,0,0,0,0,0,0,0,23,23,0
GuptaLab+553d1bd5+2023-06-18-18h-02m-29s,181,22246076,26638268,,1.0,1.0,1.0,0,0,0,0,0,0,0,0,0,0,0,0
GuptaLab+553d1bd5+2023-06-18-18h-13m-03s,90,22246076,26638268,,1.0,1.0,1.0,0,0,0,0,0,0,0,0,0,0,0,0
GuptaLab+553d1bd5+2023-06-18-18h-36m-24s,75,22246076,26638268,,1.0,1.0,1.0,0,0,0,0,0,0,12,12,0,21,21,0
GuptaLab+553d1bd5+2023-06-18-18h-36m-43s,226,22246076,26638268,,1.0,1.0,1.0,0,0,0,19,19,0,29,29,0,35,35,0
GuptaLab+553d1bd5+2023-06-18-18h-37m-39s,68,22246076,26638268,,1.0,1.0,1.0,0,0,0,0,0,0,16,16,0,36,36,0
GuptaLab+553d1bd5+2023-06-18-18h-37m-52s,64,22246076,26638268,,1.0,1.0,1.0,0,0,0,0,0,0,0,0,0,0,0,0
GuptaLab+553d1bd5+2023-06-18-18h-44m-05s,85,22246076,26638268,,1.0,1.0,1.0,0,0,0,0,0,0,16,16,0,24,24,0
GuptaLab+553d1bd5+2023-06-18-18h-44m-24s,71,22246076,26638268,,1.0,1.0,1.0,0,0,0,0,0,0,15,15,0,21,21,0
GuptaLab+553d1bd5+2023-06-18-18h-44m-39s,65,22246076,26638268,,1.0,1.0,1.0,0,0,0,0,0,0,0,0,0,0,0,0
GuptaLab+553d1bd5+2023-06-18-18h-54m-02s,76,22246076,26638268,,1.0,1.0,1.0,0,0,0,0,0,0,17,17,0,23,23,0
GuptaLab+553d1bd5+2023-06-18-18h-54m-30s,69,22246076,26638268,,1.0,1.0,1.0,0,0,0,0,0,0,0,0,0,0,0,0
GuptaLab+553d1bd5+2023-06-18-18h-55m-42s,70,22246076,26638268,,1.0,1.0,1.0,0,0,0,0,0,0,0,0,0,17,17,0
GuptaLab+553d1bd5+2023-06-18-18h-55m-56s,78,22246076,26638268,,1.0,1.0,1.0,0,0,0,0,0,0,0,0,0,0,0,0
GuptaLab+553d1bd5+2023-06-18-18h-56m-48s,97,22246076,26638268,,1.0,1.0,1.0,0,0,0,0,0,0,29,29,0,34,34,0
GuptaLab+553d1bd5+2023-06-18-19h-48m-56s,71,22246076,26638268,,1.0,1.0,1.0,0,0,0,0,0,0,0,0,0,0,0,0
GuptaLab+553d1bd5+2023-06-18-19h-50m-37s,130,22246076,26638268,,1.0,1.0,1.0,0,0,0,0,0,0,0,0,0,31,31,0
GuptaLab+553d1bd5+2023-06-18-19h-53m-43s,118,22246076,26638268,,1.0,1.0,1.0,0,0,0,0,0,0,0,0,0,0,0,0
GuptaLab+553d1bd5+2023-06-18-19h-55m-48s,95,22246076,26638268,,1.0,1.0,1.0,0,0,0,0,0,0,0,0,0,23,23,0
GuptaLab+553d1bd5+2023-06-18-20h-18m-58s,97,22246076,26638268,,1.0,1.0,1.0,0,0,0,0,0,0,0,0,0,0,0,0
GuptaLab+553d1bd5+2023-06-18-21h-02m-22s,170,22246076,26638268,,1.0,1.0,1.0,0,0,0,0,0,0,0,0,0,21,21,0
GuptaLab+553d1bd5+2023-06-18-21h-04m-13s,113,22246076,26638268,,1.0,1.0,1.0,0,0,0,29,29,0,37,37,0,45,45,0
GuptaLab+553d1bd5+2023-06-18-21h-07m-50s,93,22246076,26638268,,1.0,1.0,1.0,0,0,0,0,0,0,0,0,0,21,21,0
GuptaLab+553d1bd5+2023-06-18-21h-08m-11s,100,22246076,26638268,,1.0,1.0,1.0,0,0,0,20,20,0,24,24,0,30,30,0
GuptaLab+553d1bd5+2023-06-18-21h-11m-30s,91,22246076,26638268,,1.0,1.0,1.0,0,0,0,0,0,0,0,0,0,31,31,0
GuptaLab+553d1bd5+2023-06-18-21h-13m-40s,94,22246076,26638268,,1.0,1.0,1.0,0,0,0,0,0,0,9,9,0,16,16,0
GuptaLab+553d1bd5+2023-06-18-21h-19m-42s,84,22246076,26638268,,1.0,1.0,1.0,0,0,0,0,0,0,0,0,0,16,16,0
GuptaLab+553d1bd5+2023-06-18-21h-20m-42s,75,22246076,26638268,,1.0,1.0,1.0,0,0,0,0,0,0,0,0,0,0,0,0
GuptaLab+553d1bd5+2023-06-18-21h-23m-16s,192,22246076,26638268,,1.0,1.0,1.0,0,0,0,0,0,0,0,0,0,26,26,0
GuptaLab+553d1bd5+2023-06-18-21h-28m-57s,144,22246076,26638268,,1.0,1.0,1.0,0,0,0,0,0,0,1,1,0,18,18,0
GuptaLab+553d1bd5+2023-06-18-21h-47m-29s,62,22246076,26638268,,1.0,1.0,1.0,0,0,0,0,0,0,0,0,0,2,2,0
GuptaLab+553d1bd5+2023-06-18-21h-50m-33s,118,22246076,26638268,,1.0,1.0,1.0,0,0,0,0,0,0,0,0,0,19,19,0
ILIAD+50aee79f+2023-07-12-21h-10m-53s,502,23897859,27904255,,1.0,1.0,1.0,88,70,88,91,84,91,103,89,103,109,92,109
ILIAD+50aee79f+2023-08-15-22h-47m-28s,418,23897859,27904255,,1.0,1.0,1.0,46,46,0,67,67,0,73,73,28,92,92,54
ILIAD+50aee79f+2023-08-15-23h-14m-07s,286,23897859,27904255,,1.0,1.0,1.0,0,0,0,10,10,0,16,16,0,34,34,0
ILIAD+50aee79f+2023-08-15-23h-31m-50s,267,23897859,27904255,,1.0,1.0,1.0,51,51,0,65,65,23,82,82,48,95,95,55
ILIAD+50aee79f+2023-08-15-23h-43m-26s,449,23897859,27904255,,1.0,1.0,1.0,76,76,0,92,92,51,99,99,75,142,142,92
ILIAD+50aee79f+2023-08-17-15h-08m-06s,121,23897859,27904255,,1.0,1.0,1.0,18,18,0,29,29,0,33,33,15,36,36,27
ILIAD+50aee79f+2023-08-17-15h-32m-21s,430,23897859,27904255,,1.0,1.0,1.0,13,13,0,20,20,0,25,25,10,37,37,16
ILIAD+50aee79f+2023-08-17-19h-27m-06s,193,23897859,27904255,,1.0,1.0,1.0,48,48,0,69,69,24,77,77,45,91,91,63
ILIAD+50aee79f+2023-08-17-21h-04m-24s,372,23897859,27904255,,1.0,1.0,1.0,25,25,7,28,28,13,44,44,22,48,48,27
ILIAD+50aee79f+2023-08-19-11h-09m-48s,267,23897859,27904255,,1.0,1.0,0.7909604519774012,86,86,63,90,90,75,93,93,78,113,113,90
ILIAD+50aee79f+2023-08-19-11h-18m-42s,225,23897859,27904255,,0.9814814814814815,1.0,0.5238095238095238,6,6,6,15,15,9,122,122,13,-1,-1,26
ILIAD+50aee79f+2023-08-19-11h-23m-10s,245,23897859,27904255,,1.0,1.0,0.7794117647058824,79,79,18,109,109,35,190,190,61,197,197,76
ILIAD+50aee79f+2023-08-20-10h-51m-32s,395,23897859,27904255,,1.0,1.0,1.0,0,0,0,20,20,17,30,30,22,38,38,31
ILIAD+50aee79f+2023-08-20-11h-02m-04s,262,23897859,27904255,,1.0,1.0,1.0,35,34,22,39,38,39,42,42,42,48,47,48
ILIAD+50aee79f+2023-08-20-11h-03m-01s,469,23897859,27904255,,1.0,1.0,1.0,23,13,23,25,22,25,28,27,28,46,31,46
ILIAD+50aee79f+2023-08-20-11h-15m-17s,389,23897859,27904255,,1.0,1.0,1.0,0,0,0,20,20,0,27,27,21,51,51,24
ILIAD+50aee79f+2023-08-20-11h-35m-55s,294,23897859,27904255,,1.0,1.0,0.9469387755102041,40,40,23,49,49,34,55,55,40,75,75,48
ILIAD+50aee79f+2023-08-20-11h-46m-04s,281,23897859,27904255,,1.0,1.0,1.0,21,21,19,32,32,21,38,38,25,43,43,36
ILIAD+50aee79f+2023-08-20-11h-57m-59s,260,23897859,27904255,,1.0,1.0,1.0,28,28,23,32,32,29,36,36,32,58,58,36
ILIAD+50aee79f+2023-08-20-12h-14m-06s,158,23897859,27904255,,1.0,1.0,1.0,15,15,13,17,17,15,21,21,17,30,30,20
ILIAD+50aee79f+2023-08-20-12h-14m-30s,271,23897859,27904255,,1.0,1.0,1.0,18,18,0,21,21,19,25,25,22,39,39,26
ILIAD+50aee79f+2023-08-26-20h-57m-35s,493,23897859,27904255,,1.0,1.0,1.0,105,105,60,111,111,64,126,126,76,131,131,93
ILIAD+50aee79f+2023-08-27-22h-59m-00s,119,23897859,27904255,,1.0,1.0,1.0,85,85,62,88,88,66,91,91,69,98,98,82
ILIAD+50aee79f+2023-08-29-20h-08m-00s,275,23897859,27904255,,1.0,1.0,1.0,74,74,46,78,78,50,83,83,57,97,97,74
ILIAD+50aee79f+2023-09-01-23h-14m-14s,313,23897859,27904255,,1.0,1.0,1.0,23,23,22,34,34,31,69,69,38,79,79,70
ILIAD+50aee79f+2023-09-02-00h-09m-55s,239,23897859,27904255,,1.0,1.0,1.0,18,18,16,24,24,22,42,41,42,51,51,51
ILIAD+50aee79f+2023-09-02-20h-04m-55s,735,23897859,27904255,,1.0,1.0,1.0,117,117,115,145,145,130,172,172,148,189,189,171
ILIAD+50aee79f+2023-09-02-20h-15m-57s,604,23897859,27904255,,1.0,1.0,0.9719298245614035,14,14,12,34,34,33,63,63,52,79,79,68
ILIAD+50aee79f+2023-09-02-20h-38m-50s,628,23897859,27904255,,1.0,1.0,1.0,10,10,0,29,29,17,61,61,30,72,72,40
ILIAD+50aee79f+2023-09-02-21h-29m-26s,305,23897859,27904255,,1.0,1.0,1.0,0,0,0,22,22,17,35,35,25,55,55,36
ILIAD+50aee79f+2023-09-03-20h-53m-38s,377,23897859,27904255,,1.0,1.0,0.7482993197278912,75,71,75,83,81,83,88,88,88,93,92,93
ILIAD+5e938e3b+2023-07-17-11h-21m-46s,333,23897859,27904255,,1.0,1.0,0.8738738738738738,0,0,0,0,0,0,0,0,0,71,71,0
ILIAD+5e938e3b+2023-07-17-11h-31m-36s,268,23897859,27904255,,1.0,1.0,0.8694029850746269,0,0,0,0,0,0,0,0,0,76,76,0
ILIAD+5e938e3b+2023-07-17-11h-51m-13s,234,23897859,27904255,,1.0,1.0,1.0,0,0,0,0,0,0,0,0,0,70,70,0
ILIAD+5e938e3b+2023-07-18-13h-01m-22s,176,23897859,27904255,,1.0,1.0,0.5909090909090909,0,0,0,0,0,0,0,0,0,7,0,7
ILIAD+5e938e3b+2023-07-18-13h-20m-37s,287,23897859,27904255,,1.0,1.0,0.9128919860627178,0,0,0,0,0,0,0,0,0,12,0,12
ILIAD+5e938e3b+2023-07-19-11h-56m-36s,689,23897859,27904255,,1.0,1.0,0.6226415094339622,0,0,0,0,0,0,0,0,0,0,0,0
ILIAD+5e938e3b+2023-07-19-12h-56m-56s,140,23897859,27904255,,1.0,1.0,0.36428571428571427,0,0,0,0,0,0,0,0,0,0,0,0
ILIAD+5e938e3b+2023-07-19-13h-15m-57s,247,23897859,27904255,,1.0,1.0,1.0,0,0,0,0,0,0,0,0,0,0,0,0
ILIAD+5e938e3b+2023-07-19-13h-39m-49s,135,23897859,27904255,,0.7222222222222222,1.0,0.9010989010989011,27,27,0,44,44,0,-1,-1,0,-1,-1,0
ILIAD+5e938e3b+2023-07-19-13h-40m-32s,177,23897859,27904255,,1.0,1.0,1.0,51,51,0,56,56,0,69,69,0,82,82,0
ILIAD+5e938e3b+2023-07-19-13h-52m-00s,137,23897859,27904255,,0.7222222222222222,1.0,0.6715328467153284,0,0,0,0,0,0,-1,-1,0,-1,-1,0
ILIAD+5e938e3b+2023-07-19-17h-54m-22s,199,23897859,27904255,,1.0,1.0,0.4824120603015075,0,0,0,0,0,0,81,81,0,87,87,0
ILIAD+5e938e3b+2023-07-19-17h-58m-50s,273,23897859,27904255,,1.0,1.0,0.9377289377289377,0,0,0,0,0,0,26,26,0,54,54,0
ILIAD+5e938e3b+2023-07-19-18h-08m-59s,195,23897859,27904255,,1.0,1.0,0.8354430379746836,32,32,0,37,37,0,51,51,0,58,58,0
ILIAD+5e938e3b+2023-07-19-18h-13m-07s,311,23897859,27904255,,0.7407407407407407,1.0,0.3890675241157556,0,0,0,0,0,0,-1,-1,0,-1,-1,0
ILIAD+5e938e3b+2023-07-19-18h-15m-33s,135,23897859,27904255,,1.0,1.0,0.8048780487804879,39,39,0,53,53,0,55,55,0,58,58,0
ILIAD+5e938e3b+2023-07-19-19h-29m-10s,130,23897859,27904255,,0.5925925925925926,1.0,0.5555555555555556,69,69,0,85,85,0,-1,-1,0,-1,-1,0
ILIAD+5e938e3b+2023-07-19-19h-29m-30s,262,23897859,27904255,,1.0,1.0,0.4351145038167939,0,0,0,0,0,0,65,65,0,82,82,0
ILIAD+5e938e3b+2023-07-19-19h-31m-31s,539,23897859,27904255,,1.0,1.0,0.5120593692022264,0,0,0,0,0,0,166,166,0,170,170,0
ILIAD+5e938e3b+2023-07-19-19h-35m-58s,230,23897859,27904255,,0.7222222222222222,1.0,0.15217391304347827,0,0,0,0,0,0,-1,-1,0,-1,-1,0
ILIAD+5e938e3b+2023-07-19-19h-40m-43s,83,23897859,27904255,,0.8888888888888888,1.0,0.8,34,34,0,38,38,0,50,50,0,-1,-1,0
ILIAD+5e938e3b+2023-07-19-19h-43m-13s,349,23897859,27904255,,1.0,1.0,0.9297658862876255,47,47,0,50,50,0,53,53,0,157,157,0
ILIAD+5e938e3b+2023-07-19-19h-46m-15s,197,23897859,27904255,,0.9814814814814815,1.0,0.6756756756756757,38,38,0,49,49,0,54,54,0,-1,-1,0
ILIAD+5e938e3b+2023-07-19-19h-57m-53s,293,23897859,27904255,,0.5925925925925926,1.0,0.3067226890756303,49,49,0,55,55,0,-1,-1,0,-1,-1,0
ILIAD+5e938e3b+2023-07-19-20h-03m-27s,1082,23897859,27904255,,1.0,1.0,0.45286506469500926,0,0,0,0,0,0,149,149,0,152,152,0
ILIAD+5e938e3b+2023-07-19-20h-24m-49s,347,23897859,27904255,,1.0,1.0,0.5859649122807018,58,58,0,62,62,0,167,167,0,205,205,0
ILIAD+5e938e3b+2023-07-19-20h-34m-04s,187,23897859,27904255,,0.7777777777777778,1.0,0.08,9,9,0,12,12,0,16,16,0,-1,-1,0
ILIAD+5e938e3b+2023-07-19-20h-37m-36s,152,23897859,27904255,,0.7407407407407407,1.0,0.9139784946236559,50,50,0,59,59,0,-1,-1,0,-1,-1,0
ILIAD+5e938e3b+2023-07-19-20h-41m-49s,120,23897859,27904255,,1.0,1.0,0.7666666666666667,0,0,0,0,0,0,47,47,0,57,57,0
ILIAD+5e938e3b+2023-07-19-20h-56m-25s,170,23897859,27904255,,1.0,1.0,0.6136363636363636,33,33,0,38,38,0,50,50,0,53,53,0
ILIAD+5e938e3b+2023-07-20-10h-30m-56s,1034,23897859,27904255,,1.0,1.0,0.9386562804284323,0,0,0,7,7,0,11,11,0,14,14,0
ILIAD+5e938e3b+2023-07-20-10h-35m-53s,147,23897859,27904255,,1.0,1.0,0.7596899224806202,17,17,0,18,18,0,21,21,0,30,30,0
ILIAD+5e938e3b+2023-07-20-10h-42m-16s,182,23897859,27904255,,1.0,1.0,0.7784431137724551,13,13,0,15,15,0,25,25,0,29,29,0
ILIAD+5e938e3b+2023-07-20-10h-43m-02s,248,23897859,27904255,,1.0,1.0,1.0,0,0,0,8,8,0,10,10,0,14,14,0
ILIAD+5e938e3b+2023-07-20-10h-43m-29s,192,23897859,27904255,,1.0,1.0,0.9465648854961832,55,55,0,61,61,0,74,74,0,90,90,0
ILIAD+5e938e3b+2023-07-20-11h-50m-51s,120,23897859,27904255,,1.0,1.0,1.0,11,11,0,13,13,0,15,15,0,18,18,0
ILIAD+5e938e3b+2023-07-20-11h-53m-46s,136,23897859,27904255,,1.0,1.0,1.0,21,21,0,23,23,0,26,26,0,27,27,0
ILIAD+5e938e3b+2023-07-20-11h-56m-28s,565,23897859,27904255,,1.0,1.0,0.871841155234657,0,0,0,11,11,0,14,14,0,16,16,0
ILIAD+5e938e3b+2023-07-20-12h-24m-32s,227,23897859,27904255,,1.0,1.0,0.984375,25,25,0,35,35,0,49,49,0,51,51,0
ILIAD+5e938e3b+2023-07-20-12h-28m-58s,365,23897859,27904255,,1.0,1.0,0.8514285714285714,12,12,0,15,15,0,27,27,0,29,29,0
ILIAD+5e938e3b+2023-07-20-12h-34m-18s,290,23897859,27904255,,1.0,1.0,1.0,22,22,0,24,24,0,27,27,0,36,36,0
ILIAD+5e938e3b+2023-07-20-12h-37m-16s,155,23897859,27904255,,0.8888888888888888,1.0,0.6739130434782609,51,51,0,63,63,0,76,76,0,-1,-1,0
ILIAD+5e938e3b+2023-07-20-12h-43m-49s,258,23897859,27904255,,1.0,1.0,1.0,18,18,0,30,30,0,32,32,0,34,34,0
ILIAD+5e938e3b+2023-07-20-12h-48m-15s,642,23897859,27904255,,1.0,1.0,0.8296178343949044,11,11,0,14,14,0,17,17,0,21,21,0
ILIAD+5e938e3b+2023-07-20-14h-10m-10s,184,23897859,27904255,,1.0,1.0,0.9943181818181818,6,6,0,8,8,0,10,10,0,12,12,0
ILIAD+5e938e3b+2023-07-20-14h-29m-48s,210,23897859,27904255,,1.0,1.0,0.9608938547486033,28,28,0,31,31,0,42,42,0,77,77,0
ILIAD+5e938e3b+2023-07-20-14h-32m-24s,421,23897859,27904255,,1.0,1.0,1.0,0,0,0,16,16,0,20,20,0,29,29,0
ILIAD+5e938e3b+2023-07-21-09h-40m-43s,193,23897859,27904255,,1.0,1.0,1.0,5,5,0,7,7,0,10,10,0,12,12,0
ILIAD+5e938e3b+2023-07-21-22h-16m-04s,148,23897859,27904255,,1.0,1.0,0.7837837837837838,0,0,0,0,0,0,53,53,43,63,63,53
ILIAD+5e938e3b+2023-07-27-22h-49m-38s,292,23897859,27904255,,1.0,1.0,1.0,0,0,0,0,0,0,0,0,0,0,0,0
ILIAD+5e938e3b+2023-07-27-23h-23m-02s,318,23897859,27904255,,1.0,1.0,0.5377358490566038,0,0,0,0,0,0,0,0,0,0,0,0
ILIAD+5e938e3b+2023-07-27-23h-31m-22s,272,23897859,27904255,,1.0,1.0,0.8639705882352942,0,0,0,0,0,0,0,0,0,12,0,12
ILIAD+5e938e3b+2023-07-28-10h-27m-15s,446,23897859,27904255,,1.0,1.0,0.9663677130044843,0,0,0,0,0,0,0,0,0,0,0,0
ILIAD+5e938e3b+2023-07-28-10h-41m-54s,460,23897859,27904255,,1.0,1.0,1.0,0,0,0,0,0,0,0,0,0,0,0,0
ILIAD+5e938e3b+2023-07-28-10h-44m-04s,274,23897859,27904255,,1.0,1.0,0.9562043795620438,0,0,0,0,0,0,0,0,0,0,0,0
ILIAD+5e938e3b+2023-07-28-10h-49m-28s,155,23897859,27904255,,1.0,1.0,0.8258064516129032,0,0,0,0,0,0,0,0,0,0,0,0
ILIAD+5e938e3b+2023-07-28-11h-21m-45s,378,23897859,27904255,,1.0,1.0,1.0,0,0,0,0,0,0,0,0,0,21,0,21
ILIAD+5e938e3b+2023-07-29-20h-45m-56s,574,23897859,27904255,,1.0,1.0,0.2659380692167577,12,12,0,25,25,0,28,28,0,44,44,14
ILIAD+5e938e3b+2023-07-29-20h-53m-58s,114,23897859,27904255,,1.0,1.0,1.0,0,0,0,0,0,0,8,8,0,18,18,0
ILIAD+7ae1bcff+2023-05-12-16h-44m-32s,1619,23897859,27904255,,1.0,1.0,0.9882643607164917,0,0,0,0,0,0,20,0,20,240,25,240
ILIAD+7ae1bcff+2023-05-12-17h-36m-34s,370,23897859,27904255,,1.0,1.0,0.8263888888888888,44,0,44,82,0,82,128,125,128,-1,147,302
ILIAD+7ae1bcff+2023-05-19-12h-18m-06s,274,23897859,27904255,,1.0,1.0,1.0,82,0,82,116,0,116,134,0,134,232,0,232
ILIAD+7ae1bcff+2023-05-19-12h-55m-57s,409,23897859,27904255,,1.0,1.0,1.0,23,0,23,41,0,41,95,0,95,102,0,102
ILIAD+7ae1bcff+2023-05-22-17h-14m-25s,210,23897859,27904255,,1.0,1.0,1.0,31,24,31,74,33,74,83,55,83,104,79,104
ILIAD+7ae1bcff+2023-05-23-19h-10m-01s,375,23897859,27904255,,1.0,1.0,1.0,0,0,0,31,0,31,73,0,73,108,0,108
ILIAD+7ae1bcff+2023-05-23-19h-18m-52s,326,23897859,27904255,,1.0,1.0,1.0,82,0,82,88,0,88,117,20,117,125,28,125
ILIAD+7ae1bcff+2023-05-23-19h-25m-22s,369,23897859,27904255,,1.0,1.0,0.7529880478087649,86,0,86,118,0,118,149,0,149,320,45,320
ILIAD+7ae1bcff+2023-05-24-18h-47m-07s,348,23897859,27904255,,1.0,0.2037037037037037,0.0,-1,0,-1,-1,0,-1,-1,77,-1,-1,106,-1
ILIAD+7ae1bcff+2023-05-24-19h-01m-26s,421,23897859,27904255,,1.0,1.0,0.8085106382978723,0,0,0,92,0,92,112,0,112,115,0,115
ILIAD+7ae1bcff+2023-05-24-19h-03m-14s,318,23897859,27904255,,1.0,1.0,0.863013698630137,82,0,82,99,0,99,104,0,104,108,57,108
ILIAD+7ae1bcff+2023-05-24-19h-07m-50s,245,23897859,27904255,,1.0,0.7777777777777778,0.8571428571428571,67,0,67,84,0,84,100,20,100,-1,41,-1
ILIAD+7ae1bcff+2023-05-25-19h-20m-45s,213,23897859,27904255,,1.0,1.0,1.0,16,16,0,37,37,31,56,56,51,61,61,56
ILIAD+7ae1bcff+2023-05-26-17h-55m-04s,338,23897859,27904255,,1.0,1.0,1.0,0,0,0,0,0,0,195,195,0,218,218,0
ILIAD+7ae1bcff+2023-05-29-19h-46m-07s,183,23897859,27904255,,1.0,1.0,1.0,35,35,0,57,57,0,113,113,6,142,142,32
ILIAD+7ae1bcff+2023-05-29-20h-20m-04s,386,23897859,27904255,,1.0,1.0,1.0,35,35,0,38,38,0,41,41,37,106,106,40
ILIAD+7ae1bcff+2023-05-30-16h-45m-45s,387,23897859,27904255,,1.0,1.0,0.9457364341085271,0,0,0,0,0,0,0,0,0,0,0,0
ILIAD+7ae1bcff+2023-05-30-17h-00m-22s,200,23897859,27904255,,1.0,1.0,1.0,0,0,0,0,0,0,0,0,0,0,0,0
ILIAD+7ae1bcff+2023-05-30-18h-44m-47s,410,23897859,27904255,,1.0,1.0,0.5317073170731708,0,0,0,0,0,0,0,0,0,0,0,0
ILIAD+7ae1bcff+2023-05-30-18h-48m-16s,372,23897859,27904255,,1.0,1.0,0.12096774193548387,0,0,0,0,0,0,0,0,0,0,0,0
ILIAD+7ae1bcff+2023-05-30-19h-18m-22s,433,23897859,27904255,,1.0,1.0,1.0,0,0,0,0,0,0,0,0,0,11,11,11
ILIAD+7ae1bcff+2023-05-30-19h-19m-25s,211,23897859,27904255,,1.0,1.0,1.0,0,0,0,0,0,0,0,0,0,8,8,8
ILIAD+7ae1bcff+2023-05-30-19h-29m-43s,184,23897859,27904255,,1.0,1.0,1.0,0,0,0,0,0,0,0,0,0,0,0,0
ILIAD+7ae1bcff+2023-05-30-19h-48m-30s,142,23897859,27904255,,1.0,1.0,1.0,0,0,0,0,0,0,0,0,0,0,0,0
ILIAD+7ae1bcff+2023-05-31-17h-49m-48s,200,23897859,27904255,,1.0,1.0,1.0,0,0,0,0,0,0,0,0,0,0,0,0
ILIAD+7ae1bcff+2023-05-31-17h-51m-50s,326,23897859,27904255,,1.0,1.0,0.8466257668711656,0,0,0,0,0,0,0,0,0,0,0,0
ILIAD+7ae1bcff+2023-05-31-17h-56m-05s,185,23897859,27904255,,1.0,1.0,0.9675675675675676,0,0,0,0,0,0,0,0,0,9,9,8
ILIAD+7ae1bcff+2023-05-31-18h-15m-27s,401,23897859,27904255,,1.0,1.0,1.0,0,0,0,0,0,0,0,0,0,0,0,0
ILIAD+7ae1bcff+2023-05-31-19h-24m-49s,288,23897859,27904255,,1.0,1.0,1.0,0,0,0,0,0,0,37,37,0,49,49,47
ILIAD+7ae1bcff+2023-06-03-18h-51m-01s,374,23897859,27904255,,1.0,1.0,1.0,38,38,0,42,42,0,60,60,0,62,62,15
ILIAD+7ae1bcff+2023-06-03-19h-05m-51s,252,23897859,27904255,,1.0,1.0,1.0,0,0,0,0,0,0,63,63,0,83,83,0
ILIAD+7ae1bcff+2023-06-04-18h-46m-27s,458,23897859,27904255,,1.0,1.0,1.0,0,0,0,8,8,0,13,13,0,78,78,14
ILIAD+7ae1bcff+2023-06-04-19h-59m-28s,169,23897859,27904255,,1.0,1.0,0.7763157894736842,11,11,0,17,17,0,21,21,19,24,24,21
ILIAD+7ae1bcff+2023-06-04-20h-00m-59s,151,23897859,27904255,,1.0,1.0,1.0,24,24,0,29,29,0,45,45,27,49,49,31
ILIAD+7ae1bcff+2023-06-04-20h-19m-40s,218,23897859,27904255,,1.0,1.0,1.0,0,0,0,14,14,0,20,20,14,45,45,19
ILIAD+7ae1bcff+2023-06-04-20h-25m-47s,398,23897859,27904255,,1.0,1.0,1.0,0,0,0,0,0,0,33,33,0,38,38,0
ILIAD+7ae1bcff+2023-06-04-20h-38m-36s,229,23897859,27904255,,1.0,1.0,1.0,47,0,47,73,16,73,80,20,80,93,41,93
ILIAD+j807b3f8+2023-04-19-16h-49m-15s,960,23897859,27904255,,1.0,1.0,1.0,26,0,26,30,0,30,36,0,36,56,24,56
ILIAD+j807b3f8+2023-04-19-17h-01m-03s,425,23897859,27904255,,1.0,1.0,0.8705882352941177,0,0,0,0,0,0,69,0,69,79,0,79
ILIAD+j807b3f8+2023-04-19-17h-01m-57s,376,23897859,27904255,,1.0,1.0,1.0,0,0,0,0,0,0,13,0,13,22,0,22
ILIAD+j807b3f8+2023-04-19-17h-10m-49s,370,23897859,27904255,,1.0,1.0,1.0,53,0,53,57,0,57,61,0,61,67,0,67
ILIAD+j807b3f8+2023-05-11-16h-56m-10s,203,23897859,27904255,,1.0,1.0,0.9252873563218391,25,25,24,29,29,27,32,32,32,36,36,36
ILIAD+j807b3f8+2023-05-11-17h-34m-39s,328,23897859,27904255,,1.0,1.0,1.0,0,0,0,13,13,0,15,15,0,19,19,0
ILIAD+j807b3f8+2023-05-11-17h-36m-49s,208,23897859,27904255,,1.0,1.0,1.0,21,21,0,26,26,0,32,32,0,35,35,0
ILIAD+j807b3f8+2023-05-11-17h-40m-08s,338,23897859,27904255,,1.0,1.0,1.0,65,65,0,67,67,0,70,70,0,74,74,0
ILIAD+j807b3f8+2023-05-11-17h-55m-19s,215,23897859,27904255,,1.0,1.0,1.0,0,0,0,0,0,0,0,0,0,12,12,0
ILIAD+j807b3f8+2023-05-11-17h-55m-46s,293,23897859,27904255,,1.0,1.0,1.0,0,0,0,36,36,0,46,46,42,48,48,46
ILIAD+j807b3f8+2023-06-11-14h-56m-46s,360,23897859,27904255,,1.0,1.0,0.1394658753709199,0,0,0,23,0,23,330,0,330,352,0,352
ILIAD+j807b3f8+2023-06-11-15h-21m-07s,453,23897859,27904255,,1.0,1.0,0.9801324503311258,0,0,0,0,0,0,0,0,0,0,0,0
ILIAD+j807b3f8+2023-06-11-15h-23m-00s,347,23897859,27904255,,1.0,1.0,1.0,0,0,0,0,0,0,0,0,0,18,18,0
ILIAD+j807b3f8+2023-06-11-15h-59m-47s,526,23897859,27904255,,1.0,1.0,1.0,0,0,0,0,0,0,0,0,0,0,0,0
ILIAD+j807b3f8+2023-06-11-16h-15m-56s,292,23897859,27904255,,1.0,1.0,1.0,0,0,0,0,0,0,0,0,0,0,0,0
ILIAD+j807b3f8+2023-06-11-16h-39m-07s,548,23897859,27904255,,1.0,1.0,1.0,0,0,0,0,0,0,0,0,0,0,0,0
ILIAD+j807b3f8+2023-06-11-16h-41m-00s,388,23897859,27904255,,1.0,1.0,1.0,0,0,0,0,0,0,0,0,0,0,0,0
ILIAD+j807b3f8+2023-06-11-17h-19m-09s,426,23897859,27904255,,1.0,1.0,1.0,0,0,0,0,0,0,0,0,0,0,0,0
ILIAD+j807b3f8+2023-06-11-17h-23m-53s,432,23897859,27904255,,1.0,1.0,1.0,0,0,0,0,0,0,0,0,0,0,0,0
ILIAD+j807b3f8+2023-06-11-17h-34m-34s,597,23897859,27904255,,1.0,1.0,1.0,0,0,0,0,0,0,0,0,0,0,0,0
ILIAD+j807b3f8+2023-06-12-18h-31m-10s,340,23897859,27904255,,1.0,1.0,1.0,0,0,0,0,0,0,0,0,0,0,0,0
ILIAD+j807b3f8+2023-06-12-18h-32m-21s,314,23897859,27904255,,1.0,1.0,1.0,0,0,0,0,0,0,0,0,0,13,13,0
ILIAD+j807b3f8+2023-06-12-18h-41m-54s,416,23897859,27904255,,1.0,1.0,1.0,0,0,0,0,0,0,0,0,0,71,71,0
ILIAD+j807b3f8+2023-06-12-18h-44m-46s,548,23897859,27904255,,1.0,1.0,1.0,0,0,0,0,0,0,0,0,0,0,0,0
ILIAD+j807b3f8+2023-06-12-19h-31m-05s,453,23897859,27904255,,1.0,1.0,1.0,0,0,0,0,0,0,28,28,0,34,34,23
ILIAD+j807b3f8+2023-06-12-19h-43m-07s,327,23897859,27904255,,1.0,1.0,1.0,0,0,0,0,0,0,18,18,0,27,27,0
ILIAD+j807b3f8+2023-06-12-19h-43m-41s,291,23897859,27904255,,1.0,1.0,1.0,36,36,0,39,39,0,42,42,34,57,57,38
ILIAD+j807b3f8+2023-06-12-19h-51m-00s,480,23897859,27904255,,1.0,1.0,1.0,0,0,0,0,0,0,22,22,0,27,27,0
ILIAD+j807b3f8+2023-06-12-19h-51m-43s,421,23897859,27904255,,1.0,1.0,1.0,0,0,0,0,0,0,0,0,0,26,26,0
ILIAD+j807b3f8+2023-06-14-16h-26m-20s,149,23897859,27904255,,1.0,1.0,1.0,0,0,0,0,0,0,0,0,0,0,0,0
ILIAD+j807b3f8+2023-06-15-11h-36m-19s,301,23897859,27904255,,1.0,1.0,1.0,0,0,0,0,0,0,0,0,0,17,17,0
ILIAD+j807b3f8+2023-06-15-12h-04m-34s,381,23897859,27904255,,1.0,1.0,1.0,0,0,0,0,0,0,0,0,0,0,0,0
ILIAD+j807b3f8+2023-06-15-12h-12m-32s,274,23897859,27904255,,1.0,1.0,1.0,15,15,0,17,17,0,19,19,0,24,24,0
ILIAD+j807b3f8+2023-06-15-13h-38m-27s,167,23897859,27904255,,1.0,1.0,1.0,15,15,0,18,18,13,25,25,18,47,47,27
ILIAD+j807b3f8+2023-06-15-14h-15m-44s,215,23897859,27904255,,1.0,1.0,1.0,0,0,0,0,0,0,30,20,30,42,27,42
ILIAD+sbd7d2c6+2023-05-07-16h-37m-49s,135,23897859,27904255,,1.0,1.0,1.0,15,0,15,18,15,18,21,19,21,24,23,24
ILIAD+sbd7d2c6+2023-05-07-16h-54m-37s,643,23897859,27904255,,1.0,1.0,1.0,0,0,0,0,0,0,0,0,0,13,13,0
ILIAD+sbd7d2c6+2023-05-07-17h-16m-15s,283,23897859,27904255,,1.0,1.0,1.0,0,0,0,0,0,0,33,32,33,39,38,39
ILIAD+sbd7d2c6+2023-05-07-17h-19m-28s,282,23897859,27904255,,1.0,1.0,1.0,20,20,0,24,24,24,30,29,30,35,35,35
ILIAD+sbd7d2c6+2023-05-17-17h-46m-49s,293,23897859,27904255,,1.0,1.0,1.0,0,0,0,0,0,0,0,0,0,58,0,58
ILIAD+sbd7d2c6+2023-12-24-15h-51m-25s,277,23897859,27904255,,1.0,1.0,1.0,0,0,0,0,0,0,0,0,0,22,0,22
ILIAD+sbd7d2c6+2023-12-24-16h-10m-24s,491,23897859,27904255,,1.0,1.0,1.0,0,0,0,0,0,0,0,0,0,129,129,0
ILIAD+sbd7d2c6+2023-12-24-16h-14m-37s,195,23897859,27904255,,1.0,1.0,0.9846153846153847,0,0,0,0,0,0,33,0,33,49,20,49
ILIAD+sbd7d2c6+2023-12-24-16h-22m-00s,195,23897859,27904255,,1.0,1.0,1.0,0,0,0,0,0,0,14,0,14,18,18,18
ILIAD+sbd7d2c6+2023-12-24-16h-23m-03s,206,23897859,27904255,,1.0,1.0,1.0,50,50,0,56,56,0,79,79,0,85,85,0
ILIAD+sbd7d2c6+2023-12-24-16h-26m-01s,304,23897859,27904255,,1.0,1.0,1.0,0,0,0,0,0,0,0,0,0,65,65,54
ILIAD+sbd7d2c6+2023-12-24-16h-30m-15s,269,23897859,27904255,,1.0,1.0,1.0,0,0,0,77,77,0,82,82,78,89,89,86
ILIAD+sbd7d2c6+2023-12-24-16h-44m-15s,175,23897859,27904255,,1.0,1.0,1.0,0,0,0,0,0,0,14,0,14,21,21,21
ILIAD+sbd7d2c6+2023-12-24-16h-45m-59s,235,23897859,27904255,,1.0,1.0,1.0,0,0,0,29,0,29,37,0,37,47,42,47
ILIAD+sbd7d2c6+2023-12-24-16h-49m-15s,173,23897859,27904255,,1.0,1.0,1.0,21,21,0,24,24,0,26,26,25,51,32,51
ILIAD+sbd7d2c6+2023-12-24-17h-00m-39s,314,23897859,27904255,,1.0,1.0,1.0,0,0,0,29,29,0,49,49,33,59,59,53
ILIAD+sbd7d2c6+2023-12-24-17h-02m-47s,188,23897859,27904255,,1.0,1.0,1.0,0,0,0,0,0,0,17,0,17,24,0,24
ILIAD+sbd7d2c6+2023-12-24-17h-09m-08s,278,23897859,27904255,,1.0,1.0,1.0,0,0,0,0,0,0,0,0,0,11,0,11
ILIAD+sbd7d2c6+2023-12-24-17h-10m-15s,201,23897859,27904255,,1.0,1.0,1.0,0,0,0,0,0,0,0,0,0,0,0,0
ILIAD+sbd7d2c6+2023-12-24-17h-13m-11s,282,23897859,27904255,,1.0,1.0,0.9609929078014184,0,0,0,0,0,0,34,0,34,47,18,47
ILIAD+sbd7d2c6+2023-12-24-17h-27m-48s,210,23897859,27904255,,1.0,1.0,1.0,22,22,0,24,24,0,26,26,19,31,31,25
ILIAD+sbd7d2c6+2023-12-24-17h-31m-41s,390,23897859,27904255,,1.0,1.0,1.0,0,0,0,0,0,0,0,0,0,0,0,0
ILIAD+sbd7d2c6+2023-12-24-17h-39m-22s,138,23897859,27904255,,1.0,1.0,1.0,0,0,0,0,0,0,0,0,0,8,8,0
ILIAD+sbd7d2c6+2023-12-24-18h-00m-38s,462,23897859,27904255,,1.0,1.0,1.0,0,0,0,0,0,0,0,0,0,49,49,49
ILIAD+sbd7d2c6+2023-12-24-18h-08m-03s,180,23897859,27904255,,1.0,1.0,1.0,0,0,0,41,41,16,47,47,23,84,84,41
ILIAD+sbd7d2c6+2023-12-24-18h-12m-29s,188,23897859,27904255,,1.0,1.0,1.0,0,0,0,36,0,36,40,34,40,53,37,53
ILIAD+sbd7d2c6+2023-12-24-18h-21m-27s,156,23897859,27904255,,1.0,1.0,1.0,0,0,0,0,0,0,13,0,13,19,12,19
ILIAD+sbd7d2c6+2023-12-24-18h-23m-07s,179,23897859,27904255,,1.0,1.0,1.0,19,0,19,30,0,30,43,0,43,46,45,46
ILIAD+sbd7d2c6+2023-12-24-18h-35m-37s,254,23897859,27904255,,1.0,1.0,1.0,0,0,0,0,0,0,0,0,0,87,58,87
ILIAD+sbd7d2c6+2023-12-24-18h-39m-11s,163,23897859,27904255,,1.0,1.0,1.0,0,0,0,0,0,0,16,12,16,19,14,19
ILIAD+sbd7d2c6+2023-12-24-18h-44m-03s,188,23897859,27904255,,1.0,1.0,1.0,0,0,0,34,0,34,40,0,40,43,0,43
ILIAD+sbd7d2c6+2023-12-24-18h-50m-23s,599,23897859,27904255,,1.0,1.0,1.0,0,0,0,0,0,0,0,0,0,106,106,0
ILIAD+sbd7d2c6+2023-12-24-19h-01m-05s,168,23897859,27904255,,1.0,1.0,1.0,19,19,0,43,22,43,48,26,48,52,44,52
ILIAD+sbd7d2c6+2023-12-24-19h-02m-07s,156,23897859,27904255,,1.0,1.0,1.0,0,0,0,0,0,0,17,0,17,48,0,48
ILIAD+sbd7d2c6+2023-12-24-19h-02m-55s,370,23897859,27904255,,1.0,1.0,1.0,67,0,67,79,0,79,104,0,104,107,74,107
ILIAD+sbd7d2c6+2023-12-24-19h-04m-45s,174,23897859,27904255,,1.0,1.0,1.0,26,26,0,31,31,0,35,35,30,51,51,37
IPRL+2fe9715d+2023-08-21-12h-14m-59s,438,25916956,27432424,,1.0,1.0,1.0,0,0,0,0,0,0,0,0,0,25,10,25
IPRL+2fe9715d+2023-08-21-16h-52m-39s,355,25916956,27432424,,1.0,1.0,0.9915492957746479,0,0,0,0,0,0,46,0,46,97,30,97
IPRL+2fe9715d+2023-08-21-17h-35m-33s,348,25916956,27432424,,1.0,1.0,0.9195402298850575,0,0,0,0,0,0,78,0,78,89,0,89
IPRL+2fe9715d+2023-08-21-17h-37m-07s,339,25916956,27432424,,1.0,1.0,1.0,0,0,0,35,0,35,39,30,39,45,34,45
IPRL+2fe9715d+2023-08-21-18h-28m-50s,344,25916956,27432424,,1.0,1.0,1.0,0,0,0,0,0,0,0,0,0,0,0,0
IPRL+2fe9715d+2023-08-21-20h-57m-38s,256,25916956,27432424,,1.0,1.0,1.0,28,0,28,41,0,41,45,0,45,58,0,58
IPRL+2fe9715d+2023-08-21-21h-03m-17s,597,25916956,27432424,,1.0,1.0,1.0,0,0,0,0,0,0,23,0,23,39,0,39
IPRL+2fe9715d+2023-08-21-21h-08m-47s,576,25916956,27432424,,1.0,1.0,1.0,0,0,0,0,0,0,0,0,0,0,0,0
IPRL+2fe9715d+2023-08-21-21h-17m-46s,428,25916956,27432424,,1.0,1.0,1.0,0,0,0,0,0,0,0,0,0,8,0,8
IPRL+2fe9715d+2023-08-21-21h-42m-31s,370,25916956,27432424,,1.0,1.0,1.0,12,0,12,17,0,17,19,0,19,45,0,45
IPRL+2fe9715d+2023-08-21-21h-49m-09s,376,25916956,27432424,,1.0,1.0,1.0,15,0,15,18,0,18,28,0,28,31,0,31
IPRL+2fe9715d+2023-08-21-22h-20m-24s,255,25916956,27432424,,1.0,1.0,0.984313725490196,0,0,0,0,0,0,20,0,20,65,0,65
IPRL+2fe9715d+2023-08-21-22h-54m-01s,234,25916956,27432424,,1.0,1.0,1.0,0,0,0,0,0,0,10,0,10,22,0,22
IPRL+2fe9715d+2023-08-21-23h-10m-12s,311,25916956,27432424,,1.0,1.0,1.0,41,0,41,50,0,50,55,0,55,62,0,62
IPRL+2fe9715d+2023-08-21-23h-41m-44s,246,25916956,27432424,,1.0,1.0,1.0,0,0,0,0,0,0,0,0,0,11,0,11
IPRL+2fe9715d+2023-08-22-00h-02m-59s,342,25916956,27432424,,1.0,1.0,1.0,0,0,0,15,0,15,17,0,17,20,0,20
IPRL+2fe9715d+2023-08-22-00h-08m-29s,228,25916956,27432424,,1.0,1.0,0.7155963302752294,8,0,8,10,0,10,12,0,12,14,0,14
IPRL+2fe9715d+2023-08-22-11h-46m-59s,221,25916956,27432424,,1.0,1.0,0.7647058823529411,0,0,0,0,0,0,102,0,102,131,0,131
IPRL+2fe9715d+2023-08-22-12h-37m-25s,125,25916956,27432424,,0.7962962962962963,1.0,0.472,0,0,0,0,0,0,35,35,0,-1,-1,0
IPRL+2fe9715d+2023-08-22-20h-50m-51s,241,25916956,27432424,,1.0,1.0,1.0,0,0,0,0,0,0,21,21,0,27,27,0
IPRL+2fe9715d+2023-08-22-21h-22m-00s,674,25916956,27432424,,1.0,1.0,0.9821958456973294,0,0,0,0,0,0,0,0,0,17,17,0
IPRL+2fe9715d+2023-08-22-21h-23m-29s,399,25916956,27432424,,1.0,1.0,0.8952879581151832,0,0,0,17,17,0,21,21,0,24,24,0
IPRL+2fe9715d+2023-08-22-21h-51m-34s,209,25916956,27432424,,1.0,1.0,0.4688995215311005,0,0,0,0,0,0,0,0,0,0,0,0
IPRL+2fe9715d+2023-08-22-23h-36m-17s,323,25916956,27432424,,1.0,1.0,0.656934306569343,42,42,0,49,49,0,51,51,0,52,52,0
IPRL+2fe9715d+2023-08-23-12h-16m-57s,157,25916956,27432424,,1.0,1.0,1.0,0,0,0,0,0,0,0,0,0,0,0,0
IPRL+2fe9715d+2023-08-23-12h-35m-46s,330,25916956,27432424,,1.0,1.0,1.0,0,0,0,0,0,0,15,0,15,21,0,21
IPRL+2fe9715d+2023-08-23-12h-40m-07s,421,25916956,27432424,,1.0,1.0,1.0,0,0,0,0,0,0,0,0,0,0,0,0
IPRL+2fe9715d+2023-08-24-12h-34m-31s,307,25916956,27432424,,1.0,1.0,0.739413680781759,0,0,0,0,0,0,0,0,0,11,0,11
IPRL+2fe9715d+2023-08-24-12h-39m-35s,265,25916956,27432424,,1.0,1.0,1.0,0,0,0,0,0,0,0,0,0,0,0,0
IPRL+2fe9715d+2023-08-24-13h-21m-32s,521,25916956,27432424,,1.0,1.0,0.9558541266794626,0,0,0,0,0,0,0,0,0,0,0,0
IPRL+2fe9715d+2023-08-24-18h-43m-40s,528,25916956,27432424,,1.0,1.0,1.0,0,0,0,0,0,0,0,0,0,0,0,0
IPRL+2fe9715d+2023-08-24-19h-11m-15s,358,25916956,27432424,,1.0,1.0,1.0,0,0,0,0,0,0,8,8,0,11,11,0
IPRL+2fe9715d+2023-08-24-20h-29m-28s,410,25916956,27432424,,1.0,1.0,0.7780487804878049,0,0,0,0,0,0,0,0,0,0,0,0
IPRL+2fe9715d+2023-08-24-21h-29m-53s,401,25916956,27432424,,1.0,1.0,0.09975062344139651,0,0,0,0,0,0,0,0,0,4,4,0
IPRL+2fe9715d+2023-08-24-21h-40m-58s,183,25916956,27432424,,1.0,1.0,0.37158469945355194,0,0,0,0,0,0,0,0,0,26,26,0
IPRL+2fe9715d+2023-08-24-22h-10m-30s,400,25916956,27432424,,1.0,1.0,1.0,0,0,0,0,0,0,0,0,0,0,0,0
IPRL+2fe9715d+2023-08-24-22h-11m-19s,152,25916956,27432424,,1.0,1.0,1.0,0,0,0,0,0,0,0,0,0,0,0,0
IPRL+2fe9715d+2023-08-24-22h-24m-04s,222,25916956,27432424,,1.0,1.0,1.0,0,0,0,0,0,0,0,0,0,0,0,0
IPRL+2fe9715d+2023-08-24-22h-31m-35s,172,25916956,27432424,,1.0,1.0,1.0,0,0,0,0,0,0,0,0,0,0,0,0
IPRL+2fe9715d+2023-08-24-22h-40m-55s,300,25916956,27432424,,1.0,1.0,1.0,0,0,0,0,0,0,0,0,0,0,0,0
IPRL+2fe9715d+2023-08-24-22h-57m-47s,522,25916956,27432424,,1.0,1.0,1.0,0,0,0,0,0,0,6,0,6,9,0,9
IPRL+2fe9715d+2023-08-25-14h-15m-17s,282,25916956,27432424,,1.0,1.0,1.0,0,0,0,0,0,0,0,0,0,0,0,0
IPRL+2fe9715d+2023-08-25-14h-24m-22s,337,25916956,27432424,,1.0,1.0,0.8783382789317508,0,0,0,0,0,0,0,0,0,0,0,0
IPRL+2fe9715d+2023-08-25-14h-34m-17s,148,25916956,27432424,,1.0,1.0,1.0,0,0,0,0,0,0,0,0,0,12,0,12
IPRL+2fe9715d+2023-08-25-15h-47m-53s,216,25916956,27432424,,1.0,1.0,0.8518518518518519,0,0,0,0,0,0,0,0,0,0,0,0
IPRL+2fe9715d+2023-08-25-15h-57m-51s,211,25916956,27432424,,1.0,1.0,1.0,0,0,0,0,0,0,0,0,0,0,0,0
IPRL+2fe9715d+2023-08-25-16h-03m-40s,526,25916956,27432424,,1.0,1.0,1.0,0,0,0,0,0,0,0,0,0,8,0,8
IPRL+2fe9715d+2023-08-25-16h-07m-12s,170,25916956,27432424,,1.0,1.0,0.7294117647058823,0,0,0,0,0,0,0,0,0,15,0,15
IPRL+41a1536a+2023-10-26-23h-37m-56s,710,27432424,28221883,,1.0,1.0,1.0,0,0,0,0,0,0,0,0,0,66,66,0
IPRL+41a1536a+2023-10-30-18h-34m-52s,300,27432424,28221883,,1.0,1.0,1.0,0,0,0,0,0,0,0,0,0,0,0,0
IPRL+41a1536a+2023-10-30-18h-39m-58s,287,27432424,28221883,,1.0,1.0,1.0,0,0,0,0,0,0,0,0,0,0,0,0
IPRL+41a1536a+2023-10-30-18h-46m-09s,485,27432424,28221883,,1.0,1.0,1.0,0,0,0,0,0,0,0,0,0,0,0,0
IPRL+41a1536a+2023-11-01-22h-11m-26s,344,27432424,28221883,,1.0,1.0,1.0,0,0,0,0,0,0,0,0,0,0,0,0
IPRL+41a1536a+2023-11-02-17h-07m-34s,313,27432424,28221883,,0.5185185185185185,1.0,0.04472843450479233,0,0,0,0,0,0,-1,-1,0,-1,-1,0
IPRL+41a1536a+2023-11-02-17h-11m-31s,244,27432424,28221883,,1.0,1.0,0.1721311475409836,0,0,0,0,0,0,0,0,0,0,0,0
IPRL+41a1536a+2023-11-02-21h-12m-49s,263,27432424,28221883,,1.0,1.0,1.0,0,0,0,0,0,0,0,0,0,0,0,0
IPRL+41a1536a+2023-11-02-21h-14m-21s,240,27432424,28221883,,1.0,1.0,1.0,0,0,0,12,12,0,15,15,0,25,25,0
IPRL+41a1536a+2023-11-02-21h-19m-04s,214,27432424,28221883,,1.0,1.0,1.0,0,0,0,0,0,0,0,0,0,0,0,0
IPRL+41a1536a+2023-11-02-21h-24m-01s,208,27432424,28221883,,1.0,1.0,1.0,0,0,0,0,0,0,0,0,0,0,0,0
IPRL+41a1536a+2023-11-02-21h-24m-25s,543,27432424,28221883,,1.0,1.0,1.0,0,0,0,0,0,0,13,13,0,20,20,0
IPRL+41a1536a+2023-11-02-21h-38m-00s,283,27432424,28221883,,1.0,1.0,1.0,0,0,0,0,0,0,0,0,0,0,0,0
IPRL+41a1536a+2023-11-02-22h-09m-31s,393,27432424,28221883,,1.0,1.0,1.0,0,0,0,0,0,0,0,0,0,0,0,0
IPRL+41a1536a+2023-11-02-22h-40m-19s,210,27432424,28221883,,1.0,1.0,1.0,0,0,0,0,0,0,0,0,0,0,0,0
IPRL+41a1536a+2023-11-08-23h-17m-09s,541,27432424,28221883,,1.0,1.0,0.9944547134935305,0,0,0,0,0,0,0,0,0,0,0,0
IPRL+41a1536a+2023-11-08-23h-18m-54s,883,27432424,28221883,,1.0,1.0,1.0,0,0,0,0,0,0,0,0,0,0,0,0
IPRL+41a1536a+2023-11-08-23h-26m-23s,296,27432424,28221883,,1.0,1.0,1.0,0,0,0,0,0,0,0,0,0,0,0,0
IPRL+41a1536a+2023-11-08-23h-27m-01s,245,27432424,28221883,,1.0,1.0,1.0,0,0,0,0,0,0,0,0,0,0,0,0
IPRL+41a1536a+2023-11-08-23h-33m-16s,408,27432424,28221883,,1.0,1.0,0.6642156862745098,0,0,0,0,0,0,0,0,0,0,0,0
IPRL+41a1536a+2023-11-08-23h-40m-44s,431,27432424,28221883,,1.0,1.0,1.0,0,0,0,0,0,0,0,0,0,0,0,0
IPRL+41a1536a+2023-11-09-16h-55m-17s,403,27432424,28221883,,1.0,1.0,0.8461538461538461,0,0,0,0,0,0,7,7,0,11,11,0
IPRL+41a1536a+2023-11-09-17h-27m-17s,255,27432424,28221883,,1.0,1.0,0.9529411764705882,0,0,0,0,0,0,0,0,0,0,0,0
IPRL+41a1536a+2023-11-09-17h-36m-16s,230,27432424,28221883,,1.0,1.0,0.7869565217391304,0,0,0,0,0,0,0,0,0,0,0,0
IPRL+41a1536a+2023-11-09-18h-11m-36s,371,27432424,28221883,,1.0,1.0,0.9595687331536388,0,0,0,0,0,0,0,0,0,0,0,0
IPRL+41a1536a+2023-11-09-18h-16m-50s,504,27432424,28221883,,1.0,1.0,1.0,0,0,0,0,0,0,0,0,0,0,0,0
IPRL+41a1536a+2023-11-09-18h-27m-17s,531,27432424,28221883,,1.0,1.0,0.815442561205273,0,0,0,0,0,0,0,0,0,0,0,0
IPRL+41a1536a+2023-11-13-23h-59m-55s,491,27432424,28221883,,1.0,1.0,0.8818737270875764,0,0,0,0,0,0,0,0,0,0,0,0
IPRL+41a1536a+2023-11-14-00h-06m-08s,581,27432424,28221883,,1.0,1.0,0.9621342512908778,0,0,0,0,0,0,0,0,0,0,0,0
IPRL+41a1536a+2023-11-14-00h-10m-21s,349,27432424,28221883,,1.0,1.0,1.0,0,0,0,0,0,0,0,0,0,0,0,0
IPRL+41a1536a+2023-11-14-00h-27m-13s,230,27432424,28221883,,1.0,1.0,1.0,0,0,0,0,0,0,0,0,0,0,0,0
IPRL+41a1536a+2023-11-14-00h-30m-20s,374,27432424,28221883,,1.0,1.0,1.0,0,0,0,0,0,0,0,0,0,0,0,0
IPRL+41a1536a+2023-11-14-13h-59m-53s,195,27432424,28221883,,1.0,1.0,1.0,0,0,0,0,0,0,0,0,0,0,0,0
IPRL+41a1536a+2023-11-14-14h-00m-59s,484,27432424,28221883,,1.0,1.0,1.0,0,0,0,0,0,0,0,0,0,0,0,0
IPRL+41a1536a+2023-11-14-15h-08m-37s,232,27432424,28221883,,1.0,1.0,1.0,0,0,0,0,0,0,0,0,0,0,0,0
IPRL+41a1536a+2023-11-14-15h-15m-27s,189,27432424,28221883,,1.0,1.0,1.0,0,0,0,0,0,0,0,0,0,0,0,0
IPRL+5085c3ce+2023-10-08-14h-00m-12s,217,27432424,28221883,,1.0,1.0,0.9032258064516129,0,0,0,0,0,0,0,0,0,0,0,0
IPRL+5085c3ce+2023-10-11-01h-33m-03s,308,27432424,28221883,,1.0,1.0,1.0,0,0,0,0,0,0,0,0,0,0,0,0
IPRL+5085c3ce+2023-10-11-02h-10m-59s,248,27432424,28221883,,1.0,1.0,1.0,0,0,0,0,0,0,0,0,0,0,0,0
IPRL+5085c3ce+2023-10-11-02h-12m-15s,240,27432424,28221883,,1.0,1.0,1.0,0,0,0,0,0,0,0,0,0,0,0,0
IPRL+5085c3ce+2023-10-11-03h-19m-46s,341,27432424,28221883,,1.0,1.0,1.0,0,0,0,0,0,0,0,0,0,0,0,0
IPRL+5085c3ce+2023-10-11-22h-38m-54s,179,27432424,28221883,,1.0,1.0,0.88268156424581,0,0,0,0,0,0,0,0,0,0,0,0
IPRL+5085c3ce+2023-10-11-23h-13m-48s,409,27432424,28221883,,1.0,1.0,1.0,0,0,0,0,0,0,0,0,0,0,0,0
IPRL+5085c3ce+2023-10-11-23h-19m-58s,494,27432424,28221883,,1.0,1.0,1.0,0,0,0,0,0,0,0,0,0,0,0,0
IPRL+5085c3ce+2023-10-11-23h-27m-23s,289,27432424,28221883,,1.0,1.0,0.698961937716263,0,0,0,0,0,0,0,0,0,0,0,0
IPRL+5085c3ce+2023-10-11-23h-34m-56s,373,27432424,28221883,,1.0,1.0,1.0,0,0,0,0,0,0,0,0,0,0,0,0
IPRL+5085c3ce+2023-10-11-23h-39m-37s,251,27432424,28221883,,1.0,1.0,1.0,0,0,0,0,0,0,0,0,0,0,0,0
IPRL+5085c3ce+2023-10-11-23h-53m-08s,165,27432424,28221883,,1.0,1.0,1.0,0,0,0,0,0,0,0,0,0,0,0,0
IPRL+5085c3ce+2023-10-11-23h-53m-50s,238,27432424,28221883,,1.0,1.0,0.42436974789915966,0,0,0,0,0,0,0,0,0,0,0,0
IPRL+5085c3ce+2023-10-12-01h-25m-40s,698,27432424,28221883,,1.0,1.0,0.8008595988538681,0,0,0,0,0,0,0,0,0,0,0,0
IPRL+5085c3ce+2023-10-12-23h-26m-03s,181,27432424,28221883,,1.0,1.0,1.0,0,0,0,0,0,0,0,0,0,0,0,0
IPRL+5085c3ce+2023-10-13-13h-38m-14s,354,27432424,28221883,,1.0,1.0,1.0,0,0,0,0,0,0,0,0,0,0,0,0
IPRL+5085c3ce+2023-10-13-22h-08m-30s,1045,27432424,28221883,,1.0,1.0,1.0,0,0,0,0,0,0,0,0,0,0,0,0
IPRL+5085c3ce+2023-10-14-21h-06m-37s,355,27432424,28221883,,1.0,1.0,0.7323943661971831,0,0,0,0,0,0,0,0,0,0,0,0
IPRL+5085c3ce+2023-10-14-21h-22m-06s,241,27432424,28221883,,1.0,1.0,1.0,0,0,0,0,0,0,0,0,0,0,0,0
IPRL+5085c3ce+2023-10-14-21h-33m-59s,238,27432424,28221883,,1.0,1.0,0.8277310924369747,0,0,0,0,0,0,0,0,0,0,0,0
IPRL+5085c3ce+2023-10-14-22h-05m-10s,1156,27432424,28221883,,1.0,1.0,1.0,0,0,0,0,0,0,0,0,0,0,0,0
IPRL+5085c3ce+2023-10-14-22h-56m-25s,349,27432424,28221883,,1.0,1.0,0.7908309455587392,0,0,0,0,0,0,0,0,0,0,0,0
IPRL+5085c3ce+2023-10-16-20h-07m-32s,482,27432424,28221883,,1.0,1.0,1.0,0,0,0,0,0,0,0,0,0,0,0,0
IPRL+5085c3ce+2023-10-16-20h-20m-19s,214,27432424,28221883,,1.0,1.0,1.0,0,0,0,0,0,0,0,0,0,0,0,0
IPRL+5085c3ce+2023-10-16-20h-55m-58s,127,27432424,28221883,,1.0,1.0,0.4881889763779528,0,0,0,0,0,0,0,0,0,0,0,0
IPRL+5085c3ce+2023-10-17-21h-14m-05s,650,27432424,28221883,,1.0,1.0,0.8861538461538462,0,0,0,0,0,0,0,0,0,0,0,0
IPRL+5085c3ce+2023-10-17-21h-31m-47s,673,27432424,28221883,,1.0,1.0,1.0,0,0,0,0,0,0,0,0,0,0,0,0
IPRL+5085c3ce+2023-10-17-21h-35m-33s,470,27432424,28221883,,1.0,1.0,1.0,0,0,0,0,0,0,0,0,0,0,0,0
IPRL+5085c3ce+2023-10-17-21h-41m-05s,431,27432424,28221883,,1.0,1.0,0.8909512761020881,0,0,0,0,0,0,0,0,0,0,0,0
IPRL+5085c3ce+2023-10-17-22h-31m-22s,896,27432424,28221883,,1.0,1.0,1.0,0,0,0,0,0,0,0,0,0,0,0,0
IPRL+5085c3ce+2023-10-17-22h-45m-23s,863,27432424,28221883,,1.0,1.0,1.0,0,0,0,0,0,0,0,0,0,0,0,0
IPRL+5085c3ce+2023-10-18-21h-12m-27s,170,27432424,28221883,,1.0,1.0,1.0,0,0,0,0,0,0,0,0,0,0,0,0
IPRL+5085c3ce+2023-10-19-21h-43m-00s,1165,27432424,28221883,,1.0,1.0,0.9124463519313305,0,0,0,0,0,0,0,0,0,0,0,0
IPRL+5085c3ce+2023-10-19-23h-00m-22s,422,27432424,28221883,,1.0,1.0,0.9170616113744076,0,0,0,0,0,0,0,0,0,0,0,0
IPRL+5085c3ce+2023-10-19-23h-03m-38s,254,27432424,28221883,,1.0,1.0,1.0,0,0,0,0,0,0,0,0,0,0,0,0
IPRL+5085c3ce+2023-10-19-23h-12m-40s,307,27432424,28221883,,1.0,1.0,0.9771986970684039,0,0,0,0,0,0,0,0,0,0,0,0
IPRL+5085c3ce+2023-10-19-23h-13m-08s,190,27432424,28221883,,1.0,1.0,1.0,0,0,0,0,0,0,0,0,0,0,0,0
IPRL+5085c3ce+2023-10-19-23h-49m-40s,423,27432424,28221883,,1.0,1.0,1.0,0,0,0,0,0,0,0,0,0,21,21,0
IPRL+5085c3ce+2023-10-19-23h-51m-11s,270,27432424,28221883,,1.0,1.0,1.0,0,0,0,0,0,0,0,0,0,0,0,0
IPRL+5085c3ce+2023-10-21-14h-31m-29s,477,27432424,28221883,,1.0,1.0,0.9874213836477987,0,0,0,0,0,0,0,0,0,0,0,0
IPRL+5085c3ce+2023-10-21-15h-10m-49s,218,27432424,28221883,,1.0,1.0,0.8715596330275229,0,0,0,0,0,0,0,0,0,0,0,0
IPRL+5085c3ce+2023-10-21-15h-36m-30s,246,27432424,28221883,,1.0,1.0,0.5894308943089431,0,0,0,0,0,0,0,0,0,0,0,0
IPRL+5085c3ce+2023-10-21-17h-45m-44s,198,27432424,28221883,,1.0,1.0,0.8787878787878788,0,0,0,0,0,0,0,0,0,0,0,0
IPRL+5085c3ce+2023-10-21-19h-22m-59s,243,27432424,28221883,,1.0,1.0,0.7242798353909465,0,0,0,0,0,0,0,0,0,0,0,0
IPRL+5085c3ce+2023-10-21-19h-25m-45s,280,27432424,28221883,,1.0,1.0,0.5642857142857143,0,0,0,0,0,0,0,0,0,0,0,0
IPRL+5085c3ce+2023-10-21-19h-29m-24s,198,27432424,28221883,,1.0,1.0,0.8838383838383839,0,0,0,0,0,0,0,0,0,0,0,0
IPRL+5085c3ce+2023-10-21-19h-46m-56s,202,27432424,28221883,,1.0,1.0,0.8910891089108911,0,0,0,0,0,0,0,0,0,0,0,0
IPRL+5085c3ce+2023-10-21-19h-47m-18s,192,27432424,28221883,,1.0,1.0,0.5260416666666666,0,0,0,0,0,0,0,0,0,0,0,0
IPRL+5085c3ce+2023-10-21-21h-34m-36s,341,27432424,28221883,,1.0,1.0,0.7038123167155426,0,0,0,0,0,0,0,0,0,0,0,0
IPRL+5085c3ce+2023-10-22-00h-46m-49s,254,27432424,28221883,,1.0,1.0,1.0,0,0,0,0,0,0,0,0,0,0,0,0
IPRL+5085c3ce+2023-10-22-00h-59m-27s,241,27432424,28221883,,1.0,1.0,1.0,0,0,0,0,0,0,0,0,0,0,0,0
IPRL+5085c3ce+2023-10-22-10h-47m-48s,668,27432424,28221883,,1.0,1.0,1.0,0,0,0,0,0,0,0,0,0,0,0,0
IPRL+5085c3ce+2023-10-22-13h-50m-44s,134,27432424,28221883,,1.0,1.0,1.0,0,0,0,0,0,0,0,0,0,0,0,0
IPRL+5085c3ce+2023-10-22-14h-49m-04s,309,27432424,28221883,,1.0,1.0,1.0,0,0,0,0,0,0,0,0,0,0,0,0
IPRL+5085c3ce+2023-10-22-14h-52m-00s,1052,27432424,28221883,,1.0,1.0,0.9610266159695817,0,0,0,0,0,0,0,0,0,0,0,0
IPRL+5085c3ce+2023-10-22-15h-00m-46s,346,27432424,28221883,,1.0,1.0,1.0,0,0,0,0,0,0,0,0,0,0,0,0
IPRL+7790ec0a+2023-03-31-16h-23m-48s,318,21582473,28221883,,1.0,1.0,0.9308176100628931,0,0,0,0,0,0,160,0,160,173,103,173
IPRL+7790ec0a+2023-04-19-17h-59m-17s,529,21582473,28221883,,1.0,1.0,1.0,0,0,0,0,0,0,0,0,0,0,0,0
IPRL+7790ec0a+2023-04-19-19h-02m-15s,202,21582473,28221883,,1.0,1.0,1.0,0,0,0,0,0,0,0,0,0,22,19,22
IPRL+7790ec0a+2023-04-21-20h-44m-25s,243,21582473,28221883,,1.0,1.0,1.0,0,0,0,0,0,0,17,17,0,23,23,0
IPRL+7790ec0a+2023-04-21-20h-48m-06s,243,21582473,28221883,,1.0,1.0,1.0,0,0,0,0,0,0,21,21,0,27,27,16
IPRL+7790ec0a+2023-04-21-21h-38m-56s,249,21582473,28221883,,1.0,1.0,1.0,0,0,0,0,0,0,18,18,0,22,22,0
IPRL+7790ec0a+2023-04-21-21h-50m-00s,185,21582473,28221883,,1.0,1.0,1.0,0,0,0,0,0,0,0,0,0,0,0,0
IPRL+7790ec0a+2023-04-21-21h-55m-26s,117,21582473,28221883,,1.0,1.0,1.0,0,0,0,0,0,0,0,0,0,0,0,0
IPRL+7790ec0a+2023-04-21-21h-55m-44s,156,21582473,28221883,,1.0,1.0,1.0,0,0,0,0,0,0,0,0,0,0,0,0
IPRL+7790ec0a+2023-04-21-21h-58m-01s,152,21582473,28221883,,1.0,1.0,1.0,0,0,0,0,0,0,0,0,0,0,0,0
IPRL+7790ec0a+2023-04-24-16h-33m-55s,156,21582473,28221883,,1.0,1.0,1.0,0,0,0,0,0,0,0,0,0,0,0,0
IPRL+7790ec0a+2023-04-24-16h-36m-17s,186,21582473,28221883,,1.0,1.0,1.0,0,0,0,0,0,0,27,27,0,32,32,0
IPRL+7790ec0a+2023-04-24-16h-41m-38s,205,21582473,28221883,,1.0,1.0,1.0,0,0,0,15,15,0,25,25,0,33,33,14
IPRL+7790ec0a+2023-04-24-16h-58m-11s,252,21582473,28221883,,1.0,1.0,1.0,0,0,0,0,0,0,0,0,0,0,0,0
IPRL+7790ec0a+2023-04-24-16h-58m-51s,243,21582473,28221883,,1.0,1.0,1.0,0,0,0,0,0,0,0,0,0,0,0,0
IPRL+7790ec0a+2023-04-24-17h-00m-49s,167,21582473,28221883,,1.0,1.0,1.0,0,0,0,0,0,0,0,0,0,0,0,0
IPRL+7790ec0a+2023-04-30-18h-17m-27s,240,21582473,28221883,,1.0,1.0,1.0,0,0,0,0,0,0,0,0,0,84,84,0
IPRL+7790ec0a+2023-04-30-18h-20m-20s,331,21582473,28221883,,1.0,1.0,1.0,0,0,0,0,0,0,0,0,0,0,0,0
IPRL+7790ec0a+2023-04-30-18h-22m-00s,233,21582473,28221883,,1.0,1.0,1.0,0,0,0,0,0,0,0,0,0,0,0,0
IPRL+7790ec0a+2023-04-30-18h-25m-48s,191,21582473,28221883,,1.0,1.0,1.0,0,0,0,0,0,0,0,0,0,0,0,0
IPRL+7790ec0a+2023-04-30-18h-55m-45s,203,21582473,28221883,,1.0,1.0,1.0,0,0,0,0,0,0,0,0,0,0,0,0
IPRL+7790ec0a+2023-04-30-19h-04m-53s,237,21582473,28221883,,1.0,1.0,1.0,0,0,0,0,0,0,0,0,0,0,0,0
IPRL+7790ec0a+2023-04-30-19h-05m-45s,377,21582473,28221883,,1.0,1.0,0.9787798408488063,0,0,0,0,0,0,0,0,0,18,18,0
IPRL+7790ec0a+2023-04-30-19h-24m-22s,196,21582473,28221883,,1.0,1.0,1.0,0,0,0,0,0,0,0,0,0,23,0,23
IPRL+7790ec0a+2023-04-30-19h-24m-44s,208,21582473,28221883,,1.0,1.0,1.0,0,0,0,0,0,0,0,0,0,0,0,0
IPRL+7790ec0a+2023-04-30-19h-39m-02s,138,21582473,28221883,,1.0,1.0,1.0,0,0,0,0,0,0,0,0,0,0,0,0
IPRL+7790ec0a+2023-04-30-19h-40m-24s,119,21582473,28221883,,1.0,1.0,1.0,0,0,0,0,0,0,0,0,0,0,0,0
IPRL+7790ec0a+2023-04-30-19h-42m-21s,151,21582473,28221883,,1.0,1.0,1.0,0,0,0,0,0,0,0,0,0,13,0,13
IPRL+7790ec0a+2023-05-05-15h-57m-21s,151,21582473,28221883,,1.0,1.0,0.46357615894039733,0,0,0,0,0,0,0,0,0,0,0,0
IPRL+7790ec0a+2023-05-05-16h-09m-59s,128,21582473,28221883,,1.0,1.0,1.0,0,0,0,0,0,0,0,0,0,0,0,0
IPRL+7790ec0a+2023-05-05-16h-19m-59s,119,21582473,28221883,,1.0,1.0,1.0,0,0,0,0,0,0,0,0,0,0,0,0
IPRL+7790ec0a+2023-05-05-16h-31m-19s,155,21582473,28221883,,1.0,1.0,1.0,0,0,0,0,0,0,10,10,0,22,22,0
IPRL+7790ec0a+2023-05-05-16h-34m-59s,182,21582473,28221883,,1.0,1.0,1.0,0,0,0,0,0,0,0,0,0,0,0,0
IPRL+7790ec0a+2023-05-05-16h-51m-15s,112,21582473,28221883,,1.0,1.0,1.0,0,0,0,0,0,0,0,0,0,0,0,0
IPRL+7790ec0a+2023-05-05-16h-54m-53s,183,21582473,28221883,,1.0,1.0,1.0,0,0,0,0,0,0,0,0,0,0,0,0
IPRL+7790ec0a+2023-05-05-17h-09m-49s,202,21582473,28221883,,1.0,1.0,1.0,0,0,0,0,0,0,0,0,0,0,0,0
IPRL+7790ec0a+2023-05-05-17h-18m-21s,169,21582473,28221883,,1.0,1.0,1.0,0,0,0,0,0,0,0,0,0,27,27,0
IPRL+7790ec0a+2023-05-05-17h-22m-13s,188,21582473,28221883,,1.0,1.0,1.0,0,0,0,0,0,0,0,0,0,14,14,0
IPRL+7790ec0a+2023-05-05-17h-37m-50s,102,21582473,28221883,,1.0,1.0,1.0,0,0,0,0,0,0,0,0,0,0,0,0
IPRL+7790ec0a+2023-05-05-17h-44m-38s,137,21582473,28221883,,1.0,1.0,1.0,0,0,0,0,0,0,0,0,0,0,0,0
IPRL+7790ec0a+2023-05-05-17h-46m-21s,161,21582473,28221883,,1.0,1.0,1.0,0,0,0,0,0,0,0,0,0,0,0,0
IPRL+7790ec0a+2023-06-19-22h-56m-28s,481,21582473,28221883,,1.0,1.0,1.0,60,60,59,64,64,62,86,86,86,90,90,90
IPRL+7790ec0a+2023-06-19-22h-58m-35s,770,21582473,28221883,,1.0,1.0,1.0,0,0,0,0,0,0,22,22,21,26,26,26
IPRL+7790ec0a+2023-06-19-23h-18m-53s,262,21582473,28221883,,1.0,1.0,1.0,21,17,21,35,20,35,39,32,39,44,38,44
IPRL+7790ec0a+2023-06-26-23h-24m-08s,147,21582473,28221883,,1.0,1.0,1.0,28,21,28,46,24,46,49,28,49,53,47,53
IPRL+7790ec0a+2023-06-27-20h-37m-26s,143,21582473,28221883,,1.0,1.0,1.0,28,17,28,33,22,33,69,27,56,108,108,75
IPRL+7790ec0a+2023-06-27-20h-42m-35s,140,21582473,28221883,,1.0,1.0,1.0,40,0,40,45,0,45,50,37,50,72,42,71
IPRL+7790ec0a+2023-06-27-20h-57m-09s,105,21582473,28221883,,1.0,1.0,1.0,18,13,18,21,17,21,24,19,24,28,27,28
IPRL+7790ec0a+2023-06-30-17h-15m-06s,259,21582473,28221883,,0.6666666666666666,0.3148148148148148,0.0,-1,0,53,-1,0,-1,-1,-1,-1,-1,-1,-1
IPRL+7790ec0a+2023-06-30-17h-19m-02s,219,21582473,28221883,,0.5555555555555556,0.5740740740740741,1.0,29,21,29,216,26,36,-1,-1,-1,-1,-1,-1
IPRL+7790ec0a+2023-06-30-17h-28m-48s,243,21582473,28221883,,0.8518518518518519,0.3148148148148148,0.0,50,26,50,-1,50,-1,-1,209,-1,-1,-1,-1
IPRL+7790ec0a+2023-06-30-17h-51m-29s,587,21582473,28221883,,1.0,1.0,0.29876977152899825,15,0,15,18,0,18,277,277,25,286,286,122
IPRL+7790ec0a+2023-06-30-18h-04m-49s,348,21582473,28221883,,1.0,1.0,0.45671641791044776,0,0,0,13,0,13,17,0,17,90,13,90
IPRL+7790ec0a+2023-06-30-18h-51m-44s,204,21582473,28221883,,1.0,1.0,1.0,0,0,0,0,0,0,0,0,0,0,0,0
IPRL+7790ec0a+2023-06-30-18h-53m-25s,165,21582473,28221883,,1.0,1.0,1.0,0,0,0,0,0,0,0,0,0,0,0,0
IPRL+7790ec0a+2023-06-30-18h-58m-00s,94,21582473,28221883,,1.0,1.0,1.0,0,0,0,0,0,0,0,0,0,0,0,0
IPRL+7790ec0a+2023-06-30-19h-19m-56s,200,21582473,28221883,,1.0,1.0,1.0,0,0,0,0,0,0,0,0,0,0,0,0
IPRL+7790ec0a+2023-06-30-19h-21m-57s,143,21582473,28221883,,1.0,1.0,1.0,0,0,0,0,0,0,0,0,0,0,0,0
IPRL+7790ec0a+2023-06-30-20h-19m-16s,133,21582473,28221883,,1.0,1.0,1.0,0,0,0,0,0,0,0,0,0,0,0,0
IPRL+7790ec0a+2023-06-30-20h-20m-44s,412,21582473,28221883,,1.0,1.0,1.0,0,0,0,0,0,0,0,0,0,0,0,0
IPRL+7790ec0a+2023-06-30-21h-25m-20s,153,21582473,28221883,,1.0,1.0,1.0,0,0,0,0,0,0,0,0,0,0,0,0
IPRL+7790ec0a+2023-06-30-21h-29m-26s,183,21582473,28221883,,1.0,1.0,1.0,0,0,0,0,0,0,0,0,0,0,0,0
IPRL+7790ec0a+2023-06-30-21h-29m-45s,181,21582473,28221883,,1.0,1.0,1.0,0,0,0,0,0,0,0,0,0,0,0,0
IPRL+7790ec0a+2023-06-30-21h-30m-06s,182,21582473,28221883,,1.0,1.0,1.0,0,0,0,0,0,0,0,0,0,0,0,0
IPRL+7790ec0a+2023-06-30-21h-37m-23s,692,21582473,28221883,,1.0,1.0,0.9942196531791907,0,0,0,0,0,0,0,0,0,0,0,0
IPRL+7790ec0a+2023-06-30-22h-03m-28s,213,21582473,28221883,,1.0,1.0,0.9859154929577465,0,0,0,0,0,0,0,0,0,0,0,0
IPRL+7790ec0a+2023-06-30-22h-08m-05s,156,21582473,28221883,,1.0,1.0,1.0,0,0,0,0,0,0,0,0,0,0,0,0
IPRL+7790ec0a+2023-06-30-22h-12m-02s,236,21582473,28221883,,1.0,1.0,1.0,0,0,0,0,0,0,0,0,0,18,0,18
IPRL+7790ec0a+2023-07-01-09h-42m-14s,172,21582473,28221883,,1.0,1.0,1.0,0,0,0,0,0,0,14,0,14,19,10,19
IPRL+7790ec0a+2023-07-01-09h-53m-06s,857,21582473,28221883,,1.0,1.0,1.0,0,0,0,0,0,0,0,0,0,17,17,0
IPRL+7790ec0a+2023-07-01-10h-15m-22s,718,21582473,28221883,,1.0,1.0,1.0,0,0,0,0,0,0,0,0,0,0,0,0
IPRL+7790ec0a+2023-07-01-10h-19m-16s,550,21582473,28221883,,1.0,1.0,1.0,0,0,0,0,0,0,0,0,0,0,0,0
IPRL+7790ec0a+2023-07-01-10h-26m-31s,372,21582473,28221883,,1.0,1.0,1.0,0,0,0,0,0,0,12,12,0,17,17,0
IPRL+7790ec0a+2023-07-01-10h-27m-05s,420,21582473,28221883,,1.0,1.0,1.0,0,0,0,0,0,0,20,15,20,24,21,24
IPRL+7790ec0a+2023-07-01-10h-33m-09s,342,21582473,28221883,,1.0,1.0,1.0,0,0,0,0,0,0,0,0,0,15,14,15
IPRL+7790ec0a+2023-07-01-11h-36m-05s,163,21582473,28221883,,1.0,1.0,1.0,0,0,0,0,0,0,0,0,0,11,11,0
IPRL+7790ec0a+2023-10-07-15h-41m-14s,338,27432424,28221883,,1.0,1.0,1.0,0,0,0,0,0,0,0,0,0,0,0,0
IPRL+89b42cd2+2023-11-24-20h-19m-51s,346,27432424,28221883,,1.0,1.0,1.0,0,0,0,0,0,0,0,0,0,0,0,0
IPRL+89b42cd2+2023-11-24-20h-28m-40s,622,27432424,28221883,,1.0,1.0,1.0,0,0,0,0,0,0,0,0,0,0,0,0
IPRL+89b42cd2+2023-11-24-21h-06m-16s,470,27432424,28221883,,1.0,1.0,0.9744680851063829,0,0,0,0,0,0,0,0,0,42,0,42
IPRL+89b42cd2+2023-11-24-21h-09m-27s,1189,27432424,28221883,,1.0,1.0,0.9638351555929352,0,0,0,0,0,0,0,0,0,65,0,65
IPRL+89b42cd2+2023-11-24-21h-21m-26s,311,27432424,28221883,,1.0,1.0,0.34726688102893893,0,0,0,0,0,0,0,0,0,0,0,0
IPRL+89b42cd2+2023-11-24-22h-18m-29s,505,27432424,28221883,,1.0,1.0,1.0,0,0,0,0,0,0,0,0,0,0,0,0
IPRL+89b42cd2+2023-11-27-17h-00m-44s,485,27432424,28221883,,1.0,1.0,0.9567010309278351,0,0,0,0,0,0,0,0,0,13,0,13
IPRL+89b42cd2+2023-11-27-17h-15m-46s,947,27432424,28221883,,1.0,1.0,1.0,0,0,0,0,0,0,0,0,0,0,0,0
IPRL+89b42cd2+2023-11-27-18h-11m-33s,407,27432424,28221883,,1.0,1.0,1.0,0,0,0,0,0,0,0,0,0,0,0,0
IPRL+89b42cd2+2023-11-27-19h-56m-05s,472,27432424,28221883,,1.0,1.0,1.0,0,0,0,0,0,0,131,0,131,143,0,143
IPRL+89b42cd2+2023-11-27-19h-58m-59s,247,27432424,28221883,,1.0,1.0,1.0,0,0,0,0,0,0,30,0,30,50,0,50
IPRL+89b42cd2+2023-11-27-20h-01m-41s,331,27432424,28221883,,1.0,1.0,1.0,0,0,0,0,0,0,0,0,0,0,0,0
IPRL+89b42cd2+2023-11-27-20h-13m-46s,554,27432424,28221883,,1.0,1.0,1.0,0,0,0,38,0,38,40,0,40,43,36,43
IPRL+c850f181+2023-07-01-16h-30m-41s,681,21582473,28221883,,1.0,1.0,1.0,0,0,0,0,0,0,0,0,0,0,0,0
IPRL+edf28ef3+2023-04-23-10h-42m-26s,508,21582473,28221883,,1.0,1.0,1.0,0,0,0,0,0,0,0,0,0,0,0,0
IPRL+edf28ef3+2023-04-23-11h-01m-16s,264,21582473,28221883,,1.0,1.0,1.0,0,0,0,0,0,0,26,26,0,32,32,0
IPRL+edf28ef3+2023-04-23-11h-04m-04s,341,21582473,28221883,,1.0,1.0,1.0,0,0,0,0,0,0,0,0,0,0,0,0
IPRL+edf28ef3+2023-04-23-11h-06m-02s,351,21582473,28221883,,1.0,1.0,1.0,0,0,0,0,0,0,0,0,0,0,0,0
IPRL+edf28ef3+2023-05-12-15h-33m-28s,409,21582473,28221883,,1.0,1.0,0.7921760391198044,0,0,0,0,0,0,22,22,0,30,30,0
IPRL+edf28ef3+2023-05-12-15h-35m-38s,167,21582473,28221883,,1.0,1.0,0.7604790419161677,0,0,0,0,0,0,0,0,0,34,0,34
IPRL+edf28ef3+2023-05-12-16h-06m-57s,278,21582473,28221883,,1.0,1.0,1.0,0,0,0,0,0,0,0,0,0,0,0,0
IPRL+edf28ef3+2023-05-12-16h-35m-59s,542,21582473,28221883,,1.0,1.0,1.0,32,32,0,35,35,0,38,38,0,41,41,0
IPRL+edf28ef3+2023-12-18-15h-42m-35s,150,27432424,28221883,,1.0,1.0,1.0,0,0,0,0,0,0,0,0,0,0,0,0
IPRL+edf28ef3+2023-12-18-15h-46m-44s,215,27432424,28221883,,1.0,1.0,1.0,0,0,0,0,0,0,0,0,0,0,0,0
IPRL+edf28ef3+2023-12-18-15h-52m-44s,114,27432424,28221883,,1.0,1.0,1.0,0,0,0,0,0,0,0,0,0,0,0,0
IPRL+edf28ef3+2023-12-18-15h-54m-46s,169,27432424,28221883,,1.0,1.0,1.0,0,0,0,0,0,0,0,0,0,0,0,0
IPRL+edf28ef3+2023-12-18-16h-00m-46s,116,27432424,28221883,,1.0,1.0,1.0,0,0,0,0,0,0,0,0,0,0,0,0
IPRL+edf28ef3+2023-12-18-16h-05m-10s,130,27432424,28221883,,1.0,1.0,1.0,0,0,0,0,0,0,0,0,0,0,0,0
IPRL+edf28ef3+2023-12-18-16h-05m-46s,106,27432424,28221883,,1.0,1.0,1.0,0,0,0,0,0,0,0,0,0,0,0,0
IPRL+edf28ef3+2023-12-18-16h-07m-26s,101,27432424,28221883,,1.0,1.0,1.0,0,0,0,0,0,0,0,0,0,0,0,0
IPRL+edf28ef3+2023-12-18-16h-09m-03s,96,27432424,28221883,,1.0,1.0,1.0,0,0,0,0,0,0,0,0,0,0,0,0
IPRL+edf28ef3+2023-12-18-16h-14m-21s,98,27432424,28221883,,1.0,1.0,1.0,0,0,0,0,0,0,0,0,0,0,0,0
IPRL+edf28ef3+2023-12-18-16h-16m-08s,89,27432424,28221883,,1.0,1.0,1.0,0,0,0,0,0,0,0,0,0,0,0,0
IPRL+edf28ef3+2023-12-18-16h-24m-51s,315,27432424,28221883,,1.0,1.0,1.0,0,0,0,0,0,0,0,0,0,0,0,0
IPRL+edf28ef3+2023-12-18-16h-25m-59s,125,27432424,28221883,,1.0,1.0,1.0,0,0,0,0,0,0,0,0,0,0,0,0
IPRL+edf28ef3+2023-12-18-16h-39m-28s,115,27432424,28221883,,1.0,1.0,1.0,0,0,0,0,0,0,0,0,0,0,0,0
IPRL+edf28ef3+2023-12-18-16h-40m-46s,122,27432424,28221883,,1.0,1.0,1.0,0,0,0,0,0,0,0,0,0,0,0,0
IPRL+edf28ef3+2023-12-18-17h-02m-47s,137,27432424,28221883,,1.0,1.0,1.0,0,0,0,0,0,0,0,0,0,0,0,0
IPRL+edf28ef3+2023-12-18-17h-07m-44s,138,27432424,28221883,,1.0,1.0,1.0,0,0,0,0,0,0,0,0,0,0,0,0
IPRL+edf28ef3+2023-12-18-17h-08m-02s,217,27432424,28221883,,1.0,1.0,1.0,0,0,0,0,0,0,0,0,0,0,0,0
IPRL+edf28ef3+2023-12-18-17h-11m-15s,116,27432424,28221883,,1.0,1.0,1.0,0,0,0,0,0,0,0,0,0,0,0,0
IPRL+edf28ef3+2023-12-18-17h-14m-34s,97,27432424,28221883,,1.0,1.0,1.0,0,0,0,0,0,0,0,0,0,0,0,0
IPRL+edf28ef3+2023-12-18-17h-25m-01s,106,27432424,28221883,,1.0,1.0,1.0,0,0,0,0,0,0,0,0,0,0,0,0
IPRL+edf28ef3+2023-12-18-17h-25m-49s,101,27432424,28221883,,1.0,1.0,1.0,0,0,0,0,0,0,0,0,0,0,0,0
IPRL+edf28ef3+2023-12-18-17h-26m-04s,114,27432424,28221883,,1.0,1.0,1.0,0,0,0,0,0,0,0,0,0,0,0,0
IPRL+edf28ef3+2023-12-18-17h-27m-12s,93,27432424,28221883,,1.0,1.0,1.0,0,0,0,0,0,0,0,0,0,0,0,0
IPRL+edf28ef3+2023-12-18-17h-54m-06s,296,27432424,28221883,,1.0,1.0,1.0,0,0,0,0,0,0,0,0,0,0,0,0
IPRL+edf28ef3+2023-12-18-18h-29m-51s,243,27432424,28221883,,1.0,1.0,1.0,0,0,0,0,0,0,0,0,0,0,0,0
IPRL+edf28ef3+2023-12-18-18h-52m-57s,218,27432424,28221883,,1.0,1.0,1.0,0,0,0,0,0,0,0,0,0,0,0,0
IPRL+edf28ef3+2023-12-18-19h-06m-50s,158,27432424,28221883,,1.0,1.0,1.0,0,0,0,0,0,0,0,0,0,101,0,101
IPRL+edf28ef3+2023-12-18-19h-14m-43s,256,27432424,28221883,,1.0,1.0,1.0,0,0,0,0,0,0,0,0,0,0,0,0
IPRL+edf28ef3+2023-12-18-19h-15m-28s,229,27432424,28221883,,1.0,1.0,1.0,0,0,0,0,0,0,0,0,0,73,0,73
IPRL+edf28ef3+2023-12-18-20h-24m-09s,288,27432424,28221883,,1.0,1.0,1.0,0,0,0,0,0,0,0,0,0,49,0,49
IPRL+edf28ef3+2023-12-18-20h-41m-14s,304,27432424,28221883,,1.0,1.0,1.0,0,0,0,0,0,0,0,0,0,75,0,75
IPRL+edf28ef3+2023-12-18-21h-03m-16s,850,27432424,28221883,,1.0,1.0,1.0,0,0,0,0,0,0,0,0,0,0,0,0
IPRL+edf28ef3+2023-12-18-22h-42m-31s,329,27432424,28221883,,1.0,1.0,0.8267477203647416,0,0,0,0,0,0,0,0,0,0,0,0
IPRL+edf28ef3+2023-12-18-22h-58m-35s,325,27432424,28221883,,1.0,1.0,1.0,0,0,0,0,0,0,0,0,0,0,0,0
IPRL+edf28ef3+2023-12-18-23h-54m-47s,261,27432424,28221883,,1.0,1.0,1.0,0,0,0,0,0,0,0,0,0,0,0,0
IPRL+edf28ef3+2023-12-19-11h-08m-56s,288,27432424,28221883,,1.0,1.0,0.9444444444444444,0,0,0,0,0,0,0,0,0,0,0,0
IPRL+edf28ef3+2023-12-19-21h-15m-45s,523,27432424,28221883,,1.0,1.0,0.9291338582677166,12,12,0,15,15,0,17,17,0,50,50,0
IPRL+edf28ef3+2023-12-19-22h-17m-20s,146,27432424,28221883,,1.0,1.0,1.0,30,30,0,33,33,0,37,37,26,41,41,30
IPRL+edf28ef3+2023-12-19-22h-26m-56s,189,27432424,28221883,,1.0,1.0,1.0,0,0,0,9,9,0,15,15,0,18,18,0
IPRL+edf28ef3+2023-12-19-22h-57m-34s,151,27432424,28221883,,1.0,1.0,1.0,10,10,0,13,13,0,16,16,0,18,18,0
IPRL+edf28ef3+2023-12-19-23h-04m-44s,141,27432424,28221883,,1.0,1.0,1.0,29,29,0,31,31,0,33,33,0,35,35,29
IPRL+edf28ef3+2023-12-20-12h-04m-47s,429,27432424,28221883,,1.0,1.0,1.0,0,0,0,0,0,0,0,0,0,0,0,0
IPRL+edf28ef3+2023-12-20-12h-28m-16s,485,27432424,28221883,,1.0,1.0,0.6630669546436285,18,18,0,22,22,0,30,30,0,38,38,0
IPRL+edf28ef3+2023-12-20-12h-46m-02s,326,27432424,28221883,,1.0,1.0,0.9785276073619632,0,0,0,0,0,0,40,40,0,60,60,0
IPRL+edf28ef3+2023-12-20-12h-49m-22s,730,27432424,28221883,,1.0,1.0,1.0,0,0,0,0,0,0,26,26,0,39,39,0
IPRL+edf28ef3+2023-12-20-13h-11m-41s,218,27432424,28221883,,1.0,1.0,1.0,17,17,0,20,20,0,25,25,0,28,28,0
IPRL+edf28ef3+2023-12-20-14h-54m-21s,233,27432424,28221883,,1.0,1.0,1.0,27,27,0,34,34,0,53,53,0,58,58,0
IPRL+edf28ef3+2023-12-20-14h-56m-03s,561,27432424,28221883,,1.0,1.0,1.0,23,23,0,27,27,0,41,41,0,45,45,0
IPRL+edf28ef3+2023-12-20-15h-37m-25s,172,27432424,28221883,,1.0,1.0,1.0,17,17,0,20,20,0,23,23,0,26,26,0
IPRL+edf28ef3+2024-01-01-10h-24m-59s,191,27432424,28221883,,1.0,1.0,1.0,0,0,0,0,0,0,0,0,0,0,0,0
IPRL+edf28ef3+2024-01-01-10h-34m-34s,149,27432424,28221883,,1.0,1.0,1.0,0,0,0,0,0,0,0,0,0,0,0,0
IPRL+edf28ef3+2024-01-01-10h-46m-29s,150,27432424,28221883,,1.0,1.0,1.0,0,0,0,0,0,0,0,0,0,0,0,0
IPRL+edf28ef3+2024-01-01-10h-46m-51s,154,27432424,28221883,,1.0,1.0,1.0,0,0,0,0,0,0,0,0,0,0,0,0
IPRL+edf28ef3+2024-01-01-10h-49m-15s,122,27432424,28221883,,1.0,1.0,1.0,0,0,0,0,0,0,0,0,0,0,0,0
IPRL+edf28ef3+2024-01-01-10h-59m-47s,273,27432424,28221883,,1.0,1.0,1.0,0,0,0,0,0,0,0,0,0,0,0,0
IPRL+edf28ef3+2024-01-01-11h-05m-23s,195,27432424,28221883,,1.0,1.0,1.0,0,0,0,0,0,0,0,0,0,0,0,0
IPRL+edf28ef3+2024-01-01-11h-06m-52s,255,27432424,28221883,,1.0,1.0,1.0,0,0,0,0,0,0,0,0,0,0,0,0
IPRL+edf28ef3+2024-01-01-11h-11m-30s,187,27432424,28221883,,1.0,1.0,1.0,0,0,0,0,0,0,0,0,0,0,0,0
IPRL+edf28ef3+2024-01-01-11h-14m-54s,326,27432424,28221883,,1.0,1.0,1.0,0,0,0,0,0,0,0,0,0,0,0,0
IPRL+edf28ef3+2024-01-01-11h-28m-05s,205,27432424,28221883,,1.0,1.0,1.0,0,0,0,0,0,0,0,0,0,0,0,0
IPRL+edf28ef3+2024-01-01-11h-38m-26s,231,27432424,28221883,,1.0,1.0,1.0,0,0,0,0,0,0,0,0,0,0,0,0
IPRL+edf28ef3+2024-01-01-12h-02m-26s,162,27432424,28221883,,1.0,1.0,1.0,0,0,0,0,0,0,0,0,0,0,0,0
IPRL+edf28ef3+2024-01-01-12h-17m-01s,362,27432424,28221883,,1.0,1.0,1.0,0,0,0,0,0,0,0,0,0,0,0,0
IPRL+edf28ef3+2024-01-01-12h-23m-27s,293,27432424,28221883,,1.0,1.0,1.0,0,0,0,0,0,0,0,0,0,0,0,0
IPRL+edf28ef3+2024-01-01-12h-32m-17s,256,27432424,28221883,,1.0,1.0,1.0,0,0,0,0,0,0,0,0,0,0,0,0
IPRL+edf28ef3+2024-01-01-12h-37m-15s,211,27432424,28221883,,1.0,1.0,1.0,0,0,0,0,0,0,0,0,0,0,0,0
IPRL+edf28ef3+2024-01-01-17h-53m-19s,195,27432424,28221883,,1.0,1.0,1.0,0,0,0,0,0,0,0,0,0,0,0,0
IPRL+edf28ef3+2024-01-01-17h-54m-33s,255,27432424,28221883,,1.0,1.0,1.0,0,0,0,0,0,0,0,0,0,0,0,0
IPRL+edf28ef3+2024-01-01-18h-07m-51s,171,27432424,28221883,,1.0,1.0,1.0,0,0,0,0,0,0,0,0,0,0,0,0
IPRL+edf28ef3+2024-01-01-18h-08m-13s,134,27432424,28221883,,1.0,1.0,1.0,0,0,0,0,0,0,0,0,0,0,0,0
IPRL+edf28ef3+2024-01-02-10h-22m-08s,1360,27432424,28221883,,1.0,1.0,1.0,0,0,0,24,24,0,34,34,0,50,50,0
IPRL+edf28ef3+2024-01-02-10h-39m-13s,2016,27432424,28221883,,1.0,1.0,1.0,14,14,0,17,17,0,23,23,0,37,37,0
IPRL+edf28ef3+2024-01-02-10h-50m-10s,1806,27432424,28221883,,1.0,1.0,1.0,22,22,0,25,25,0,40,40,0,42,42,0
IPRL+edf28ef3+2024-01-02-10h-54m-10s,1338,27432424,28221883,,1.0,1.0,1.0,17,17,0,20,20,0,23,23,0,36,36,0
IPRL+edf28ef3+2024-01-02-10h-58m-33s,1001,27432424,28221883,,1.0,1.0,1.0,26,26,0,29,29,0,45,45,0,49,49,0
IPRL+edf28ef3+2024-01-02-12h-14m-54s,94,27432424,28221883,,0.8333333333333334,1.0,1.0,15,15,0,26,26,0,61,61,0,-1,-1,0
IPRL+edf28ef3+2024-01-02-13h-02m-06s,1458,27432424,28221883,,0.8703703703703703,1.0,0.07604895104895106,3,3,0,314,314,0,782,782,0,-1,-1,0
IPRL+edf28ef3+2024-01-02-15h-21m-01s,2437,27432424,28221883,,1.0,1.0,0.9449851883199323,0,0,0,74,74,0,77,77,0,80,80,0
IPRL+edf28ef3+2024-01-02-20h-28m-23s,295,27432424,28221883,,0.0,1.0,0.0,-1,-1,0,-1,-1,0,-1,-1,0,-1,-1,0
IPRL+edf28ef3+2024-01-02-20h-59m-43s,776,27432424,28221883,,0.0,1.0,0.0,-1,-1,0,-1,-1,0,-1,-1,0,-1,-1,0
IPRL+edf28ef3+2024-01-02-21h-03m-31s,404,27432424,28221883,,0.0,1.0,0.0,-1,-1,0,-1,-1,0,-1,-1,0,-1,-1,0
IPRL+edf28ef3+2024-01-02-21h-13m-34s,499,27432424,28221883,,0.25925925925925924,1.0,0.0,0,0,0,-1,-1,0,-1,-1,0,-1,-1,0
IPRL+edf28ef3+2024-01-02-22h-27m-04s,1310,27432424,28221883,,1.0,1.0,1.0,0,0,0,0,0,0,0,0,0,0,0,0
IPRL+w026bb9b+2023-04-20-23h-02m-05s,214,21582473,28221883,,1.0,1.0,0.54421768707483,62,0,62,67,0,67,75,63,75,81,68,81
IPRL+w026bb9b+2023-04-20-23h-08m-29s,349,21582473,28221883,,1.0,1.0,0.5037593984962406,80,32,80,83,79,83,88,83,88,109,86,109
IPRL+w026bb9b+2023-04-20-23h-22m-49s,153,21582473,28221883,,1.0,0.9814814814814815,0.8032786885245902,19,0,19,31,0,31,49,0,49,-1,22,-1
IPRL+w026bb9b+2023-04-20-23h-33m-44s,180,21582473,28221883,,1.0,1.0,1.0,40,0,40,43,0,43,50,0,50,64,45,64
IPRL+w026bb9b+2023-04-20-23h-46m-13s,421,21582473,28221883,,1.0,1.0,1.0,0,0,0,0,0,0,23,0,23,41,0,41
IPRL+w026bb9b+2023-04-21-00h-10m-46s,190,21582473,28221883,,1.0,0.8703703703703703,0.831081081081081,34,0,34,42,0,42,56,0,56,-1,0,-1
IPRL+w026bb9b+2023-04-21-00h-27m-34s,135,21582473,28221883,,1.0,0.8518518518518519,0.8518518518518519,22,0,22,27,0,27,60,0,60,-1,18,-1
IPRL+w026bb9b+2023-04-21-00h-28m-25s,66,21582473,28221883,,1.0,1.0,1.0,19,0,19,23,0,23,27,10,27,30,15,30
IPRL+w026bb9b+2023-04-21-00h-35m-57s,219,21582473,28221883,,1.0,1.0,1.0,42,0,42,46,20,46,61,32,61,68,37,68
IPRL+w026bb9b+2023-04-21-00h-48m-34s,163,21582473,28221883,,1.0,0.9074074074074074,0.3897058823529412,20,0,20,27,0,27,45,0,45,-1,15,-1
IPRL+w026bb9b+2023-09-22-17h-41m-52s,336,27432424,28221883,,1.0,1.0,1.0,0,0,0,0,0,0,0,0,0,0,0,0
IPRL+w026bb9b+2023-09-22-17h-53m-21s,322,27432424,28221883,,1.0,1.0,1.0,0,0,0,0,0,0,0,0,0,0,0,0
IPRL+w026bb9b+2023-09-22-18h-05m-40s,268,27432424,28221883,,1.0,1.0,0.9253731343283582,0,0,0,0,0,0,0,0,0,0,0,0
IPRL+w026bb9b+2023-09-22-18h-14m-54s,326,27432424,28221883,,1.0,1.0,1.0,0,0,0,0,0,0,0,0,0,0,0,0
IPRL+w026bb9b+2023-09-22-18h-19m-29s,332,27432424,28221883,,1.0,1.0,1.0,0,0,0,0,0,0,0,0,0,0,0,0
IPRL+w026bb9b+2023-09-22-18h-29m-49s,223,27432424,28221883,,1.0,1.0,1.0,0,0,0,0,0,0,14,14,0,22,22,0
IPRL+w026bb9b+2023-09-22-18h-40m-41s,1095,27432424,28221883,,1.0,1.0,1.0,0,0,0,0,0,0,0,0,0,0,0,0
IPRL+w026bb9b+2023-09-22-19h-06m-41s,202,27432424,28221883,,1.0,1.0,1.0,0,0,0,0,0,0,0,0,0,0,0,0
IPRL+w026bb9b+2023-09-22-19h-18m-58s,273,27432424,28221883,,1.0,1.0,1.0,0,0,0,0,0,0,0,0,0,24,24,0
IPRL+w026bb9b+2023-09-22-19h-30m-08s,168,27432424,28221883,,1.0,1.0,1.0,0,0,0,0,0,0,0,0,0,0,0,0
IPRL+w026bb9b+2023-09-22-19h-43m-58s,157,27432424,28221883,,1.0,1.0,1.0,0,0,0,0,0,0,0,0,0,0,0,0
IPRL+w026bb9b+2023-09-22-19h-51m-11s,84,27432424,28221883,,1.0,1.0,1.0,0,0,0,0,0,0,0,0,0,0,0,0
IPRL+w026bb9b+2023-09-22-19h-51m-50s,94,27432424,28221883,,1.0,1.0,1.0,0,0,0,0,0,0,0,0,0,0,0,0
IPRL+w026bb9b+2023-09-22-19h-52m-33s,124,27432424,28221883,,1.0,1.0,1.0,0,0,0,0,0,0,0,0,0,0,0,0
IPRL+w026bb9b+2023-09-22-19h-54m-19s,195,27432424,28221883,,1.0,1.0,1.0,0,0,0,0,0,0,23,23,0,27,27,0
IPRL+w026bb9b+2023-09-22-19h-58m-25s,154,27432424,28221883,,1.0,1.0,1.0,0,0,0,0,0,0,0,0,0,19,19,0
IPRL+w026bb9b+2023-09-22-20h-07m-26s,242,27432424,28221883,,1.0,1.0,0.8347107438016529,0,0,0,0,0,0,0,0,0,0,0,0
IPRL+w026bb9b+2023-09-22-20h-12m-31s,124,27432424,28221883,,1.0,1.0,1.0,0,0,0,0,0,0,0,0,0,0,0,0
IPRL+w026bb9b+2023-09-22-20h-50m-19s,157,27432424,28221883,,1.0,1.0,1.0,0,0,0,0,0,0,0,0,0,0,0,0
IPRL+w026bb9b+2023-09-22-22h-26m-35s,164,27432424,28221883,,1.0,1.0,1.0,0,0,0,0,0,0,0,0,0,0,0,0
IPRL+w026bb9b+2023-09-22-22h-57m-01s,145,27432424,28221883,,1.0,1.0,1.0,0,0,0,0,0,0,0,0,0,20,20,0
IPRL+w026bb9b+2023-09-22-23h-19m-14s,267,27432424,28221883,,1.0,1.0,1.0,0,0,0,0,0,0,0,0,0,0,0,0
IPRL+w026bb9b+2023-09-22-23h-46m-18s,149,27432424,28221883,,1.0,1.0,1.0,0,0,0,0,0,0,18,18,0,28,28,0
IPRL+w026bb9b+2023-09-23-03h-00m-36s,104,27432424,28221883,,1.0,1.0,1.0,0,0,0,0,0,0,0,0,0,0,0,0
IRIS+0db32f7c+2023-12-07-14h-06m-52s,808,23404442,29838012,,1.0,1.0,1.0,22,0,22,82,0,82,89,25,89,92,83,92
IRIS+226b9f35+2023-07-10-19h-43m-13s,413,23404442,29838012,,1.0,1.0,1.0,0,0,0,36,0,36,42,0,42,78,78,74
IRIS+226b9f35+2023-07-10-20h-00m-45s,468,23404442,29838012,,1.0,1.0,1.0,0,0,0,0,0,0,0,0,0,50,50,48
IRIS+226b9f35+2023-07-11-11h-46m-06s,312,23404442,29838012,,0.8333333333333334,1.0,0.125,0,0,0,0,0,0,0,0,0,-1,-1,0
IRIS+226b9f35+2023-07-11-12h-47m-47s,218,23404442,29838012,,1.0,1.0,1.0,0,0,0,0,0,0,10,0,10,16,0,16
IRIS+226b9f35+2023-07-11-12h-51m-21s,453,23404442,29838012,,1.0,0.8518518518518519,0.41721854304635764,0,0,0,0,0,0,116,0,116,-1,0,-1
IRIS+226b9f35+2023-07-11-13h-00m-50s,582,23404442,29838012,,1.0,0.9074074074074074,0.20052083333333334,182,0,139,198,0,178,-1,0,205,-1,43,-1
IRIS+226b9f35+2023-07-11-13h-15m-33s,367,23404442,29838012,,1.0,0.2222222222222222,0.0,-1,0,-1,-1,0,-1,-1,0,-1,-1,0,-1
IRIS+226b9f35+2023-07-11-13h-22m-48s,276,23404442,29838012,,1.0,1.0,0.4166666666666667,40,0,40,48,0,48,105,20,105,126,42,126
IRIS+226b9f35+2023-07-11-13h-35m-43s,294,23404442,29838012,,1.0,0.6666666666666666,1.0,10,0,10,187,0,187,-1,0,-1,-1,8,-1
IRIS+226b9f35+2023-07-11-21h-57m-23s,294,23404442,29838012,,1.0,1.0,1.0,0,0,0,0,0,0,0,0,0,0,0,0
IRIS+226b9f35+2023-07-11-22h-02m-09s,188,23404442,29838012,,1.0,1.0,1.0,0,0,0,0,0,0,0,0,0,0,0,0
IRIS+226b9f35+2023-07-11-22h-22m-39s,583,23404442,29838012,,1.0,1.0,1.0,0,0,0,0,0,0,0,0,0,0,0,0
IRIS+226b9f35+2023-07-11-23h-31m-57s,291,23404442,29838012,,1.0,1.0,1.0,0,0,0,0,0,0,0,0,0,0,0,0
IRIS+226b9f35+2023-07-11-23h-35m-51s,349,23404442,29838012,,1.0,1.0,1.0,0,0,0,0,0,0,0,0,0,0,0,0
IRIS+226b9f35+2023-07-11-23h-36m-55s,300,23404442,29838012,,1.0,1.0,1.0,0,0,0,0,0,0,0,0,0,0,0,0
IRIS+226b9f35+2023-07-11-23h-56m-04s,205,23404442,29838012,,1.0,1.0,1.0,0,0,0,0,0,0,0,0,0,0,0,0
IRIS+226b9f35+2023-07-16-15h-35m-06s,364,23404442,29838012,,1.0,1.0,1.0,0,0,0,0,0,0,0,0,0,40,0,40
IRIS+226b9f35+2023-07-16-16h-44m-16s,202,23404442,29838012,,1.0,1.0,1.0,0,0,0,0,0,0,0,0,0,0,0,0
IRIS+226b9f35+2023-07-16-17h-28m-13s,414,23404442,29838012,,1.0,1.0,0.9009661835748792,0,0,0,0,0,0,0,0,0,0,0,0
IRIS+226b9f35+2023-07-16-17h-30m-15s,245,23404442,29838012,,1.0,1.0,1.0,0,0,0,0,0,0,0,0,0,0,0,0
IRIS+226b9f35+2023-07-18-21h-57m-46s,391,23404442,29838012,,1.0,1.0,1.0,0,0,0,0,0,0,0,0,0,0,0,0
IRIS+226b9f35+2023-07-18-22h-08m-23s,554,23404442,29838012,,1.0,1.0,1.0,0,0,0,0,0,0,0,0,0,0,0,0
IRIS+226b9f35+2023-07-18-22h-10m-38s,204,23404442,29838012,,1.0,1.0,1.0,0,0,0,0,0,0,0,0,0,0,0,0
IRIS+226b9f35+2023-07-18-22h-25m-35s,439,23404442,29838012,,1.0,1.0,1.0,0,0,0,0,0,0,0,0,0,0,0,0
IRIS+226b9f35+2023-07-18-22h-28m-20s,1194,23404442,29838012,,1.0,1.0,1.0,0,0,0,0,0,0,0,0,0,0,0,0
IRIS+226b9f35+2023-07-18-22h-38m-05s,570,23404442,29838012,,1.0,1.0,0.8596491228070176,0,0,0,0,0,0,0,0,0,0,0,0
IRIS+226b9f35+2023-07-18-22h-45m-45s,397,23404442,29838012,,1.0,1.0,1.0,0,0,0,0,0,0,0,0,0,0,0,0
IRIS+226b9f35+2023-07-18-22h-56m-18s,494,23404442,29838012,,1.0,1.0,1.0,0,0,0,0,0,0,0,0,0,0,0,0
IRIS+226b9f35+2023-10-31-18h-40m-41s,124,23404442,29838012,,1.0,1.0,1.0,11,11,0,16,16,0,30,30,11,34,34,17
IRIS+7dfa2da3+2023-04-13-15h-04m-58s,246,23404442,29838012,,1.0,1.0,1.0,41,0,41,46,0,46,57,0,57,63,0,63
IRIS+7dfa2da3+2023-04-13-15h-12m-56s,243,23404442,29838012,,1.0,1.0,1.0,0,0,0,40,0,40,50,0,50,55,0,55
IRIS+7dfa2da3+2023-04-13-15h-24m-31s,283,23404442,29838012,,1.0,1.0,0.8870967741935484,0,0,0,35,0,35,42,0,42,51,0,51
IRIS+7dfa2da3+2023-04-17-15h-42m-53s,259,23404442,29838012,,1.0,1.0,1.0,0,0,0,0,0,0,0,0,0,0,0,0
IRIS+7dfa2da3+2023-04-17-15h-47m-31s,284,23404442,29838012,,1.0,1.0,1.0,0,0,0,0,0,0,22,0,22,31,0,31
IRIS+7dfa2da3+2023-04-17-15h-52m-19s,224,23404442,29838012,,1.0,1.0,1.0,0,0,0,0,0,0,0,0,0,0,0,0
IRIS+7dfa2da3+2023-04-17-15h-53m-42s,225,23404442,29838012,,1.0,1.0,1.0,0,0,0,0,0,0,0,0,0,0,0,0
IRIS+7dfa2da3+2023-04-17-15h-56m-36s,468,23404442,29838012,,1.0,1.0,1.0,0,0,0,0,0,0,0,0,0,0,0,0
IRIS+7dfa2da3+2023-04-18-10h-47m-59s,223,23404442,29838012,,1.0,1.0,1.0,0,0,0,0,0,0,0,0,0,25,0,25
IRIS+7dfa2da3+2023-04-18-10h-48m-25s,293,23404442,29838012,,1.0,1.0,1.0,0,0,0,19,0,19,27,0,27,33,0,33
IRIS+7dfa2da3+2023-04-18-11h-30m-20s,174,23404442,29838012,,1.0,1.0,0.9102564102564102,0,0,0,18,0,18,36,0,36,57,0,57
IRIS+7dfa2da3+2023-04-18-11h-56m-29s,377,23404442,29838012,,1.0,1.0,1.0,55,0,55,64,0,64,78,0,78,105,0,105
IRIS+7dfa2da3+2023-04-19-10h-09m-32s,249,23404442,29838012,,1.0,1.0,1.0,66,0,66,84,0,84,104,0,104,112,0,112
IRIS+7dfa2da3+2023-04-26-09h-52m-21s,267,23404442,29838012,,1.0,1.0,1.0,0,0,0,42,42,0,53,53,0,75,75,0
IRIS+7dfa2da3+2023-04-26-10h-12m-33s,228,23404442,29838012,,1.0,1.0,0.9429824561403509,0,0,0,0,0,0,33,33,0,39,39,0
IRIS+7dfa2da3+2023-04-26-10h-13m-10s,245,23404442,29838012,,1.0,1.0,1.0,37,37,0,42,42,0,48,48,0,57,57,23
IRIS+7dfa2da3+2023-04-26-10h-14m-27s,206,23404442,29838012,,1.0,1.0,0.941747572815534,0,0,0,0,0,0,33,33,0,39,39,0
IRIS+7dfa2da3+2023-04-27-14h-58m-52s,225,23404442,29838012,,1.0,1.0,1.0,28,28,0,31,31,0,34,34,0,40,40,0
IRIS+7dfa2da3+2023-04-27-15h-04m-15s,218,23404442,29838012,,1.0,1.0,1.0,27,27,0,31,31,0,35,35,0,38,38,0
IRIS+7dfa2da3+2023-04-27-15h-10m-30s,369,23404442,29838012,,1.0,1.0,0.758957654723127,36,36,0,62,62,0,202,202,0,208,208,0
IRIS+7dfa2da3+2023-04-27-15h-12m-20s,229,23404442,29838012,,1.0,1.0,0.9690721649484536,0,0,0,35,35,0,46,46,0,69,69,0
IRIS+7dfa2da3+2023-04-27-15h-40m-48s,252,23404442,29838012,,1.0,1.0,1.0,0,0,0,25,23,25,29,27,29,32,30,32
IRIS+7dfa2da3+2023-05-03-09h-35m-38s,198,23404442,29838012,,1.0,1.0,1.0,0,0,0,0,0,0,0,0,0,18,18,18
IRIS+7dfa2da3+2023-05-03-09h-52m-20s,234,23404442,29838012,,1.0,1.0,1.0,0,0,0,0,0,0,15,15,15,25,25,22
IRIS+7dfa2da3+2023-05-03-09h-52m-51s,286,23404442,29838012,,1.0,1.0,1.0,0,0,0,0,0,0,0,0,0,0,0,0
IRIS+7dfa2da3+2023-05-03-09h-55m-32s,186,23404442,29838012,,1.0,1.0,1.0,0,0,0,0,0,0,0,0,0,0,0,0
IRIS+7dfa2da3+2023-05-05-10h-14m-39s,153,23404442,29838012,,1.0,1.0,1.0,11,0,11,18,0,18,26,0,26,31,20,31
IRIS+7dfa2da3+2023-05-05-10h-19m-44s,182,23404442,29838012,,1.0,1.0,1.0,24,0,24,32,27,32,36,31,36,41,34,41
IRIS+7dfa2da3+2023-05-05-10h-22m-47s,162,23404442,29838012,,1.0,1.0,0.9444444444444444,0,0,0,0,0,0,29,0,29,39,23,39
IRIS+7dfa2da3+2023-05-05-10h-25m-03s,126,23404442,29838012,,1.0,1.0,1.0,15,13,15,17,16,17,19,19,19,22,21,22
IRIS+7dfa2da3+2023-05-05-10h-29m-21s,137,23404442,29838012,,1.0,1.0,1.0,18,18,17,26,24,26,32,28,32,39,33,39
IRIS+7dfa2da3+2023-05-05-10h-32m-20s,154,23404442,29838012,,1.0,1.0,1.0,22,16,22,34,19,34,41,23,41,63,29,63
IRIS+7dfa2da3+2023-05-05-10h-43m-22s,103,23404442,29838012,,1.0,1.0,1.0,0,0,0,13,0,13,18,12,18,23,17,23
IRIS+7dfa2da3+2023-05-05-10h-47m-40s,161,23404442,29838012,,1.0,1.0,1.0,14,14,14,25,17,25,37,25,37,42,33,42
IRIS+7dfa2da3+2023-05-05-10h-49m-34s,128,23404442,29838012,,1.0,1.0,1.0,0,0,0,11,0,11,16,14,16,21,20,21
IRIS+7dfa2da3+2023-05-05-10h-59m-22s,123,23404442,29838012,,1.0,1.0,1.0,13,13,13,16,16,16,20,19,20,26,22,26
IRIS+7dfa2da3+2023-05-05-11h-00m-57s,169,23404442,29838012,,1.0,1.0,1.0,33,0,33,51,23,51,58,30,58,70,36,70
IRIS+7dfa2da3+2023-05-05-11h-13m-19s,221,23404442,29838012,,1.0,1.0,0.9418604651162791,40,27,40,49,35,49,78,41,78,87,46,87
IRIS+7dfa2da3+2023-05-05-11h-14m-21s,175,23404442,29838012,,1.0,1.0,1.0,33,25,33,38,28,38,60,31,60,68,36,68
IRIS+7dfa2da3+2023-05-05-11h-15m-43s,137,23404442,29838012,,1.0,1.0,1.0,18,18,18,21,21,21,24,23,24,27,26,27
IRIS+7dfa2da3+2023-05-05-11h-22m-24s,153,23404442,29838012,,1.0,1.0,0.8888888888888888,42,37,42,45,40,45,47,44,47,50,47,50
IRIS+7dfa2da3+2023-05-05-11h-24m-25s,115,23404442,29838012,,1.0,1.0,1.0,0,0,0,21,9,21,25,16,25,29,22,29
IRIS+7dfa2da3+2023-05-05-11h-27m-51s,247,23404442,29838012,,1.0,1.0,1.0,0,0,0,14,0,14,19,16,19,23,20,23
IRIS+7dfa2da3+2023-05-05-11h-28m-43s,178,23404442,29838012,,1.0,1.0,1.0,0,0,0,28,0,28,38,22,38,61,29,61
IRIS+7dfa2da3+2023-05-05-11h-46m-45s,148,23404442,29838012,,1.0,1.0,1.0,0,0,0,27,0,27,35,11,35,44,18,44
IRIS+7dfa2da3+2023-05-05-11h-47m-08s,114,23404442,29838012,,1.0,1.0,1.0,17,0,17,19,15,19,22,18,22,26,21,26
IRIS+7dfa2da3+2023-05-05-11h-53m-05s,265,23404442,29838012,,1.0,1.0,1.0,21,21,21,25,25,25,29,29,28,33,33,33
IRIS+7dfa2da3+2023-05-05-11h-57m-40s,122,23404442,29838012,,1.0,1.0,1.0,0,0,0,20,16,20,26,23,26,31,26,31
IRIS+7dfa2da3+2023-05-08-14h-35m-09s,171,23404442,29838012,,1.0,1.0,1.0,13,13,10,20,16,20,26,19,26,45,27,45
IRIS+7dfa2da3+2023-05-08-14h-36m-35s,180,23404442,29838012,,1.0,1.0,1.0,0,0,0,26,0,26,32,0,32,50,33,50
IRIS+7dfa2da3+2023-05-08-15h-29m-33s,173,23404442,29838012,,1.0,1.0,0.8482142857142857,48,37,48,61,55,61,77,68,77,100,83,100
IRIS+7dfa2da3+2023-05-08-15h-58m-24s,196,23404442,29838012,,1.0,1.0,1.0,23,23,23,29,28,29,34,32,34,39,36,39
IRIS+7dfa2da3+2023-05-08-16h-13m-44s,187,23404442,29838012,,1.0,1.0,1.0,0,0,0,0,0,0,0,0,0,13,13,0
IRIS+7dfa2da3+2023-05-08-16h-15m-17s,257,23404442,29838012,,1.0,1.0,1.0,0,0,0,0,0,0,0,0,0,0,0,0
IRIS+7dfa2da3+2023-05-11-14h-07m-32s,149,23404442,29838012,,1.0,1.0,1.0,0,0,0,0,0,0,0,0,0,0,0,0
IRIS+7dfa2da3+2023-05-11-14h-13m-53s,179,23404442,29838012,,1.0,1.0,1.0,0,0,0,0,0,0,0,0,0,0,0,0
IRIS+7dfa2da3+2023-05-11-14h-27m-22s,159,23404442,29838012,,1.0,1.0,1.0,0,0,0,0,0,0,0,0,0,0,0,0
IRIS+7dfa2da3+2023-05-11-14h-56m-58s,243,23404442,29838012,,1.0,1.0,0.9683544303797469,68,0,68,85,0,85,92,0,92,100,36,100
IRIS+7dfa2da3+2023-05-11-15h-14m-30s,205,23404442,29838012,,1.0,1.0,1.0,53,0,53,58,0,58,63,0,63,80,29,80
IRIS+7dfa2da3+2023-05-11-15h-14m-54s,169,23404442,29838012,,1.0,1.0,1.0,26,0,26,32,0,32,38,0,38,53,21,53
IRIS+7dfa2da3+2023-05-11-15h-16m-40s,202,23404442,29838012,,1.0,1.0,1.0,33,0,33,42,0,42,62,0,62,72,0,72
IRIS+7dfa2da3+2023-05-11-15h-17m-03s,254,23404442,29838012,,1.0,1.0,0.9487179487179487,0,0,0,20,0,20,40,0,40,52,0,52
IRIS+7dfa2da3+2023-05-11-15h-27m-22s,260,23404442,29838012,,1.0,1.0,1.0,0,0,0,24,24,0,54,54,0,60,60,0
IRIS+7dfa2da3+2023-05-11-15h-27m-53s,173,23404442,29838012,,1.0,1.0,1.0,21,21,0,27,27,0,32,32,0,47,47,0
IRIS+7dfa2da3+2023-05-11-15h-32m-38s,172,23404442,29838012,,1.0,1.0,1.0,0,0,0,0,0,0,55,55,0,93,69,0
IRIS+7dfa2da3+2023-05-11-15h-33m-05s,197,23404442,29838012,,1.0,1.0,1.0,0,0,0,12,12,0,18,18,0,23,23,0
IRIS+7dfa2da3+2023-05-11-15h-37m-39s,176,23404442,29838012,,1.0,1.0,1.0,15,15,0,19,19,0,23,23,0,28,28,13
IRIS+7dfa2da3+2023-05-11-15h-49m-17s,389,23404442,29838012,,1.0,1.0,1.0,0,0,0,0,0,0,0,0,0,19,19,0
IRIS+7dfa2da3+2023-05-11-15h-51m-30s,137,23404442,29838012,,1.0,1.0,1.0,0,0,0,0,0,0,17,17,0,22,22,0
IRIS+7dfa2da3+2023-05-11-15h-54m-04s,137,23404442,29838012,,1.0,1.0,1.0,19,19,0,21,21,0,24,24,0,26,26,18
IRIS+7dfa2da3+2023-05-12-10h-43m-19s,170,23404442,29838012,,1.0,1.0,0.8407079646017699,40,40,0,57,57,0,65,65,0,78,78,0
IRIS+7dfa2da3+2023-05-12-10h-50m-12s,129,23404442,29838012,,1.0,1.0,1.0,32,32,0,36,36,0,52,52,0,57,57,0
IRIS+7dfa2da3+2023-05-12-10h-54m-37s,157,23404442,29838012,,0.8148148148148148,1.0,0.7415730337078652,53,53,0,68,68,0,90,90,0,-1,-1,0
IRIS+7dfa2da3+2023-05-12-10h-55m-51s,191,23404442,29838012,,0.9074074074074074,1.0,0.6547619047619048,88,88,0,107,107,0,166,166,0,-1,-1,30
IRIS+7dfa2da3+2023-05-12-10h-58m-20s,214,23404442,29838012,,1.0,1.0,0.509090909090909,44,44,0,49,49,0,71,71,0,86,86,0
IRIS+7dfa2da3+2023-05-12-11h-28m-17s,202,23404442,29838012,,1.0,1.0,0.7152317880794702,44,44,11,51,51,16,57,57,21,170,85,46
IRIS+7dfa2da3+2023-05-12-11h-29m-25s,177,23404442,29838012,,1.0,1.0,0.8782608695652174,57,57,14,62,62,21,74,74,28,155,155,39
IRIS+7dfa2da3+2023-05-12-11h-29m-48s,225,23404442,29838012,,1.0,1.0,0.6206896551724138,31,31,21,51,51,23,58,58,25,208,67,30
IRIS+7dfa2da3+2023-05-12-11h-30m-18s,517,23404442,29838012,,1.0,1.0,0.8671171171171171,57,57,14,73,73,22,86,86,31,120,120,52
IRIS+7dfa2da3+2023-05-12-11h-41m-10s,171,23404442,29838012,,1.0,1.0,0.9035087719298246,52,52,0,57,57,0,64,64,0,80,80,34
IRIS+7dfa2da3+2023-05-12-11h-54m-03s,166,23404442,29838012,,1.0,1.0,0.9397590361445783,0,0,0,0,0,0,61,61,0,116,70,0
IRIS+7dfa2da3+2023-05-15-15h-32m-30s,196,23404442,29838012,,1.0,1.0,1.0,0,0,0,0,0,0,15,0,15,24,0,24
IRIS+7dfa2da3+2023-05-15-16h-01m-18s,140,23404442,29838012,,1.0,1.0,1.0,0,0,0,0,0,0,10,0,10,19,0,19
IRIS+7dfa2da3+2023-05-15-16h-07m-54s,185,23404442,29838012,,1.0,1.0,1.0,0,0,0,0,0,0,0,0,0,0,0,0
IRIS+7dfa2da3+2023-05-15-16h-08m-19s,113,23404442,29838012,,1.0,1.0,1.0,0,0,0,0,0,0,0,0,0,0,0,0
IRIS+7dfa2da3+2023-05-15-16h-11m-33s,310,23404442,29838012,,1.0,1.0,1.0,0,0,0,0,0,0,0,0,0,0,0,0
IRIS+7dfa2da3+2023-05-15-16h-20m-25s,137,23404442,29838012,,1.0,1.0,1.0,0,0,0,0,0,0,0,0,0,0,0,0
IRIS+7dfa2da3+2023-05-17-09h-31m-48s,137,23404442,29838012,,1.0,1.0,1.0,0,0,0,0,0,0,0,0,0,0,0,0
IRIS+7dfa2da3+2023-05-17-09h-35m-21s,182,23404442,29838012,,1.0,1.0,1.0,0,0,0,0,0,0,0,0,0,0,0,0
IRIS+7dfa2da3+2023-05-18-13h-57m-15s,161,23404442,29838012,,1.0,1.0,1.0,0,0,0,0,0,0,0,0,0,0,0,0
IRIS+7dfa2da3+2023-05-18-14h-04m-35s,173,23404442,29838012,,1.0,1.0,0.7687861271676301,0,0,0,0,0,0,0,0,0,0,0,0
IRIS+7dfa2da3+2023-05-18-14h-16m-19s,141,23404442,29838012,,1.0,1.0,1.0,0,0,0,0,0,0,0,0,0,0,0,0
IRIS+7dfa2da3+2023-05-18-14h-49m-06s,163,23404442,29838012,,1.0,1.0,1.0,0,0,0,0,0,0,0,0,0,0,0,0
IRIS+7dfa2da3+2023-05-18-15h-12m-08s,102,23404442,29838012,,1.0,1.0,1.0,0,0,0,0,0,0,0,0,0,0,0,0
IRIS+7dfa2da3+2023-05-18-15h-18m-42s,215,23404442,29838012,,1.0,1.0,1.0,0,0,0,0,0,0,0,0,0,0,0,0
IRIS+7dfa2da3+2023-05-19-10h-25m-10s,277,23404442,29838012,,1.0,1.0,1.0,0,0,0,0,0,0,0,0,0,0,0,0
IRIS+7dfa2da3+2023-05-19-10h-28m-14s,237,23404442,29838012,,1.0,1.0,1.0,0,0,0,0,0,0,0,0,0,0,0,0
IRIS+7dfa2da3+2023-05-19-10h-46m-07s,150,23404442,29838012,,1.0,1.0,1.0,0,0,0,0,0,0,0,0,0,0,0,0
IRIS+7dfa2da3+2023-05-22-15h-05m-42s,404,23404442,29838012,,1.0,1.0,1.0,0,0,0,0,0,0,0,0,0,0,0,0
IRIS+7dfa2da3+2023-05-22-15h-07m-51s,213,23404442,29838012,,1.0,1.0,1.0,0,0,0,0,0,0,0,0,0,0,0,0
IRIS+7dfa2da3+2023-05-23-10h-58m-26s,297,23404442,29838012,,1.0,1.0,0.8848920863309353,0,0,0,19,0,19,24,0,24,45,0,45
IRIS+7dfa2da3+2023-05-24-09h-27m-45s,221,23404442,29838012,,1.0,1.0,1.0,0,0,0,0,0,0,0,0,0,0,0,0
IRIS+7dfa2da3+2023-05-24-09h-34m-02s,158,23404442,29838012,,1.0,1.0,0.5822784810126582,0,0,0,0,0,0,0,0,0,0,0,0
IRIS+7dfa2da3+2023-05-24-09h-34m-50s,263,23404442,29838012,,1.0,1.0,1.0,0,0,0,0,0,0,22,22,0,46,46,0
IRIS+7dfa2da3+2023-05-24-09h-49m-28s,234,23404442,29838012,,1.0,1.0,1.0,0,0,0,0,0,0,0,0,0,0,0,0
IRIS+7dfa2da3+2023-05-25-13h-49m-00s,315,23404442,29838012,,1.0,1.0,1.0,0,0,0,199,0,199,204,0,204,210,0,210
IRIS+7dfa2da3+2023-05-25-14h-00m-19s,231,23404442,29838012,,1.0,0.0,0.0,-1,0,-1,-1,0,-1,-1,0,-1,-1,0,-1
IRIS+7dfa2da3+2023-05-25-14h-09m-30s,219,23404442,29838012,,1.0,1.0,0.6529680365296804,0,0,0,0,0,0,0,0,0,0,0,0
IRIS+7dfa2da3+2023-05-25-15h-03m-33s,149,23404442,29838012,,1.0,1.0,1.0,0,0,0,0,0,0,0,0,0,0,0,0
IRIS+7dfa2da3+2023-05-25-15h-31m-42s,591,23404442,29838012,,1.0,1.0,1.0,0,0,0,0,0,0,0,0,0,0,0,0
IRIS+7dfa2da3+2023-06-01-13h-35m-56s,137,23404442,29838012,,1.0,1.0,1.0,0,0,0,0,0,0,0,0,0,35,0,22
IRIS+7dfa2da3+2023-06-01-14h-17m-25s,182,23404442,29838012,,1.0,1.0,1.0,0,0,0,0,0,0,16,0,16,32,0,32
IRIS+7dfa2da3+2023-06-01-14h-51m-09s,148,23404442,29838012,,1.0,1.0,1.0,31,0,31,45,0,45,50,0,50,69,0,69
IRIS+7dfa2da3+2023-06-01-15h-12m-24s,113,23404442,29838012,,1.0,0.6851851851851852,0.6666666666666666,48,0,48,77,0,77,-1,0,-1,-1,0,-1
IRIS+7dfa2da3+2023-06-01-15h-13m-28s,190,23404442,29838012,,1.0,1.0,1.0,10,0,10,27,0,27,33,0,33,37,0,37
IRIS+7dfa2da3+2023-06-01-15h-22m-47s,138,23404442,29838012,,1.0,1.0,1.0,32,0,32,35,0,35,57,0,57,61,0,61
IRIS+7dfa2da3+2023-06-02-10h-53m-00s,194,23404442,29838012,,1.0,1.0,1.0,0,0,0,41,0,41,58,0,58,74,0,74
IRIS+7dfa2da3+2023-06-02-10h-53m-58s,223,23404442,29838012,,1.0,1.0,1.0,0,0,0,0,0,0,0,0,0,44,0,44
IRIS+7dfa2da3+2023-06-02-10h-56m-44s,297,23404442,29838012,,1.0,1.0,0.8821548821548821,0,0,0,0,0,0,19,0,19,34,0,34
IRIS+7dfa2da3+2023-06-02-11h-01m-46s,462,23404442,29838012,,1.0,1.0,0.9632034632034632,0,0,0,0,0,0,0,0,0,0,0,0
IRIS+7dfa2da3+2023-06-02-11h-21m-20s,211,23404442,29838012,,1.0,1.0,0.9004739336492891,0,0,0,0,0,0,22,0,22,38,0,38
IRIS+7dfa2da3+2023-06-05-14h-40m-17s,193,23404442,29838012,,1.0,1.0,1.0,0,0,0,0,0,0,0,0,0,0,0,0
IRIS+7dfa2da3+2023-06-05-16h-06m-09s,143,23404442,29838012,,1.0,1.0,1.0,0,0,0,0,0,0,0,0,0,0,0,0
IRIS+7dfa2da3+2023-06-06-10h-56m-29s,122,23404442,29838012,,1.0,1.0,0.9344262295081968,0,0,0,0,0,0,0,0,0,0,0,0
IRIS+7dfa2da3+2023-06-06-11h-08m-58s,182,23404442,29838012,,1.0,1.0,1.0,0,0,0,0,0,0,0,0,0,0,0,0
IRIS+7dfa2da3+2023-06-06-11h-15m-44s,233,23404442,29838012,,1.0,1.0,1.0,0,0,0,14,0,14,18,0,18,22,0,22
IRIS+7dfa2da3+2023-06-06-11h-22m-09s,171,23404442,29838012,,1.0,1.0,1.0,0,0,0,0,0,0,0,0,0,0,0,0
IRIS+7dfa2da3+2023-06-06-11h-53m-15s,242,23404442,29838012,,1.0,1.0,1.0,0,0,0,0,0,0,41,0,41,56,0,56
IRIS+7dfa2da3+2023-06-07-09h-49m-14s,168,23404442,29838012,,1.0,1.0,1.0,16,0,16,21,0,21,25,0,25,38,0,38
IRIS+7dfa2da3+2023-06-07-09h-49m-34s,149,23404442,29838012,,1.0,1.0,1.0,0,0,0,10,0,10,13,0,13,16,0,16
IRIS+7dfa2da3+2023-06-07-09h-52m-11s,198,23404442,29838012,,1.0,1.0,0.9191919191919192,0,0,0,0,0,0,14,0,14,21,0,21
IRIS+7dfa2da3+2023-06-07-09h-53m-57s,178,23404442,29838012,,1.0,1.0,1.0,0,0,0,10,0,10,15,0,15,17,0,17
IRIS+7dfa2da3+2023-06-07-10h-10m-39s,127,23404442,29838012,,1.0,1.0,1.0,0,0,0,0,0,0,16,0,16,18,0,18
IRIS+7dfa2da3+2023-06-08-15h-11m-33s,190,23404442,29838012,,1.0,1.0,1.0,0,0,0,0,0,0,11,0,11,18,0,18
IRIS+7dfa2da3+2023-06-08-15h-43m-52s,200,23404442,29838012,,1.0,1.0,1.0,0,0,0,0,0,0,0,0,0,14,0,14
IRIS+7dfa2da3+2023-06-08-15h-44m-32s,170,23404442,29838012,,1.0,1.0,1.0,21,20,21,26,26,25,29,29,29,43,43,33
IRIS+7dfa2da3+2023-06-12-14h-49m-21s,648,23404442,29838012,,1.0,1.0,0.9753086419753086,0,0,0,0,0,0,0,0,0,19,0,19
IRIS+7dfa2da3+2023-06-12-14h-54m-18s,156,23404442,29838012,,1.0,1.0,1.0,0,0,0,0,0,0,0,0,0,0,0,0
IRIS+7dfa2da3+2023-06-12-15h-16m-07s,110,23404442,29838012,,1.0,1.0,1.0,0,0,0,26,0,26,30,28,30,33,32,33
IRIS+7dfa2da3+2023-06-12-15h-18m-17s,119,23404442,29838012,,1.0,1.0,0.9495798319327731,0,0,0,0,0,0,27,0,27,32,28,32
IRIS+7dfa2da3+2023-06-13-10h-58m-01s,227,23404442,29838012,,1.0,1.0,1.0,0,0,0,0,0,0,15,0,15,18,0,18
IRIS+7dfa2da3+2023-06-13-11h-00m-01s,148,23404442,29838012,,1.0,1.0,1.0,0,0,0,0,0,0,0,0,0,0,0,0
IRIS+7dfa2da3+2023-06-13-11h-01m-04s,154,23404442,29838012,,1.0,1.0,1.0,0,0,0,0,0,0,13,0,13,17,0,17
IRIS+7dfa2da3+2023-11-01-11h-39m-08s,169,23404442,29838012,,1.0,1.0,1.0,0,0,0,0,0,0,0,0,0,0,0,0
IRIS+7dfa2da3+2023-11-01-11h-41m-32s,207,23404442,29838012,,1.0,1.0,1.0,0,0,0,0,0,0,0,0,0,0,0,0
IRIS+7dfa2da3+2023-11-01-11h-44m-08s,139,23404442,29838012,,1.0,1.0,1.0,0,0,0,0,0,0,0,0,0,0,0,0
IRIS+7dfa2da3+2023-11-01-11h-44m-40s,246,23404442,29838012,,1.0,1.0,0.8699186991869918,0,0,0,0,0,0,0,0,0,0,0,0
IRIS+7dfa2da3+2023-11-02-15h-53m-59s,158,23404442,29838012,,1.0,1.0,1.0,27,0,27,30,0,30,35,0,35,46,24,46
IRIS+7dfa2da3+2023-11-02-15h-58m-17s,263,23404442,29838012,,1.0,1.0,1.0,20,0,20,23,0,23,36,18,36,40,23,40
IRIS+7dfa2da3+2023-11-02-15h-59m-36s,166,23404442,29838012,,1.0,1.0,1.0,24,0,24,27,0,27,39,0,39,45,22,45
IRIS+7dfa2da3+2023-11-02-16h-03m-05s,145,23404442,29838012,,1.0,1.0,1.0,17,0,17,20,0,20,23,0,23,25,15,25
IRIS+7dfa2da3+2023-11-14-11h-31m-21s,153,23404442,29838012,,1.0,1.0,1.0,20,0,20,24,12,24,37,18,37,43,21,43
IRIS+7dfa2da3+2023-11-16-15h-53m-17s,121,23404442,29838012,,1.0,1.0,1.0,22,0,22,25,0,25,30,0,30,45,0,45
IRIS+7dfa2da3+2023-12-04-16h-15m-50s,122,23404442,29838012,,1.0,1.0,1.0,0,0,0,0,0,0,0,0,0,17,0,17
IRIS+85a5958f+2023-07-01-01h-32m-19s,285,23404442,29838012,,1.0,1.0,1.0,0,0,0,0,0,0,0,0,0,0,0,0
IRIS+85a5958f+2023-07-01-01h-35m-04s,364,23404442,29838012,,1.0,1.0,1.0,0,0,0,0,0,0,0,0,0,0,0,0
IRIS+85a5958f+2023-07-01-01h-39m-09s,194,23404442,29838012,,1.0,1.0,0.9123711340206185,0,0,0,0,0,0,0,0,0,0,0,0
IRIS+85a5958f+2023-07-01-01h-41m-00s,358,23404442,29838012,,1.0,1.0,1.0,0,0,0,0,0,0,0,0,0,0,0,0
IRIS+85a5958f+2023-07-01-01h-43m-19s,176,23404442,29838012,,1.0,1.0,1.0,0,0,0,0,0,0,0,0,0,0,0,0
IRIS+85a5958f+2023-07-01-02h-03m-47s,272,23404442,29838012,,1.0,1.0,1.0,0,0,0,0,0,0,0,0,0,0,0,0
IRIS+85a5958f+2023-07-04-16h-45m-37s,424,23404442,29838012,,1.0,1.0,0.38443396226415094,0,0,0,0,0,0,0,0,0,0,0,0
IRIS+85a5958f+2023-07-05-01h-14m-53s,150,23404442,29838012,,1.0,1.0,1.0,0,0,0,0,0,0,0,0,0,0,0,0
IRIS+85a5958f+2023-07-05-01h-25m-57s,224,23404442,29838012,,1.0,1.0,1.0,0,0,0,0,0,0,0,0,0,0,0,0
IRIS+85a5958f+2023-07-05-01h-33m-07s,577,23404442,29838012,,1.0,1.0,1.0,0,0,0,0,0,0,0,0,0,0,0,0
IRIS+85a5958f+2023-07-05-01h-43m-41s,359,23404442,29838012,,1.0,1.0,1.0,0,0,0,0,0,0,0,0,0,0,0,0
IRIS+85a5958f+2023-07-05-15h-50m-42s,310,23404442,29838012,,1.0,1.0,1.0,0,0,0,0,0,0,37,0,37,53,0,53
IRIS+85a5958f+2023-07-05-16h-12m-50s,195,23404442,29838012,,1.0,1.0,1.0,0,0,0,0,0,0,0,0,0,0,0,0
IRIS+89b42cd2+2023-12-02-11h-41m-23s,298,23404442,29838012,,1.0,1.0,1.0,0,0,0,0,0,0,45,0,45,49,0,49
IRIS+89b42cd2+2023-12-02-11h-53m-15s,541,23404442,29838012,,1.0,1.0,1.0,0,0,0,0,0,0,0,0,0,0,0,0
IRIS+89b42cd2+2023-12-02-13h-40m-05s,398,23404442,29838012,,1.0,1.0,1.0,0,0,0,0,0,0,23,0,23,28,0,28
IRIS+89b42cd2+2023-12-02-13h-41m-50s,1162,23404442,29838012,,1.0,1.0,1.0,0,0,0,0,0,0,0,0,0,39,0,39
IRIS+89b42cd2+2023-12-02-14h-24m-28s,2152,23404442,29838012,,1.0,1.0,1.0,0,0,0,0,0,0,24,0,24,29,28,29
IRIS+89b42cd2+2023-12-02-14h-58m-08s,577,23404442,29838012,,1.0,1.0,1.0,0,0,0,0,0,0,6,0,6,12,0,12
IRIS+89b42cd2+2023-12-06-17h-40m-13s,424,23404442,29838012,,1.0,1.0,1.0,0,0,0,0,0,0,22,0,22,24,19,24
IRIS+938130c4+2023-07-10-15h-57m-13s,339,23404442,29838012,,1.0,1.0,1.0,0,0,0,0,0,0,0,0,0,0,0,0
IRIS+938130c4+2023-07-10-16h-29m-44s,209,23404442,29838012,,1.0,1.0,1.0,0,0,0,0,0,0,0,0,0,0,0,0
IRIS+938130c4+2023-07-14-14h-51m-39s,380,23404442,29838012,,1.0,1.0,0.8473684210526315,0,0,0,0,0,0,0,0,0,15,0,15
IRIS+938130c4+2023-07-14-15h-01m-44s,357,23404442,29838012,,1.0,1.0,0.711484593837535,0,0,0,0,0,0,0,0,0,0,0,0
IRIS+938130c4+2023-07-14-15h-06m-17s,324,23404442,29838012,,1.0,1.0,0.8888888888888888,0,0,0,0,0,0,0,0,0,0,0,0
IRIS+938130c4+2023-07-14-15h-12m-58s,314,23404442,29838012,,1.0,1.0,1.0,0,0,0,0,0,0,0,0,0,0,0,0
IRIS+938130c4+2023-07-14-15h-14m-29s,210,23404442,29838012,,1.0,1.0,1.0,0,0,0,0,0,0,0,0,0,0,0,0
IRIS+938130c4+2023-07-14-15h-16m-14s,252,23404442,29838012,,1.0,1.0,0.626984126984127,0,0,0,0,0,0,0,0,0,0,0,0
IRIS+938130c4+2023-07-14-16h-16m-40s,315,23404442,29838012,,1.0,1.0,1.0,0,0,0,0,0,0,0,0,0,0,0,0
IRIS+938130c4+2023-07-14-16h-19m-48s,148,23404442,29838012,,1.0,1.0,1.0,0,0,0,0,0,0,0,0,0,0,0,0
IRIS+938130c4+2023-07-14-16h-22m-12s,488,23404442,29838012,,1.0,1.0,0.7827868852459017,0,0,0,0,0,0,0,0,0,0,0,0
IRIS+938130c4+2023-07-14-17h-10m-00s,164,23404442,29838012,,1.0,1.0,0.6646341463414634,0,0,0,0,0,0,0,0,0,0,0,0
IRIS+938130c4+2023-07-14-17h-12m-22s,119,23404442,29838012,,1.0,1.0,0.7983193277310925,0,0,0,0,0,0,0,0,0,0,0,0
IRIS+938130c4+2023-07-14-17h-14m-44s,172,23404442,29838012,,1.0,1.0,1.0,0,0,0,0,0,0,0,0,0,12,12,0
IRIS+938130c4+2023-07-14-17h-23m-08s,225,23404442,29838012,,1.0,1.0,1.0,0,0,0,0,0,0,0,0,0,0,0,0
IRIS+938130c4+2023-07-14-17h-24m-37s,191,23404442,29838012,,1.0,1.0,0.8167539267015707,0,0,0,0,0,0,0,0,0,0,0,0
IRIS+938130c4+2023-07-14-17h-27m-24s,175,23404442,29838012,,1.0,1.0,0.8171428571428572,0,0,0,0,0,0,75,75,0,85,85,0
IRIS+938130c4+2023-07-14-17h-30m-52s,204,23404442,29838012,,1.0,1.0,0.9166666666666666,0,0,0,0,0,0,0,0,0,0,0,0
IRIS+938130c4+2023-07-17-11h-27m-36s,220,23404442,29838012,,1.0,1.0,1.0,0,0,0,0,0,0,0,0,0,0,0,0
IRIS+938130c4+2023-07-17-11h-39m-39s,198,23404442,29838012,,1.0,1.0,1.0,0,0,0,0,0,0,0,0,0,0,0,0
IRIS+938130c4+2023-07-17-11h-52m-58s,145,23404442,29838012,,1.0,1.0,1.0,0,0,0,0,0,0,0,0,0,10,10,0
IRIS+938130c4+2023-07-17-11h-53m-15s,144,23404442,29838012,,1.0,1.0,1.0,0,0,0,0,0,0,0,0,0,0,0,0
IRIS+938130c4+2023-07-17-12h-11m-19s,322,23404442,29838012,,1.0,1.0,1.0,0,0,0,0,0,0,0,0,0,0,0,0
IRIS+938130c4+2023-07-17-12h-18m-54s,92,23404442,29838012,,1.0,1.0,1.0,0,0,0,0,0,0,0,0,0,0,0,0
IRIS+938130c4+2023-07-17-12h-22m-59s,141,23404442,29838012,,1.0,1.0,1.0,0,0,0,0,0,0,0,0,0,0,0,0
IRIS+938130c4+2023-07-17-15h-39m-36s,250,23404442,29838012,,1.0,1.0,0.88,0,0,0,0,0,0,0,0,0,0,0,0
IRIS+ef107c48+2023-03-02-15h-00m-48s,112,23404442,29838012,,1.0,1.0,1.0,0,0,0,0,0,0,0,0,0,0,0,0
IRIS+ef107c48+2023-03-02-15h-17m-35s,140,23404442,29838012,,1.0,1.0,1.0,0,0,0,0,0,0,0,0,0,0,0,0
IRIS+ef107c48+2023-03-02-15h-18m-14s,108,23404442,29838012,,1.0,1.0,1.0,0,0,0,0,0,0,0,0,0,0,0,0
IRIS+ef107c48+2023-03-02-15h-22m-54s,154,23404442,29838012,,1.0,1.0,1.0,0,0,0,0,0,0,0,0,0,0,0,0
IRIS+ef107c48+2023-03-02-15h-23m-14s,194,23404442,29838012,,1.0,1.0,1.0,0,0,0,0,0,0,0,0,0,25,25,0
IRIS+ef107c48+2023-03-02-18h-23m-18s,118,23404442,29838012,,1.0,1.0,1.0,0,0,0,0,0,0,12,0,12,14,0,14
IRIS+ef107c48+2023-03-02-18h-26m-28s,123,23404442,29838012,,1.0,1.0,1.0,0,0,0,13,0,13,16,12,16,18,15,18
IRIS+ef107c48+2023-03-02-18h-28m-03s,144,23404442,29838012,,1.0,1.0,1.0,0,0,0,0,0,0,21,0,21,23,0,23
IRIS+ef107c48+2023-03-02-21h-51m-55s,147,23404442,29838012,,1.0,1.0,1.0,14,14,0,17,17,0,20,20,9,25,25,15
IRIS+ef107c48+2023-03-02-22h-02m-06s,94,23404442,29838012,,1.0,1.0,1.0,0,0,0,0,0,0,13,13,0,17,17,10
IRIS+ef107c48+2023-03-02-22h-02m-21s,163,23404442,29838012,,1.0,1.0,1.0,0,0,0,0,0,0,12,12,0,14,14,0
IRIS+ef107c48+2023-03-02-22h-04m-33s,118,23404442,29838012,,1.0,1.0,1.0,0,0,0,0,0,0,0,0,0,0,0,0
IRIS+ef107c48+2023-03-02-22h-05m-08s,132,23404442,29838012,,1.0,1.0,1.0,0,0,0,10,10,0,12,12,0,14,14,0
IRIS+ef107c48+2023-03-03-15h-31m-24s,135,23404442,29838012,,1.0,1.0,1.0,0,0,0,0,0,0,0,0,0,16,16,9
IRIS+ef107c48+2023-03-07-15h-54m-28s,149,23404442,29838012,,1.0,1.0,1.0,23,23,0,26,26,0,30,30,0,33,33,17
IRIS+ef107c48+2023-03-07-15h-55m-16s,147,23404442,29838012,,1.0,1.0,0.8671875,16,16,0,19,19,0,22,22,0,24,24,11
IRIS+ef107c48+2023-03-07-17h-20m-57s,168,23404442,29838012,,1.0,1.0,1.0,44,44,0,46,46,39,50,50,41,64,64,42
IRIS+ef107c48+2023-03-07-17h-59m-19s,126,23404442,29838012,,1.0,1.0,1.0,17,17,0,21,21,0,26,26,11,30,30,14
IRIS+ef107c48+2023-03-08-14h-03m-02s,121,23404442,29838012,,1.0,1.0,1.0,0,0,0,10,0,10,14,0,14,16,0,16
IRIS+ef107c48+2023-03-08-16h-47m-52s,269,23404442,29838012,,1.0,1.0,0.7955390334572491,0,0,0,0,0,0,0,0,0,0,0,0
IRIS+ef107c48+2023-03-08-16h-54m-46s,139,23404442,29838012,,1.0,1.0,0.8561151079136691,0,0,0,0,0,0,0,0,0,0,0,0
IRIS+ef107c48+2023-03-08-17h-01m-45s,109,23404442,29838012,,1.0,1.0,1.0,0,0,0,0,0,0,0,0,0,19,16,19
IRIS+ef107c48+2023-03-08-17h-40m-12s,130,23404442,29838012,,1.0,1.0,1.0,15,0,15,18,11,18,21,15,21,23,18,23
IRIS+ef107c48+2023-03-08-17h-41m-10s,152,23404442,29838012,,1.0,1.0,1.0,0,0,0,0,0,0,15,10,15,19,14,19
IRIS+ef107c48+2023-03-08-18h-50m-19s,117,23404442,29838012,,1.0,1.0,1.0,9,0,9,12,0,12,15,9,15,17,12,17
IRIS+ef107c48+2023-03-08-18h-52m-42s,172,23404442,29838012,,1.0,1.0,0.8372093023255814,0,0,0,0,0,0,14,7,14,20,15,20
IRIS+ef107c48+2023-03-08-19h-37m-02s,81,23404442,29838012,,1.0,1.0,1.0,9,0,9,11,0,11,13,0,13,15,0,15
IRIS+ef107c48+2023-03-08-19h-44m-01s,181,23404442,29838012,,1.0,1.0,1.0,0,0,0,10,0,10,16,0,16,19,0,19
IRIS+ef107c48+2023-03-08-19h-50m-41s,118,23404442,29838012,,1.0,1.0,1.0,0,0,0,0,0,0,13,0,13,19,0,19
IRIS+ef107c48+2023-03-08-19h-52m-34s,92,23404442,29838012,,1.0,1.0,1.0,0,0,0,13,0,13,16,0,16,18,0,18
IRIS+ef107c48+2023-03-09-18h-04m-09s,157,23404442,29838012,,1.0,1.0,1.0,0,0,0,9,0,9,12,0,12,15,0,15
IRIS+ef107c48+2023-03-09-18h-10m-03s,106,23404442,29838012,,1.0,1.0,1.0,11,0,11,14,0,14,18,0,18,20,0,20
IRIS+ef107c48+2023-03-09-18h-30m-16s,147,23404442,29838012,,1.0,1.0,1.0,0,0,0,0,0,0,0,0,0,16,16,0
IRIS+ef107c48+2023-03-09-19h-34m-23s,148,23404442,29838012,,1.0,1.0,1.0,23,19,23,36,21,36,40,23,40,43,36,43
IRIS+ef107c48+2023-03-09-19h-35m-04s,94,23404442,29838012,,1.0,1.0,1.0,10,0,10,12,8,12,15,11,15,17,13,17
IRIS+ef107c48+2023-03-09-19h-44m-20s,122,23404442,29838012,,1.0,1.0,1.0,0,0,0,13,0,13,17,12,17,20,14,20
IRIS+ef107c48+2023-04-07-13h-29m-41s,149,23404442,29838012,,1.0,1.0,1.0,17,17,0,19,19,10,23,23,15,25,25,18
IRIS+ef107c48+2023-04-07-13h-35m-09s,127,23404442,29838012,,1.0,1.0,1.0,17,17,10,18,18,14,21,21,16,23,23,18
IRIS+ef107c48+2023-04-07-13h-37m-35s,138,23404442,29838012,,1.0,1.0,1.0,16,16,0,18,18,13,20,20,15,23,23,17
IRIS+ef107c48+2023-04-07-13h-40m-32s,138,23404442,29838012,,1.0,1.0,1.0,14,14,0,15,15,0,17,17,13,19,19,15
IRIS+ef107c48+2023-04-07-13h-40m-49s,94,23404442,29838012,,1.0,1.0,1.0,11,11,0,13,13,0,15,15,10,17,17,12
IRIS+ef107c48+2023-04-07-13h-47m-38s,122,23404442,29838012,,1.0,1.0,1.0,12,12,0,15,15,0,18,18,11,22,22,13
IRIS+ef107c48+2023-05-30-11h-37m-37s,126,23404442,29838012,,1.0,1.0,1.0,0,0,0,0,0,0,0,0,0,12,12,0
IRIS+ef107c48+2023-05-30-11h-40m-10s,366,23404442,29838012,,1.0,1.0,1.0,0,0,0,0,0,0,0,0,0,0,0,0
IRIS+ef107c48+2023-05-31-09h-35m-54s,102,23404442,29838012,,1.0,1.0,1.0,20,0,20,22,0,22,34,0,34,37,0,37
IRIS+ef107c48+2023-05-31-09h-39m-49s,140,23404442,29838012,,1.0,1.0,0.7623762376237624,17,0,17,39,0,39,104,0,79,-1,0,97
IRIS+ef107c48+2023-05-31-10h-01m-37s,96,23404442,29838012,,1.0,1.0,0.9824561403508771,36,0,36,39,0,39,45,0,45,51,13,51
IRIS+ef107c48+2023-05-31-10h-02m-28s,127,23404442,29838012,,1.0,1.0,1.0,15,0,15,31,0,31,39,0,39,43,0,43
IRIS+ef107c48+2023-11-19-17h-13m-12s,72,23404442,29838012,,1.0,1.0,1.0,0,0,0,0,0,0,0,0,0,0,0,0
IRIS+f94b8622+2023-12-07-17h-36m-43s,513,23404442,29838012,,1.0,1.0,1.0,39,0,39,46,0,46,54,0,54,61,0,61
IRIS+f94b8622+2023-12-08-13h-18m-13s,583,23404442,29838012,,1.0,1.0,0.4974271012006861,0,0,0,0,0,0,0,0,0,0,0,0
IRIS+f94b8622+2023-12-12-17h-28m-56s,283,23404442,29838012,,1.0,1.0,0.6466431095406361,0,0,0,0,0,0,0,0,0,0,0,0
IRIS+f94b8622+2023-12-12-19h-39m-25s,284,23404442,29838012,,1.0,1.0,1.0,0,0,0,0,0,0,0,0,0,0,0,0
PennPAL+06b0ffa5+2023-04-27-22h-35m-59s,108,23748752,25455306,,1.0,1.0,1.0,15,0,15,17,10,17,20,12,20,35,14,35
PennPAL+06b0ffa5+2023-04-27-23h-10m-06s,124,23748752,25455306,,1.0,1.0,1.0,0,0,0,10,0,10,42,10,42,48,16,48
PennPAL+06b0ffa5+2023-04-29-16h-35m-45s,119,23748752,25455306,,1.0,1.0,1.0,0,0,0,0,0,0,12,0,12,36,0,36
PennPAL+06b0ffa5+2023-04-29-16h-45m-25s,159,23748752,25455306,,1.0,1.0,1.0,0,0,0,20,0,20,25,0,25,53,19,53
PennPAL+06b0ffa5+2023-04-29-18h-04m-38s,132,23748752,25455306,,1.0,1.0,1.0,20,20,16,24,24,19,40,40,23,48,48,37
PennPAL+06b0ffa5+2023-04-29-18h-26m-53s,120,23748752,25455306,,1.0,1.0,1.0,18,18,13,20,20,16,38,38,18,44,44,21
PennPAL+06b0ffa5+2023-04-29-18h-50m-13s,108,23748752,25455306,,1.0,1.0,1.0,11,11,10,15,15,13,33,33,16,38,38,19
PennPAL+06b0ffa5+2023-04-29-18h-56m-52s,123,23748752,25455306,,1.0,1.0,1.0,17,17,15,19,19,17,34,34,19,37,37,32
PennPAL+06b0ffa5+2023-04-29-20h-37m-31s,90,23748752,25455306,,1.0,1.0,1.0,13,11,13,15,13,15,17,15,17,36,16,36
PennPAL+06b0ffa5+2023-04-29-20h-45m-50s,99,23748752,25455306,,1.0,1.0,1.0,0,0,0,42,14,42,45,19,45,49,21,49
PennPAL+06b0ffa5+2023-04-29-20h-52m-05s,84,23748752,25455306,,1.0,1.0,1.0,15,14,15,18,15,18,31,19,31,35,30,35
PennPAL+06b0ffa5+2023-04-29-20h-56m-46s,80,23748752,25455306,,1.0,1.0,1.0,14,14,11,16,16,15,21,21,20,34,33,34
PennPAL+06b0ffa5+2023-04-29-21h-18m-54s,85,23748752,25455306,,1.0,1.0,1.0,13,12,13,16,14,16,28,16,28,32,28,32
PennPAL+06b0ffa5+2023-04-29-21h-20m-58s,95,23748752,25455306,,1.0,1.0,1.0,15,12,15,27,14,27,30,16,30,33,28,33
PennPAL+06b0ffa5+2023-04-29-21h-22m-54s,76,23748752,25455306,,1.0,1.0,1.0,9,9,8,12,12,12,17,15,17,31,19,31
PennPAL+06b0ffa5+2023-04-29-21h-24m-34s,90,23748752,25455306,,1.0,1.0,1.0,0,0,0,9,9,0,17,15,17,37,30,37
PennPAL+06b0ffa5+2023-04-29-21h-51m-55s,144,23748752,25455306,,0.8333333333333334,1.0,0.6567164179104478,64,64,12,77,77,17,125,125,58,-1,-1,81
PennPAL+06b0ffa5+2023-04-29-23h-12m-19s,116,23748752,25455306,,1.0,1.0,1.0,14,14,11,15,15,14,19,19,17,22,22,20
PennPAL+06b0ffa5+2023-04-29-23h-18m-24s,130,23748752,25455306,,1.0,1.0,1.0,22,22,16,33,33,20,37,37,32,40,40,35
PennPAL+06b0ffa5+2023-04-29-23h-30m-30s,138,23748752,25455306,,1.0,1.0,1.0,30,30,0,33,33,31,36,36,34,54,54,40
PennPAL+06b0ffa5+2023-04-29-23h-38m-42s,94,23748752,25455306,,1.0,1.0,1.0,4,4,0,9,9,0,21,21,8,35,35,12
PennPAL+acda9df3+2023-06-15-17h-17m-19s,232,25455306,27085680,,1.0,1.0,1.0,0,0,0,0,0,0,0,0,0,0,0,0
PennPAL+acda9df3+2023-06-15-18h-02m-09s,335,25455306,27085680,,1.0,1.0,1.0,0,0,0,0,0,0,0,0,0,0,0,0
PennPAL+acda9df3+2023-06-15-18h-39m-46s,235,25455306,27085680,,1.0,1.0,0.9872340425531915,0,0,0,0,0,0,53,53,0,60,60,49
PennPAL+acda9df3+2023-06-15-18h-47m-13s,323,25455306,27085680,,1.0,1.0,1.0,0,0,0,0,0,0,0,0,0,0,0,0
PennPAL+acda9df3+2023-06-15-18h-53m-11s,237,25455306,27085680,,1.0,1.0,1.0,0,0,0,0,0,0,0,0,0,87,87,0
PennPAL+acda9df3+2023-06-16-17h-32m-24s,279,25455306,27085680,,1.0,1.0,1.0,0,0,0,0,0,0,38,38,0,45,45,0
PennPAL+acda9df3+2023-06-16-17h-39m-03s,446,25455306,27085680,,1.0,1.0,1.0,0,0,0,0,0,0,0,0,0,0,0,0
PennPAL+acda9df3+2023-06-16-18h-32m-58s,166,25455306,27085680,,1.0,1.0,1.0,0,0,0,0,0,0,0,0,0,0,0,0
PennPAL+acda9df3+2023-06-16-19h-07m-01s,262,25455306,27085680,,1.0,1.0,1.0,0,0,0,0,0,0,69,69,0,75,75,0
PennPAL+acda9df3+2023-06-18-20h-09m-33s,287,25455306,27085680,,0.4444444444444444,1.0,0.0,225,225,0,-1,-1,0,-1,-1,0,-1,-1,0
PennPAL+acda9df3+2023-06-18-20h-21m-34s,260,25455306,27085680,,0.37037037037037035,1.0,0.0,210,210,0,-1,-1,0,-1,-1,0,-1,-1,0
PennPAL+acda9df3+2023-06-18-21h-02m-25s,430,25455306,27085680,,1.0,1.0,1.0,108,108,0,113,113,0,122,122,0,132,132,0
PennPAL+acda9df3+2023-06-18-21h-11m-53s,174,25455306,27085680,,1.0,1.0,0.8880597014925373,36,36,0,40,40,0,49,49,0,60,60,0
PennPAL+acda9df3+2023-06-18-21h-25m-49s,350,25455306,27085680,,1.0,1.0,1.0,44,44,0,48,48,0,53,53,0,58,58,27
PennPAL+acda9df3+2023-06-20-17h-21m-06s,456,25455306,27085680,,1.0,1.0,1.0,0,0,0,0,0,0,0,0,0,0,0,0
PennPAL+acda9df3+2023-06-20-17h-24m-21s,708,25455306,27085680,,1.0,1.0,1.0,0,0,0,0,0,0,0,0,0,0,0,0
PennPAL+acda9df3+2023-06-20-17h-49m-43s,591,25455306,27085680,,1.0,1.0,1.0,0,0,0,26,26,0,45,45,0,89,89,42
PennPAL+acda9df3+2023-06-20-17h-53m-45s,569,25455306,27085680,,1.0,1.0,0.9894551845342706,0,0,0,0,0,0,0,0,0,34,34,0
PennPAL+acda9df3+2023-06-20-17h-57m-03s,386,25455306,27085680,,1.0,1.0,1.0,0,0,0,0,0,0,0,0,0,0,0,0
PennPAL+acda9df3+2023-06-20-18h-27m-06s,393,25455306,27085680,,1.0,1.0,1.0,0,0,0,0,0,0,0,0,0,53,53,49
PennPAL+acda9df3+2023-06-20-18h-29m-57s,532,25455306,27085680,,1.0,1.0,1.0,0,0,0,0,0,0,0,0,0,47,47,0
PennPAL+acda9df3+2023-06-20-18h-53m-21s,207,25455306,27085680,,1.0,1.0,1.0,0,0,0,41,41,0,63,63,0,162,162,45
PennPAL+acda9df3+2023-06-20-18h-57m-27s,350,25455306,27085680,,1.0,1.0,0.8609271523178808,0,0,0,48,48,0,71,71,65,78,78,77
PennPAL+acda9df3+2023-06-23-19h-39m-11s,184,25455306,27085680,,1.0,1.0,1.0,28,0,28,34,0,34,39,0,39,45,0,45
PennPAL+acda9df3+2023-06-23-20h-05m-13s,577,25455306,27085680,,1.0,1.0,1.0,0,0,0,0,0,0,36,0,36,43,0,43
PennPAL+acda9df3+2023-06-23-20h-44m-52s,477,25455306,27085680,,1.0,1.0,1.0,0,0,0,0,0,0,27,0,27,34,0,34
PennPAL+acda9df3+2023-06-23-21h-03m-18s,319,25455306,27085680,,1.0,1.0,1.0,0,0,0,0,0,0,0,0,0,65,0,65
PennPAL+acda9df3+2023-06-25-18h-39m-15s,440,25455306,27085680,,0.6296296296296297,1.0,0.16363636363636364,0,0,0,0,0,0,-1,-1,0,-1,-1,0
PennPAL+acda9df3+2023-06-29-19h-02m-43s,272,25455306,27085680,,1.0,1.0,0.41911764705882354,0,0,0,0,0,0,0,0,0,0,0,0
PennPAL+acda9df3+2023-06-29-20h-32m-25s,202,25455306,27085680,,0.8518518518518519,1.0,0.37623762376237624,0,0,0,0,0,0,158,158,0,-1,-1,0
PennPAL+acda9df3+2023-06-29-20h-33m-25s,481,25455306,27085680,,1.0,1.0,0.20374220374220375,0,0,0,0,0,0,0,0,0,0,0,0
PennPAL+acda9df3+2023-06-29-20h-41m-32s,230,25455306,27085680,,1.0,1.0,0.47391304347826085,0,0,0,0,0,0,0,0,0,0,0,0
PennPAL+acda9df3+2023-06-29-20h-43m-02s,284,25455306,27085680,,1.0,1.0,0.22535211267605634,0,0,0,0,0,0,0,0,0,0,0,0
PennPAL+acda9df3+2023-06-29-20h-43m-52s,324,25455306,27085680,,1.0,1.0,0.2962962962962963,0,0,0,0,0,0,0,0,0,0,0,0
PennPAL+acda9df3+2023-07-07-19h-35m-18s,259,25455306,27085680,,1.0,1.0,1.0,32,32,0,51,51,0,58,58,0,62,62,54
PennPAL+acda9df3+2023-07-07-20h-26m-38s,245,25455306,27085680,,1.0,1.0,0.9346938775510204,0,0,0,0,0,0,0,0,0,34,34,0
PennPAL+acda9df3+2023-07-07-20h-39m-36s,233,25455306,27085680,,1.0,1.0,0.8068669527896996,0,0,0,0,0,0,0,0,0,0,0,0
PennPAL+acda9df3+2023-07-07-21h-07m-37s,314,25455306,27085680,,1.0,1.0,0.8821656050955414,0,0,0,0,0,0,0,0,0,0,0,0
PennPAL+acda9df3+2023-07-07-21h-13m-41s,229,25455306,27085680,,1.0,1.0,0.9126637554585153,0,0,0,0,0,0,0,0,0,0,0,0
PennPAL+acda9df3+2023-07-07-21h-14m-11s,272,25455306,27085680,,1.0,1.0,0.8897058823529411,0,0,0,0,0,0,0,0,0,0,0,0
PennPAL+acda9df3+2023-07-07-21h-37m-09s,243,25455306,27085680,,1.0,1.0,0.6337448559670782,0,0,0,0,0,0,0,0,0,17,17,0
PennPAL+acda9df3+2023-07-10-20h-39m-08s,227,25455306,27085680,,0.7777777777777778,1.0,0.6330935251798561,72,72,0,88,88,0,109,109,0,-1,-1,39
PennPAL+acda9df3+2023-07-10-21h-26m-16s,190,25455306,27085680,,0.7222222222222222,1.0,0.6846153846153846,1,1,0,60,60,0,-1,-1,0,-1,-1,0
PennPAL+acda9df3+2023-07-10-21h-36m-23s,387,25455306,27085680,,1.0,1.0,0.7357954545454546,28,28,0,35,35,0,60,60,0,70,70,0
PennPAL+acda9df3+2023-07-10-21h-39m-35s,350,25455306,27085680,,1.0,1.0,0.3550488599348534,40,40,0,43,43,0,49,49,0,54,54,0
PennPAL+acda9df3+2023-07-14-16h-42m-21s,202,25455306,27085680,,1.0,1.0,1.0,117,117,0,122,122,0,129,129,0,192,192,0
PennPAL+acda9df3+2023-07-14-16h-43m-26s,247,25455306,27085680,,1.0,1.0,1.0,44,44,0,52,52,0,74,74,0,83,83,0
PennPAL+acda9df3+2023-07-14-16h-47m-43s,560,25455306,27085680,,1.0,1.0,0.9175704989154013,95,95,0,99,99,0,107,107,0,125,125,0
PennPAL+acda9df3+2023-07-14-16h-49m-23s,446,25455306,27085680,,1.0,1.0,1.0,83,83,0,86,86,0,90,90,0,98,93,0
PennPAL+acda9df3+2023-07-14-16h-50m-43s,500,25455306,27085680,,1.0,1.0,1.0,40,40,0,43,43,0,62,62,0,69,69,0
PennPAL+acda9df3+2023-07-14-16h-52m-28s,421,25455306,27085680,,1.0,1.0,1.0,40,40,0,44,44,0,48,48,0,66,66,0
PennPAL+acda9df3+2023-07-14-16h-54m-33s,346,25455306,27085680,,1.0,1.0,0.9178571428571428,63,63,0,66,66,0,69,69,0,78,78,0
PennPAL+acda9df3+2023-07-14-17h-07m-42s,264,25455306,27085680,,1.0,1.0,1.0,77,77,0,80,80,0,83,83,0,112,112,0
PennPAL+acda9df3+2023-07-14-17h-13m-07s,277,25455306,27085680,,1.0,1.0,1.0,43,43,0,49,49,0,55,55,0,75,75,0
PennPAL+acda9df3+2023-07-15-23h-08m-02s,375,25455306,27085680,,1.0,1.0,0.24437299035369775,47,47,0,64,64,0,68,68,0,86,86,0
PennPAL+acda9df3+2023-07-15-23h-14m-43s,326,25455306,27085680,,1.0,1.0,0.9416342412451362,65,65,0,69,69,0,83,83,0,89,89,0
PennPAL+acda9df3+2023-07-19-16h-08m-52s,760,25455306,27085680,,1.0,1.0,1.0,0,0,0,46,46,0,51,51,0,57,57,0
PennPAL+acda9df3+2023-07-19-16h-12m-57s,494,25455306,27085680,,1.0,1.0,1.0,0,0,0,0,0,0,0,0,0,65,65,0
PennPAL+acda9df3+2023-07-19-16h-13m-46s,660,25455306,27085680,,1.0,1.0,1.0,0,0,0,42,42,0,59,59,0,63,63,0
PennPAL+acda9df3+2023-07-19-16h-25m-46s,629,25455306,27085680,,1.0,1.0,1.0,0,0,0,0,0,0,29,29,0,33,33,0
PennPAL+acda9df3+2023-07-19-16h-39m-12s,442,25455306,27085680,,1.0,1.0,1.0,0,0,0,0,0,0,0,0,0,0,0,0
PennPAL+acda9df3+2023-07-19-16h-41m-53s,488,25455306,27085680,,1.0,1.0,1.0,0,0,0,0,0,0,0,0,0,56,56,0
PennPAL+acda9df3+2023-07-19-16h-42m-50s,437,25455306,27085680,,1.0,1.0,1.0,0,0,0,0,0,0,39,39,0,49,49,0
PennPAL+acda9df3+2023-07-19-16h-46m-16s,531,25455306,27085680,,1.0,1.0,1.0,0,0,0,0,0,0,64,64,0,71,71,0
PennPAL+acda9df3+2023-07-19-16h-53m-20s,420,25455306,27085680,,1.0,1.0,1.0,0,0,0,0,0,0,74,74,0,79,79,0
PennPAL+acda9df3+2023-07-19-16h-56m-16s,432,25455306,27085680,,1.0,1.0,1.0,0,0,0,0,0,0,0,0,0,0,0,0
PennPAL+acda9df3+2023-07-19-16h-57m-21s,418,25455306,27085680,,1.0,1.0,1.0,0,0,0,0,0,0,90,90,0,100,100,0
PennPAL+acda9df3+2023-07-19-17h-01m-23s,402,25455306,27085680,,1.0,1.0,0.8432835820895522,0,0,0,0,0,0,0,0,0,36,36,0
PennPAL+acda9df3+2023-07-19-17h-15m-05s,783,25455306,27085680,,1.0,1.0,1.0,0,0,0,0,0,0,0,0,0,0,0,0
PennPAL+acda9df3+2023-07-19-17h-22m-48s,689,25455306,27085680,,1.0,1.0,1.0,0,0,0,0,0,0,0,0,0,0,0,0
PennPAL+acda9df3+2023-08-16-17h-31m-09s,399,25455306,27085680,,1.0,1.0,1.0,0,0,0,0,0,0,0,0,0,0,0,0
PennPAL+acda9df3+2023-08-16-17h-46m-35s,668,25455306,27085680,,1.0,1.0,1.0,0,0,0,0,0,0,0,0,0,96,96,0
PennPAL+acda9df3+2023-08-16-18h-02m-15s,454,25455306,27085680,,1.0,1.0,0.9713656387665198,0,0,0,0,0,0,0,0,0,70,70,0
PennPAL+acda9df3+2023-08-16-18h-04m-55s,308,25455306,27085680,,1.0,1.0,1.0,0,0,0,0,0,0,0,0,0,31,31,0
PennPAL+acda9df3+2023-08-23-20h-46m-48s,313,25455306,27085680,,1.0,1.0,1.0,0,0,0,0,0,0,0,0,0,0,0,0
PennPAL+acda9df3+2023-08-23-20h-57m-36s,290,25455306,27085680,,1.0,1.0,1.0,0,0,0,0,0,0,0,0,0,0,0,0
PennPAL+acda9df3+2023-08-23-21h-28m-53s,447,25455306,27085680,,1.0,1.0,1.0,0,0,0,0,0,0,0,0,0,0,0,0
PennPAL+acda9df3+2023-08-23-21h-41m-29s,210,25455306,27085680,,1.0,1.0,1.0,0,0,0,0,0,0,0,0,0,0,0,0
PennPAL+acda9df3+2023-08-23-22h-33m-22s,250,25455306,27085680,,1.0,1.0,1.0,0,0,0,0,0,0,32,32,0,38,38,0
PennPAL+c5f808b7+2023-06-15-17h-07m-51s,164,25455306,27085680,,1.0,1.0,1.0,47,47,0,52,52,0,55,55,0,63,63,0
PennPAL+c5f808b7+2023-06-15-17h-10m-02s,153,25455306,27085680,,1.0,1.0,1.0,0,0,0,0,0,0,35,35,0,46,46,0
PennPAL+c5f808b7+2023-06-16-15h-54m-23s,198,25455306,27085680,,1.0,1.0,1.0,0,0,0,0,0,0,0,0,0,0,0,0
PennPAL+c5f808b7+2023-06-16-16h-11m-27s,164,25455306,27085680,,1.0,1.0,1.0,0,0,0,0,0,0,0,0,0,0,0,0
PennPAL+c5f808b7+2023-06-16-16h-35m-10s,189,25455306,27085680,,1.0,1.0,1.0,0,0,0,0,0,0,0,0,0,0,0,0
PennPAL+c5f808b7+2023-10-01-17h-10m-20s,195,25455306,27085680,,1.0,1.0,0.7751479289940828,0,0,0,26,26,0,42,42,0,120,47,25
PennPAL+c5f808b7+2023-10-01-17h-50m-46s,358,25455306,27085680,,1.0,1.0,0.9425981873111783,24,24,0,27,27,0,41,41,0,45,45,0
PennPAL+c5f808b7+2023-10-01-17h-51m-48s,224,25455306,27085680,,1.0,1.0,1.0,48,48,0,50,50,0,64,64,0,67,67,43
PennPAL+c5f808b7+2023-10-01-17h-54m-26s,332,25455306,27085680,,1.0,1.0,0.9214501510574018,0,0,0,1,1,0,21,21,0,24,24,0
PennPAL+c5f808b7+2023-10-01-18h-12m-10s,254,25455306,27085680,,1.0,1.0,1.0,17,17,0,20,20,0,22,22,0,25,25,0
PennPAL+c5f808b7+2023-10-06-19h-32m-56s,153,25455306,27085680,,1.0,1.0,0.8174603174603174,22,22,0,27,27,0,44,44,0,52,52,0
PennPAL+c5f808b7+2023-10-06-19h-34m-59s,309,25455306,27085680,,1.0,1.0,0.905511811023622,0,0,0,55,55,0,101,101,0,109,109,0
PennPAL+c5f808b7+2023-10-06-19h-46m-29s,252,25455306,27085680,,1.0,1.0,1.0,0,0,0,0,0,0,23,23,0,33,33,0
PennPAL+c5f808b7+2023-10-06-20h-00m-55s,370,25455306,27085680,,1.0,1.0,1.0,34,34,0,38,38,0,44,44,0,59,59,0
PennPAL+c5f808b7+2023-10-06-20h-06m-44s,412,25455306,27085680,,1.0,1.0,1.0,0,0,0,19,19,0,29,29,0,52,52,0
PennPAL+c5f808b7+2023-10-06-20h-51m-05s,226,25455306,27085680,,1.0,1.0,1.0,0,0,0,56,56,0,61,61,0,79,79,0
PennPAL+c5f808b7+2023-10-09-20h-56m-13s,118,25455306,27085680,,1.0,1.0,1.0,0,0,0,0,0,0,0,0,0,0,0,0
PennPAL+c5f808b7+2023-10-09-21h-09m-54s,72,25455306,27085680,,1.0,1.0,1.0,18,18,0,24,24,0,28,28,0,31,31,0
PennPAL+c5f808b7+2023-10-09-21h-12m-33s,102,25455306,27085680,,1.0,1.0,1.0,0,0,0,0,0,0,0,0,0,35,35,0
PennPAL+c5f808b7+2023-10-09-21h-30m-33s,168,25455306,27085680,,1.0,1.0,1.0,0,0,0,0,0,0,0,0,0,0,0,0
PennPAL+c5f808b7+2023-10-09-21h-33m-37s,234,25455306,27085680,,1.0,1.0,1.0,0,0,0,0,0,0,0,0,0,0,0,0
PennPAL+c5f808b7+2023-10-09-21h-53m-21s,142,25455306,27085680,,1.0,1.0,1.0,0,0,0,0,0,0,0,0,0,0,0,0
PennPAL+c5f808b7+2023-10-09-21h-55m-46s,213,25455306,27085680,,1.0,1.0,1.0,0,0,0,0,0,0,0,0,0,37,37,0
PennPAL+c5f808b7+2023-10-19-00h-35m-35s,274,25455306,27085680,,1.0,1.0,0.22992700729927007,0,0,0,0,0,0,0,0,0,0,0,0
PennPAL+c5f808b7+2023-10-19-00h-48m-13s,110,25455306,27085680,,1.0,1.0,1.0,0,0,0,0,0,0,0,0,0,0,0,0
PennPAL+c5f808b7+2023-10-19-00h-58m-23s,365,25455306,27085680,,1.0,1.0,0.9808219178082191,0,0,0,0,0,0,0,0,0,0,0,0
PennPAL+c5f808b7+2023-10-24-17h-35m-48s,313,25455306,27085680,,1.0,1.0,1.0,0,0,0,0,0,0,0,0,0,0,0,0
PennPAL+c5f808b7+2023-10-24-17h-41m-19s,316,25455306,27085680,,1.0,1.0,1.0,0,0,0,0,0,0,0,0,0,0,0,0
PennPAL+c5f808b7+2023-10-27-17h-54m-07s,283,25455306,27085680,,1.0,1.0,1.0,0,0,0,0,0,0,0,0,0,0,0,0
PennPAL+c5f808b7+2023-10-27-17h-55m-42s,272,25455306,27085680,,1.0,1.0,1.0,0,0,0,0,0,0,0,0,0,0,0,0
PennPAL+c5f808b7+2023-10-27-17h-57m-27s,266,25455306,27085680,,1.0,1.0,1.0,0,0,0,0,0,0,0,0,0,0,0,0
PennPAL+c5f808b7+2023-10-29-20h-43m-25s,491,25455306,27085680,,1.0,1.0,0.28105906313645623,0,0,0,0,0,0,0,0,0,0,0,0
PennPAL+c5f808b7+2023-10-29-20h-55m-16s,771,25455306,27085680,,1.0,1.0,0.31906614785992216,0,0,0,0,0,0,0,0,0,0,0,0
PennPAL+c5f808b7+2023-10-30-17h-52m-20s,334,25455306,27085680,,1.0,1.0,1.0,0,0,0,0,0,0,0,0,0,0,0,0
PennPAL+c5f808b7+2023-10-30-18h-37m-06s,356,25455306,27085680,,1.0,1.0,1.0,0,0,0,0,0,0,0,0,0,0,0,0
PennPAL+c5f808b7+2023-10-30-18h-54m-35s,288,25455306,27085680,,1.0,1.0,1.0,0,0,0,0,0,0,0,0,0,0,0,0
PennPAL+c5f808b7+2023-10-30-19h-04m-26s,186,25455306,27085680,,1.0,1.0,1.0,0,0,0,0,0,0,19,19,0,22,22,0
PennPAL+c5f808b7+2023-10-30-19h-09m-04s,179,25455306,27085680,,1.0,1.0,1.0,0,0,0,0,0,0,0,0,0,24,24,0
PennPAL+c5f808b7+2023-10-30-19h-24m-27s,480,25455306,27085680,,1.0,1.0,0.8083333333333333,0,0,0,0,0,0,0,0,0,0,0,0
PennPAL+c5f808b7+2023-10-31-13h-45m-44s,195,25455306,27085680,,1.0,1.0,1.0,0,0,0,0,0,0,0,0,0,0,0,0
PennPAL+c5f808b7+2023-10-31-13h-53m-12s,275,25455306,27085680,,1.0,1.0,0.6981818181818182,0,0,0,0,0,0,17,17,0,18,18,0
PennPAL+c5f808b7+2023-10-31-14h-01m-30s,318,25455306,27085680,,1.0,1.0,0.8773584905660378,0,0,0,0,0,0,0,0,0,0,0,0
RAD+62828209+2023-08-31-13h-55m-59s,161,32907025,35215462,,1.0,1.0,1.0,0,0,0,0,0,0,0,0,0,0,0,0
RAD+62828209+2023-09-09-07h-01m-12s,197,32907025,35215462,,1.0,1.0,1.0,0,0,0,0,0,0,0,0,0,0,0,0
RAD+62828209+2023-09-09-07h-35m-49s,466,32907025,35215462,,1.0,1.0,1.0,0,0,0,0,0,0,0,0,0,0,0,0
RAD+62828209+2023-09-09-09h-08m-51s,308,32907025,35215462,,1.0,1.0,1.0,0,0,0,0,0,0,0,0,0,0,0,0
RAD+62828209+2023-09-09-09h-09m-40s,232,32907025,35215462,,1.0,1.0,1.0,0,0,0,0,0,0,0,0,0,0,0,0
RAD+62828209+2023-11-26-13h-42m-00s,536,32907025,35215462,,1.0,1.0,0.9738805970149254,0,0,0,0,0,0,0,0,0,0,0,0
RAD+62828209+2023-11-26-13h-45m-02s,1347,32907025,35215462,,1.0,1.0,0.9933184855233853,0,0,0,0,0,0,0,0,0,0,0,0
RAD+62828209+2023-11-26-15h-58m-29s,207,32907025,35215462,,1.0,1.0,1.0,0,0,0,0,0,0,0,0,0,0,0,0
RAD+62828209+2023-11-26-16h-03m-49s,210,32907025,35215462,,1.0,1.0,1.0,0,0,0,0,0,0,0,0,0,0,0,0
RAD+62828209+2023-11-26-16h-04m-34s,284,32907025,35215462,,1.0,1.0,1.0,0,0,0,0,0,0,0,0,0,0,0,0
RAD+62828209+2023-12-19-10h-48m-06s,380,32907025,35215462,,1.0,1.0,1.0,0,0,0,0,0,0,0,0,0,0,0,0
RAD+62828209+2023-12-19-11h-26m-09s,224,32907025,35215462,,1.0,1.0,1.0,0,0,0,0,0,0,0,0,0,0,0,0
RAD+62828209+2023-12-19-11h-26m-58s,245,32907025,35215462,,1.0,1.0,1.0,0,0,0,0,0,0,0,0,0,0,0,0
RAD+62828209+2023-12-19-11h-30m-49s,342,32907025,35215462,,1.0,1.0,1.0,0,0,0,0,0,0,0,0,0,0,0,0
RAD+62828209+2023-12-19-11h-40m-17s,425,32907025,35215462,,1.0,1.0,1.0,0,0,0,0,0,0,0,0,0,0,0,0
RAD+62828209+2023-12-19-12h-01m-58s,212,32907025,35215462,,1.0,1.0,1.0,0,0,0,0,0,0,0,0,0,0,0,0
RAD+62828209+2023-12-19-12h-02m-24s,938,32907025,35215462,,1.0,1.0,1.0,0,0,0,0,0,0,0,0,0,0,0,0
RAD+62828209+2023-12-20-11h-32m-09s,504,32907025,35215462,,1.0,1.0,1.0,0,0,0,0,0,0,0,0,0,0,0,0
RAD+62828209+2023-12-20-11h-36m-14s,337,32907025,35215462,,1.0,1.0,1.0,0,0,0,0,0,0,0,0,0,0,0,0
RAD+62828209+2023-12-21-12h-04m-35s,165,32907025,35215462,,1.0,1.0,1.0,0,0,0,0,0,0,0,0,0,0,0,0
RAD+62828209+2023-12-22-14h-38m-21s,200,32907025,35215462,,1.0,1.0,1.0,0,0,0,0,0,0,0,0,0,0,0,0
RAD+62828209+2023-12-22-14h-43m-08s,198,32907025,35215462,,1.0,1.0,1.0,0,0,0,9,9,0,13,13,9,16,16,12
RAD+62828209+2023-12-22-15h-01m-20s,972,32907025,35215462,,1.0,1.0,0.992798353909465,0,0,0,0,0,0,10,10,0,14,14,10
RAD+c6cf6b42+2023-08-31-16h-20m-36s,279,32907025,35215462,,1.0,1.0,1.0,0,0,0,0,0,0,0,0,0,0,0,0
RAD+c6cf6b42+2023-08-31-18h-00m-13s,336,32907025,35215462,,1.0,1.0,1.0,0,0,0,0,0,0,0,0,0,0,0,0
RAD+c6cf6b42+2023-08-31-18h-04m-42s,219,32907025,35215462,,1.0,1.0,1.0,0,0,0,0,0,0,0,0,0,23,23,0
RAD+c6cf6b42+2023-08-31-18h-05m-14s,257,32907025,35215462,,1.0,1.0,1.0,0,0,0,0,0,0,0,0,0,11,11,0
RAD+c6cf6b42+2023-08-31-18h-08m-11s,340,32907025,35215462,,1.0,1.0,1.0,0,0,0,0,0,0,0,0,0,0,0,0
RAD+c6cf6b42+2023-08-31-18h-09m-46s,191,32907025,35215462,,1.0,1.0,1.0,0,0,0,0,0,0,0,0,0,0,0,0
RAD+c6cf6b42+2023-08-31-18h-10m-08s,427,32907025,35215462,,1.0,1.0,1.0,0,0,0,0,0,0,0,0,0,0,0,0
RAD+c6cf6b42+2023-08-31-18h-12m-10s,217,32907025,35215462,,1.0,1.0,1.0,0,0,0,0,0,0,0,0,0,0,0,0
RAD+c6cf6b42+2023-08-31-18h-29m-05s,488,32907025,35215462,,1.0,1.0,1.0,0,0,0,0,0,0,0,0,0,11,9,11
RAD+c6cf6b42+2023-11-18-16h-14m-44s,999,32907025,35215462,,1.0,1.0,1.0,0,0,0,0,0,0,0,0,0,0,0,0
RAD+c6cf6b42+2023-11-18-16h-27m-34s,371,32907025,35215462,,1.0,1.0,1.0,0,0,0,0,0,0,0,0,0,0,0,0
RAD+c6cf6b42+2023-11-18-16h-30m-39s,272,32907025,35215462,,1.0,1.0,1.0,0,0,0,0,0,0,0,0,0,0,0,0
RAD+c6cf6b42+2023-11-18-16h-34m-15s,362,32907025,35215462,,1.0,1.0,1.0,0,0,0,0,0,0,0,0,0,0,0,0
RAD+c6cf6b42+2023-11-18-16h-59m-10s,550,32907025,35215462,,1.0,1.0,1.0,0,0,0,0,0,0,0,0,0,0,0,0
RAD+c6cf6b42+2023-11-18-18h-03m-16s,351,32907025,35215462,,1.0,1.0,1.0,0,0,0,0,0,0,0,0,0,0,0,0
RAD+c6cf6b42+2023-11-18-18h-08m-48s,322,32907025,35215462,,1.0,1.0,1.0,0,0,0,0,0,0,0,0,0,0,0,0
RAD+c6cf6b42+2023-11-18-18h-11m-32s,468,32907025,35215462,,1.0,1.0,1.0,0,0,0,0,0,0,0,0,0,0,0,0
RAD+c6cf6b42+2023-11-18-18h-13m-56s,310,32907025,35215462,,1.0,1.0,1.0,0,0,0,0,0,0,0,0,0,0,0,0
RAD+c6cf6b42+2023-11-18-18h-14m-55s,385,32907025,35215462,,1.0,1.0,1.0,0,0,0,0,0,0,0,0,0,0,0,0
RAD+c6cf6b42+2023-11-18-18h-15m-30s,786,32907025,35215462,,1.0,1.0,1.0,0,0,0,0,0,0,0,0,0,0,0,0
RAD+c6cf6b42+2023-11-18-18h-55m-43s,412,32907025,35215462,,1.0,1.0,1.0,0,0,0,0,0,0,0,0,0,0,0,0
RAD+c6cf6b42+2023-11-25-18h-45m-33s,378,32907025,35215462,,1.0,1.0,1.0,0,0,0,0,0,0,0,0,0,0,0,0
RAD+c6cf6b42+2023-11-25-20h-02m-11s,624,32907025,35215462,,1.0,1.0,1.0,0,0,0,0,0,0,0,0,0,0,0,0
RAD+c6cf6b42+2023-12-17-17h-01m-55s,500,32907025,35215462,,1.0,1.0,1.0,0,0,0,0,0,0,0,0,0,0,0,0
RAD+c6cf6b42+2023-12-17-17h-07m-07s,629,32907025,35215462,,1.0,1.0,1.0,0,0,0,0,0,0,0,0,0,0,0,0
RAD+c6cf6b42+2023-12-17-17h-21m-11s,725,32907025,35215462,,1.0,1.0,1.0,0,0,0,0,0,0,0,0,0,0,0,0
RAD+c6cf6b42+2023-12-17-20h-04m-32s,412,32907025,35215462,,1.0,1.0,1.0,0,0,0,0,0,0,0,0,0,0,0,0
RAD+c6cf6b42+2023-12-17-20h-08m-17s,1950,32907025,35215462,,1.0,1.0,1.0,0,0,0,0,0,0,0,0,0,0,0,0
RAIL+80edfcb1+2023-04-12-14h-27m-18s,182,20521388,24259877,,1.0,1.0,1.0,19,8,19,24,15,24,30,22,30,36,26,36
RAIL+80edfcb1+2023-04-12-14h-28m-45s,234,20521388,24259877,,1.0,1.0,1.0,54,46,54,61,51,61,68,57,68,75,65,75
RAIL+80edfcb1+2023-04-12-16h-14m-56s,171,20521388,24259877,,1.0,1.0,1.0,30,21,30,37,29,37,42,38,42,45,41,45
RAIL+80edfcb1+2023-04-12-16h-41m-22s,186,20521388,24259877,,1.0,1.0,1.0,22,0,22,27,18,27,33,25,33,38,33,38
RAIL+80edfcb1+2023-04-17-14h-47m-13s,173,20521388,24259877,,1.0,1.0,1.0,0,0,0,22,0,22,29,22,29,32,28,32
RAIL+80edfcb1+2023-04-17-14h-48m-05s,166,20521388,24259877,,1.0,1.0,1.0,18,13,18,21,17,21,24,20,24,28,23,28
RAIL+80edfcb1+2023-04-17-14h-49m-33s,126,20521388,24259877,,1.0,1.0,1.0,25,20,25,29,25,29,34,31,34,38,35,38
RAIL+80edfcb1+2023-04-17-14h-49m-59s,202,20521388,24259877,,1.0,1.0,0.9597701149425287,0,0,0,28,0,28,32,0,32,80,31,80
RAIL+80edfcb1+2023-04-17-14h-52m-52s,178,20521388,24259877,,1.0,1.0,1.0,15,0,15,19,12,19,25,19,25,29,23,29
RAIL+80edfcb1+2023-04-17-15h-02m-04s,195,20521388,24259877,,1.0,1.0,1.0,23,0,23,28,22,28,34,28,34,38,33,38
RAIL+80edfcb1+2023-04-17-15h-03m-37s,250,20521388,24259877,,1.0,1.0,1.0,0,0,0,37,0,37,46,38,46,50,45,50
RAIL+80edfcb1+2023-04-17-15h-09m-41s,573,20521388,24259877,,1.0,1.0,1.0,449,439,449,454,445,454,462,454,462,466,460,466
RAIL+80edfcb1+2023-04-17-15h-10m-58s,181,20521388,24259877,,1.0,1.0,1.0,56,0,56,59,52,59,65,59,65,71,62,71
RAIL+80edfcb1+2023-04-17-15h-43m-28s,165,20521388,24259877,,1.0,1.0,1.0,23,18,23,27,22,27,32,27,32,37,31,37
RAIL+80edfcb1+2023-04-17-15h-43m-50s,160,20521388,24259877,,1.0,1.0,1.0,11,0,11,27,0,27,34,29,34,39,33,39
RAIL+80edfcb1+2023-04-19-13h-24m-24s,184,20521388,24259877,,1.0,1.0,1.0,29,25,29,32,29,32,35,33,35,39,36,39
RAIL+80edfcb1+2023-04-19-13h-38m-51s,171,20521388,24259877,,1.0,1.0,1.0,25,0,25,28,24,28,34,29,34,39,34,39
RAIL+80edfcb1+2023-04-19-14h-13m-07s,133,20521388,24259877,,1.0,1.0,1.0,24,20,24,29,25,29,34,31,34,38,36,38
RAIL+80edfcb1+2023-04-19-14h-14m-16s,180,20521388,24259877,,1.0,1.0,1.0,53,48,53,59,53,59,65,60,65,72,67,72
RAIL+80edfcb1+2023-04-19-14h-21m-16s,249,20521388,24259877,,1.0,1.0,1.0,115,112,115,119,117,119,126,123,126,130,127,130
RAIL+80edfcb1+2023-04-19-14h-23m-59s,140,20521388,24259877,,1.0,1.0,1.0,32,29,32,36,33,36,41,38,41,45,43,45
RAIL+80edfcb1+2023-04-19-14h-35m-28s,151,20521388,24259877,,1.0,1.0,1.0,30,27,30,34,30,34,39,36,39,44,40,44
RAIL+80edfcb1+2023-04-19-14h-40m-19s,163,20521388,24259877,,1.0,1.0,1.0,31,27,31,36,33,36,43,38,43,48,44,48
RAIL+80edfcb1+2023-04-19-14h-40m-40s,116,20521388,24259877,,1.0,1.0,1.0,0,0,0,17,0,17,23,19,23,27,24,27
RAIL+80edfcb1+2023-04-19-15h-12m-23s,245,20521388,24259877,,1.0,1.0,1.0,47,0,47,52,48,52,57,54,57,62,59,62
RAIL+80edfcb1+2023-04-26-15h-46m-50s,152,20521388,24259877,,1.0,1.0,1.0,15,10,15,18,14,18,23,18,23,28,22,28
RAIL+80edfcb1+2023-04-26-15h-49m-55s,138,20521388,24259877,,1.0,1.0,1.0,0,0,0,12,0,12,20,11,20,23,18,23
RAIL+80edfcb1+2023-04-26-15h-57m-29s,221,20521388,24259877,,1.0,1.0,1.0,0,0,0,39,0,39,47,42,47,50,47,50
RAIL+80edfcb1+2023-04-26-16h-02m-55s,189,20521388,24259877,,1.0,1.0,1.0,38,26,38,42,37,42,48,42,48,53,49,53
RAIL+80edfcb1+2023-04-26-16h-12m-06s,112,20521388,24259877,,1.0,1.0,1.0,0,0,0,0,0,0,0,0,0,0,0,0
RAIL+80edfcb1+2023-04-26-16h-22m-57s,319,20521388,24259877,,1.0,1.0,1.0,232,228,232,234,231,234,238,236,238,242,238,242
RAIL+80edfcb1+2023-04-26-16h-53m-22s,299,20521388,24259877,,1.0,1.0,1.0,53,0,53,58,52,58,63,58,63,66,63,66
RAIL+80edfcb1+2023-06-21-12h-48m-40s,464,20521388,24259877,,1.0,1.0,0.9634146341463414,48,48,44,54,54,49,61,61,56,69,69,61
RAIL+80edfcb1+2023-06-21-12h-55m-12s,205,20521388,24259877,,1.0,1.0,1.0,75,75,68,80,80,74,86,86,81,94,94,85
RAIL+80edfcb1+2023-06-26-13h-19m-06s,171,20521388,24259877,,1.0,1.0,1.0,31,31,30,33,33,32,37,37,35,41,41,38
RAIL+80edfcb1+2023-06-26-13h-23m-07s,292,20521388,24259877,,1.0,1.0,1.0,33,33,32,36,36,35,40,40,39,44,44,42
RAIL+80edfcb1+2023-06-26-13h-44m-01s,136,20521388,24259877,,1.0,1.0,1.0,24,24,23,27,27,26,31,31,29,34,34,32
RAIL+80edfcb1+2023-06-26-13h-45m-00s,263,20521388,24259877,,1.0,1.0,1.0,37,37,35,38,38,37,41,41,40,44,44,42
RAIL+80edfcb1+2023-06-26-14h-09m-12s,265,20521388,24259877,,1.0,1.0,1.0,24,24,22,27,27,25,30,30,28,33,33,31
RAIL+80edfcb1+2023-06-26-14h-13m-04s,165,20521388,24259877,,1.0,1.0,1.0,51,51,49,53,53,51,58,58,55,61,61,58
RAIL+80edfcb1+2023-06-26-14h-16m-03s,185,20521388,24259877,,1.0,1.0,1.0,25,25,23,28,28,25,32,32,29,37,37,34
RAIL+80edfcb1+2023-06-26-15h-37m-34s,157,20521388,24259877,,1.0,1.0,1.0,47,47,45,50,50,49,55,55,53,58,58,56
RAIL+80edfcb1+2023-06-26-15h-49m-47s,181,20521388,24259877,,1.0,1.0,1.0,19,18,19,21,20,21,24,23,24,27,26,27
RAIL+80edfcb1+2023-06-29-12h-52m-47s,147,20521388,24259877,,1.0,1.0,1.0,35,34,35,38,37,38,42,41,42,45,44,45
RAIL+80edfcb1+2023-06-29-13h-10m-09s,143,20521388,24259877,,1.0,1.0,1.0,25,24,25,27,26,27,31,30,31,34,33,34
RAIL+80edfcb1+2023-06-29-13h-10m-31s,137,20521388,24259877,,1.0,1.0,1.0,23,22,23,27,25,27,32,29,32,36,34,36
RAIL+80edfcb1+2023-06-29-13h-13m-23s,205,20521388,24259877,,1.0,1.0,1.0,64,63,64,67,66,67,71,71,71,78,76,78
RAIL+80edfcb1+2023-06-29-13h-23m-42s,100,20521388,24259877,,1.0,1.0,1.0,7,0,7,12,6,12,17,12,17,20,16,20
RAIL+80edfcb1+2023-06-29-13h-25m-27s,225,20521388,24259877,,1.0,1.0,1.0,27,27,27,29,29,29,32,31,32,35,33,35
RAIL+80edfcb1+2023-06-29-15h-27m-23s,172,20521388,24259877,,1.0,1.0,1.0,34,34,29,39,39,33,44,44,38,53,53,44
RAIL+80edfcb1+2023-06-29-15h-31m-50s,107,20521388,24259877,,1.0,1.0,1.0,31,31,27,33,33,29,36,36,32,42,42,36
RAIL+80edfcb1+2023-06-29-15h-40m-59s,152,20521388,24259877,,0.9629629629629629,1.0,0.9080459770114943,54,54,48,65,65,51,70,70,60,-1,-1,67
RAIL+80edfcb1+2023-06-29-15h-43m-06s,160,20521388,24259877,,1.0,1.0,1.0,27,27,26,29,29,28,32,32,31,35,35,33
RAIL+80edfcb1+2023-06-29-15h-44m-51s,120,20521388,24259877,,1.0,1.0,0.9512195121951219,34,34,29,38,38,32,44,44,36,54,54,39
RAIL+80edfcb1+2023-06-29-15h-45m-07s,331,20521388,24259877,,1.0,1.0,1.0,29,29,29,31,31,31,35,35,33,38,38,36
RAIL+80edfcb1+2023-06-30-13h-24m-58s,336,20521388,24259877,,1.0,1.0,1.0,30,30,28,33,33,30,36,36,34,42,42,37
RAIL+80edfcb1+2023-06-30-13h-27m-17s,170,20521388,24259877,,1.0,1.0,1.0,33,33,32,37,37,35,40,40,39,44,44,44
RAIL+80edfcb1+2023-06-30-13h-34m-41s,159,20521388,24259877,,1.0,1.0,0.9583333333333334,58,58,53,63,63,56,73,73,60,91,91,64
RAIL+80edfcb1+2023-06-30-13h-39m-26s,141,20521388,24259877,,1.0,1.0,1.0,38,38,23,46,46,33,52,52,40,60,60,47
RAIL+80edfcb1+2023-06-30-13h-59m-52s,156,20521388,24259877,,1.0,1.0,0.8476190476190476,46,46,41,51,51,44,56,56,48,61,61,51
RAIL+80edfcb1+2023-06-30-14h-06m-39s,212,20521388,24259877,,1.0,1.0,1.0,26,26,26,29,29,28,32,32,31,34,34,34
RAIL+80edfcb1+2023-06-30-14h-08m-44s,129,20521388,24259877,,1.0,1.0,1.0,32,32,29,35,35,32,38,38,35,41,41,38
RAIL+80edfcb1+2023-06-30-14h-46m-15s,156,20521388,24259877,,1.0,1.0,1.0,28,28,28,30,30,30,33,33,33,37,36,37
RAIL+80edfcb1+2023-06-30-14h-47m-09s,88,20521388,24259877,,1.0,1.0,1.0,25,25,16,31,31,23,36,36,28,46,46,36
RAIL+80edfcb1+2023-06-30-14h-54m-01s,114,20521388,24259877,,1.0,1.0,1.0,25,25,25,27,27,27,29,29,29,32,32,32
RAIL+80edfcb1+2023-06-30-15h-01m-35s,113,20521388,24259877,,1.0,1.0,1.0,20,20,20,23,23,23,26,26,25,29,29,28
RAIL+80edfcb1+2023-06-30-15h-02m-42s,85,20521388,24259877,,1.0,1.0,1.0,18,18,15,20,20,17,23,23,20,32,32,24
RAIL+80edfcb1+2023-06-30-15h-07m-16s,126,20521388,24259877,,1.0,1.0,1.0,14,14,13,16,16,16,19,19,19,22,22,22
RAIL+80edfcb1+2023-06-30-15h-31m-18s,145,20521388,24259877,,1.0,1.0,1.0,45,45,44,47,47,46,48,48,47,51,51,51
RAIL+80edfcb1+2023-06-30-15h-50m-17s,176,20521388,24259877,,1.0,1.0,1.0,33,33,30,35,35,32,36,36,34,39,39,37
RAIL+80edfcb1+2023-06-30-15h-55m-09s,118,20521388,24259877,,1.0,1.0,1.0,23,23,22,26,26,25,29,29,27,34,34,32
RAIL+80edfcb1+2023-07-05-18h-03m-50s,136,20521388,24259877,,1.0,1.0,1.0,15,15,13,19,19,17,22,22,20,26,26,25
RAIL+80edfcb1+2023-07-05-18h-32m-58s,208,20521388,24259877,,1.0,1.0,1.0,116,116,113,118,118,116,121,121,119,140,140,122
RAIL+80edfcb1+2023-07-05-18h-38m-38s,153,20521388,24259877,,1.0,1.0,1.0,56,56,39,60,60,42,64,64,59,67,67,63
RAIL+80edfcb1+2023-07-05-18h-40m-16s,85,20521388,24259877,,1.0,1.0,1.0,16,16,11,19,19,15,23,23,19,25,25,21
RAIL+80edfcb1+2023-07-05-18h-42m-17s,137,20521388,24259877,,1.0,1.0,1.0,30,30,24,34,34,28,38,38,32,43,43,35
RAIL+80edfcb1+2023-07-05-18h-45m-12s,204,20521388,24259877,,1.0,1.0,1.0,18,18,14,20,20,17,24,24,21,63,63,24
RAIL+80edfcb1+2023-07-13-20h-19m-30s,100,20521388,24259877,,1.0,1.0,1.0,33,32,33,35,34,35,38,37,38,41,40,41
RAIL+80edfcb1+2023-07-13-20h-28m-53s,64,20521388,24259877,,1.0,1.0,1.0,10,10,10,14,14,14,19,18,19,22,21,22
RAIL+80edfcb1+2023-07-13-20h-29m-29s,69,20521388,24259877,,1.0,1.0,1.0,13,12,13,15,15,15,19,18,19,22,21,22
RAIL+80edfcb1+2023-07-13-20h-53m-43s,146,20521388,24259877,,1.0,1.0,1.0,26,23,26,28,25,28,30,28,30,33,31,33
RAIL+80edfcb1+2023-07-13-21h-15m-04s,103,20521388,24259877,,1.0,1.0,1.0,28,27,28,31,30,31,40,38,40,47,44,47
RAIL+80edfcb1+2023-07-13-21h-23m-04s,169,20521388,24259877,,1.0,1.0,1.0,85,84,85,99,97,99,107,107,107,116,115,116
RAIL+80edfcb1+2023-07-13-21h-25m-37s,123,20521388,24259877,,1.0,1.0,1.0,56,55,56,59,58,59,63,62,63,67,66,67
RAIL+80edfcb1+2023-07-14-13h-00m-28s,184,20521388,24259877,,1.0,1.0,1.0,58,58,58,61,60,61,64,64,64,67,67,67
RAIL+80edfcb1+2023-07-14-13h-01m-11s,110,20521388,24259877,,1.0,1.0,1.0,23,22,23,26,25,26,29,29,29,32,31,32
RAIL+80edfcb1+2023-07-14-13h-05m-54s,89,20521388,24259877,,1.0,1.0,1.0,24,24,24,27,27,27,31,31,31,36,35,36
RAIL+80edfcb1+2023-07-14-13h-06m-12s,109,20521388,24259877,,1.0,1.0,1.0,41,41,41,43,43,43,48,48,48,50,50,50
RAIL+80edfcb1+2023-07-14-13h-07m-46s,95,20521388,24259877,,1.0,1.0,1.0,25,25,25,28,28,28,32,32,32,35,35,35
RAIL+80edfcb1+2023-07-14-13h-09m-38s,120,20521388,24259877,,1.0,1.0,1.0,27,27,27,31,31,31,36,36,36,39,39,38
RAIL+80edfcb1+2023-07-14-13h-09m-58s,99,20521388,24259877,,1.0,1.0,1.0,20,20,20,22,22,22,25,25,25,28,28,28
RAIL+80edfcb1+2023-07-14-13h-12m-28s,97,20521388,24259877,,1.0,1.0,1.0,27,27,27,30,30,30,32,32,32,35,34,35
RAIL+80edfcb1+2023-07-14-13h-12m-46s,90,20521388,24259877,,1.0,1.0,1.0,20,20,20,23,23,23,27,27,26,29,29,29
RAIL+80edfcb1+2023-07-14-13h-15m-33s,96,20521388,24259877,,1.0,1.0,1.0,25,24,25,27,27,27,30,30,30,32,32,32
RAIL+80edfcb1+2023-07-14-13h-19m-22s,124,20521388,24259877,,1.0,1.0,1.0,33,33,33,38,36,38,56,55,56,60,59,60
RAIL+80edfcb1+2023-07-14-14h-28m-45s,128,20521388,24259877,,1.0,1.0,1.0,38,32,38,41,37,41,44,41,44,47,43,47
RAIL+80edfcb1+2023-07-14-14h-29m-20s,177,20521388,24259877,,1.0,1.0,1.0,21,17,21,23,20,23,27,23,27,40,26,40
RAIL+80edfcb1+2023-07-14-14h-48m-41s,211,20521388,24259877,,1.0,1.0,1.0,43,38,43,47,42,47,62,46,62,66,61,66
RAIL+80edfcb1+2023-07-14-14h-49m-22s,143,20521388,24259877,,1.0,1.0,1.0,28,24,28,31,28,31,35,31,35,39,34,39
RAIL+80edfcb1+2023-07-14-14h-50m-00s,137,20521388,24259877,,1.0,1.0,1.0,31,27,31,34,30,34,47,34,47,52,37,52
RAIL+80edfcb1+2023-07-14-14h-51m-14s,117,20521388,24259877,,1.0,1.0,1.0,28,24,28,31,27,31,36,31,36,39,34,39
RAIL+80edfcb1+2023-07-14-15h-00m-33s,128,20521388,24259877,,1.0,1.0,1.0,25,22,25,28,24,28,32,28,32,36,31,36
RAIL+80edfcb1+2023-07-14-15h-51m-50s,156,20521388,24259877,,1.0,1.0,1.0,27,23,27,31,27,31,34,31,34,46,35,46
RAIL+80edfcb1+2023-07-14-15h-52m-54s,126,20521388,24259877,,1.0,1.0,1.0,22,18,22,24,21,24,26,24,26,30,27,30
RAIL+80edfcb1+2023-07-14-15h-55m-55s,112,20521388,24259877,,1.0,1.0,1.0,13,10,13,16,12,16,19,15,19,25,18,25
RAIL+80edfcb1+2023-07-14-16h-01m-48s,96,20521388,24259877,,1.0,1.0,1.0,25,23,25,27,24,27,29,27,29,32,28,32
RAIL+80edfcb1+2023-07-14-16h-04m-10s,134,20521388,24259877,,1.0,1.0,1.0,33,27,33,38,31,38,43,37,43,49,41,49
RAIL+80edfcb1+2023-07-14-16h-07m-12s,113,20521388,24259877,,1.0,1.0,1.0,14,0,14,20,11,20,26,21,26,29,27,29
RAIL+80edfcb1+2023-07-14-16h-09m-39s,135,20521388,24259877,,1.0,1.0,1.0,41,39,41,43,41,43,46,44,46,48,46,48
RAIL+80edfcb1+2023-07-14-16h-12m-10s,321,20521388,24259877,,1.0,1.0,1.0,47,40,47,53,48,53,67,64,67,70,67,70
RAIL+80edfcb1+2023-07-14-16h-18m-11s,117,20521388,24259877,,1.0,1.0,1.0,14,10,14,17,15,17,21,19,21,24,22,24
RAIL+80edfcb1+2023-07-14-16h-27m-09s,184,20521388,24259877,,1.0,1.0,1.0,25,0,25,29,24,29,32,28,32,35,31,35
RAIL+80edfcb1+2023-07-14-16h-28m-03s,108,20521388,24259877,,1.0,1.0,1.0,13,11,13,16,15,16,20,18,20,23,21,23
RAIL+80edfcb1+2023-07-14-17h-04m-18s,126,20521388,24259877,,1.0,1.0,1.0,21,21,21,23,23,23,26,26,26,28,28,28
RAIL+80edfcb1+2023-07-14-17h-07m-42s,112,20521388,24259877,,1.0,1.0,1.0,15,0,15,18,14,18,21,19,21,24,22,24
RAIL+80edfcb1+2023-07-14-17h-08m-56s,139,20521388,24259877,,1.0,1.0,1.0,39,39,38,45,45,42,52,52,48,56,56,52
RAIL+80edfcb1+2023-07-14-17h-13m-16s,438,20521388,24259877,,1.0,1.0,1.0,16,16,14,20,20,19,23,23,23,26,26,26
RAIL+80edfcb1+2023-07-14-17h-29m-27s,110,20521388,24259877,,1.0,1.0,1.0,25,25,25,27,27,27,30,30,30,32,32,31
RAIL+80edfcb1+2023-07-14-17h-31m-03s,166,20521388,24259877,,1.0,1.0,1.0,54,54,54,57,56,57,62,62,62,68,66,68
RAIL+80edfcb1+2023-07-14-17h-34m-46s,112,20521388,24259877,,1.0,1.0,1.0,13,9,13,16,13,16,19,18,19,22,21,22
RAIL+80edfcb1+2023-07-14-17h-39m-17s,130,20521388,24259877,,1.0,1.0,1.0,24,21,24,28,26,28,34,32,34,49,48,49
RAIL+80edfcb1+2023-07-14-17h-44m-41s,129,20521388,24259877,,1.0,1.0,1.0,15,13,15,19,18,19,24,23,24,27,27,27
RAIL+80edfcb1+2023-07-14-17h-45m-17s,86,20521388,24259877,,1.0,1.0,1.0,16,15,16,18,18,17,21,21,20,24,24,22
RAIL+80edfcb1+2023-07-15-18h-54m-49s,357,20521388,24259877,,1.0,1.0,1.0,16,14,16,18,17,18,20,20,20,23,22,23
RAIL+80edfcb1+2023-07-15-19h-12m-31s,289,20521388,24259877,,1.0,1.0,1.0,21,14,21,25,20,25,30,27,30,37,31,37
RAIL+80edfcb1+2023-07-15-19h-13m-26s,127,20521388,24259877,,1.0,1.0,1.0,29,21,29,33,27,33,35,33,35,43,36,43
RAIL+80edfcb1+2023-07-15-19h-16m-15s,175,20521388,24259877,,1.0,1.0,1.0,25,22,25,26,24,26,28,27,28,30,29,30
RAIL+80edfcb1+2023-07-21-16h-16m-38s,141,20521388,24259877,,1.0,1.0,1.0,17,12,17,19,15,19,22,19,22,25,21,25
RAIL+80edfcb1+2023-07-21-16h-25m-10s,91,20521388,24259877,,1.0,1.0,1.0,20,13,20,26,16,26,30,20,30,38,24,38
RAIL+80edfcb1+2023-07-21-16h-25m-47s,100,20521388,24259877,,1.0,1.0,1.0,22,16,22,24,19,24,26,22,26,39,25,39
RAIL+80edfcb1+2023-07-21-16h-28m-32s,99,20521388,24259877,,1.0,1.0,1.0,13,0,13,16,9,16,22,15,22,26,20,26
RAIL+80edfcb1+2023-07-21-16h-39m-33s,126,20521388,24259877,,1.0,1.0,1.0,32,26,32,35,29,35,39,32,39,45,35,45
RAIL+80edfcb1+2023-07-21-16h-41m-36s,150,20521388,24259877,,1.0,1.0,1.0,26,0,26,31,23,31,42,29,42,59,35,59
RAIL+80edfcb1+2023-07-21-17h-20m-58s,152,20521388,24259877,,1.0,1.0,1.0,23,23,23,28,27,28,34,33,34,42,39,42
RAIL+80edfcb1+2023-07-21-17h-26m-45s,118,20521388,24259877,,1.0,1.0,1.0,29,28,29,32,31,32,36,34,36,38,37,38
RAIL+80edfcb1+2023-07-21-17h-38m-05s,93,20521388,24259877,,1.0,1.0,1.0,23,22,23,26,26,25,30,30,29,33,33,33
RAIL+80edfcb1+2023-07-21-17h-43m-11s,146,20521388,24259877,,1.0,1.0,1.0,37,37,36,44,43,44,50,50,50,55,55,55
RAIL+80edfcb1+2023-07-21-17h-44m-00s,137,20521388,24259877,,1.0,1.0,1.0,25,25,24,30,29,30,36,35,36,39,38,39
RAIL+80edfcb1+2023-07-21-17h-52m-21s,100,20521388,24259877,,1.0,1.0,1.0,25,25,25,29,29,29,32,32,31,36,36,36
RAIL+80edfcb1+2023-07-21-17h-55m-26s,171,20521388,24259877,,1.0,1.0,1.0,25,23,25,28,26,28,33,29,33,39,34,39
RAIL+80edfcb1+2023-07-21-18h-34m-12s,228,20521388,24259877,,1.0,1.0,1.0,41,39,41,49,41,49,55,50,55,58,54,58
RAIL+80edfcb1+2023-07-21-18h-35m-50s,149,20521388,24259877,,1.0,1.0,1.0,19,14,19,26,22,26,32,31,32,38,38,38
RAIL+80edfcb1+2023-07-21-18h-50m-29s,99,20521388,24259877,,1.0,1.0,1.0,27,0,27,31,26,31,35,32,35,38,35,38
RAIL+80edfcb1+2023-07-21-18h-55m-54s,120,20521388,24259877,,1.0,1.0,1.0,22,20,22,25,23,25,28,27,28,32,30,32
RAIL+80edfcb1+2023-07-21-19h-00m-12s,134,20521388,24259877,,1.0,1.0,1.0,0,0,0,57,54,57,62,61,62,65,64,65
RAIL+80edfcb1+2023-07-21-19h-03m-28s,127,20521388,24259877,,1.0,1.0,1.0,14,14,14,17,17,17,20,20,20,23,23,23
RAIL+80edfcb1+2023-07-21-20h-07m-19s,185,20521388,24259877,,1.0,1.0,1.0,23,17,23,26,22,26,29,28,29,44,44,33
RAIL+80edfcb1+2023-07-21-20h-08m-46s,236,20521388,24259877,,1.0,1.0,1.0,4,0,4,44,44,43,47,47,47,51,51,51
RAIL+80edfcb1+2023-07-21-20h-13m-36s,135,20521388,24259877,,1.0,1.0,1.0,17,17,17,23,23,22,30,30,26,37,37,32
RAIL+80edfcb1+2023-07-28-15h-04m-39s,139,20521388,24259877,,1.0,1.0,1.0,27,27,26,29,29,27,32,32,30,34,34,32
RAIL+80edfcb1+2023-07-28-15h-05m-03s,129,20521388,24259877,,1.0,1.0,1.0,0,0,0,0,0,0,0,0,0,0,0,0
RAIL+80edfcb1+2023-08-03-19h-57m-52s,86,20521388,24259877,,1.0,1.0,1.0,15,15,13,20,20,16,23,23,19,26,26,22
RAIL+80edfcb1+2023-08-03-20h-12m-47s,121,20521388,24259877,,1.0,1.0,1.0,21,21,19,24,24,21,27,27,23,43,43,26
RAIL+80edfcb1+2023-08-03-20h-31m-55s,242,20521388,24259877,,1.0,1.0,1.0,109,106,109,113,110,113,118,115,118,121,119,121
RAIL+80edfcb1+2023-08-03-20h-32m-31s,172,20521388,24259877,,1.0,1.0,1.0,27,24,27,31,27,31,35,32,35,37,35,37
RAIL+ah6fcd56+2023-05-31-10h-56m-11s,184,20521388,24259877,,1.0,1.0,0.9736842105263158,0,0,0,32,31,32,35,34,35,37,37,37
RAIL+ah6fcd56+2023-05-31-10h-56m-56s,377,20521388,24259877,,1.0,1.0,1.0,148,0,148,151,0,151,154,148,154,156,154,156
RAIL+ah6fcd56+2023-05-31-11h-06m-24s,215,20521388,24259877,,1.0,1.0,1.0,0,0,0,34,34,32,37,37,37,40,40,39
RAIL+ah6fcd56+2023-07-18-16h-22m-14s,161,20521388,24259877,,1.0,1.0,1.0,49,14,49,53,17,53,58,19,58,64,24,64
RAIL+ah6fcd56+2023-07-18-16h-26m-31s,279,20521388,24259877,,1.0,1.0,1.0,44,11,44,47,14,47,50,16,50,59,19,59
RAIL+ah6fcd56+2023-07-18-16h-46m-14s,134,20521388,24259877,,1.0,1.0,1.0,46,17,46,64,20,64,71,22,71,77,35,77
RAIL+ah6fcd56+2023-07-18-16h-46m-58s,158,20521388,24259877,,1.0,1.0,1.0,22,15,22,25,21,25,28,24,28,79,29,79
RAIL+ah6fcd56+2023-07-18-16h-48m-38s,254,20521388,24259877,,1.0,1.0,1.0,42,24,42,45,25,45,50,27,50,71,31,71
RAIL+ah6fcd56+2023-07-18-16h-54m-43s,180,20521388,24259877,,1.0,1.0,0.9879518072289156,92,62,92,97,68,97,105,71,105,164,75,164
RAIL+ah6fcd56+2023-07-18-17h-05m-42s,199,20521388,24259877,,1.0,1.0,1.0,23,8,23,28,17,28,30,23,30,37,26,37
RAIL+c3d50939+2023-10-14-11h-14m-02s,731,20521388,24259877,,1.0,1.0,1.0,294,294,272,323,323,291,371,371,333,392,392,361
RAIL+c3d50939+2023-10-14-11h-28m-01s,792,20521388,24259877,,1.0,1.0,0.8,0,0,0,102,90,87,272,272,239,298,298,269
RAIL+c3d50939+2023-10-20-17h-36m-30s,297,20521388,24259877,,0.48148148148148145,0.8518518518518519,0.0,176,176,149,-1,-1,167,-1,-1,184,-1,-1,-1
RAIL+c3d50939+2023-11-04-10h-45m-38s,1018,20521388,24259877,,1.0,1.0,1.0,0,0,0,0,0,0,82,0,73,111,111,103
RAIL+c3d50939+2023-11-04-11h-06m-54s,586,20521388,24259877,,1.0,1.0,1.0,0,0,0,0,0,0,249,0,249,280,280,258
RAIL+c3d50939+2023-11-20-17h-05m-00s,226,20521388,24259877,,1.0,1.0,0.6864864864864865,22,18,22,41,33,41,59,42,59,145,47,145
RAIL+d027f2ae+2023-05-30-14h-45m-15s,220,20521388,24259877,,1.0,1.0,1.0,0,0,0,0,0,0,24,24,0,27,27,23
RAIL+d027f2ae+2023-05-30-14h-56m-21s,213,20521388,24259877,,1.0,1.0,1.0,0,0,0,0,0,0,22,22,0,25,25,20
RAIL+d027f2ae+2023-05-30-15h-02m-19s,99,20521388,24259877,,1.0,1.0,1.0,0,0,0,0,0,0,0,0,0,22,22,20
RAIL+d027f2ae+2023-05-30-15h-59m-53s,88,20521388,24259877,,0.9259259259259259,1.0,1.0,40,40,0,46,46,0,55,55,0,-1,-1,36
RAIL+d027f2ae+2023-05-30-16h-27m-03s,222,20521388,24259877,,1.0,1.0,1.0,35,35,0,37,37,27,40,40,30,42,42,32
RAIL+d027f2ae+2023-05-30-17h-05m-27s,146,20521388,24259877,,1.0,1.0,1.0,14,14,0,17,17,0,21,21,0,26,26,11
RAIL+d027f2ae+2023-06-02-11h-45m-37s,204,20521388,24259877,,1.0,1.0,1.0,79,79,0,81,81,0,84,84,75,87,87,80
RAIL+d027f2ae+2023-06-05-16h-04m-34s,98,20521388,24259877,,0.7777777777777778,1.0,1.0,58,58,32,64,64,42,80,80,49,-1,-1,62
RAIL+d027f2ae+2023-06-05-16h-07m-51s,177,20521388,24259877,,1.0,1.0,0.9557522123893806,55,55,33,64,64,41,77,77,50,113,113,59
RAIL+d027f2ae+2023-06-05-16h-09m-03s,231,20521388,24259877,,1.0,1.0,0.9795918367346939,31,31,0,35,35,0,40,40,15,43,43,32
RAIL+d027f2ae+2023-06-05-17h-08m-47s,70,20521388,24259877,,1.0,1.0,1.0,0,0,0,0,0,0,24,0,24,26,25,26
RAIL+d027f2ae+2023-06-06-14h-20m-40s,127,20521388,24259877,,1.0,1.0,1.0,36,24,36,38,28,38,41,32,41,44,34,44
RAIL+d027f2ae+2023-06-06-14h-23m-54s,147,20521388,24259877,,1.0,1.0,1.0,55,0,55,58,0,58,61,46,61,64,50,64
RAIL+d027f2ae+2023-06-06-14h-54m-42s,179,20521388,24259877,,1.0,1.0,1.0,42,0,42,45,0,45,50,29,50,60,32,60
RAIL+d027f2ae+2023-06-06-15h-00m-25s,162,20521388,24259877,,1.0,1.0,1.0,41,0,41,43,0,43,47,32,47,50,35,50
RAIL+d027f2ae+2023-06-06-15h-08m-34s,177,20521388,24259877,,1.0,1.0,0.9302325581395349,46,0,46,48,0,48,68,0,68,83,29,83
RAIL+d027f2ae+2023-06-06-15h-54m-46s,279,20521388,24259877,,1.0,1.0,1.0,38,0,38,41,0,41,44,0,44,48,26,48
RAIL+d027f2ae+2023-06-06-16h-57m-01s,197,20521388,24259877,,1.0,1.0,1.0,34,0,34,36,19,36,38,22,38,45,27,45
RAIL+d027f2ae+2023-06-06-16h-58m-40s,172,20521388,24259877,,1.0,1.0,1.0,44,27,44,48,32,48,52,36,52,59,41,59
RAIL+d027f2ae+2023-06-06-17h-03m-57s,140,20521388,24259877,,1.0,1.0,1.0,32,0,32,34,0,34,35,29,35,40,31,40
RAIL+d027f2ae+2023-06-08-10h-38m-55s,196,20521388,24259877,,1.0,1.0,1.0,79,0,79,83,0,83,87,70,87,95,75,95
RAIL+d027f2ae+2023-06-08-11h-59m-05s,210,20521388,24259877,,1.0,1.0,1.0,32,0,32,37,0,37,41,0,41,46,25,46
RAIL+d027f2ae+2023-06-08-12h-26m-18s,71,20521388,24259877,,1.0,1.0,1.0,43,30,43,47,33,47,52,37,52,59,39,59
RAIL+d027f2ae+2023-06-08-12h-27m-24s,136,20521388,24259877,,1.0,1.0,1.0,30,18,30,34,27,34,46,33,46,52,41,52
RAIL+d027f2ae+2023-06-08-12h-31m-42s,175,20521388,24259877,,1.0,1.0,1.0,38,32,38,43,35,43,51,38,51,72,41,63
RAIL+d027f2ae+2023-06-08-13h-03m-02s,210,20521388,24259877,,1.0,1.0,1.0,34,0,34,35,27,35,37,31,37,42,34,42
RAIL+d027f2ae+2023-06-08-13h-04m-33s,212,20521388,24259877,,1.0,1.0,1.0,30,25,30,34,28,34,37,31,37,44,34,44
RAIL+d027f2ae+2023-06-12-16h-14m-34s,191,20521388,24259877,,1.0,1.0,1.0,54,42,54,57,55,57,60,58,60,63,63,63
RAIL+d027f2ae+2023-06-20-17h-59m-27s,182,20521388,24259877,,1.0,1.0,0.9181818181818182,66,66,64,72,72,71,78,78,76,89,89,83
RAIL+d027f2ae+2023-06-20-19h-06m-10s,185,20521388,24259877,,1.0,1.0,1.0,41,41,41,49,49,48,62,62,58,134,133,101
RAIL+d027f2ae+2023-06-20-19h-06m-46s,194,20521388,24259877,,1.0,1.0,1.0,51,50,51,54,53,54,63,63,63,86,86,83
RAIL+d027f2ae+2023-06-20-19h-07m-07s,164,20521388,24259877,,1.0,1.0,1.0,43,43,43,48,48,47,55,55,53,59,59,58
RAIL+d027f2ae+2023-06-22-16h-44m-46s,134,20521388,24259877,,1.0,1.0,1.0,26,26,23,29,29,26,34,34,32,39,39,36
RAIL+d027f2ae+2023-06-22-16h-47m-43s,157,20521388,24259877,,1.0,1.0,1.0,39,39,36,45,45,42,58,58,53,73,73,67
RAIL+d027f2ae+2023-06-22-17h-00m-59s,104,20521388,24259877,,1.0,1.0,1.0,26,26,24,28,28,26,32,32,29,37,37,32
RAIL+d027f2ae+2023-06-22-17h-06m-35s,97,20521388,24259877,,1.0,1.0,1.0,15,15,14,28,28,26,36,36,34,49,49,44
RAIL+d027f2ae+2023-06-27-21h-07m-03s,98,20521388,24259877,,1.0,1.0,1.0,28,27,28,31,30,31,36,36,34,44,44,38
RAIL+d027f2ae+2023-08-07-14h-57m-54s,177,20521388,24259877,,1.0,1.0,1.0,66,59,66,70,64,70,76,69,76,80,73,80
RAIL+d027f2ae+2023-08-07-15h-00m-51s,86,20521388,24259877,,1.0,1.0,1.0,57,51,57,60,55,60,65,59,65,71,64,71
RAIL+d027f2ae+2023-08-07-15h-14m-31s,148,20521388,24259877,,1.0,1.0,1.0,35,32,35,37,34,37,41,37,41,43,39,43
RAIL+d027f2ae+2023-08-07-15h-22m-05s,83,20521388,24259877,,1.0,1.0,1.0,30,25,30,33,29,33,37,33,37,40,36,40
RAIL+d027f2ae+2023-08-07-16h-14m-49s,141,20521388,24259877,,1.0,1.0,1.0,46,39,46,49,44,49,53,48,53,61,53,61
RAIL+d027f2ae+2023-08-07-17h-03m-04s,115,20521388,24259877,,1.0,1.0,1.0,40,24,40,42,27,42,45,32,45,53,36,53
RAIL+d027f2ae+2023-08-07-17h-33m-30s,131,20521388,24259877,,1.0,1.0,1.0,42,38,42,44,41,44,48,45,48,57,48,57
RAIL+d027f2ae+2023-08-07-17h-55m-11s,120,20521388,24259877,,1.0,1.0,1.0,17,0,17,19,15,19,21,18,21,24,21,24
RAIL+d027f2ae+2023-08-07-18h-03m-12s,122,20521388,24259877,,1.0,1.0,1.0,24,23,24,27,24,27,29,27,29,32,29,32
RAIL+d027f2ae+2023-09-20-18h-02m-09s,184,20521388,24259877,,1.0,1.0,1.0,51,51,51,53,53,53,56,56,56,57,57,57
RAIL+d027f2ae+2023-09-20-18h-07m-42s,183,20521388,24259877,,1.0,1.0,1.0,53,51,53,57,55,57,62,60,62,66,63,66
RAIL+d027f2ae+2023-09-20-18h-11m-19s,122,20521388,24259877,,1.0,1.0,0.8085106382978723,26,25,26,28,28,28,32,31,32,35,34,35
RAIL+d027f2ae+2023-09-21-09h-55m-02s,124,20521388,24259877,,1.0,1.0,1.0,29,29,27,32,32,29,37,37,33,40,40,36
RAIL+d027f2ae+2023-09-21-09h-55m-22s,132,20521388,24259877,,1.0,1.0,1.0,33,33,33,36,36,36,40,40,40,43,43,42
RAIL+d027f2ae+2023-09-21-09h-59m-54s,109,20521388,24259877,,1.0,1.0,1.0,23,22,23,25,24,25,27,26,27,29,29,29
RAIL+d027f2ae+2023-09-21-10h-16m-18s,66,20521388,24259877,,1.0,1.0,1.0,22,21,22,24,22,24,26,25,26,29,28,29
RAIL+d027f2ae+2023-09-21-16h-49m-34s,679,20521388,24259877,,1.0,1.0,1.0,314,312,314,320,318,320,347,347,347,350,350,350
RAIL+d027f2ae+2023-09-29-10h-58m-24s,127,20521388,24259877,,1.0,1.0,1.0,30,21,30,34,23,34,40,26,40,50,29,50
RAIL+d027f2ae+2023-09-29-11h-03m-11s,139,20521388,24259877,,1.0,1.0,1.0,30,27,30,34,30,34,39,33,39,45,37,45
RAIL+d027f2ae+2023-09-29-19h-12m-59s,152,20521388,24259877,,1.0,1.0,1.0,22,0,22,30,21,30,36,27,36,39,34,39
RAIL+d027f2ae+2023-09-29-19h-32m-36s,159,20521388,24259877,,1.0,1.0,1.0,34,0,34,38,0,38,46,27,46,53,32,53
RAIL+d027f2ae+2023-09-29-19h-49m-21s,126,20521388,24259877,,1.0,1.0,0.9117647058823529,21,17,21,24,20,24,26,22,26,29,26,29
RAIL+d027f2ae+2023-09-29-19h-49m-40s,132,20521388,24259877,,1.0,1.0,1.0,27,19,27,29,22,29,33,25,33,36,30,36
RAIL+d027f2ae+2023-10-03-10h-10m-55s,116,20521388,24259877,,1.0,1.0,1.0,25,25,23,29,29,27,33,33,30,38,38,34
RAIL+d027f2ae+2023-10-03-11h-08m-39s,110,20521388,24259877,,1.0,1.0,1.0,19,19,18,23,23,23,27,27,27,31,31,30
RAIL+d027f2ae+2023-10-03-11h-09m-16s,116,20521388,24259877,,1.0,1.0,1.0,24,21,24,28,23,28,30,27,30,35,33,35
RAIL+d027f2ae+2023-10-04-10h-45m-20s,98,20521388,24259877,,1.0,1.0,1.0,20,20,18,22,22,20,30,30,23,37,37,29
RAIL+d027f2ae+2023-10-04-10h-52m-54s,118,20521388,24259877,,1.0,1.0,1.0,26,26,21,32,32,26,38,38,31,43,43,35
RAIL+d027f2ae+2023-10-05-09h-49m-51s,97,20521388,24259877,,1.0,1.0,1.0,23,23,19,25,25,21,30,30,25,35,35,28
RAIL+d027f2ae+2023-10-05-09h-55m-13s,94,20521388,24259877,,1.0,1.0,1.0,30,30,28,36,36,32,41,41,37,47,47,41
RAIL+d027f2ae+2023-10-09-09h-58m-13s,122,20521388,24259877,,1.0,1.0,1.0,20,20,20,25,25,23,30,30,26,35,35,30
RAIL+d027f2ae+2023-10-09-10h-10m-24s,81,20521388,24259877,,1.0,1.0,1.0,18,18,17,22,22,20,25,25,23,28,28,26
RAIL+d027f2ae+2023-10-09-10h-11m-48s,100,20521388,24259877,,1.0,1.0,1.0,30,30,27,33,33,30,37,37,34,41,41,36
RAIL+d027f2ae+2023-10-09-10h-22m-09s,143,20521388,24259877,,1.0,1.0,1.0,0,0,0,0,0,0,35,35,25,40,40,33
RAIL+d027f2ae+2023-10-09-10h-23m-59s,137,20521388,24259877,,1.0,1.0,1.0,0,0,0,18,13,18,32,32,23,38,38,30
RAIL+d027f2ae+2023-10-09-10h-42m-12s,155,20521388,24259877,,1.0,1.0,0.9703703703703703,0,0,0,20,19,20,24,24,24,26,26,26
RAIL+d027f2ae+2023-10-09-10h-43m-49s,90,20521388,24259877,,1.0,1.0,1.0,24,0,24,30,25,30,34,32,34,38,36,38
RAIL+d027f2ae+2023-10-09-10h-46m-41s,122,20521388,24259877,,1.0,1.0,1.0,23,22,23,26,25,26,29,28,29,32,32,32
RAIL+d027f2ae+2023-10-09-10h-47m-36s,106,20521388,24259877,,1.0,1.0,1.0,24,22,24,28,25,28,32,30,32,35,34,35
RAIL+d027f2ae+2023-10-09-10h-56m-07s,100,20521388,24259877,,1.0,1.0,1.0,27,26,27,29,29,29,33,32,33,35,35,35
RAIL+d027f2ae+2023-10-10-09h-59m-07s,152,20521388,24259877,,1.0,1.0,0.8141592920353983,36,35,36,39,38,39,44,43,44,49,47,49
RAIL+d027f2ae+2023-10-10-10h-01m-46s,118,20521388,24259877,,1.0,1.0,1.0,31,29,31,34,32,34,38,36,38,43,41,43
RAIL+d027f2ae+2023-10-10-10h-09m-25s,132,20521388,24259877,,1.0,1.0,1.0,35,34,35,40,39,40,47,46,47,53,53,53
RAIL+d027f2ae+2023-10-10-10h-17m-34s,151,20521388,24259877,,1.0,1.0,0.9649122807017544,34,31,34,37,35,37,42,39,42,48,45,48
RAIL+d027f2ae+2023-10-10-10h-18m-01s,120,20521388,24259877,,1.0,1.0,1.0,30,24,30,35,31,35,42,39,42,46,43,46
RAIL+d027f2ae+2023-10-10-10h-22m-19s,143,20521388,24259877,,1.0,1.0,1.0,48,47,48,50,49,50,53,53,53,57,57,57
RAIL+d027f2ae+2023-10-10-10h-24m-48s,112,20521388,24259877,,1.0,1.0,1.0,21,0,21,26,23,26,30,28,30,33,32,33
RAIL+d027f2ae+2023-10-10-10h-32m-07s,111,20521388,24259877,,1.0,1.0,0.9655172413793104,20,19,20,24,23,24,28,27,28,32,31,32
RAIL+d027f2ae+2023-10-11-10h-14m-10s,52,20521388,24259877,,1.0,1.0,1.0,16,15,16,19,19,19,23,23,23,27,27,26
RAIL+d027f2ae+2023-10-11-10h-34m-09s,111,20521388,24259877,,1.0,1.0,1.0,13,12,13,15,15,15,19,18,19,22,22,22
RAIL+d027f2ae+2023-10-11-10h-41m-46s,109,20521388,24259877,,1.0,1.0,1.0,15,13,15,18,16,18,21,20,21,24,22,24
RAIL+d027f2ae+2023-10-11-10h-42m-03s,101,20521388,24259877,,1.0,1.0,1.0,22,22,22,26,26,25,31,31,29,35,35,34
RAIL+d027f2ae+2023-10-11-10h-46m-27s,100,20521388,24259877,,1.0,1.0,1.0,21,21,21,23,23,23,26,26,26,29,29,29
RAIL+d027f2ae+2023-10-11-10h-46m-42s,72,20521388,24259877,,1.0,1.0,1.0,20,0,20,24,23,24,30,30,28,35,35,33
RAIL+d027f2ae+2023-10-16-10h-24m-19s,107,20521388,24259877,,1.0,1.0,1.0,26,21,26,28,27,28,37,37,32,48,48,39
RAIL+d027f2ae+2023-10-16-10h-57m-45s,97,20521388,24259877,,1.0,1.0,1.0,25,25,0,33,33,27,36,36,34,39,39,36
RAIL+d027f2ae+2023-10-18-10h-31m-24s,103,20521388,24259877,,1.0,1.0,1.0,26,26,25,28,28,27,30,30,29,32,32,31
RAIL+d027f2ae+2023-10-19-10h-16m-07s,178,20521388,24259877,,1.0,1.0,1.0,30,30,27,33,33,31,36,36,34,39,39,37
RAIL+d027f2ae+2023-10-19-10h-16m-49s,98,20521388,24259877,,1.0,1.0,1.0,27,27,25,29,29,28,31,31,30,33,33,32
RAIL+d027f2ae+2023-10-19-10h-17m-38s,146,20521388,24259877,,1.0,1.0,1.0,20,20,18,22,22,20,24,24,23,26,26,25
RAIL+d027f2ae+2023-10-19-10h-24m-02s,96,20521388,24259877,,1.0,1.0,1.0,25,25,23,27,27,25,29,29,28,32,32,30
RAIL+d027f2ae+2023-10-23-09h-57m-09s,102,20521388,24259877,,1.0,1.0,1.0,21,21,17,24,24,19,27,27,22,30,30,25
RAIL+d027f2ae+2023-10-23-10h-02m-40s,104,20521388,24259877,,1.0,1.0,1.0,12,12,7,13,13,10,16,16,12,17,17,14
RAIL+d027f2ae+2023-10-23-10h-10m-18s,86,20521388,24259877,,1.0,1.0,1.0,27,27,23,29,29,25,32,32,28,34,34,30
RAIL+d027f2ae+2023-10-23-10h-13m-24s,116,20521388,24259877,,1.0,1.0,1.0,30,30,24,32,32,27,35,35,31,37,37,33
RAIL+d027f2ae+2023-10-23-10h-14m-28s,104,20521388,24259877,,1.0,1.0,1.0,17,17,14,19,19,16,21,21,18,23,23,19
RAIL+d027f2ae+2023-10-23-10h-17m-52s,133,20521388,24259877,,1.0,1.0,1.0,34,34,30,35,35,32,38,38,34,40,40,36
RAIL+d027f2ae+2023-10-23-10h-52m-02s,112,20521388,24259877,,1.0,1.0,1.0,34,34,30,36,36,32,39,39,35,41,41,37
RAIL+d027f2ae+2023-10-24-10h-13m-19s,81,20521388,24259877,,1.0,1.0,1.0,20,18,20,22,20,22,24,22,24,26,23,26
RAIL+d027f2ae+2023-10-24-10h-14m-09s,97,20521388,24259877,,1.0,1.0,1.0,22,16,22,24,20,24,28,23,28,30,25,30
RAIL+d027f2ae+2023-10-24-10h-20m-54s,99,20521388,24259877,,1.0,1.0,1.0,26,23,26,28,25,28,30,26,30,32,29,32
RAIL+d027f2ae+2023-10-24-10h-21m-46s,109,20521388,24259877,,1.0,1.0,1.0,17,12,17,20,15,20,23,19,23,26,21,26
RAIL+d027f2ae+2023-10-26-10h-43m-45s,60,20521388,24259877,,1.0,1.0,1.0,16,15,16,17,17,17,20,20,20,25,25,21
RAIL+d027f2ae+2023-10-26-10h-45m-11s,147,20521388,24259877,,1.0,1.0,1.0,29,29,22,30,30,25,32,32,29,34,34,33
RAIL+d027f2ae+2023-10-26-10h-47m-42s,80,20521388,24259877,,1.0,1.0,1.0,16,16,13,18,18,14,19,19,16,22,22,18
RAIL+d027f2ae+2023-10-26-10h-48m-25s,87,20521388,24259877,,1.0,1.0,1.0,0,0,0,11,11,11,14,14,14,18,18,17
RAIL+d027f2ae+2023-10-26-10h-49m-05s,64,20521388,24259877,,1.0,1.0,1.0,20,20,12,21,21,14,23,23,17,25,25,19
RAIL+d027f2ae+2023-10-26-10h-50m-09s,61,20521388,24259877,,1.0,1.0,1.0,12,0,12,14,11,14,16,15,16,20,20,18
RAIL+d027f2ae+2023-10-26-11h-01m-53s,100,20521388,24259877,,1.0,1.0,1.0,23,23,19,24,24,21,26,26,24,29,29,26
RAIL+d027f2ae+2023-10-26-18h-22m-17s,69,20521388,24259877,,1.0,1.0,1.0,21,0,21,25,12,25,30,16,30,33,22,33
RAIL+d027f2ae+2023-10-26-18h-43m-45s,80,20521388,24259877,,1.0,1.0,1.0,23,0,23,26,0,26,28,17,28,32,23,32
RAIL+d027f2ae+2023-10-27-11h-25m-39s,86,20521388,24259877,,1.0,1.0,1.0,17,0,17,20,10,20,23,13,23,26,16,26
RAIL+d027f2ae+2023-10-27-11h-26m-09s,105,20521388,24259877,,1.0,1.0,1.0,13,0,13,16,0,16,19,0,19,21,13,21
RAIL+d027f2ae+2023-11-01-10h-34m-13s,139,20521388,24259877,,1.0,1.0,1.0,31,31,31,33,33,33,36,36,36,38,38,38
RAIL+d027f2ae+2023-11-01-10h-35m-06s,94,20521388,24259877,,1.0,1.0,1.0,34,34,33,36,36,35,39,39,38,42,42,40
RAIL+d027f2ae+2023-11-01-10h-53m-37s,121,20521388,24259877,,1.0,1.0,1.0,25,25,24,28,28,27,30,30,30,33,33,33
RAIL+d027f2ae+2023-11-03-10h-25m-37s,150,20521388,24259877,,1.0,1.0,1.0,22,17,22,23,19,23,24,21,24,27,23,27
RAIL+d027f2ae+2023-11-03-10h-32m-13s,144,20521388,24259877,,1.0,1.0,1.0,20,14,20,22,17,22,23,20,23,27,22,27
RAIL+d027f2ae+2023-11-03-10h-36m-17s,90,20521388,24259877,,1.0,1.0,1.0,32,27,32,34,29,34,35,32,35,39,34,39
RAIL+d027f2ae+2023-11-03-10h-47m-25s,87,20521388,24259877,,1.0,1.0,1.0,28,24,28,30,26,30,31,29,31,34,32,34
RAIL+d027f2ae+2023-11-03-10h-47m-40s,111,20521388,24259877,,1.0,1.0,1.0,21,21,21,23,23,22,25,25,24,27,27,27
RAIL+d027f2ae+2023-11-03-10h-48m-23s,113,20521388,24259877,,1.0,1.0,1.0,25,18,25,26,19,26,28,22,28,31,24,31
RAIL+d027f2ae+2023-11-03-10h-55m-57s,67,20521388,24259877,,1.0,1.0,1.0,20,12,20,21,16,21,23,19,23,26,25,26
RAIL+d027f2ae+2023-11-03-20h-35m-30s,144,20521388,24259877,,1.0,1.0,1.0,18,18,13,36,36,18,40,40,21,45,45,25
RAIL+d027f2ae+2023-11-03-20h-40m-04s,101,20521388,24259877,,1.0,1.0,1.0,28,28,15,32,32,18,40,40,21,45,45,25
RAIL+d027f2ae+2023-11-04-14h-05m-20s,192,20521388,24259877,,1.0,1.0,1.0,26,0,26,28,0,28,29,0,29,34,18,34
RAIL+d027f2ae+2023-11-04-14h-10m-06s,153,20521388,24259877,,1.0,1.0,1.0,20,0,20,22,0,22,24,0,24,28,0,28
RAIL+d027f2ae+2023-11-04-14h-19m-59s,105,20521388,24259877,,1.0,1.0,1.0,28,0,28,46,0,46,51,8,51,61,11,61
RAIL+d027f2ae+2023-11-04-14h-46m-23s,104,20521388,24259877,,1.0,1.0,1.0,22,0,22,24,0,24,26,21,26,28,25,28
RAIL+d027f2ae+2023-11-06-10h-14m-16s,124,20521388,24259877,,1.0,1.0,1.0,17,0,17,19,0,19,21,0,21,25,9,25
RAIL+d027f2ae+2023-11-06-10h-17m-47s,76,20521388,24259877,,1.0,1.0,1.0,13,0,13,15,0,15,16,0,16,20,0,20
RAIL+d027f2ae+2023-11-06-10h-44m-47s,81,20521388,24259877,,1.0,1.0,1.0,16,0,16,18,0,18,20,0,20,21,0,21
RAIL+d027f2ae+2023-11-06-10h-46m-14s,126,20521388,24259877,,1.0,1.0,1.0,0,0,0,0,0,0,0,0,0,20,0,20
RAIL+d027f2ae+2023-11-06-10h-46m-34s,110,20521388,24259877,,1.0,1.0,1.0,19,0,19,22,0,22,24,0,24,26,0,26
RAIL+d027f2ae+2023-11-06-10h-52m-14s,59,20521388,24259877,,1.0,1.0,1.0,20,0,20,22,0,22,23,0,23,27,0,27
RAIL+d027f2ae+2023-11-06-11h-35m-36s,71,20521388,24259877,,1.0,1.0,1.0,19,0,19,20,0,20,21,12,21,23,14,23
RAIL+d027f2ae+2023-11-06-11h-35m-52s,107,20521388,24259877,,1.0,1.0,1.0,18,0,18,20,0,20,21,13,21,24,15,24
RAIL+d027f2ae+2023-11-07-10h-52m-24s,104,20521388,24259877,,1.0,1.0,1.0,26,25,26,28,26,28,30,29,30,32,31,32
RAIL+d027f2ae+2023-11-14-18h-31m-41s,115,20521388,24259877,,1.0,1.0,1.0,15,15,15,17,17,16,19,19,18,21,21,19
RAIL+d027f2ae+2023-11-14-18h-38m-04s,162,20521388,24259877,,1.0,1.0,0.8309859154929577,18,18,16,20,20,18,21,21,21,23,23,22
RAIL+d027f2ae+2023-11-14-18h-41m-13s,138,20521388,24259877,,1.0,1.0,1.0,11,11,11,14,14,13,18,18,17,20,20,20
RAIL+d027f2ae+2023-11-14-18h-45m-00s,110,20521388,24259877,,1.0,1.0,1.0,20,20,18,22,22,20,24,24,23,26,26,25
RAIL+d027f2ae+2023-11-14-19h-04m-51s,111,20521388,24259877,,1.0,1.0,1.0,24,24,0,26,26,0,28,28,0,30,30,0
RAIL+d027f2ae+2023-11-14-19h-05m-51s,158,20521388,24259877,,1.0,1.0,1.0,41,41,0,51,51,0,62,62,0,76,76,23
RAIL+d027f2ae+2023-11-14-19h-06m-29s,163,20521388,24259877,,1.0,1.0,1.0,39,39,0,48,48,14,56,56,16,98,98,20
RAIL+d027f2ae+2023-11-14-19h-16m-12s,81,20521388,24259877,,1.0,1.0,0.8765432098765432,0,0,0,0,0,0,34,34,0,39,39,0
RAIL+d027f2ae+2023-11-15-10h-53m-11s,108,20521388,24259877,,1.0,1.0,1.0,0,0,0,0,0,0,0,0,0,15,0,15
RAIL+d027f2ae+2023-11-16-11h-17m-36s,130,20521388,24259877,,1.0,1.0,1.0,24,0,24,26,0,26,28,0,28,30,0,30
RAIL+d027f2ae+2023-11-16-11h-20m-44s,114,20521388,24259877,,1.0,1.0,1.0,21,18,21,24,20,24,27,23,27,32,26,32
RAIL+d027f2ae+2023-11-17-10h-32m-10s,90,20521388,24259877,,1.0,1.0,1.0,15,15,14,19,19,16,23,23,17,28,28,23
RAIL+d027f2ae+2023-11-17-10h-34m-02s,112,20521388,24259877,,1.0,1.0,1.0,12,12,10,16,16,13,19,19,16,23,23,20
RAIL+d027f2ae+2023-11-17-10h-51m-11s,123,20521388,24259877,,1.0,1.0,0.12844036697247707,11,11,0,14,14,11,16,16,14,18,18,18
RAIL+d027f2ae+2023-11-20-11h-09m-53s,76,20521388,24259877,,1.0,1.0,1.0,16,16,0,18,18,13,22,22,17,25,25,19
RAIL+d027f2ae+2023-11-20-11h-14m-29s,106,20521388,24259877,,1.0,1.0,0.8444444444444444,14,14,9,16,16,11,21,21,13,49,49,16
RAIL+d027f2ae+2023-11-20-11h-18m-03s,108,20521388,24259877,,1.0,1.0,0.81,0,0,0,8,8,0,12,12,3,14,14,10
RAIL+d027f2ae+2023-11-20-11h-18m-18s,80,20521388,24259877,,1.0,1.0,1.0,15,15,0,17,17,12,20,20,14,45,43,16
RAIL+d027f2ae+2023-11-29-16h-55m-54s,115,20521388,24259877,,1.0,1.0,1.0,24,24,23,28,26,28,33,30,33,36,34,36
RAIL+d027f2ae+2023-11-29-17h-06m-11s,126,20521388,24259877,,1.0,1.0,0.8939393939393939,56,56,36,60,60,43,67,67,57,73,73,62
RAIL+d027f2ae+2023-11-30-11h-41m-12s,90,20521388,24259877,,1.0,1.0,1.0,19,19,18,21,21,19,23,23,21,25,25,23
RAIL+d027f2ae+2023-11-30-11h-44m-14s,110,20521388,24259877,,1.0,1.0,0.9705882352941176,40,40,35,42,42,38,45,45,40,48,48,43
RAIL+d027f2ae+2023-11-30-11h-49m-14s,110,20521388,24259877,,1.0,1.0,1.0,31,27,31,32,29,32,34,32,34,37,34,37
RAIL+d027f2ae+2023-11-30-11h-55m-49s,99,20521388,24259877,,1.0,1.0,0.671875,32,32,24,35,35,28,41,41,32,46,46,35
RAIL+d027f2ae+2023-12-02-16h-31m-06s,104,20521388,24259877,,1.0,1.0,1.0,27,27,27,31,31,29,35,35,34,39,39,37
RAIL+d027f2ae+2023-12-02-16h-32m-37s,78,20521388,24259877,,1.0,1.0,1.0,38,31,38,41,33,41,45,36,45,52,38,52
RAIL+d027f2ae+2023-12-02-17h-30m-20s,127,20521388,24259877,,1.0,1.0,1.0,22,22,20,24,24,22,28,28,27,32,32,30
RAIL+daf8a660+2023-08-29-15h-29m-27s,157,20521388,24259877,,1.0,1.0,1.0,31,31,19,34,34,22,38,38,26,43,43,29
RAIL+daf8a660+2023-08-31-10h-52m-55s,248,20521388,24259877,,1.0,1.0,1.0,26,26,24,30,30,28,34,34,32,39,39,36
RAIL+daf8a660+2023-08-31-10h-53m-22s,149,20521388,24259877,,1.0,1.0,1.0,28,28,26,31,31,29,35,35,33,38,38,36
RAIL+daf8a660+2023-08-31-14h-52m-34s,408,20521388,24259877,,1.0,1.0,0.5207253886010362,19,12,19,22,15,22,25,19,25,27,22,27
RAIL+daf8a660+2023-08-31-14h-53m-15s,291,20521388,24259877,,1.0,1.0,1.0,23,18,23,26,20,26,30,22,30,35,24,35
RAIL+daf8a660+2023-08-31-15h-11m-00s,184,20521388,24259877,,1.0,1.0,1.0,64,0,64,67,60,67,70,64,70,74,67,74
RAIL+daf8a660+2023-08-31-15h-17m-32s,190,20521388,24259877,,1.0,1.0,0.4943181818181818,11,0,11,14,0,14,18,6,18,20,11,20
RAIL+daf8a660+2023-08-31-15h-19m-28s,144,20521388,24259877,,1.0,1.0,1.0,16,0,16,18,13,18,21,14,21,25,17,25
RAIL+daf8a660+2023-08-31-15h-41m-52s,99,20521388,24259877,,1.0,1.0,1.0,28,0,28,32,21,32,35,27,35,39,31,39
RAIL+daf8a660+2023-08-31-15h-43m-39s,157,20521388,24259877,,1.0,1.0,1.0,29,20,29,33,22,33,38,26,38,43,30,43
RAIL+daf8a660+2023-08-31-15h-52m-46s,174,20521388,24259877,,1.0,1.0,1.0,22,0,22,24,17,24,26,20,26,31,23,31
RAIL+daf8a660+2023-09-01-15h-30m-43s,121,20521388,24259877,,1.0,1.0,1.0,51,0,51,55,39,55,61,47,61,66,57,66
RAIL+daf8a660+2023-09-01-15h-32m-04s,101,20521388,24259877,,1.0,1.0,1.0,19,12,19,23,16,23,32,21,32,37,32,37
RAIL+daf8a660+2023-09-01-15h-42m-09s,180,20521388,24259877,,1.0,1.0,1.0,29,23,29,31,25,31,36,28,36,39,31,39
RAIL+daf8a660+2023-09-01-15h-48m-29s,180,20521388,24259877,,1.0,1.0,1.0,0,0,0,18,0,18,21,0,21,24,17,24
RAIL+daf8a660+2023-09-12-10h-38m-39s,201,20521388,24259877,,1.0,1.0,0.9273743016759777,20,14,20,22,17,22,24,21,24,26,23,26
RAIL+daf8a660+2023-09-12-10h-44m-28s,153,20521388,24259877,,1.0,1.0,1.0,28,28,25,31,31,27,33,33,30,36,36,33
RAIL+daf8a660+2023-10-13-11h-00m-53s,201,20521388,24259877,,1.0,1.0,1.0,0,0,0,0,0,0,22,22,14,36,36,24
RAIL+daf8a660+2023-10-13-11h-14m-11s,65,20521388,24259877,,1.0,1.0,1.0,28,28,24,30,30,27,33,33,30,40,40,33
RAIL+daf8a660+2023-10-13-11h-26m-51s,109,20521388,24259877,,1.0,1.0,1.0,26,26,24,33,33,29,39,39,35,48,48,40
RAIL+daf8a660+2023-10-13-11h-33m-49s,113,20521388,24259877,,1.0,1.0,0.90625,0,0,0,17,17,0,42,42,33,49,49,38
RAIL+daf8a660+2023-11-29-13h-19m-21s,113,20521388,24259877,,1.0,1.0,1.0,15,15,0,18,18,0,22,22,17,24,24,21
RAIL+daf8a660+2023-11-29-13h-23m-53s,94,20521388,24259877,,1.0,1.0,1.0,15,15,14,18,18,17,21,21,21,26,25,26
RAIL+daf8a660+2023-11-29-14h-13m-31s,150,20521388,24259877,,1.0,1.0,1.0,45,45,44,48,48,46,52,52,50,56,56,54
RAIL+daf8a660+2023-11-29-14h-13m-50s,138,20521388,24259877,,1.0,1.0,1.0,22,20,22,25,22,25,27,25,27,30,27,30
RAIL+daf8a660+2023-11-29-14h-30m-43s,146,20521388,24259877,,1.0,1.0,1.0,19,18,19,22,22,21,24,24,24,27,27,27
RAIL+daf8a660+2023-11-29-14h-33m-29s,150,20521388,24259877,,1.0,1.0,1.0,17,17,12,19,19,16,22,22,20,25,24,25
RAIL+eh61f232+2023-04-07-19h-34m-07s,413,20521388,24259877,,1.0,1.0,1.0,0,0,0,0,0,0,305,305,275,313,313,284
RAIL+eh61f232+2023-05-15-11h-14m-40s,134,20521388,24259877,,1.0,1.0,1.0,17,0,17,21,13,21,28,21,28,34,26,34
RAIL+eh61f232+2023-05-15-11h-18m-18s,135,20521388,24259877,,1.0,1.0,1.0,19,0,19,25,16,25,34,26,34,40,32,40
RAIL+eh61f232+2023-05-15-11h-22m-46s,135,20521388,24259877,,1.0,1.0,1.0,26,0,26,32,21,32,40,32,40,47,38,47
RAIL+eh61f232+2023-10-26-17h-31m-25s,1333,20521388,24259877,,1.0,1.0,0.9079822616407982,419,403,419,431,410,431,453,425,453,488,441,488
RAIL+eh61f232+2023-10-26-17h-33m-59s,672,20521388,24259877,,1.0,0.6666666666666666,0.20334261838440112,210,0,210,313,134,313,-1,211,-1,-1,327,-1
RAIL+eh61f232+2023-10-26-17h-35m-23s,310,20521388,24259877,,1.0,0.9814814814814815,0.5327510917030568,66,32,66,81,54,81,133,69,133,-1,86,-1
RAIL+t3d58310+2023-05-19-15h-23m-47s,121,20521388,24259877,,1.0,1.0,0.9175257731958762,0,0,0,24,0,24,33,28,33,38,32,38
RAIL+t3d58310+2023-05-19-15h-33m-06s,132,20521388,24259877,,1.0,1.0,1.0,0,0,0,0,0,0,31,19,31,35,33,35
RAIL+t3d58310+2023-05-19-15h-40m-50s,114,20521388,24259877,,1.0,1.0,1.0,22,0,22,25,22,25,29,26,29,34,29,34
RAIL+t3d58310+2023-05-19-15h-43m-29s,117,20521388,24259877,,1.0,1.0,1.0,25,23,25,27,25,27,42,28,42,45,42,45
RAIL+t3d58310+2023-05-19-16h-51m-01s,124,20521388,24259877,,1.0,1.0,1.0,40,0,40,43,41,43,46,45,46,49,48,49
RAIL+t3d58310+2023-05-20-14h-10m-35s,179,20521388,24259877,,1.0,1.0,0.9663865546218487,55,50,55,60,55,60,69,61,69,75,66,75
RAIL+t3d58310+2023-05-20-14h-12m-01s,97,20521388,24259877,,1.0,1.0,1.0,40,38,40,43,41,43,47,45,47,52,49,52
RAIL+t3d58310+2023-05-20-14h-39m-06s,155,20521388,24259877,,1.0,1.0,1.0,0,0,0,0,0,0,31,25,31,37,29,37
RAIL+t3d58310+2023-05-20-14h-39m-25s,129,20521388,24259877,,1.0,1.0,1.0,21,18,21,25,22,25,28,25,28,49,28,49
RAIL+t3d58310+2023-05-20-14h-40m-53s,143,20521388,24259877,,1.0,1.0,1.0,35,21,35,38,25,38,41,37,41,47,39,47
RAIL+t3d58310+2023-05-20-14h-46m-25s,134,20521388,24259877,,1.0,1.0,1.0,0,0,0,10,9,10,14,13,14,17,15,17
RAIL+t3d58310+2023-05-20-14h-51m-12s,214,20521388,24259877,,1.0,1.0,1.0,17,14,17,20,17,20,33,20,33,36,32,36
RAIL+t3d58310+2023-05-20-15h-03m-11s,130,20521388,24259877,,1.0,1.0,1.0,24,22,24,35,25,35,38,36,38,40,38,40
RAIL+t3d58310+2023-05-20-15h-05m-40s,95,20521388,24259877,,1.0,1.0,1.0,21,19,21,23,21,23,35,24,35,38,35,38
RAIL+t3d58310+2023-05-20-15h-06m-37s,127,20521388,24259877,,1.0,1.0,1.0,26,15,26,29,27,29,31,30,31,34,31,34
RAIL+t3d58310+2023-05-20-15h-07m-17s,134,20521388,24259877,,1.0,1.0,1.0,15,0,15,18,17,18,22,20,22,25,23,25
RAIL+t3d58310+2023-05-20-15h-09m-46s,205,20521388,24259877,,1.0,1.0,1.0,21,16,21,26,21,26,31,25,31,42,29,42
RAIL+t3d58310+2023-05-28-14h-51m-43s,197,20521388,24259877,,1.0,1.0,1.0,16,16,12,20,20,15,36,36,18,57,57,20
RAIL+t3d58310+2023-05-28-15h-01m-40s,144,20521388,24259877,,1.0,1.0,1.0,8,8,0,11,11,0,13,13,8,16,16,10
RAIL+t3d58310+2023-05-28-15h-03m-45s,227,20521388,24259877,,1.0,1.0,1.0,15,15,13,17,17,16,20,20,18,22,22,20
RAIL+t3d58310+2023-05-28-15h-08m-56s,158,20521388,24259877,,1.0,1.0,1.0,17,17,14,18,18,16,22,22,18,24,24,20
RAIL+t3d58310+2023-05-28-15h-47m-49s,160,20521388,24259877,,1.0,1.0,1.0,15,15,14,18,18,17,21,21,19,24,24,22
RAIL+t3d58310+2023-05-28-16h-02m-44s,163,20521388,24259877,,1.0,1.0,1.0,13,13,10,14,14,12,17,17,14,19,19,17
RAIL+t3d58310+2023-05-28-16h-45m-01s,187,20521388,24259877,,1.0,1.0,1.0,24,24,23,27,27,25,32,32,29,58,58,32
RAIL+t3d58310+2023-05-28-16h-45m-41s,170,20521388,24259877,,1.0,1.0,1.0,7,7,0,9,9,6,13,13,9,15,15,12
RAIL+t3d58310+2023-05-28-16h-47m-28s,242,20521388,24259877,,1.0,1.0,1.0,20,20,19,23,23,21,25,25,23,37,37,25
RAIL+t3d58310+2023-05-28-16h-57m-06s,359,20521388,24259877,,1.0,1.0,1.0,35,35,0,38,38,0,42,42,37,45,45,40
RAIL+t3d58310+2023-05-28-17h-01m-52s,176,20521388,24259877,,1.0,1.0,1.0,18,18,0,36,36,0,40,40,16,43,43,39
RAIL+t3d58310+2023-05-28-17h-06m-06s,155,20521388,24259877,,1.0,1.0,1.0,33,33,8,35,35,14,37,37,34,40,40,37
RAIL+t3d58310+2023-05-28-17h-11m-52s,128,20521388,24259877,,1.0,1.0,1.0,6,6,0,8,8,6,11,11,8,12,12,10
RAIL+t3d58310+2023-05-28-17h-24m-18s,110,20521388,24259877,,1.0,1.0,1.0,17,17,14,18,18,17,21,21,19,23,23,21
RAIL+t3d58310+2023-05-28-17h-44m-07s,112,20521388,24259877,,1.0,1.0,1.0,14,14,0,16,16,0,18,18,13,21,21,16
RAIL+t3d58310+2023-07-13-15h-50m-45s,289,20521388,24259877,,1.0,1.0,1.0,125,106,125,131,131,130,160,160,158,167,167,165
RAIL+t3d58310+2023-07-27-15h-54m-57s,549,20521388,24259877,,1.0,1.0,1.0,62,62,59,76,76,62,80,80,76,83,83,80
RAIL+t3d58310+2023-07-27-17h-11m-43s,212,20521388,24259877,,1.0,1.0,1.0,39,39,35,52,52,38,71,71,54,74,74,71
RAIL+t3d58310+2023-07-27-17h-17m-43s,497,20521388,24259877,,1.0,1.0,1.0,37,37,36,49,49,38,64,64,60,68,68,64
RAIL+t3d58310+2023-07-27-17h-22m-46s,405,20521388,24259877,,1.0,1.0,1.0,54,54,51,79,79,54,82,82,79,85,85,80
RAIL+t3d58310+2023-07-27-17h-28m-55s,380,20521388,24259877,,1.0,1.0,1.0,54,54,49,57,57,53,75,75,57,101,101,76
RAIL+t3d58310+2023-07-27-17h-30m-58s,125,20521388,24259877,,1.0,1.0,1.0,23,23,21,25,25,24,28,28,26,37,37,28
RAIL+t3d58310+2023-07-27-17h-47m-03s,562,20521388,24259877,,1.0,1.0,1.0,37,37,34,38,38,36,40,40,38,42,42,40
RAIL+t3d58310+2023-07-28-17h-26m-05s,645,20521388,24259877,,1.0,1.0,1.0,19,16,19,26,18,26,31,31,29,33,33,32
RAIL+t3d58310+2023-07-28-18h-02m-42s,833,20521388,24259877,,1.0,1.0,1.0,45,28,45,47,30,47,48,44,48,58,47,58
RAIL+t3d58310+2023-07-28-18h-10m-28s,765,20521388,24259877,,1.0,1.0,1.0,63,63,62,66,66,64,77,77,72,80,80,75
RAIL+t3d58310+2023-07-28-18h-27m-22s,501,20521388,24259877,,1.0,1.0,1.0,31,31,28,55,55,30,65,58,65,79,60,79
RAIL+t3d58310+2023-08-08-17h-00m-30s,684,20521388,24259877,,1.0,1.0,0.9924471299093656,20,18,20,22,20,22,35,23,35,51,35,51
RAIL+t3d58310+2023-08-08-18h-02m-28s,268,20521388,24259877,,1.0,1.0,1.0,55,43,55,56,54,56,58,57,58,61,59,61
RAIL+t3d58310+2023-08-12-15h-02m-31s,1352,20521388,24259877,,1.0,1.0,0.9801375095492743,41,40,41,43,42,43,47,45,47,59,56,59
RAIL+t3d58310+2023-08-12-16h-51m-15s,1464,20521388,24259877,,1.0,1.0,0.997887323943662,24,23,24,44,25,44,47,44,47,50,46,50
RAIL+t3d58310+2023-08-12-17h-11m-35s,1283,20521388,24259877,,1.0,1.0,1.0,19,16,19,21,18,21,44,21,44,47,42,47
REAL+4dbb5646+2023-04-14-16h-31m-52s,572,20540549,23960472,,1.0,1.0,0.9311740890688259,31,31,30,78,78,70,103,103,77,121,121,92
REAL+4dbb5646+2023-04-17-14h-56m-15s,627,20540549,23960472,,1.0,1.0,0.960127591706539,0,0,0,0,0,0,0,0,0,24,24,0
REAL+4dbb5646+2023-04-18-15h-35m-54s,314,20540549,23960472,,1.0,1.0,1.0,0,0,0,0,0,0,0,0,0,0,0,0
REAL+4dbb5646+2023-04-18-16h-50m-14s,393,20540549,23960472,,1.0,1.0,1.0,0,0,0,0,0,0,0,0,0,0,0,0
REAL+4dbb5646+2023-04-18-16h-52m-32s,280,20540549,23960472,,1.0,1.0,1.0,0,0,0,0,0,0,0,0,0,0,0,0
REAL+4dbb5646+2023-05-17-11h-07m-32s,262,20540549,23960472,,1.0,1.0,1.0,0,0,0,0,0,0,0,0,0,8,5,8
REAL+4dbb5646+2023-05-17-11h-13m-14s,179,20540549,23960472,,1.0,1.0,1.0,0,0,0,0,0,0,0,0,0,21,0,21
REAL+4dbb5646+2023-05-17-11h-15m-17s,493,20540549,23960472,,1.0,1.0,1.0,0,0,0,0,0,0,22,22,0,27,27,26
REAL+4dbb5646+2023-05-17-16h-08m-46s,242,20540549,23960472,,1.0,1.0,1.0,0,0,0,7,0,7,21,10,21,23,21,23
REAL+4dbb5646+2023-05-17-16h-09m-15s,164,20540549,23960472,,1.0,1.0,1.0,0,0,0,0,0,0,13,13,10,17,17,14
REAL+4dbb5646+2023-05-17-16h-10m-36s,248,20540549,23960472,,1.0,1.0,1.0,0,0,0,0,0,0,0,0,0,13,0,13
REAL+4dbb5646+2023-05-17-16h-13m-12s,176,20540549,23960472,,1.0,1.0,1.0,0,0,0,0,0,0,0,0,0,42,0,42
REAL+4dbb5646+2023-05-17-16h-18m-18s,182,20540549,23960472,,1.0,1.0,1.0,0,0,0,0,0,0,0,0,0,0,0,0
REAL+4dbb5646+2023-05-17-16h-20m-22s,184,20540549,23960472,,1.0,1.0,1.0,0,0,0,0,0,0,17,10,17,50,20,50
REAL+4dbb5646+2023-05-19-12h-48m-33s,467,20540549,23960472,,1.0,1.0,1.0,0,0,0,0,0,0,54,54,0,59,59,0
REAL+4dbb5646+2023-05-19-16h-18m-41s,391,20540549,23960472,,1.0,1.0,0.8692098092643051,19,19,0,24,24,0,29,29,0,33,33,18
REAL+4dbb5646+2023-05-19-16h-20m-27s,416,20540549,23960472,,1.0,1.0,1.0,0,0,0,0,0,0,10,10,0,16,16,0
REAL+4dbb5646+2023-05-19-16h-21m-41s,429,20540549,23960472,,1.0,1.0,1.0,0,0,0,0,0,0,0,0,0,20,20,0
REAL+4dbb5646+2023-05-30-16h-08m-42s,159,20540549,23960472,,1.0,1.0,1.0,0,0,0,0,0,0,0,0,0,8,8,0
REAL+4dbb5646+2023-05-30-16h-15m-06s,134,20540549,23960472,,1.0,1.0,1.0,0,0,0,0,0,0,0,0,0,0,0,0
REAL+4dbb5646+2023-05-30-16h-17m-25s,214,20540549,23960472,,1.0,1.0,1.0,0,0,0,0,0,0,0,0,0,0,0,0
REAL+4dbb5646+2023-05-30-16h-41m-21s,174,20540549,23960472,,1.0,1.0,1.0,0,0,0,0,0,0,0,0,0,0,0,0
REAL+4dbb5646+2023-05-30-16h-42m-23s,321,20540549,23960472,,1.0,1.0,1.0,0,0,0,0,0,0,0,0,0,0,0,0
REAL+4dbb5646+2023-06-07-11h-33m-32s,285,20540549,23960472,,1.0,1.0,1.0,0,0,0,7,0,7,11,0,11,15,4,15
REAL+4dbb5646+2023-06-07-11h-40m-00s,189,20540549,23960472,,1.0,1.0,1.0,0,0,0,0,0,0,14,0,14,17,0,17
REAL+4dbb5646+2023-06-07-11h-41m-40s,245,20540549,23960472,,1.0,1.0,0.9869565217391304,12,0,12,15,8,15,29,12,29,32,14,32
REAL+4dbb5646+2023-06-07-11h-46m-04s,202,20540549,23960472,,1.0,1.0,1.0,9,0,9,12,0,12,31,0,31,34,8,34
REAL+4dbb5646+2023-06-07-11h-56m-17s,404,20540549,23960472,,1.0,1.0,1.0,21,0,21,25,16,25,40,20,40,44,24,44
REAL+4dbb5646+2023-06-07-11h-57m-41s,216,20540549,23960472,,1.0,1.0,1.0,14,0,14,17,0,17,21,11,21,24,16,24
REAL+4dbb5646+2023-06-07-11h-59m-09s,189,20540549,23960472,,1.0,1.0,1.0,21,0,21,23,0,23,28,20,28,42,23,42
REAL+4dbb5646+2023-06-07-12h-01m-04s,207,20540549,23960472,,1.0,1.0,1.0,8,0,8,12,0,12,19,0,19,23,8,23
REAL+4dbb5646+2023-06-07-12h-01m-28s,191,20540549,23960472,,1.0,1.0,1.0,24,0,24,29,5,29,33,22,33,48,28,48
REAL+4dbb5646+2023-06-07-12h-10m-31s,508,20540549,23960472,,1.0,1.0,1.0,0,0,0,15,15,0,19,19,0,28,28,0
REAL+4dbb5646+2023-06-07-12h-26m-40s,151,20540549,23960472,,1.0,1.0,1.0,7,7,0,10,10,0,14,14,0,27,27,9
REAL+4dbb5646+2023-06-21-15h-42m-14s,277,20540549,23960472,,1.0,1.0,0.6294820717131474,24,24,22,26,26,25,30,30,28,41,36,41
REAL+4dbb5646+2023-06-21-15h-47m-05s,217,20540549,23960472,,1.0,1.0,0.5408805031446541,54,54,0,58,58,49,63,63,54,69,69,61
REAL+4dbb5646+2023-06-21-15h-48m-30s,173,20540549,23960472,,1.0,1.0,0.6258064516129033,13,13,0,18,18,0,22,22,0,28,28,23
REAL+4dbb5646+2023-06-21-15h-51m-08s,257,20540549,23960472,,1.0,1.0,0.7405857740585774,9,9,0,18,18,11,25,25,14,93,93,17
REAL+4dbb5646+2023-06-21-15h-52m-18s,215,20540549,23960472,,1.0,1.0,0.6927710843373494,40,40,22,49,49,27,62,62,35,172,172,43
REAL+4dbb5646+2023-06-21-16h-01m-31s,215,20540549,23960472,,1.0,1.0,0.9162303664921466,18,17,18,24,23,24,35,31,35,39,38,39
REAL+4dbb5646+2023-06-21-16h-02m-25s,209,20540549,23960472,,1.0,1.0,0.890625,14,14,9,17,17,14,21,21,16,25,25,23
REAL+4dbb5646+2023-06-21-16h-07m-02s,195,20540549,23960472,,1.0,1.0,0.89375,33,30,33,35,33,35,38,37,38,42,40,42
REAL+4dbb5646+2023-06-21-16h-11m-19s,212,20540549,23960472,,1.0,1.0,0.6446700507614214,12,12,0,15,15,10,18,18,12,23,23,19
REAL+4dbb5646+2023-06-21-16h-24m-22s,187,20540549,23960472,,1.0,1.0,0.51875,17,17,14,27,27,18,39,39,21,50,50,25
REAL+4dbb5646+2023-06-21-16h-31m-37s,178,20540549,23960472,,1.0,1.0,0.4620253164556962,15,15,7,20,20,14,30,30,16,36,36,19
REAL+4dbb5646+2023-07-25-14h-22m-55s,166,20540549,23960472,,1.0,1.0,1.0,19,19,0,22,22,12,26,26,15,30,30,18
REAL+4dbb5646+2023-07-25-14h-23m-42s,174,20540549,23960472,,1.0,1.0,1.0,0,0,0,18,18,0,22,22,0,26,26,15
REAL+4dbb5646+2023-07-25-14h-24m-24s,118,20540549,23960472,,1.0,1.0,1.0,18,18,0,22,22,0,25,25,13,29,29,17
REAL+4dbb5646+2023-07-25-14h-26m-22s,191,20540549,23960472,,1.0,1.0,1.0,23,23,0,26,26,12,31,31,17,34,34,21
REAL+4dbb5646+2023-07-25-14h-32m-51s,170,20540549,23960472,,1.0,1.0,1.0,19,19,0,21,21,0,24,24,14,27,27,16
REAL+4dbb5646+2023-07-25-14h-33m-56s,208,20540549,23960472,,1.0,1.0,1.0,24,24,0,28,28,17,33,33,20,38,38,24
REAL+4dbb5646+2023-07-25-14h-37m-38s,172,20540549,23960472,,1.0,1.0,1.0,27,27,0,30,30,0,33,33,21,36,36,26
REAL+4dbb5646+2023-07-25-14h-38m-35s,184,20540549,23960472,,1.0,1.0,1.0,27,27,0,32,32,0,36,36,20,40,40,34
REAL+4dbb5646+2023-07-25-14h-39m-14s,105,20540549,23960472,,1.0,1.0,1.0,17,17,0,21,21,0,25,25,0,28,28,13
REAL+4dbb5646+2023-07-25-14h-39m-34s,162,20540549,23960472,,1.0,1.0,1.0,14,14,0,17,17,11,21,21,13,26,26,17
REAL+4dbb5646+2023-07-25-14h-47m-36s,171,20540549,23960472,,1.0,1.0,1.0,17,17,0,20,20,0,24,24,9,28,28,13
REAL+4dbb5646+2023-07-25-14h-55m-22s,130,20540549,23960472,,1.0,1.0,1.0,0,0,0,0,0,0,13,13,0,17,17,0
REAL+4f8ca688+2023-05-17-10h-45m-52s,275,20540549,23960472,,1.0,1.0,1.0,22,22,0,26,26,0,32,32,0,44,44,0
REAL+4f8ca688+2023-05-17-10h-54m-25s,124,20540549,23960472,,1.0,1.0,1.0,0,0,0,17,17,0,21,21,0,23,23,0
REAL+4f8ca688+2023-05-20-11h-45m-27s,284,20540549,23960472,,1.0,1.0,1.0,0,0,0,43,0,43,47,0,47,51,28,51
REAL+4f8ca688+2023-05-20-11h-50m-07s,525,20540549,23960472,,1.0,1.0,1.0,0,0,0,17,17,0,29,29,18,32,32,24
REAL+4f8ca688+2023-05-21-09h-09m-19s,392,20540549,23960472,,1.0,1.0,0.7091988130563798,51,51,0,55,55,0,60,60,22,150,74,35
REAL+4f8ca688+2023-05-21-09h-22m-04s,366,20540549,23960472,,1.0,1.0,1.0,16,16,0,21,21,0,23,23,0,26,26,0
REAL+4f8ca688+2023-05-21-09h-26m-58s,288,20540549,23960472,,1.0,1.0,1.0,18,18,0,22,22,0,26,26,0,30,30,0
REAL+4f8ca688+2023-05-21-09h-28m-40s,91,20540549,23960472,,1.0,1.0,1.0,0,0,0,0,0,0,0,0,0,14,14,0
REAL+4f8ca688+2023-05-21-09h-33m-01s,300,20540549,23960472,,1.0,1.0,1.0,24,24,0,25,25,0,27,27,17,30,30,21
REAL+4f8ca688+2023-05-27-10h-45m-35s,323,20540549,23960472,,1.0,1.0,1.0,0,0,0,0,0,0,0,0,0,0,0,0
REAL+4f8ca688+2023-05-27-11h-08m-47s,110,20540549,23960472,,1.0,1.0,1.0,0,0,0,0,0,0,0,0,0,11,0,11
REAL+4f8ca688+2023-05-27-11h-28m-13s,286,20540549,23960472,,1.0,1.0,1.0,0,0,0,0,0,0,0,0,0,0,0,0
REAL+4f8ca688+2023-05-27-11h-30m-12s,199,20540549,23960472,,1.0,1.0,1.0,0,0,0,0,0,0,0,0,0,21,0,21
REAL+4f8ca688+2023-05-27-11h-44m-34s,279,20540549,23960472,,1.0,1.0,1.0,17,0,17,21,0,21,25,0,25,30,7,30
REAL+4f8ca688+2023-05-27-11h-55m-27s,200,20540549,23960472,,1.0,1.0,1.0,0,0,0,13,0,13,15,0,15,19,0,19
REAL+4f8ca688+2023-05-27-11h-56m-55s,94,20540549,23960472,,1.0,1.0,1.0,0,0,0,0,0,0,0,0,0,13,0,13
REAL+4f8ca688+2023-05-31-10h-26m-18s,665,20540549,23960472,,1.0,1.0,1.0,25,25,0,29,29,0,36,36,29,54,54,52
REAL+4f8ca688+2023-05-31-10h-27m-45s,712,20540549,23960472,,1.0,1.0,1.0,26,26,0,31,31,0,38,38,0,51,51,39
REAL+4f8ca688+2023-05-31-10h-37m-58s,1041,20540549,23960472,,1.0,1.0,1.0,0,0,0,0,0,0,19,19,0,26,26,0
REAL+4f8ca688+2023-05-31-10h-43m-25s,244,20540549,23960472,,1.0,1.0,1.0,12,12,0,16,16,0,19,19,15,23,23,18
REAL+4f8ca688+2023-05-31-10h-51m-42s,307,20540549,23960472,,1.0,1.0,1.0,0,0,0,5,5,0,12,12,0,17,17,13
REAL+4f8ca688+2023-05-31-11h-05m-04s,191,20540549,23960472,,1.0,1.0,1.0,0,0,0,0,0,0,16,16,0,22,22,0
REAL+4f8ca688+2023-06-08-12h-23m-57s,186,20540549,23960472,,1.0,1.0,1.0,0,0,0,16,16,0,35,35,10,40,40,18
REAL+4f8ca688+2023-06-08-14h-23m-57s,150,20540549,23960472,,1.0,1.0,1.0,15,0,15,26,0,26,33,12,33,52,18,52
REAL+4f8ca688+2023-06-08-14h-29m-21s,473,20540549,23960472,,1.0,1.0,0.8602941176470589,46,15,46,65,17,65,71,19,71,172,22,172
REAL+4f8ca688+2023-06-08-14h-36m-12s,425,20540549,23960472,,1.0,1.0,1.0,25,19,25,41,21,41,44,25,44,50,43,50
REAL+4f8ca688+2023-06-08-14h-44m-20s,167,20540549,23960472,,1.0,1.0,1.0,32,0,32,37,0,37,41,30,41,65,34,65
REAL+4f8ca688+2023-06-08-14h-48m-03s,313,20540549,23960472,,1.0,1.0,0.9126984126984127,56,0,50,61,0,55,67,67,61,87,87,66
REAL+4f8ca688+2023-06-08-14h-51m-50s,193,20540549,23960472,,1.0,1.0,0.9795918367346939,36,14,36,46,18,46,56,22,56,135,26,135
REAL+4f8ca688+2023-06-08-14h-52m-35s,267,20540549,23960472,,1.0,1.0,0.9874476987447699,21,18,21,28,20,28,55,22,55,69,26,69
REAL+4f8ca688+2023-06-08-15h-00m-30s,402,20540549,23960472,,1.0,1.0,0.9472295514511874,19,0,19,23,0,23,40,7,40,61,20,61
REAL+4f8ca688+2023-06-15-14h-58m-11s,250,20540549,23960472,,1.0,1.0,1.0,25,25,10,27,27,15,40,40,20,44,44,22
REAL+4f8ca688+2023-06-15-15h-05m-48s,571,20540549,23960472,,1.0,1.0,0.9809160305343512,42,42,0,47,47,0,78,78,24,476,476,28
REAL+4f8ca688+2023-06-15-15h-17m-33s,794,20540549,23960472,,0.9444444444444444,1.0,0.7023004059539919,41,41,8,55,55,11,68,68,14,-1,-1,31
REAL+4f8ca688+2023-06-15-15h-21m-30s,404,20540549,23960472,,1.0,1.0,0.9766763848396501,56,56,17,61,61,22,68,68,26,80,80,32
REAL+4f8ca688+2023-06-27-11h-35m-05s,112,20540549,23960472,,1.0,1.0,1.0,0,0,0,15,15,13,19,19,19,21,21,21
REAL+4f8ca688+2023-06-27-11h-46m-30s,343,20540549,23960472,,1.0,1.0,1.0,0,0,0,26,26,24,29,29,27,33,33,30
REAL+4f8ca688+2023-07-04-12h-35m-57s,351,20540549,23960472,,1.0,1.0,1.0,65,65,64,68,68,67,71,71,70,77,77,75
REAL+4f8ca688+2023-07-04-12h-37m-04s,378,20540549,23960472,,1.0,1.0,1.0,31,31,30,35,35,33,37,37,36,42,42,40
REAL+4f8ca688+2023-07-04-12h-47m-50s,333,20540549,23960472,,1.0,1.0,1.0,32,32,30,35,35,34,38,38,37,42,42,40
REAL+4f8ca688+2023-07-04-15h-15m-17s,473,20540549,23960472,,1.0,1.0,1.0,25,0,25,28,21,28,31,26,31,34,29,34
REAL+4f8ca688+2023-07-04-15h-20m-13s,426,20540549,23960472,,1.0,1.0,1.0,20,16,20,23,19,23,27,22,27,31,25,31
REAL+4f8ca688+2023-07-11-12h-02m-44s,173,20540549,23960472,,0.7407407407407407,1.0,0.2832369942196532,0,0,0,0,0,0,-1,-1,0,-1,-1,0
REAL+4f8ca688+2023-07-11-12h-42m-31s,263,20540549,23960472,,1.0,1.0,0.9180327868852459,14,14,0,19,19,0,23,23,17,28,28,20
REAL+4f8ca688+2023-07-13-13h-26m-29s,378,20540549,23960472,,1.0,1.0,1.0,23,0,23,40,0,40,52,36,52,64,48,64
REAL+4f8ca688+2023-07-13-13h-57m-11s,149,20540549,23960472,,1.0,1.0,1.0,12,7,12,14,10,14,18,13,18,20,17,20
REAL+4f8ca688+2023-07-13-13h-59m-04s,342,20540549,23960472,,1.0,1.0,1.0,8,0,8,16,0,16,24,17,24,31,23,31
REAL+4f8ca688+2023-07-13-14h-12m-29s,395,20540549,23960472,,1.0,1.0,1.0,16,12,16,18,15,18,22,18,22,25,21,25
REAL+4f8ca688+2023-07-13-14h-31m-50s,246,20540549,23960472,,1.0,1.0,1.0,0,0,0,0,0,0,14,0,14,19,0,19
REAL+4f8ca688+2023-07-15-11h-48m-33s,192,20540549,23960472,,1.0,1.0,0.7169811320754716,29,0,29,33,0,33,38,0,38,42,9,42
REAL+4f8ca688+2023-07-15-11h-58m-22s,214,20540549,23960472,,1.0,1.0,0.5291005291005291,20,0,20,25,0,25,44,0,44,50,0,50
REAL+4f8ca688+2023-07-15-12h-41m-47s,428,20540549,23960472,,1.0,1.0,1.0,9,0,9,15,0,15,39,0,39,56,0,56
REAL+4f8ca688+2023-07-15-12h-53m-35s,420,20540549,23960472,,1.0,1.0,0.972972972972973,45,0,45,50,0,50,57,13,57,63,26,63
REAL+4f8ca688+2023-07-20-13h-10m-12s,261,20540549,23960472,,1.0,1.0,1.0,33,33,0,40,40,0,46,46,0,54,54,0
REAL+4f8ca688+2023-07-20-13h-19m-43s,152,20540549,23960472,,1.0,1.0,1.0,0,0,0,0,0,0,13,13,0,19,19,0
REAL+4f8ca688+2023-07-20-13h-20m-35s,272,20540549,23960472,,1.0,1.0,1.0,0,0,0,0,0,0,31,31,0,37,37,0
REAL+4f8ca688+2023-07-20-15h-06m-47s,46,20540549,23960472,,1.0,1.0,1.0,0,0,0,0,0,0,20,20,0,23,23,0
REAL+4f8ca688+2023-07-25-12h-52m-10s,115,20540549,23960472,,1.0,1.0,1.0,20,20,0,22,22,0,27,27,0,29,29,0
REAL+4f8ca688+2023-07-25-13h-46m-36s,248,20540549,23960472,,1.0,1.0,1.0,0,0,0,8,8,0,17,17,0,23,23,7
REAL+4f8ca688+2023-07-25-13h-47m-01s,491,20540549,23960472,,1.0,1.0,1.0,0,0,0,3,3,0,12,12,0,17,17,0
REAL+4f8ca688+2023-08-15-12h-56m-12s,125,20540549,23960472,,1.0,1.0,1.0,15,15,0,19,19,0,29,24,29,46,29,46
REAL+4f8ca688+2023-08-15-13h-05m-52s,217,20540549,23960472,,1.0,1.0,1.0,31,31,26,34,34,30,38,38,35,42,42,41
REAL+4f8ca688+2023-08-15-14h-24m-05s,588,20540549,23960472,,1.0,1.0,1.0,19,0,19,22,0,22,26,0,26,29,22,29
REAL+4f8ca688+2023-08-15-14h-25m-49s,128,20540549,23960472,,1.0,1.0,1.0,16,0,16,19,15,19,22,19,22,24,22,24
REAL+4f8ca688+2023-08-15-14h-35m-30s,93,20540549,23960472,,1.0,1.0,1.0,0,0,0,0,0,0,0,0,0,41,0,41
REAL+4f8ca688+2023-08-15-14h-55m-57s,82,20540549,23960472,,1.0,1.0,1.0,22,0,22,30,0,30,37,15,37,45,24,45
REAL+4f8ca688+2023-08-15-15h-00m-43s,157,20540549,23960472,,1.0,1.0,1.0,0,0,0,0,0,0,17,0,17,20,0,20
REAL+4f8ca688+2023-08-24-14h-23m-28s,510,20540549,23960472,,1.0,1.0,1.0,0,0,0,0,0,0,0,0,0,0,0,0
REAL+4f8ca688+2023-08-24-14h-30m-43s,495,20540549,23960472,,1.0,1.0,1.0,0,0,0,14,14,0,17,17,0,24,24,0
REAL+4f8ca688+2023-08-24-15h-08m-38s,240,20540549,23960472,,1.0,1.0,0.9321266968325792,0,0,0,19,19,0,22,22,0,26,26,18
REAL+4f8ca688+2023-08-24-15h-16m-22s,636,20540549,23960472,,1.0,1.0,0.9775280898876404,9,9,0,13,13,0,15,15,0,21,21,0
REAL+4f8ca688+2023-08-24-15h-17m-16s,234,20540549,23960472,,1.0,1.0,0.9424778761061947,6,6,0,8,8,0,10,10,0,14,14,0
REAL+4f8ca688+2023-08-24-15h-20m-02s,161,20540549,23960472,,1.0,1.0,0.9192546583850931,0,0,0,0,0,0,11,11,0,12,12,0
REAL+4f8ca688+2023-08-24-15h-35m-32s,653,20540549,23960472,,1.0,1.0,0.8710691823899371,0,0,0,17,17,0,21,21,0,29,29,0
REAL+4f8ca688+2023-08-29-13h-07m-06s,279,20540549,23960472,,1.0,1.0,1.0,13,13,0,16,16,0,22,22,0,26,26,0
REAL+4f8ca688+2023-08-29-13h-07m-34s,200,20540549,23960472,,1.0,1.0,1.0,17,17,0,20,20,0,25,25,0,34,34,10
REAL+4f8ca688+2023-08-29-13h-13m-25s,231,20540549,23960472,,1.0,1.0,1.0,5,5,0,22,22,0,25,25,0,35,35,0
REAL+4f8ca688+2023-08-29-13h-26m-05s,275,20540549,23960472,,1.0,1.0,1.0,0,0,0,17,17,0,28,28,0,37,37,0
REAL+4f8ca688+2023-08-29-13h-32m-37s,157,20540549,23960472,,1.0,1.0,1.0,0,0,0,0,0,0,0,0,0,44,44,0
REAL+4f8ca688+2023-08-29-13h-36m-08s,347,20540549,23960472,,1.0,1.0,0.8670694864048338,12,12,0,16,16,0,19,19,0,24,24,0
REAL+4f8ca688+2023-08-29-14h-11m-41s,252,20540549,23960472,,1.0,1.0,0.9578059071729957,0,0,0,15,15,0,23,23,0,27,27,0
REAL+4f8ca688+2023-08-29-14h-16m-55s,157,20540549,23960472,,1.0,1.0,0.92,19,19,0,32,32,0,42,42,0,82,82,0
REAL+4f8ca688+2023-08-29-14h-36m-57s,316,20540549,23960472,,1.0,1.0,1.0,9,9,0,13,13,0,27,27,0,50,50,0
REAL+4f8ca688+2023-08-29-14h-46m-45s,326,20540549,23960472,,1.0,1.0,1.0,0,0,0,14,14,0,17,17,0,19,19,0
REAL+4f8ca688+2023-08-29-14h-50m-19s,198,20540549,23960472,,1.0,1.0,1.0,0,0,0,17,17,0,20,20,0,22,22,0
REAL+4f8ca688+2023-08-29-14h-56m-20s,71,20540549,23960472,,1.0,1.0,1.0,0,0,0,7,7,0,10,10,0,13,13,0
REAL+4f8ca688+2023-08-31-13h-02m-15s,191,20540549,23960472,,1.0,1.0,0.9057591623036649,0,0,0,0,0,0,10,10,0,14,14,0
REAL+4f8ca688+2023-08-31-13h-11m-04s,359,20540549,23960472,,1.0,1.0,0.9565217391304348,0,0,0,14,14,0,17,17,0,24,24,0
REAL+4f8ca688+2023-08-31-13h-50m-38s,141,20540549,23960472,,1.0,1.0,1.0,0,0,0,0,0,0,0,0,0,0,0,0
REAL+4f8ca688+2023-08-31-13h-59m-53s,183,20540549,23960472,,1.0,1.0,1.0,0,0,0,0,0,0,0,0,0,0,0,0
REAL+4f8ca688+2023-08-31-14h-03m-08s,158,20540549,23960472,,1.0,1.0,1.0,0,0,0,0,0,0,0,0,0,0,0,0
REAL+4f8ca688+2023-08-31-14h-07m-56s,114,20540549,23960472,,1.0,1.0,1.0,0,0,0,0,0,0,0,0,0,0,0,0
REAL+4f8ca688+2023-08-31-15h-08m-29s,380,20540549,23960472,,1.0,1.0,1.0,0,0,0,55,55,0,62,62,0,86,86,0
REAL+4f8ca688+2023-08-31-15h-20m-30s,197,20540549,23960472,,1.0,1.0,1.0,0,0,0,0,0,0,0,0,0,29,29,0
REAL+4f8ca688+2023-08-31-15h-33m-09s,236,20540549,23960472,,1.0,1.0,0.9956140350877193,0,0,0,8,8,0,23,23,0,51,51,0
REAL+4f8ca688+2023-08-31-15h-34m-42s,220,20540549,23960472,,1.0,1.0,1.0,0,0,0,0,0,0,0,0,0,11,11,0
REAL+4f8ca688+2023-09-07-13h-07m-58s,285,20540549,23960472,,1.0,1.0,0.9298245614035088,0,0,0,0,0,0,0,0,0,7,0,7
REAL+4f8ca688+2023-09-07-13h-17m-30s,256,20540549,23960472,,1.0,1.0,0.79296875,0,0,0,0,0,0,0,0,0,13,13,0
REAL+4f8ca688+2023-09-07-13h-38m-28s,165,20540549,23960472,,1.0,1.0,1.0,0,0,0,0,0,0,0,0,0,49,49,0
REAL+4f8ca688+2023-09-07-13h-42m-00s,232,20540549,23960472,,1.0,1.0,0.9626168224299065,0,0,0,18,18,0,23,23,0,44,44,0
REAL+75b7b0f9+2023-06-23-15h-14m-42s,451,20540549,23960472,,1.0,1.0,0.8492462311557789,0,0,0,53,53,0,69,69,0,76,76,0
REAL+75b7b0f9+2023-06-23-15h-16m-52s,271,20540549,23960472,,1.0,1.0,0.9142857142857143,58,58,0,61,61,0,70,70,0,86,86,0
REAL+75b7b0f9+2023-06-23-15h-22m-18s,357,20540549,23960472,,1.0,1.0,0.9868852459016394,49,49,0,52,52,0,54,54,0,58,58,0
REAL+75b7b0f9+2023-06-23-15h-32m-29s,315,20540549,23960472,,1.0,1.0,0.851063829787234,31,31,0,33,33,0,35,35,0,38,38,27
REAL+75b7b0f9+2023-06-23-15h-35m-21s,198,20540549,23960472,,1.0,1.0,0.8719512195121951,30,30,0,34,34,0,41,41,0,45,45,0
REAL+75b7b0f9+2023-06-23-15h-45m-50s,133,20540549,23960472,,1.0,1.0,0.941747572815534,28,28,0,30,30,0,32,32,0,36,36,0
REAL+75b7b0f9+2023-06-23-16h-00m-36s,204,20540549,23960472,,1.0,1.0,1.0,0,0,0,0,0,0,32,31,32,39,39,38
REAL+75b7b0f9+2023-06-23-16h-01m-43s,186,20540549,23960472,,1.0,1.0,1.0,12,12,0,17,17,14,23,23,22,29,29,27
REAL+75b7b0f9+2023-06-23-16h-27m-17s,360,20540549,23960472,,1.0,1.0,1.0,0,0,0,0,0,0,0,0,0,29,28,29
REAL+75b7b0f9+2023-06-23-16h-44m-23s,124,20540549,23960472,,1.0,1.0,1.0,0,0,0,0,0,0,18,18,17,21,21,21
REAL+75b7b0f9+2023-06-23-16h-58m-01s,203,20540549,23960472,,1.0,1.0,1.0,0,0,0,0,0,0,0,0,0,11,11,0
REAL+75b7b0f9+2023-06-23-17h-03m-29s,166,20540549,23960472,,1.0,1.0,1.0,0,0,0,11,11,0,18,18,14,26,26,25
REAL+75b7b0f9+2023-06-23-17h-04m-08s,332,20540549,23960472,,1.0,1.0,1.0,0,0,0,0,0,0,0,0,0,117,84,117
REAL+75b7b0f9+2023-09-10-11h-52m-58s,196,20540549,23960472,,1.0,1.0,0.7159090909090909,0,0,0,20,20,0,24,24,0,26,26,0
REAL+75b7b0f9+2023-09-10-11h-53m-31s,161,20540549,23960472,,1.0,1.0,1.0,0,0,0,0,0,0,0,0,0,13,0,13
REAL+75b7b0f9+2023-09-10-11h-54m-36s,171,20540549,23960472,,1.0,1.0,1.0,14,14,0,18,18,0,21,21,0,24,24,0
REAL+75b7b0f9+2023-09-10-11h-59m-20s,166,20540549,23960472,,1.0,1.0,1.0,0,0,0,0,0,0,0,0,0,0,0,0
REAL+75b7b0f9+2023-09-10-12h-08m-29s,67,20540549,23960472,,1.0,1.0,1.0,0,0,0,0,0,0,0,0,0,18,18,0
REAL+75b7b0f9+2023-09-10-12h-17m-17s,89,20540549,23960472,,1.0,1.0,1.0,21,21,0,24,24,0,28,28,0,32,32,0
REAL+75b7b0f9+2023-09-10-12h-17m-53s,81,20540549,23960472,,1.0,1.0,1.0,0,0,0,0,0,0,17,17,0,23,23,0
REAL+9f2719b2+2023-05-12-14h-24m-04s,221,20540549,23960472,,1.0,1.0,1.0,26,26,20,30,30,24,43,43,27,48,48,41
REAL+a73643bb+2023-05-30-17h-14m-18s,265,20540549,23960472,,1.0,1.0,1.0,0,0,0,16,16,0,25,25,0,29,29,0
REAL+a73643bb+2023-06-06-17h-33m-11s,674,20540549,23960472,,1.0,1.0,1.0,32,0,32,36,20,36,42,32,42,47,36,47
REAL+b04f2af4+2023-05-21-14h-13m-27s,1306,20540549,23960472,,1.0,1.0,0.9977029096477795,0,0,0,0,0,0,0,0,0,107,107,0
REAL+b04f2af4+2023-05-21-14h-21m-26s,1093,20540549,23960472,,1.0,1.0,0.9886792452830189,25,25,0,33,33,0,53,53,0,209,204,0
REAL+b04f2af4+2023-06-01-18h-56m-59s,258,20540549,23960472,,1.0,1.0,0.9691629955947136,27,27,0,31,31,0,36,36,0,40,40,0
REAL+b04f2af4+2023-06-11-15h-49m-55s,238,20540549,23960472,,1.0,1.0,0.9734513274336283,0,0,0,12,12,0,16,16,0,20,20,0
REAL+b04f2af4+2023-07-15-13h-51m-44s,270,20540549,23960472,,1.0,1.0,0.9159663865546218,30,0,30,32,0,32,35,0,35,40,21,40
REAL+b04f2af4+2023-07-15-13h-56m-24s,392,20540549,23960472,,1.0,1.0,0.9350282485875706,32,0,32,38,0,38,53,0,53,70,13,70
REAL+b04f2af4+2023-07-15-14h-06m-25s,140,20540549,23960472,,1.0,1.0,0.8899082568807339,28,0,28,31,0,31,38,8,38,47,13,47
REAL+b04f2af4+2023-07-15-14h-53m-48s,241,20540549,23960472,,1.0,1.0,1.0,0,0,0,0,0,0,0,0,0,13,0,13
REAL+b04f2af4+2023-09-10-14h-57m-19s,169,20540549,23960472,,1.0,1.0,0.6863905325443787,0,0,0,0,0,0,0,0,0,0,0,0
REAL+b04f2af4+2023-09-10-15h-34m-05s,73,20540549,23960472,,1.0,1.0,0.3561643835616438,0,0,0,0,0,0,0,0,0,0,0,0
REAL+b04f2af4+2023-09-10-15h-37m-51s,163,20540549,23960472,,1.0,1.0,0.8711656441717791,0,0,0,0,0,0,0,0,0,0,0,0
REAL+b04f2af4+2023-09-10-15h-38m-35s,244,20540549,23960472,,1.0,1.0,1.0,0,0,0,0,0,0,0,0,0,0,0,0
REAL+b04f2af4+2023-09-10-15h-49m-25s,255,20540549,23960472,,1.0,1.0,0.9294117647058824,0,0,0,0,0,0,0,0,0,0,0,0
REAL+de601749+2023-05-19-11h-48m-18s,605,20540549,23960472,,1.0,1.0,1.0,56,56,0,64,64,0,68,68,0,71,71,0
REAL+de601749+2023-05-19-12h-07m-20s,342,20540549,23960472,,1.0,1.0,1.0,30,30,0,36,36,0,42,42,0,47,47,0
REAL+de601749+2023-05-19-12h-25m-44s,534,20540549,23960472,,1.0,1.0,1.0,46,46,0,50,50,0,54,54,0,57,57,22
REAL+de601749+2023-05-19-12h-29m-37s,220,20540549,23960472,,1.0,1.0,1.0,0,0,0,27,27,0,37,37,0,44,44,0
REAL+de601749+2023-05-20-14h-56m-27s,416,20540549,23960472,,1.0,1.0,0.5216346153846154,0,0,0,0,0,0,0,0,0,0,0,0
REAL+de601749+2023-05-20-16h-05m-05s,610,20540549,23960472,,1.0,1.0,0.7979094076655052,34,34,0,36,36,0,38,38,0,42,42,0
REAL+de601749+2023-05-28-15h-22m-53s,438,20540549,23960472,,1.0,1.0,1.0,0,0,0,18,0,18,22,0,22,24,0,24
REAL+de601749+2023-05-28-15h-25m-00s,468,20540549,23960472,,1.0,1.0,1.0,0,0,0,0,0,0,0,0,0,12,0,12
REAL+de601749+2023-05-28-15h-27m-40s,114,20540549,23960472,,1.0,1.0,1.0,0,0,0,0,0,0,15,0,15,20,0,20
REAL+de601749+2023-05-28-15h-50m-57s,610,20540549,23960472,,1.0,1.0,1.0,0,0,0,0,0,0,0,0,0,0,0,0
REAL+de601749+2023-05-28-15h-53m-23s,523,20540549,23960472,,1.0,1.0,1.0,0,0,0,0,0,0,0,0,0,0,0,0
REAL+de601749+2023-05-28-16h-29m-57s,538,20540549,23960472,,1.0,1.0,1.0,0,0,0,0,0,0,0,0,0,0,0,0
REAL+de601749+2023-06-01-18h-21m-08s,388,20540549,23960472,,1.0,1.0,1.0,0,0,0,0,0,0,40,40,0,45,45,38
REAL+de601749+2023-06-01-18h-24m-16s,702,20540549,23960472,,1.0,1.0,1.0,31,31,0,38,38,0,46,46,46,53,53,53
REAL+de601749+2023-06-09-12h-31m-16s,319,20540549,23960472,,1.0,1.0,0.9195804195804196,30,25,30,33,30,33,36,36,35,41,41,39
REAL+de601749+2023-06-09-12h-36m-45s,328,20540549,23960472,,1.0,1.0,0.6013745704467354,31,28,31,37,35,37,45,42,45,55,51,55
REAL+de601749+2023-06-09-12h-40m-00s,149,20540549,23960472,,1.0,1.0,1.0,34,0,34,41,36,41,49,47,49,55,53,55
REAL+de601749+2023-06-09-12h-44m-55s,212,20540549,23960472,,1.0,1.0,1.0,35,35,31,43,43,38,51,51,47,64,64,54
REAL+de601749+2023-06-09-12h-48m-58s,322,20540549,23960472,,1.0,1.0,1.0,31,28,31,36,34,36,42,38,42,48,45,48
REAL+de601749+2023-06-09-12h-51m-53s,238,20540549,23960472,,1.0,1.0,1.0,30,0,30,35,27,35,53,53,46,72,72,56
REAL+de601749+2023-06-09-13h-01m-42s,356,20540549,23960472,,1.0,1.0,1.0,31,31,30,37,37,36,47,47,44,53,53,51
REAL+de601749+2023-06-09-13h-03m-04s,222,20540549,23960472,,1.0,1.0,1.0,18,15,18,21,19,21,25,23,25,31,28,31
REAL+de601749+2023-06-09-13h-09m-41s,258,20540549,23960472,,1.0,1.0,1.0,41,41,41,47,47,47,53,52,53,59,59,59
REAL+de601749+2023-06-09-13h-10m-29s,190,20540549,23960472,,1.0,1.0,0.7549668874172185,33,0,33,39,0,39,53,53,48,158,147,158
REAL+de601749+2023-06-10-13h-36m-07s,424,20540549,23960472,,1.0,1.0,1.0,21,0,21,25,0,25,30,22,30,32,28,32
REAL+de601749+2023-06-10-14h-21m-10s,152,20540549,23960472,,1.0,1.0,1.0,0,0,0,19,0,19,22,0,22,25,19,25
REAL+de601749+2023-06-10-14h-37m-54s,156,20540549,23960472,,1.0,1.0,1.0,0,0,0,0,0,0,30,23,30,35,30,35
REAL+de601749+2023-06-11-16h-17m-48s,195,20540549,23960472,,1.0,1.0,1.0,22,22,0,25,25,11,29,29,19,33,33,23
REAL+de601749+2023-06-15-18h-14m-02s,241,20540549,23960472,,1.0,1.0,1.0,19,19,0,23,23,0,27,27,0,33,33,17
REAL+de601749+2023-06-15-18h-14m-28s,179,20540549,23960472,,1.0,1.0,1.0,23,23,0,31,31,0,40,40,0,47,47,0
REAL+de601749+2023-06-15-18h-15m-25s,130,20540549,23960472,,1.0,1.0,1.0,19,19,0,23,23,0,31,31,0,36,36,17
REAL+de601749+2023-06-17-11h-33m-58s,94,20540549,23960472,,1.0,1.0,1.0,24,24,0,28,28,0,33,33,0,37,37,15
REAL+de601749+2023-06-17-11h-36m-04s,207,20540549,23960472,,1.0,1.0,1.0,31,31,0,36,36,0,42,42,0,46,46,0
REAL+de601749+2023-06-17-11h-36m-34s,161,20540549,23960472,,1.0,1.0,1.0,19,19,0,31,31,0,39,39,0,45,45,0
REAL+de601749+2023-06-17-11h-37m-28s,170,20540549,23960472,,1.0,1.0,1.0,28,28,0,31,31,0,37,37,0,43,43,18
REAL+de601749+2023-06-17-11h-56m-21s,258,20540549,23960472,,1.0,1.0,1.0,52,52,0,58,58,0,65,65,32,70,70,36
REAL+de601749+2023-06-17-12h-02m-53s,159,20540549,23960472,,1.0,1.0,0.8629032258064516,29,29,0,35,35,0,45,45,0,58,58,0
REAL+de601749+2023-06-17-13h-46m-26s,193,20540549,23960472,,1.0,1.0,1.0,42,42,26,47,47,30,53,53,33,58,58,37
REAL+de601749+2023-06-17-13h-52m-08s,152,20540549,23960472,,1.0,1.0,1.0,24,24,13,28,28,18,34,34,21,37,37,24
REAL+de601749+2023-06-17-13h-53m-27s,212,20540549,23960472,,1.0,1.0,1.0,43,43,24,50,50,27,58,58,29,66,66,33
REAL+de601749+2023-06-17-13h-54m-16s,179,20540549,23960472,,1.0,1.0,1.0,38,38,17,43,43,20,50,50,23,55,55,26
REAL+de601749+2023-06-17-13h-57m-02s,159,20540549,23960472,,1.0,1.0,1.0,28,28,0,33,33,13,40,40,16,48,48,19
REAL+de601749+2023-06-17-13h-57m-25s,216,20540549,23960472,,1.0,1.0,1.0,24,24,14,27,27,15,32,32,18,37,37,19
REAL+de601749+2023-06-17-14h-18m-45s,201,20540549,23960472,,1.0,1.0,1.0,28,28,15,31,31,20,35,35,22,37,37,25
REAL+de601749+2023-06-19-16h-25m-38s,199,20540549,23960472,,1.0,1.0,1.0,25,25,10,28,28,15,34,34,18,38,38,20
REAL+de601749+2023-06-19-16h-41m-07s,175,20540549,23960472,,1.0,1.0,1.0,30,30,0,36,36,0,45,45,0,52,52,0
REAL+de601749+2023-06-19-16h-46m-30s,124,20540549,23960472,,1.0,1.0,1.0,29,29,21,32,32,25,36,36,28,41,41,36
REAL+de601749+2023-06-19-16h-47m-45s,203,20540549,23960472,,1.0,1.0,1.0,35,35,0,40,40,23,45,45,27,50,50,36
REAL+de601749+2023-06-19-16h-48m-09s,167,20540549,23960472,,1.0,1.0,1.0,39,39,0,44,44,18,49,49,24,57,57,28
REAL+de601749+2023-06-19-16h-49m-56s,164,20540549,23960472,,1.0,1.0,1.0,27,27,0,42,42,19,52,52,23,58,58,28
REAL+de601749+2023-06-19-16h-51m-15s,217,20540549,23960472,,1.0,1.0,1.0,31,31,22,34,34,25,38,38,27,42,42,31
REAL+de601749+2023-06-19-16h-56m-06s,168,20540549,23960472,,1.0,1.0,1.0,38,38,17,43,43,21,51,51,26,58,58,30
REAL+de601749+2023-06-19-17h-06m-45s,175,20540549,23960472,,1.0,1.0,1.0,25,25,0,30,30,21,36,36,27,42,42,30
REAL+de601749+2023-06-19-17h-11m-44s,189,20540549,23960472,,1.0,1.0,1.0,23,0,23,29,21,29,34,28,34,44,36,44
REAL+de601749+2023-06-19-19h-01m-07s,237,20540549,23960472,,1.0,1.0,1.0,18,18,15,23,23,20,27,27,23,31,31,27
REAL+de601749+2023-06-19-19h-01m-32s,146,20540549,23960472,,1.0,1.0,1.0,16,15,16,21,21,20,24,24,23,28,28,26
REAL+de601749+2023-06-19-19h-04m-52s,183,20540549,23960472,,1.0,1.0,1.0,0,0,0,0,0,0,15,15,0,23,23,18
REAL+de601749+2023-06-19-19h-07m-40s,318,20540549,23960472,,1.0,1.0,1.0,20,20,0,25,25,0,29,29,22,33,33,25
REAL+de601749+2023-06-19-19h-08m-56s,165,20540549,23960472,,1.0,1.0,1.0,17,17,15,21,21,19,25,25,22,29,29,25
REAL+de601749+2023-06-19-19h-10m-48s,191,20540549,23960472,,1.0,1.0,1.0,16,16,16,19,18,19,21,21,21,25,24,25
REAL+de601749+2023-06-19-19h-34m-42s,215,20540549,23960472,,1.0,1.0,1.0,17,17,13,19,19,16,22,22,18,25,25,22
REAL+de601749+2023-06-19-19h-37m-13s,136,20540549,23960472,,1.0,1.0,1.0,0,0,0,0,0,0,16,16,0,21,21,0
REAL+de601749+2023-08-27-10h-26m-13s,95,20540549,23960472,,1.0,1.0,1.0,0,0,0,0,0,0,0,0,0,0,0,0
REAL+de601749+2023-08-27-10h-27m-31s,239,20540549,23960472,,1.0,1.0,1.0,0,0,0,0,0,0,0,0,0,0,0,0
REAL+de601749+2023-12-14-13h-59m-56s,114,20540549,23960472,,1.0,1.0,1.0,0,0,0,0,0,0,0,0,0,0,0,0
REAL+de601749+2023-12-18-16h-53m-29s,73,20540549,23960472,,1.0,1.0,1.0,22,0,22,24,0,24,26,0,26,29,14,29
REAL+de601749+2023-12-18-16h-59m-50s,126,20540549,23960472,,1.0,1.0,1.0,19,0,19,21,0,21,22,0,22,25,20,25
REAL+de601749+2023-12-18-17h-01m-48s,124,20540549,23960472,,1.0,1.0,1.0,17,0,17,20,0,20,23,0,23,32,21,32
REAL+de601749+2023-12-18-17h-07m-28s,117,20540549,23960472,,1.0,1.0,1.0,20,0,20,22,0,22,25,0,25,30,0,30
REAL+de601749+2023-12-18-17h-08m-03s,109,20540549,23960472,,1.0,1.0,1.0,25,0,25,27,0,27,30,0,30,35,0,35
REAL+de601749+2023-12-18-17h-09m-52s,150,20540549,23960472,,1.0,1.0,1.0,13,0,13,17,0,17,21,0,21,22,0,22
REAL+de601749+2023-12-18-17h-12m-24s,142,20540549,23960472,,1.0,1.0,1.0,18,0,18,20,0,20,23,0,23,29,26,29
REAL+de601749+2023-12-18-17h-16m-57s,108,20540549,23960472,,1.0,1.0,1.0,28,0,28,31,0,31,34,25,34,41,33,41
REAL+de601749+2023-12-18-17h-18m-59s,116,20540549,23960472,,1.0,1.0,1.0,21,0,21,23,0,23,24,0,24,29,0,29
REAL+de601749+2023-12-18-17h-19m-38s,163,20540549,23960472,,1.0,1.0,1.0,18,0,18,21,0,21,23,0,23,27,0,27
REAL+de601749+2023-12-19-16h-57m-59s,105,20540549,23960472,,1.0,1.0,1.0,32,23,32,35,26,35,39,28,39,84,33,84
REAL+de601749+2023-12-19-16h-58m-30s,82,20540549,23960472,,1.0,1.0,1.0,29,19,29,31,23,31,36,27,36,65,30,65
REAL+de601749+2023-12-19-17h-03m-10s,106,20540549,23960472,,1.0,0.9259259259259259,1.0,32,24,32,36,27,36,48,31,48,-1,35,-1
REAL+de601749+2023-12-19-17h-10m-26s,111,20540549,23960472,,1.0,0.9259259259259259,1.0,29,20,29,38,23,38,43,26,43,-1,31,-1
REAL+de601749+2023-12-19-17h-12m-55s,150,20540549,23960472,,1.0,1.0,1.0,49,37,49,55,40,55,68,44,68,131,51,131
REAL+de601749+2023-12-19-18h-11m-35s,132,20540549,23960472,,1.0,1.0,1.0,0,0,0,0,0,0,0,0,0,0,0,0
REAL+de601749+2023-12-19-18h-13m-15s,106,20540549,23960472,,1.0,1.0,1.0,0,0,0,0,0,0,0,0,0,0,0,0
REAL+de601749+2023-12-19-18h-16m-35s,70,20540549,23960472,,1.0,1.0,1.0,0,0,0,0,0,0,0,0,0,0,0,0
REAL+de601749+2023-12-19-18h-17m-23s,98,20540549,23960472,,1.0,1.0,1.0,0,0,0,0,0,0,0,0,0,0,0,0
REAL+de601749+2023-12-19-18h-23m-17s,122,20540549,23960472,,1.0,1.0,1.0,0,0,0,0,0,0,0,0,0,0,0,0
REAL+de601749+2023-12-19-18h-30m-25s,93,20540549,23960472,,1.0,1.0,1.0,0,0,0,0,0,0,0,0,0,15,0,15
REAL+de601749+2023-12-19-18h-35m-45s,123,20540549,23960472,,1.0,1.0,1.0,0,0,0,0,0,0,0,0,0,0,0,0
REAL+de601749+2023-12-19-18h-39m-25s,110,20540549,23960472,,1.0,1.0,1.0,0,0,0,0,0,0,0,0,0,0,0,0
REAL+de601749+2023-12-19-18h-40m-38s,94,20540549,23960472,,1.0,1.0,1.0,0,0,0,0,0,0,0,0,0,16,0,16
REAL+de601749+2023-12-19-18h-43m-01s,108,20540549,23960472,,1.0,1.0,1.0,0,0,0,0,0,0,0,0,0,28,0,28
REAL+de601749+2023-12-19-18h-47m-30s,105,20540549,23960472,,1.0,1.0,1.0,0,0,0,0,0,0,0,0,0,15,0,15
RPL+32cba90c+2023-11-30-21h-36m-01s,217,24013089,25047636,,1.0,1.0,1.0,0,0,0,0,0,0,0,0,0,0,0,0
RPL+32cba90c+2023-11-30-21h-49m-49s,299,24013089,25047636,,1.0,1.0,1.0,0,0,0,0,0,0,0,0,0,28,0,28
RPL+32cba90c+2023-11-30-21h-53m-41s,161,24013089,25047636,,1.0,1.0,1.0,0,0,0,0,0,0,0,0,0,0,0,0
RPL+32cba90c+2023-11-30-21h-57m-33s,140,24013089,25047636,,1.0,1.0,1.0,0,0,0,0,0,0,0,0,0,0,0,0
RPL+32cba90c+2023-11-30-22h-01m-40s,169,24013089,25047636,,1.0,1.0,1.0,0,0,0,0,0,0,14,0,14,23,15,23
RPL+32cba90c+2023-11-30-22h-02m-31s,199,24013089,25047636,,1.0,1.0,1.0,0,0,0,0,0,0,0,0,0,31,0,31
RPL+32cba90c+2023-11-30-22h-06m-08s,207,24013089,25047636,,1.0,1.0,1.0,0,0,0,0,0,0,0,0,0,18,0,18
RPL+32cba90c+2023-11-30-22h-09m-26s,189,24013089,25047636,,1.0,1.0,1.0,0,0,0,0,0,0,0,0,0,26,0,26
RPL+32cba90c+2023-11-30-22h-28m-23s,180,24013089,25047636,,1.0,1.0,1.0,0,0,0,0,0,0,0,0,0,25,0,25
RPL+32cba90c+2023-11-30-22h-29m-42s,189,24013089,25047636,,1.0,1.0,1.0,0,0,0,0,0,0,17,0,17,22,13,22
RPL+32cba90c+2023-11-30-22h-30m-07s,160,24013089,25047636,,1.0,1.0,1.0,0,0,0,0,0,0,0,0,0,18,18,14
RPL+32cba90c+2023-11-30-22h-32m-28s,194,24013089,25047636,,1.0,1.0,1.0,0,0,0,0,0,0,0,0,0,0,0,0
RPL+32cba90c+2023-11-30-22h-49m-26s,141,24013089,25047636,,1.0,1.0,1.0,0,0,0,0,0,0,0,0,0,0,0,0
RPL+32cba90c+2023-11-30-22h-57m-20s,159,24013089,25047636,,1.0,1.0,1.0,0,0,0,0,0,0,0,0,0,18,0,18
RPL+32cba90c+2023-11-30-23h-07m-15s,181,24013089,25047636,,1.0,1.0,1.0,0,0,0,0,0,0,18,0,18,28,18,28
RPL+32cba90c+2023-11-30-23h-09m-25s,175,24013089,25047636,,1.0,1.0,1.0,0,0,0,0,0,0,0,0,0,18,0,18
RPL+32cba90c+2023-12-01-15h-56m-13s,337,24013089,25047636,,1.0,1.0,1.0,0,0,0,17,0,17,23,0,23,25,0,25
RPL+32cba90c+2023-12-01-16h-14m-38s,322,24013089,25047636,,1.0,1.0,1.0,0,0,0,0,0,0,0,0,0,14,0,14
RPL+32cba90c+2023-12-01-16h-17m-30s,218,24013089,25047636,,1.0,1.0,1.0,0,0,0,0,0,0,0,0,0,0,0,0
RPL+32cba90c+2023-12-01-16h-42m-59s,208,24013089,25047636,,1.0,1.0,1.0,0,0,0,0,0,0,0,0,0,0,0,0
RPL+32cba90c+2023-12-01-17h-02m-12s,403,24013089,25047636,,1.0,1.0,1.0,0,0,0,0,0,0,0,0,0,0,0,0
RPL+32cba90c+2023-12-01-17h-02m-47s,437,24013089,25047636,,1.0,1.0,1.0,0,0,0,0,0,0,0,0,0,0,0,0
RPL+32cba90c+2023-12-01-17h-06m-33s,450,24013089,25047636,,1.0,1.0,1.0,0,0,0,0,0,0,0,0,0,0,0,0
RPL+32cba90c+2023-12-01-17h-12m-27s,400,24013089,25047636,,1.0,1.0,1.0,0,0,0,0,0,0,27,0,27,45,0,45
RPL+32cba90c+2023-12-01-18h-10m-09s,593,24013089,25047636,,1.0,1.0,1.0,0,0,0,0,0,0,0,0,0,0,0,0
RPL+32cba90c+2023-12-01-19h-45m-32s,499,24013089,25047636,,1.0,1.0,1.0,0,0,0,0,0,0,0,0,0,0,0,0
RPL+32cba90c+2023-12-01-19h-48m-29s,547,24013089,25047636,,1.0,1.0,1.0,0,0,0,0,0,0,0,0,0,23,0,23
RPL+32cba90c+2023-12-01-20h-44m-28s,384,24013089,25047636,,1.0,1.0,1.0,0,0,0,0,0,0,0,0,0,0,0,0
RPL+32cba90c+2023-12-01-21h-11m-44s,544,24013089,25047636,,1.0,1.0,1.0,0,0,0,0,0,0,0,0,0,0,0,0
RPL+32cba90c+2023-12-01-21h-17m-54s,353,24013089,25047636,,1.0,1.0,1.0,0,0,0,0,0,0,0,0,0,0,0,0
RPL+32cba90c+2023-12-01-21h-25m-45s,409,24013089,25047636,,1.0,1.0,1.0,0,0,0,0,0,0,0,0,0,0,0,0
RPL+32cba90c+2023-12-01-21h-26m-24s,363,24013089,25047636,,1.0,1.0,1.0,0,0,0,0,0,0,0,0,0,0,0,0
RPL+32cba90c+2023-12-01-21h-29m-40s,272,24013089,25047636,,1.0,1.0,1.0,0,0,0,0,0,0,0,0,0,0,0,0
RPL+32cba90c+2023-12-03-14h-26m-29s,981,24013089,25047636,,1.0,1.0,1.0,0,0,0,0,0,0,27,27,0,38,38,31
RPL+32cba90c+2023-12-03-14h-42m-35s,489,24013089,25047636,,1.0,1.0,1.0,29,0,29,37,0,37,46,21,46,54,30,54
RPL+32cba90c+2023-12-03-14h-46m-03s,626,24013089,25047636,,1.0,1.0,1.0,0,0,0,0,0,0,15,0,15,25,0,25
RPL+32cba90c+2023-12-03-14h-47m-55s,699,24013089,25047636,,1.0,1.0,1.0,17,0,17,29,0,29,38,21,38,46,31,46
RPL+32cba90c+2023-12-03-14h-52m-41s,843,24013089,25047636,,1.0,1.0,1.0,0,0,0,0,0,0,0,0,0,31,0,31
RPL+32cba90c+2023-12-03-15h-13m-26s,651,24013089,25047636,,1.0,1.0,1.0,0,0,0,0,0,0,0,0,0,20,0,20
RPL+32cba90c+2023-12-03-15h-14m-26s,780,24013089,25047636,,1.0,1.0,1.0,0,0,0,0,0,0,0,0,0,35,0,35
RPL+32cba90c+2023-12-03-15h-34m-30s,760,24013089,25047636,,1.0,1.0,1.0,0,0,0,0,0,0,27,0,27,57,0,57
RPL+32cba90c+2023-12-03-15h-57m-15s,421,24013089,25047636,,1.0,1.0,1.0,0,0,0,0,0,0,18,0,18,25,0,25
RPL+32cba90c+2023-12-03-17h-09m-46s,1057,24013089,25047636,,1.0,1.0,1.0,0,0,0,0,0,0,0,0,0,35,30,35
RPL+32cba90c+2023-12-04-14h-31m-39s,1245,24013089,25047636,,1.0,1.0,1.0,0,0,0,0,0,0,34,34,0,41,41,29
RPL+32cba90c+2023-12-04-14h-40m-43s,1246,24013089,25047636,,1.0,1.0,1.0,0,0,0,0,0,0,0,0,0,35,35,0
RPL+32cba90c+2023-12-04-14h-53m-05s,251,24013089,25047636,,1.0,1.0,1.0,0,0,0,0,0,0,0,0,0,12,12,0
RPL+32cba90c+2023-12-04-14h-53m-33s,756,24013089,25047636,,1.0,1.0,1.0,0,0,0,0,0,0,0,0,0,11,11,0
RPL+32cba90c+2023-12-04-15h-22m-38s,629,24013089,25047636,,1.0,1.0,1.0,0,0,0,0,0,0,11,11,0,21,21,12
RPL+32cba90c+2023-12-04-15h-27m-13s,788,24013089,25047636,,1.0,1.0,1.0,0,0,0,0,0,0,0,0,0,17,17,8
RPL+32cba90c+2023-12-04-15h-52m-56s,267,24013089,25047636,,1.0,1.0,1.0,0,0,0,0,0,0,108,108,0,121,121,0
RPL+32cba90c+2023-12-04-17h-33m-56s,737,24013089,25047636,,1.0,1.0,1.0,0,0,0,0,0,0,0,0,0,0,0,0
RPL+32cba90c+2023-12-04-17h-52m-18s,780,24013089,25047636,,1.0,1.0,1.0,10,0,10,14,0,14,18,0,18,22,0,22
RPL+32cba90c+2023-12-04-18h-30m-04s,1139,24013089,25047636,,1.0,1.0,0.8770851624231782,0,0,0,0,0,0,20,0,20,282,0,282
RPL+32cba90c+2023-12-04-18h-39m-19s,956,24013089,25047636,,1.0,1.0,0.9433551198257081,29,0,29,38,0,38,44,0,44,158,0,158
RPL+32cba90c+2023-12-05-15h-24m-28s,1032,24013089,25047636,,1.0,1.0,1.0,0,0,0,21,0,21,30,0,30,46,0,46
RPL+32cba90c+2023-12-05-16h-11m-10s,635,24013089,25047636,,1.0,1.0,0.933115823817292,0,0,0,22,0,22,32,0,32,46,15,46
RPL+32cba90c+2023-12-05-17h-02m-44s,1015,24013089,25047636,,1.0,1.0,0.9790136411332634,52,0,52,62,0,62,67,0,67,78,37,78
RPL+32cba90c+2023-12-05-17h-07m-46s,927,24013089,25047636,,1.0,1.0,1.0,0,0,0,33,0,33,45,0,45,58,0,58
RPL+32cba90c+2023-12-05-17h-18m-54s,588,24013089,25047636,,1.0,1.0,0.9506802721088435,0,0,0,0,0,0,18,0,18,40,0,40
RPL+32cba90c+2023-12-07-16h-53m-15s,1181,24013089,25047636,,1.0,1.0,1.0,15,0,15,21,0,21,31,0,31,37,0,37
RPL+32cba90c+2023-12-07-16h-59m-30s,1044,24013089,25047636,,1.0,1.0,1.0,11,0,11,18,0,18,27,0,27,35,12,35
RPL+32cba90c+2023-12-07-17h-21m-24s,918,24013089,25047636,,1.0,1.0,1.0,0,0,0,0,0,0,0,0,0,15,0,15
RPL+32cba90c+2023-12-07-17h-25m-43s,1213,24013089,25047636,,1.0,1.0,1.0,0,0,0,0,0,0,42,0,42,49,0,49
RPL+32cba90c+2023-12-07-17h-55m-29s,1080,24013089,25047636,,1.0,1.0,1.0,19,0,19,29,0,29,37,0,37,48,17,48
RPL+32cba90c+2023-12-07-17h-57m-19s,1112,24013089,25047636,,1.0,1.0,0.9316546762589928,0,0,0,0,0,0,19,0,19,24,0,24
RPL+32cba90c+2023-12-07-18h-08m-41s,931,24013089,25047636,,1.0,1.0,1.0,21,0,21,30,0,30,37,0,37,51,0,51
RPL+32cba90c+2023-12-07-18h-14m-40s,171,24013089,25047636,,1.0,1.0,1.0,0,0,0,0,0,0,0,0,0,0,0,0
RPL+32cba90c+2023-12-07-18h-14m-59s,1056,24013089,25047636,,1.0,1.0,1.0,0,0,0,14,0,14,26,0,26,32,0,32
RPL+32cba90c+2023-12-07-18h-37m-33s,1294,24013089,25047636,,1.0,1.0,1.0,15,0,15,19,0,19,24,0,24,31,11,31
RPL+32cba90c+2023-12-07-19h-39m-15s,1174,24013089,25047636,,1.0,1.0,1.0,0,0,0,18,0,18,28,0,28,46,0,46
RPL+32cba90c+2023-12-07-21h-01m-43s,1325,24013089,25047636,,1.0,1.0,0.9735849056603774,0,0,0,0,0,0,0,0,0,54,0,54
RPL+32cba90c+2023-12-07-21h-04m-28s,1337,24013089,25047636,,1.0,1.0,0.9214659685863874,0,0,0,0,0,0,0,0,0,42,0,42
RPL+32cba90c+2023-12-07-21h-12m-39s,1034,24013089,25047636,,1.0,1.0,0.9033864541832669,24,0,24,30,0,30,34,0,34,41,24,41
RPL+32cba90c+2023-12-07-22h-03m-31s,958,24013089,25047636,,1.0,1.0,1.0,0,0,0,0,0,0,0,0,0,0,0,0
RPL+32cba90c+2023-12-07-22h-16m-38s,234,24013089,25047636,,1.0,1.0,1.0,80,0,80,87,0,87,103,27,103,142,37,142
RPL+32cba90c+2023-12-07-22h-41m-37s,1050,24013089,25047636,,1.0,1.0,0.8047619047619048,0,0,0,0,0,0,31,0,31,36,23,36
RPL+32cba90c+2023-12-07-22h-43m-44s,1213,24013089,25047636,,1.0,1.0,0.8553406223717409,0,0,0,24,0,24,30,23,30,66,27,66
RPL+32cba90c+2023-12-07-23h-53m-09s,729,24013089,25047636,,1.0,1.0,1.0,0,0,0,0,0,0,0,0,0,16,16,16
RPL+32cba90c+2023-12-08-14h-08m-53s,1233,24013089,25047636,,1.0,1.0,1.0,0,0,0,0,0,0,0,0,0,0,0,0
RPL+32cba90c+2023-12-08-14h-11m-12s,1192,24013089,25047636,,1.0,1.0,1.0,0,0,0,25,25,0,34,34,0,42,42,33
RPL+32cba90c+2023-12-08-14h-24m-11s,1324,24013089,25047636,,1.0,1.0,0.9811178247734139,0,0,0,0,0,0,0,0,0,0,0,0
RPL+32cba90c+2023-12-08-14h-43m-36s,377,24013089,25047636,,1.0,1.0,1.0,0,0,0,0,0,0,0,0,0,12,12,12
RPL+32cba90c+2023-12-08-14h-47m-54s,1072,24013089,25047636,,1.0,1.0,1.0,0,0,0,0,0,0,0,0,0,0,0,0
RPL+32cba90c+2023-12-08-15h-03m-19s,689,24013089,25047636,,1.0,1.0,1.0,0,0,0,0,0,0,0,0,0,12,9,12
RPL+32cba90c+2023-12-08-15h-46m-28s,1388,24013089,25047636,,1.0,1.0,0.9832116788321168,0,0,0,18,0,18,27,21,27,33,29,33
RPL+32cba90c+2023-12-08-15h-51m-47s,1134,24013089,25047636,,1.0,1.0,0.9825688073394495,32,21,32,44,30,44,77,71,77,89,76,89
RPL+32cba90c+2023-12-08-16h-53m-07s,395,24013089,25047636,,1.0,1.0,0.9973045822102425,0,0,0,24,0,24,30,25,30,37,30,37
RPL+32cba90c+2023-12-08-17h-53m-24s,315,24013089,25047636,,1.0,1.0,1.0,34,31,34,41,36,41,46,42,46,52,48,52
RPL+32cba90c+2023-12-09-14h-23m-47s,323,24013089,25047636,,1.0,1.0,0.6682692307692307,74,0,74,115,21,115,122,34,122,130,40,130
RPL+cb4f6842+2023-05-23-12h-28m-40s,279,24013089,25047636,,1.0,1.0,1.0,0,0,0,0,0,0,0,0,0,0,0,0
RPL+cb4f6842+2023-05-23-12h-33m-48s,270,24013089,25047636,,1.0,1.0,1.0,0,0,0,0,0,0,0,0,0,0,0,0
RPL+cb4f6842+2023-05-23-12h-37m-29s,101,24013089,25047636,,1.0,1.0,1.0,0,0,0,0,0,0,0,0,0,0,0,0
RPL+cb4f6842+2023-05-23-12h-38m-50s,343,24013089,25047636,,1.0,1.0,0.8513119533527697,0,0,0,0,0,0,0,0,0,0,0,0
RPL+cb4f6842+2023-05-23-13h-19m-11s,281,24013089,25047636,,1.0,1.0,0.6761565836298933,0,0,0,0,0,0,0,0,0,0,0,0
RPL+cb4f6842+2023-05-23-13h-24m-15s,152,24013089,25047636,,1.0,1.0,1.0,0,0,0,0,0,0,0,0,0,0,0,0
RPL+cb4f6842+2023-05-23-13h-40m-12s,200,24013089,25047636,,1.0,1.0,1.0,0,0,0,0,0,0,0,0,0,0,0,0
RPL+cb4f6842+2023-05-23-14h-41m-38s,429,24013089,25047636,,1.0,1.0,1.0,0,0,0,0,0,0,0,0,0,0,0,0
RPL+cb4f6842+2023-05-23-14h-42m-38s,174,24013089,25047636,,1.0,1.0,0.867816091954023,0,0,0,0,0,0,0,0,0,0,0,0
RPL+cb4f6842+2023-05-25-10h-45m-16s,195,24013089,25047636,,1.0,1.0,1.0,0,0,0,0,0,0,0,0,0,0,0,0
RPL+cb4f6842+2023-05-25-11h-03m-51s,193,24013089,25047636,,1.0,1.0,1.0,0,0,0,0,0,0,0,0,0,0,0,0
RPL+cb4f6842+2023-05-25-11h-19m-50s,229,24013089,25047636,,1.0,1.0,1.0,0,0,0,0,0,0,0,0,0,0,0,0
RPL+cb4f6842+2023-05-25-11h-42m-07s,401,24013089,25047636,,1.0,1.0,1.0,0,0,0,0,0,0,0,0,0,0,0,0
RPL+cb4f6842+2023-05-25-11h-50m-50s,498,24013089,25047636,,1.0,1.0,1.0,0,0,0,0,0,0,0,0,0,0,0,0
RPL+cb4f6842+2023-05-25-11h-58m-40s,241,24013089,25047636,,1.0,1.0,1.0,0,0,0,0,0,0,0,0,0,0,0,0
RPL+cb4f6842+2023-05-25-13h-12m-21s,503,24013089,25047636,,1.0,1.0,1.0,0,0,0,0,0,0,0,0,0,0,0,0
RPL+cb4f6842+2023-05-25-13h-38m-34s,301,24013089,25047636,,1.0,1.0,1.0,0,0,0,0,0,0,0,0,0,0,0,0
RPL+cb4f6842+2023-05-25-13h-41m-24s,413,24013089,25047636,,1.0,1.0,1.0,0,0,0,0,0,0,0,0,0,0,0,0
RPL+cb4f6842+2023-05-29-15h-49m-13s,272,24013089,25047636,,1.0,1.0,0.9632352941176471,0,0,0,0,0,0,0,0,0,0,0,0
RPL+cb4f6842+2023-05-29-15h-52m-07s,143,24013089,25047636,,1.0,1.0,1.0,0,0,0,0,0,0,0,0,0,0,0,0
RPL+cb4f6842+2023-05-29-15h-52m-44s,399,24013089,25047636,,1.0,1.0,1.0,0,0,0,0,0,0,0,0,0,0,0,0
RPL+cb4f6842+2023-05-29-16h-38m-50s,259,24013089,25047636,,1.0,1.0,1.0,0,0,0,0,0,0,0,0,0,0,0,0
RPL+cb4f6842+2023-05-29-16h-40m-23s,91,24013089,25047636,,1.0,1.0,1.0,0,0,0,0,0,0,0,0,0,0,0,0
RPL+cb4f6842+2023-05-29-16h-47m-06s,243,24013089,25047636,,1.0,1.0,1.0,0,0,0,0,0,0,0,0,0,0,0,0
RPL+cb4f6842+2023-05-29-16h-51m-45s,275,24013089,25047636,,1.0,1.0,1.0,0,0,0,0,0,0,0,0,0,0,0,0
RPL+cb4f6842+2023-05-29-17h-13m-42s,232,24013089,25047636,,1.0,1.0,1.0,0,0,0,0,0,0,0,0,0,0,0,0
RPL+cb4f6842+2023-05-29-17h-18m-20s,225,24013089,25047636,,1.0,1.0,1.0,0,0,0,0,0,0,0,0,0,0,0,0
RPL+cb4f6842+2023-05-29-17h-19m-14s,224,24013089,25047636,,1.0,1.0,1.0,0,0,0,0,0,0,0,0,0,0,0,0
RPL+cb4f6842+2023-05-29-17h-29m-05s,278,24013089,25047636,,1.0,1.0,1.0,0,0,0,0,0,0,0,0,0,0,0,0
RPL+cb4f6842+2023-05-29-17h-58m-33s,338,24013089,25047636,,1.0,1.0,1.0,0,0,0,0,0,0,0,0,0,0,0,0
RPL+cb4f6842+2023-05-29-18h-07m-40s,267,24013089,25047636,,1.0,1.0,1.0,0,0,0,0,0,0,0,0,0,0,0,0
RPL+cb4f6842+2023-05-30-15h-49m-08s,284,24013089,25047636,,1.0,1.0,1.0,0,0,0,0,0,0,0,0,0,0,0,0
RPL+cb4f6842+2023-05-30-16h-56m-44s,107,24013089,25047636,,1.0,1.0,1.0,0,0,0,0,0,0,0,0,0,0,0,0
RPL+cb4f6842+2023-06-04-12h-21m-49s,223,24013089,25047636,,1.0,1.0,1.0,0,0,0,0,0,0,0,0,0,0,0,0
RPL+cb4f6842+2023-06-04-12h-39m-08s,248,24013089,25047636,,1.0,1.0,1.0,0,0,0,0,0,0,0,0,0,0,0,0
RPL+cb4f6842+2023-06-04-12h-46m-12s,253,24013089,25047636,,1.0,1.0,1.0,0,0,0,0,0,0,0,0,0,0,0,0
RPL+cb4f6842+2023-06-04-12h-47m-14s,217,24013089,25047636,,1.0,1.0,1.0,0,0,0,0,0,0,0,0,0,0,0,0
RPL+cb4f6842+2023-06-04-12h-48m-14s,267,24013089,25047636,,1.0,1.0,1.0,0,0,0,0,0,0,0,0,0,0,0,0
RPL+cb4f6842+2023-06-04-12h-55m-27s,312,24013089,25047636,,1.0,1.0,1.0,0,0,0,0,0,0,0,0,0,0,0,0
RPL+cb4f6842+2023-06-04-13h-06m-26s,270,24013089,25047636,,1.0,1.0,0.8666666666666667,0,0,0,0,0,0,0,0,0,0,0,0
RPL+cb4f6842+2023-06-04-13h-09m-24s,304,24013089,25047636,,1.0,1.0,0.8618421052631579,0,0,0,0,0,0,0,0,0,0,0,0
RPL+cb4f6842+2023-06-04-13h-12m-57s,144,24013089,25047636,,1.0,1.0,1.0,0,0,0,0,0,0,0,0,0,0,0,0
RPL+cb4f6842+2023-06-04-13h-14m-52s,142,24013089,25047636,,1.0,1.0,1.0,0,0,0,0,0,0,0,0,0,0,0,0
RPL+cb4f6842+2023-06-04-13h-28m-08s,342,24013089,25047636,,1.0,1.0,1.0,0,0,0,0,0,0,0,0,0,0,0,0
RPL+cb4f6842+2023-06-04-13h-38m-44s,264,24013089,25047636,,1.0,1.0,1.0,0,0,0,0,0,0,0,0,0,0,0,0
RPL+cb4f6842+2023-06-04-13h-42m-08s,334,24013089,25047636,,1.0,1.0,1.0,0,0,0,0,0,0,0,0,0,0,0,0
RPL+cb4f6842+2023-06-04-13h-54m-07s,334,24013089,25047636,,1.0,1.0,1.0,0,0,0,0,0,0,0,0,0,0,0,0
RPL+cb4f6842+2023-06-04-14h-18m-32s,217,24013089,25047636,,1.0,1.0,1.0,0,0,0,0,0,0,0,0,0,0,0,0
RPL+cb4f6842+2023-06-04-14h-23m-54s,235,24013089,25047636,,1.0,1.0,1.0,0,0,0,0,0,0,0,0,0,0,0,0
RPL+cb4f6842+2023-06-04-14h-25m-46s,284,24013089,25047636,,1.0,1.0,1.0,0,0,0,0,0,0,0,0,0,0,0,0
RPL+cb4f6842+2023-06-04-14h-41m-37s,301,24013089,25047636,,1.0,1.0,1.0,0,0,0,0,0,0,0,0,0,0,0,0
RPL+cb4f6842+2023-06-04-14h-43m-20s,268,24013089,25047636,,1.0,1.0,1.0,0,0,0,0,0,0,0,0,0,0,0,0
RPL+cb4f6842+2023-06-04-14h-47m-05s,190,24013089,25047636,,1.0,1.0,1.0,0,0,0,0,0,0,0,0,0,0,0,0
RPL+cb4f6842+2023-06-04-14h-55m-07s,303,24013089,25047636,,1.0,1.0,0.8844884488448845,0,0,0,0,0,0,0,0,0,0,0,0
RPL+cb4f6842+2023-06-04-14h-58m-22s,293,24013089,25047636,,1.0,1.0,0.8156996587030717,0,0,0,0,0,0,0,0,0,0,0,0
RPL+cb4f6842+2023-06-05-16h-08m-25s,192,24013089,25047636,,1.0,1.0,1.0,0,0,0,0,0,0,0,0,0,0,0,0
RPL+cb4f6842+2023-06-05-16h-09m-19s,240,24013089,25047636,,1.0,1.0,1.0,0,0,0,0,0,0,0,0,0,0,0,0
RPL+cb4f6842+2023-06-05-16h-09m-48s,217,24013089,25047636,,1.0,1.0,1.0,0,0,0,0,0,0,0,0,0,0,0,0
RPL+cb4f6842+2023-06-05-16h-25m-13s,246,24013089,25047636,,1.0,1.0,1.0,0,0,0,0,0,0,0,0,0,0,0,0
RPL+cb4f6842+2023-06-05-16h-33m-28s,278,24013089,25047636,,1.0,1.0,1.0,0,0,0,0,0,0,0,0,0,0,0,0
RPL+cb4f6842+2023-06-05-16h-34m-32s,299,24013089,25047636,,1.0,1.0,1.0,0,0,0,0,0,0,0,0,0,0,0,0
RPL+cb4f6842+2023-06-05-16h-35m-41s,264,24013089,25047636,,1.0,1.0,1.0,0,0,0,0,0,0,0,0,0,0,0,0
RPL+cb4f6842+2023-06-05-16h-59m-05s,283,24013089,25047636,,1.0,1.0,0.8480565371024735,0,0,0,0,0,0,0,0,0,0,0,0
RPL+cb4f6842+2023-06-05-17h-09m-38s,259,24013089,25047636,,1.0,1.0,0.8223938223938224,0,0,0,0,0,0,0,0,0,0,0,0
RPL+cb4f6842+2023-06-05-17h-23m-13s,282,24013089,25047636,,1.0,1.0,0.9326241134751773,0,0,0,0,0,0,0,0,0,0,0,0
RPL+cb4f6842+2023-06-05-17h-54m-17s,288,24013089,25047636,,1.0,1.0,1.0,0,0,0,0,0,0,0,0,0,0,0,0
RPL+cb4f6842+2023-06-05-17h-59m-35s,275,24013089,25047636,,1.0,1.0,1.0,0,0,0,0,0,0,0,0,0,0,0,0
RPL+cb4f6842+2023-06-05-18h-23m-39s,175,24013089,25047636,,1.0,1.0,1.0,0,0,0,0,0,0,0,0,0,0,0,0
RPL+cb4f6842+2023-06-05-18h-40m-10s,336,24013089,25047636,,1.0,1.0,1.0,0,0,0,0,0,0,0,0,0,0,0,0
RPL+cb4f6842+2023-06-05-18h-53m-24s,226,24013089,25047636,,1.0,1.0,1.0,0,0,0,0,0,0,0,0,0,0,0,0
RPL+cb4f6842+2023-06-05-18h-55m-17s,187,24013089,25047636,,1.0,1.0,1.0,0,0,0,0,0,0,0,0,0,0,0,0
RPL+cb4f6842+2023-06-05-19h-16m-24s,184,24013089,25047636,,1.0,1.0,1.0,0,0,0,0,0,0,0,0,0,0,0,0
RPL+cb4f6842+2023-06-05-19h-17m-21s,194,24013089,25047636,,1.0,1.0,1.0,0,0,0,0,0,0,0,0,0,0,0,0
RPL+cb4f6842+2023-06-05-19h-21m-29s,184,24013089,25047636,,1.0,1.0,1.0,0,0,0,0,0,0,0,0,0,0,0,0
RPL+cb4f6842+2023-06-05-19h-23m-52s,183,24013089,25047636,,1.0,1.0,1.0,0,0,0,0,0,0,0,0,0,0,0,0
RPL+cb4f6842+2023-06-05-19h-46m-53s,246,24013089,25047636,,1.0,1.0,1.0,0,0,0,0,0,0,0,0,0,0,0,0
RPL+cb4f6842+2023-06-05-19h-48m-28s,258,24013089,25047636,,1.0,1.0,1.0,0,0,0,0,0,0,0,0,0,0,0,0
RPL+cb4f6842+2023-06-05-19h-53m-58s,202,24013089,25047636,,1.0,1.0,1.0,0,0,0,0,0,0,0,0,0,0,0,0
RPL+cb4f6842+2023-06-05-19h-56m-52s,233,24013089,25047636,,1.0,1.0,1.0,0,0,0,0,0,0,0,0,0,0,0,0
RPL+cb4f6842+2023-06-05-20h-04m-40s,223,24013089,25047636,,1.0,1.0,1.0,0,0,0,0,0,0,0,0,0,0,0,0
RPL+cb4f6842+2023-06-05-20h-08m-24s,239,24013089,25047636,,1.0,1.0,1.0,0,0,0,0,0,0,0,0,0,0,0,0
RPL+cb4f6842+2023-06-05-20h-19m-18s,245,24013089,25047636,,1.0,1.0,1.0,0,0,0,0,0,0,0,0,0,0,0,0
RPL+cb4f6842+2023-06-05-20h-25m-58s,225,24013089,25047636,,1.0,1.0,1.0,0,0,0,0,0,0,0,0,0,0,0,0
RPL+cb4f6842+2023-06-05-20h-26m-51s,193,24013089,25047636,,1.0,1.0,1.0,0,0,0,0,0,0,0,0,0,0,0,0
RPL+cb4f6842+2023-11-10-17h-32m-41s,254,24013089,25047636,,1.0,1.0,1.0,0,0,0,0,0,0,0,0,0,0,0,0
RPL+cb4f6842+2023-11-10-17h-47m-01s,239,24013089,25047636,,1.0,1.0,1.0,0,0,0,0,0,0,0,0,0,0,0,0
RPL+cb4f6842+2023-11-10-17h-48m-06s,229,24013089,25047636,,1.0,1.0,1.0,0,0,0,0,0,0,0,0,0,0,0,0
RPL+cb4f6842+2023-11-10-17h-52m-50s,227,24013089,25047636,,1.0,1.0,1.0,0,0,0,0,0,0,0,0,0,0,0,0
RPL+cb4f6842+2023-11-10-17h-54m-50s,288,24013089,25047636,,1.0,1.0,1.0,0,0,0,0,0,0,0,0,0,0,0,0
RPL+cb4f6842+2023-11-10-17h-57m-46s,300,24013089,25047636,,1.0,1.0,1.0,0,0,0,0,0,0,0,0,0,0,0,0
RPL+cb4f6842+2023-11-10-18h-28m-11s,272,24013089,25047636,,1.0,1.0,1.0,0,0,0,0,0,0,0,0,0,0,0,0
RPL+cb4f6842+2023-11-30-18h-06m-45s,275,24013089,25047636,,1.0,1.0,1.0,0,0,0,0,0,0,0,0,0,0,0,0
RPL+cb4f6842+2023-11-30-18h-14m-40s,205,24013089,25047636,,1.0,1.0,1.0,0,0,0,0,0,0,0,0,0,0,0,0
RPL+cb4f6842+2023-11-30-18h-20m-14s,218,24013089,25047636,,1.0,1.0,1.0,0,0,0,0,0,0,0,0,0,25,0,25
RPL+cb4f6842+2023-11-30-18h-24m-36s,230,24013089,25047636,,1.0,1.0,1.0,0,0,0,0,0,0,0,0,0,0,0,0
RPL+cb4f6842+2023-11-30-19h-10m-50s,202,24013089,25047636,,1.0,1.0,1.0,0,0,0,0,0,0,0,0,0,0,0,0
RPL+cb4f6842+2023-11-30-19h-11m-26s,228,24013089,25047636,,1.0,1.0,1.0,0,0,0,0,0,0,0,0,0,0,0,0
RPL+cb4f6842+2023-11-30-19h-20m-03s,208,24013089,25047636,,1.0,1.0,1.0,0,0,0,0,0,0,0,0,0,0,0,0
RPL+cb4f6842+2023-11-30-19h-34m-42s,229,24013089,25047636,,1.0,1.0,1.0,0,0,0,0,0,0,0,0,0,0,0,0
RPL+cb4f6842+2023-11-30-20h-15m-20s,268,24013089,25047636,,1.0,1.0,0.8097014925373134,0,0,0,0,0,0,0,0,0,0,0,0
RPL+cb4f6842+2023-11-30-20h-27m-22s,241,24013089,25047636,,1.0,1.0,0.5575221238938053,9,0,9,15,0,15,22,0,22,30,0,30
RPL+cb4f6842+2023-11-30-20h-28m-45s,163,24013089,25047636,,1.0,1.0,0.6196319018404908,0,0,0,0,0,0,0,0,0,0,0,0
RPL+cb4f6842+2023-11-30-20h-37m-25s,176,24013089,25047636,,1.0,1.0,0.8693181818181818,0,0,0,0,0,0,0,0,0,0,0,0
RPL+cb4f6842+2023-11-30-20h-40m-13s,190,24013089,25047636,,1.0,1.0,0.8402366863905325,14,0,14,21,0,21,31,0,31,88,0,88
RPL+cb4f6842+2023-11-30-20h-46m-04s,237,24013089,25047636,,1.0,1.0,0.8016877637130801,0,0,0,0,0,0,0,0,0,0,0,0
TRI+22cb038f+2023-09-21-09h-27m-40s,210,20252535,25947356,,1.0,1.0,1.0,0,0,0,0,0,0,0,0,0,33,0,33
TRI+22cb038f+2023-09-21-09h-29m-20s,195,20252535,25947356,,1.0,1.0,0.8051282051282052,0,0,0,0,0,0,0,0,0,0,0,0
TRI+22cb038f+2023-09-21-09h-32m-19s,198,20252535,25947356,,1.0,1.0,0.8888888888888888,0,0,0,0,0,0,0,0,0,0,0,0
TRI+22cb038f+2023-09-21-10h-02m-36s,243,20252535,25947356,,1.0,1.0,1.0,0,0,0,0,0,0,0,0,0,0,0,0
TRI+22cb038f+2023-09-21-10h-15m-01s,200,20252535,25947356,,1.0,1.0,0.76,0,0,0,0,0,0,0,0,0,0,0,0
TRI+22cb038f+2023-09-21-10h-18m-55s,179,20252535,25947356,,1.0,1.0,0.8379888268156425,0,0,0,0,0,0,0,0,0,0,0,0
TRI+22cb038f+2023-09-21-11h-26m-43s,208,20252535,25947356,,1.0,1.0,0.5,0,0,0,0,0,0,0,0,0,22,22,0
TRI+22cb038f+2023-09-21-11h-27m-18s,292,20252535,25947356,,1.0,0.9629629629629629,0.821917808219178,0,0,0,0,0,0,41,0,41,-1,0,-1
TRI+22cb038f+2023-09-21-12h-25m-01s,322,20252535,25947356,,1.0,1.0,1.0,0,0,0,11,11,0,18,18,0,24,24,0
TRI+22cb038f+2023-09-21-12h-27m-45s,237,20252535,25947356,,1.0,1.0,1.0,0,0,0,0,0,0,0,0,0,28,28,0
TRI+22cb038f+2023-09-21-15h-08m-12s,175,20252535,25947356,,1.0,1.0,1.0,0,0,0,0,0,0,13,13,13,17,17,17
TRI+22cb038f+2023-09-21-15h-14m-44s,164,20252535,25947356,,1.0,1.0,1.0,24,24,0,28,28,0,32,32,0,38,38,23
TRI+22cb038f+2023-09-21-16h-14m-17s,189,20252535,25947356,,1.0,1.0,1.0,27,27,0,32,32,0,37,37,0,43,43,21
TRI+22cb038f+2023-09-21-16h-15m-22s,277,20252535,25947356,,1.0,1.0,1.0,39,39,0,47,47,0,54,54,0,63,63,0
TRI+22cb038f+2023-09-21-16h-42m-10s,224,20252535,25947356,,1.0,1.0,1.0,0,0,0,11,11,0,20,20,0,26,26,0
TRI+22cb038f+2023-09-21-16h-43m-35s,165,20252535,25947356,,1.0,1.0,1.0,0,0,0,0,0,0,16,16,0,29,29,0
TRI+22cb038f+2023-09-21-16h-44m-32s,267,20252535,25947356,,1.0,1.0,1.0,0,0,0,0,0,0,0,0,0,17,17,0
TRI+22cb038f+2023-09-21-17h-46m-50s,168,20252535,25947356,,1.0,1.0,1.0,0,0,0,0,0,0,11,11,0,30,30,12
TRI+22cb038f+2023-09-21-18h-03m-00s,210,20252535,25947356,,1.0,1.0,0.9030612244897959,0,0,0,14,14,0,20,20,0,30,30,0
TRI+22cb038f+2023-09-21-18h-04m-42s,232,20252535,25947356,,1.0,1.0,1.0,0,0,0,20,20,0,30,30,0,53,53,19
TRI+22cb038f+2023-09-21-18h-08m-06s,228,20252535,25947356,,1.0,1.0,1.0,18,18,0,25,25,0,30,30,0,46,42,0
TRI+22cb038f+2023-09-21-18h-08m-38s,172,20252535,25947356,,1.0,1.0,1.0,0,0,0,0,0,0,11,11,0,16,16,0
TRI+22cb038f+2023-09-25-08h-39m-44s,166,20252535,25947356,,1.0,1.0,1.0,11,11,0,16,16,0,22,22,0,35,35,12
TRI+22cb038f+2023-09-25-08h-52m-48s,182,20252535,25947356,,1.0,1.0,1.0,19,19,0,23,23,0,27,27,0,31,31,23
TRI+22cb038f+2023-09-25-08h-53m-19s,285,20252535,25947356,,1.0,1.0,1.0,0,0,0,0,0,0,0,0,0,0,0,0
TRI+22cb038f+2023-09-25-09h-28m-12s,161,20252535,25947356,,1.0,1.0,1.0,0,0,0,0,0,0,11,11,0,20,20,0
TRI+22cb038f+2023-09-25-09h-31m-25s,234,20252535,25947356,,1.0,1.0,1.0,0,0,0,0,0,0,18,18,0,31,31,0
TRI+22cb038f+2023-09-25-09h-40m-12s,147,20252535,25947356,,1.0,1.0,1.0,0,0,0,0,0,0,0,0,0,15,15,0
TRI+22cb038f+2023-09-25-09h-55m-53s,140,20252535,25947356,,1.0,1.0,1.0,0,0,0,0,0,0,0,0,0,12,12,0
TRI+22cb038f+2023-09-25-10h-01m-19s,277,20252535,25947356,,1.0,1.0,1.0,13,13,0,46,46,0,73,73,0,80,80,0
TRI+22cb038f+2023-09-25-10h-33m-55s,171,20252535,25947356,,1.0,1.0,1.0,0,0,0,0,0,0,13,13,0,30,30,0
TRI+22cb038f+2023-09-25-11h-00m-59s,202,20252535,25947356,,1.0,1.0,1.0,13,13,0,18,18,0,22,22,19,31,31,22
TRI+30510ef3+2023-10-12-12h-13m-20s,791,28451778,28813166,,1.0,1.0,0.8381795195954488,0,0,0,0,0,0,0,0,0,0,0,0
TRI+30510ef3+2023-10-12-12h-15m-25s,414,28451778,28813166,,1.0,1.0,1.0,0,0,0,0,0,0,0,0,0,0,0,0
TRI+30510ef3+2023-10-12-12h-18m-22s,873,28451778,28813166,,1.0,1.0,0.6758304696449027,0,0,0,0,0,0,0,0,0,0,0,0
TRI+30510ef3+2023-10-12-16h-36m-54s,479,28451778,28813166,,1.0,1.0,1.0,0,0,0,0,0,0,0,0,0,0,0,0
TRI+30510ef3+2023-10-12-16h-40m-47s,178,28451778,28813166,,1.0,1.0,1.0,0,0,0,0,0,0,0,0,0,0,0,0
TRI+30510ef3+2023-10-12-16h-41m-09s,425,28451778,28813166,,1.0,1.0,0.8611764705882353,0,0,0,0,0,0,0,0,0,0,0,0
TRI+4b1a56cc+2023-09-05-16h-47m-08s,570,23404442,29838012,,1.0,1.0,0.9656652360515021,88,59,88,104,66,104,121,84,121,144,102,144
TRI+52ca9b6a+2023-10-16-10h-45m-34s,357,28451778,28813166,,1.0,1.0,1.0,0,0,0,0,0,0,0,0,0,0,0,0
TRI+52ca9b6a+2023-10-16-10h-59m-15s,718,29431508,29513368,,1.0,1.0,1.0,0,0,0,16,0,16,22,0,22,46,0,46
TRI+52ca9b6a+2023-10-16-11h-15m-04s,186,28451778,28813166,,1.0,1.0,1.0,0,0,0,0,0,0,0,0,0,0,0,0
TRI+52ca9b6a+2023-10-16-12h-00m-47s,476,28451778,28813166,,1.0,1.0,0.3067226890756303,0,0,0,0,0,0,0,0,0,0,0,0
TRI+52ca9b6a+2023-10-16-12h-02m-03s,642,28451778,28813166,,1.0,1.0,0.9968847352024922,0,0,0,0,0,0,0,0,0,0,0,0
TRI+52ca9b6a+2023-10-16-12h-03m-11s,247,28451778,28813166,,1.0,1.0,1.0,0,0,0,0,0,0,0,0,0,0,0,0
TRI+52ca9b6a+2023-10-16-12h-05m-38s,295,28451778,28813166,,1.0,1.0,0.576271186440678,0,0,0,0,0,0,0,0,0,0,0,0
TRI+52ca9b6a+2023-10-16-14h-27m-54s,242,28451778,28813166,,1.0,1.0,1.0,0,0,0,0,0,0,0,0,0,0,0,0
TRI+52ca9b6a+2023-10-16-14h-46m-39s,231,28451778,28813166,,1.0,1.0,1.0,0,0,0,0,0,0,0,0,0,0,0,0
TRI+52ca9b6a+2023-10-16-14h-48m-07s,299,28451778,28813166,,1.0,1.0,1.0,0,0,0,0,0,0,13,13,0,19,19,0
TRI+52ca9b6a+2023-10-16-14h-54m-50s,235,28451778,28813166,,1.0,1.0,1.0,0,0,0,0,0,0,0,0,0,0,0,0
TRI+52ca9b6a+2023-10-16-15h-11m-54s,244,28451778,28813166,,1.0,1.0,1.0,0,0,0,0,0,0,0,0,0,0,0,0
TRI+52ca9b6a+2023-10-16-15h-20m-22s,236,28451778,28813166,,1.0,1.0,1.0,0,0,0,0,0,0,0,0,0,23,23,0
TRI+52ca9b6a+2023-10-16-15h-33m-09s,346,28451778,28813166,,1.0,1.0,1.0,0,0,0,0,0,0,0,0,0,0,0,0
TRI+52ca9b6a+2023-10-16-16h-09m-32s,301,29431508,29513368,,1.0,1.0,0.132890365448505,0,0,0,0,0,0,0,0,0,0,0,0
TRI+52ca9b6a+2023-10-16-16h-15m-56s,348,29431508,29513368,,1.0,1.0,1.0,0,0,0,0,0,0,31,0,31,36,0,36
TRI+52ca9b6a+2023-10-16-16h-50m-34s,812,28451778,28813166,,1.0,1.0,1.0,0,0,0,0,0,0,0,0,0,0,0,0
TRI+52ca9b6a+2023-10-16-16h-53m-28s,239,29431508,29513368,,1.0,1.0,1.0,0,0,0,0,0,0,0,0,0,16,16,16
TRI+52ca9b6a+2023-10-16-16h-57m-03s,466,28451778,28813166,,1.0,1.0,1.0,0,0,0,0,0,0,0,0,0,0,0,0
TRI+52ca9b6a+2023-10-17-10h-08m-20s,547,29431508,29513368,,1.0,1.0,1.0,0,0,0,0,0,0,0,0,0,0,0,0
TRI+52ca9b6a+2023-10-17-10h-09m-10s,270,29431508,29513368,,1.0,1.0,1.0,0,0,0,0,0,0,0,0,0,0,0,0
TRI+52ca9b6a+2023-10-17-11h-19m-53s,213,28451778,28813166,,1.0,1.0,1.0,0,0,0,0,0,0,17,17,0,32,32,0
TRI+52ca9b6a+2023-10-17-13h-51m-19s,564,28451778,28813166,,1.0,0.2777777777777778,0.0,0,0,0,-1,0,-1,-1,0,-1,-1,0,-1
TRI+52ca9b6a+2023-10-17-13h-59m-42s,466,28451778,28813166,,1.0,0.16666666666666666,0.0,-1,0,-1,-1,0,-1,-1,0,-1,-1,0,-1
TRI+52ca9b6a+2023-10-17-14h-10m-04s,190,29431508,29513368,,1.0,1.0,1.0,0,0,0,0,0,0,0,0,0,0,0,0
TRI+52ca9b6a+2023-10-17-14h-54m-51s,434,28451778,28813166,,1.0,1.0,1.0,0,0,0,0,0,0,0,0,0,42,42,0
TRI+52ca9b6a+2023-10-17-15h-31m-20s,211,28451778,28813166,,1.0,1.0,1.0,0,0,0,0,0,0,24,24,0,32,32,14
TRI+52ca9b6a+2023-10-17-15h-49m-35s,435,28451778,28813166,,1.0,1.0,0.8816425120772947,18,18,0,21,21,0,24,24,0,29,29,0
TRI+52ca9b6a+2023-10-17-16h-18m-16s,650,28451778,28813166,,1.0,1.0,0.27488151658767773,14,14,10,17,17,14,30,30,28,33,33,33
TRI+52ca9b6a+2023-10-17-16h-27m-22s,728,28451778,28813166,,1.0,1.0,0.9725274725274725,0,0,0,0,0,0,0,0,0,0,0,0
TRI+52ca9b6a+2023-10-17-16h-39m-39s,435,29431508,29513368,,1.0,1.0,1.0,0,0,0,0,0,0,48,0,48,74,42,74
TRI+52ca9b6a+2023-10-17-17h-44m-18s,233,28451778,28813166,,0.9629629629629629,1.0,0.6523605150214592,0,0,0,0,0,0,0,0,0,-1,-1,0
TRI+52ca9b6a+2023-10-17-18h-34m-15s,272,28451778,28813166,,1.0,1.0,1.0,0,0,0,0,0,0,0,0,0,14,14,0
TRI+52ca9b6a+2023-10-17-18h-37m-15s,268,28451778,28813166,,1.0,1.0,1.0,0,0,0,0,0,0,19,19,18,22,22,22
TRI+52ca9b6a+2023-10-17-18h-37m-44s,180,28451778,28813166,,1.0,1.0,1.0,20,20,0,22,22,0,24,24,20,26,26,23
TRI+52ca9b6a+2023-10-18-10h-53m-42s,324,28451778,28813166,,1.0,1.0,1.0,0,0,0,10,10,0,17,17,0,21,21,15
TRI+52ca9b6a+2023-10-18-11h-35m-49s,279,28451778,28813166,,1.0,1.0,1.0,0,0,0,0,0,0,0,0,0,0,0,0
TRI+52ca9b6a+2023-10-18-13h-17m-10s,372,28451778,28813166,,1.0,1.0,0.8145161290322581,0,0,0,0,0,0,0,0,0,16,16,0
TRI+52ca9b6a+2023-10-18-13h-21m-51s,136,28451778,28813166,,1.0,1.0,0.9852941176470589,0,0,0,0,0,0,0,0,0,20,20,0
TRI+52ca9b6a+2023-10-18-13h-28m-19s,273,28451778,28813166,,1.0,1.0,0.7545787545787546,0,0,0,0,0,0,0,0,0,0,0,0
TRI+52ca9b6a+2023-10-18-15h-51m-07s,346,28451778,28813166,,1.0,1.0,0.5603864734299517,0,0,0,139,139,0,141,141,0,143,143,0
TRI+52ca9b6a+2023-10-18-16h-04m-05s,689,29431508,29513368,,1.0,1.0,0.21335268505079827,0,0,0,0,0,0,0,0,0,0,0,0
TRI+52ca9b6a+2023-10-18-16h-11m-27s,427,29431508,29513368,,1.0,1.0,0.5386416861826698,0,0,0,0,0,0,8,0,8,116,0,116
TRI+52ca9b6a+2023-10-18-16h-20m-14s,359,29431508,29513368,,1.0,1.0,0.16434540389972144,0,0,0,0,0,0,0,0,0,0,0,0
TRI+52ca9b6a+2023-10-18-16h-30m-05s,336,29431508,29513368,,1.0,1.0,0.16666666666666666,0,0,0,0,0,0,0,0,0,21,21,0
TRI+52ca9b6a+2023-10-18-16h-31m-36s,261,29431508,29513368,,1.0,0.9814814814814815,0.21839080459770116,0,0,0,0,0,0,0,0,0,-1,23,-1
TRI+52ca9b6a+2023-10-18-16h-58m-15s,257,29431508,29513368,,1.0,1.0,1.0,0,0,0,0,0,0,22,22,0,31,31,24
TRI+52ca9b6a+2023-10-18-17h-05m-59s,228,29431508,29513368,,1.0,1.0,0.6008771929824561,0,0,0,0,0,0,0,0,0,17,0,17
TRI+52ca9b6a+2023-10-18-17h-21m-51s,694,29431508,29513368,,1.0,1.0,1.0,0,0,0,0,0,0,18,18,0,26,26,0
TRI+52ca9b6a+2023-10-18-18h-23m-12s,234,29431508,29513368,,1.0,1.0,1.0,0,0,0,0,0,0,0,0,0,0,0,0
TRI+52ca9b6a+2023-10-18-18h-24m-10s,172,29431508,29513368,,1.0,1.0,0.9593023255813954,0,0,0,0,0,0,0,0,0,0,0,0
TRI+52ca9b6a+2023-10-18-18h-36m-11s,181,29431508,29513368,,1.0,1.0,1.0,0,0,0,0,0,0,0,0,0,0,0,0
TRI+52ca9b6a+2023-10-19-09h-58m-07s,400,29431508,29513368,,1.0,1.0,1.0,0,0,0,0,0,0,0,0,0,0,0,0
TRI+52ca9b6a+2023-10-19-10h-00m-12s,196,28451778,28813166,,0.018518518518518517,1.0,0.0,-1,-1,0,-1,-1,0,-1,-1,0,-1,-1,0
TRI+52ca9b6a+2023-10-19-10h-10m-51s,190,29431508,29513368,,1.0,1.0,1.0,0,0,0,0,0,0,0,0,0,0,0,0
TRI+52ca9b6a+2023-10-19-10h-17m-50s,266,29431508,29513368,,1.0,1.0,1.0,0,0,0,0,0,0,0,0,0,0,0,0
TRI+52ca9b6a+2023-10-19-10h-39m-02s,214,29431508,29513368,,1.0,1.0,1.0,0,0,0,0,0,0,0,0,0,0,0,0
TRI+52ca9b6a+2023-10-19-11h-26m-21s,494,28451778,28813166,,1.0,1.0,0.8097165991902834,0,0,0,0,0,0,0,0,0,0,0,0
TRI+52ca9b6a+2023-10-19-11h-43m-11s,614,28451778,28813166,,1.0,1.0,0.9351081530782029,0,0,0,13,0,13,21,0,21,39,0,39
TRI+52ca9b6a+2023-10-19-12h-32m-07s,320,28451778,28813166,,1.0,1.0,0.5838926174496645,0,0,0,22,0,22,29,0,29,57,0,57
TRI+52ca9b6a+2023-10-19-14h-14m-24s,369,28451778,28813166,,1.0,1.0,1.0,0,0,0,0,0,0,0,0,0,0,0,0
TRI+52ca9b6a+2023-10-19-14h-25m-18s,409,28451778,28813166,,1.0,1.0,1.0,0,0,0,0,0,0,0,0,0,10,10,0
TRI+52ca9b6a+2023-10-19-14h-33m-09s,292,28451778,28813166,,1.0,1.0,1.0,0,0,0,0,0,0,0,0,0,0,0,0
TRI+52ca9b6a+2023-10-19-14h-36m-58s,239,28451778,28813166,,1.0,1.0,0.9497907949790795,0,0,0,0,0,0,0,0,0,0,0,0
TRI+52ca9b6a+2023-10-19-15h-36m-13s,271,28451778,28813166,,1.0,1.0,0.4944649446494465,0,0,0,0,0,0,0,0,0,13,13,0
TRI+52ca9b6a+2023-10-19-16h-41m-05s,169,28451778,28813166,,1.0,1.0,0.4319526627218935,0,0,0,0,0,0,0,0,0,0,0,0
TRI+52ca9b6a+2023-10-19-16h-50m-06s,404,28451778,28813166,,1.0,1.0,1.0,0,0,0,0,0,0,0,0,0,0,0,0
TRI+52ca9b6a+2023-10-19-17h-03m-53s,208,28451778,28813166,,1.0,1.0,1.0,0,0,0,0,0,0,0,0,0,0,0,0
TRI+52ca9b6a+2023-10-19-17h-05m-19s,370,28451778,28813166,,1.0,1.0,1.0,0,0,0,0,0,0,0,0,0,0,0,0
TRI+52ca9b6a+2023-10-19-17h-28m-35s,672,28451778,28813166,,1.0,1.0,1.0,0,0,0,0,0,0,0,0,0,13,13,0
TRI+52ca9b6a+2023-10-23-10h-22m-20s,423,28451778,28813166,,1.0,1.0,1.0,0,0,0,0,0,0,0,0,0,0,0,0
TRI+52ca9b6a+2023-10-23-10h-57m-14s,268,28451778,28813166,,1.0,1.0,0.5111940298507462,0,0,0,0,0,0,0,0,0,0,0,0
TRI+52ca9b6a+2023-10-23-10h-57m-52s,454,28451778,28813166,,1.0,1.0,0.42731277533039647,0,0,0,0,0,0,0,0,0,0,0,0
TRI+52ca9b6a+2023-10-23-10h-58m-32s,399,28451778,28813166,,1.0,1.0,0.5263157894736842,0,0,0,0,0,0,0,0,0,0,0,0
TRI+52ca9b6a+2023-10-23-11h-04m-18s,219,28451778,28813166,,1.0,1.0,1.0,0,0,0,0,0,0,0,0,0,0,0,0
TRI+52ca9b6a+2023-10-23-11h-08m-52s,405,28451778,28813166,,1.0,1.0,0.41975308641975306,0,0,0,0,0,0,0,0,0,0,0,0
TRI+52ca9b6a+2023-10-23-13h-19m-23s,345,28451778,28813166,,1.0,1.0,1.0,0,0,0,0,0,0,0,0,0,0,0,0
TRI+52ca9b6a+2023-10-23-13h-38m-07s,849,20252535,25947356,,1.0,1.0,1.0,0,0,0,0,0,0,0,0,0,0,0,0
TRI+52ca9b6a+2023-10-23-13h-45m-05s,289,28451778,28813166,,1.0,1.0,0.5743944636678201,0,0,0,0,0,0,0,0,0,0,0,0
TRI+52ca9b6a+2023-10-23-13h-51m-13s,286,20252535,25947356,,1.0,1.0,1.0,0,0,0,0,0,0,0,0,0,0,0,0
TRI+52ca9b6a+2023-10-23-13h-59m-31s,224,20252535,25947356,,1.0,1.0,1.0,0,0,0,0,0,0,0,0,0,0,0,0
TRI+52ca9b6a+2023-10-23-14h-02m-09s,700,20252535,25947356,,1.0,1.0,1.0,0,0,0,0,0,0,0,0,0,0,0,0
TRI+52ca9b6a+2023-10-23-14h-02m-23s,209,28451778,28813166,,1.0,1.0,0.8660287081339713,0,0,0,0,0,0,0,0,0,0,0,0
TRI+52ca9b6a+2023-10-23-14h-07m-03s,457,20252535,25947356,,1.0,1.0,0.6455142231947484,0,0,0,0,0,0,0,0,0,0,0,0
TRI+52ca9b6a+2023-10-23-14h-17m-21s,521,28451778,28813166,,1.0,1.0,1.0,0,0,0,0,0,0,0,0,0,0,0,0
TRI+52ca9b6a+2023-10-23-14h-22m-35s,475,28451778,28813166,,1.0,1.0,1.0,0,0,0,0,0,0,0,0,0,27,27,0
TRI+52ca9b6a+2023-10-23-14h-32m-23s,208,20252535,25947356,,1.0,1.0,1.0,0,0,0,0,0,0,0,0,0,0,0,0
TRI+52ca9b6a+2023-10-23-14h-33m-08s,215,20252535,25947356,,1.0,1.0,1.0,0,0,0,0,0,0,0,0,0,0,0,0
TRI+52ca9b6a+2023-10-23-14h-46m-52s,196,20252535,25947356,,1.0,1.0,1.0,0,0,0,0,0,0,0,0,0,0,0,0
TRI+52ca9b6a+2023-10-23-14h-53m-39s,496,28451778,28813166,,1.0,1.0,0.9536290322580645,0,0,0,0,0,0,0,0,0,73,0,73
TRI+52ca9b6a+2023-10-23-14h-54m-51s,193,28451778,28813166,,1.0,1.0,1.0,0,0,0,0,0,0,0,0,0,0,0,0
TRI+52ca9b6a+2023-10-23-15h-12m-45s,462,28451778,28813166,,1.0,1.0,0.48484848484848486,0,0,0,0,0,0,0,0,0,14,0,14
TRI+52ca9b6a+2023-10-23-15h-21m-30s,329,28451778,28813166,,1.0,0.8888888888888888,1.0,0,0,0,0,0,0,0,0,0,-1,0,-1
TRI+52ca9b6a+2023-10-23-15h-36m-25s,397,28451778,28813166,,1.0,1.0,1.0,0,0,0,0,0,0,0,0,0,21,0,21
TRI+52ca9b6a+2023-10-23-16h-01m-51s,1095,28451778,28813166,,1.0,1.0,1.0,0,0,0,0,0,0,0,0,0,0,0,0
TRI+52ca9b6a+2023-10-23-16h-03m-21s,593,28451778,28813166,,1.0,1.0,1.0,0,0,0,0,0,0,0,0,0,18,0,18
TRI+52ca9b6a+2023-10-23-16h-22m-09s,766,20252535,25947356,,1.0,1.0,1.0,0,0,0,0,0,0,0,0,0,0,0,0
TRI+52ca9b6a+2023-10-23-16h-25m-40s,321,28451778,28813166,,1.0,1.0,1.0,0,0,0,0,0,0,0,0,0,0,0,0
TRI+52ca9b6a+2023-10-23-16h-35m-41s,420,20252535,25947356,,1.0,1.0,1.0,0,0,0,0,0,0,0,0,0,0,0,0
TRI+52ca9b6a+2023-10-23-16h-43m-52s,327,28451778,28813166,,1.0,1.0,1.0,0,0,0,0,0,0,0,0,0,0,0,0
TRI+52ca9b6a+2023-10-23-16h-46m-46s,247,28451778,28813166,,1.0,1.0,1.0,0,0,0,0,0,0,0,0,0,0,0,0
TRI+52ca9b6a+2023-10-23-17h-44m-41s,314,20252535,25947356,,1.0,1.0,0.5796178343949044,0,0,0,0,0,0,13,0,13,20,0,20
TRI+52ca9b6a+2023-10-23-17h-49m-56s,337,28451778,28813166,,1.0,1.0,0.8813056379821959,0,0,0,0,0,0,0,0,0,0,0,0
TRI+52ca9b6a+2023-10-23-17h-50m-54s,463,20252535,25947356,,1.0,1.0,0.6976241900647948,0,0,0,0,0,0,0,0,0,0,0,0
TRI+52ca9b6a+2023-10-23-17h-51m-35s,499,28451778,28813166,,1.0,1.0,0.9478957915831663,0,0,0,0,0,0,0,0,0,0,0,0
TRI+52ca9b6a+2023-10-23-17h-53m-32s,189,28451778,28813166,,1.0,1.0,0.671957671957672,0,0,0,0,0,0,0,0,0,0,0,0
TRI+52ca9b6a+2023-10-23-17h-55m-18s,262,20252535,25947356,,1.0,1.0,0.8854961832061069,0,0,0,0,0,0,0,0,0,42,0,42
TRI+52ca9b6a+2023-10-23-18h-14m-54s,250,28451778,28813166,,1.0,1.0,1.0,0,0,0,0,0,0,17,0,17,30,0,30
TRI+52ca9b6a+2023-10-23-18h-22m-32s,851,20252535,25947356,,1.0,1.0,0.7264631043256997,0,0,0,65,0,65,79,0,79,83,0,83
TRI+52ca9b6a+2023-10-23-18h-24m-24s,351,28451778,28813166,,1.0,1.0,1.0,0,0,0,0,0,0,0,0,0,7,0,7
TRI+52ca9b6a+2023-10-24-10h-21m-45s,179,20252535,25947356,,1.0,1.0,1.0,0,0,0,0,0,0,0,0,0,0,0,0
TRI+52ca9b6a+2023-10-24-10h-30m-34s,640,20252535,25947356,,1.0,1.0,0.3484375,0,0,0,0,0,0,0,0,0,0,0,0
TRI+52ca9b6a+2023-10-24-10h-31m-29s,289,20252535,25947356,,1.0,1.0,0.45674740484429066,0,0,0,0,0,0,0,0,0,17,17,0
TRI+52ca9b6a+2023-10-24-10h-35m-46s,343,28451778,28813166,,1.0,1.0,1.0,0,0,0,0,0,0,0,0,0,0,0,0
TRI+52ca9b6a+2023-10-24-10h-41m-28s,246,20252535,25947356,,1.0,1.0,1.0,0,0,0,0,0,0,0,0,0,0,0,0
TRI+52ca9b6a+2023-10-24-11h-30m-35s,227,20252535,25947356,,1.0,1.0,0.8590308370044053,0,0,0,0,0,0,0,0,0,0,0,0
TRI+52ca9b6a+2023-10-24-12h-06m-40s,681,28451778,28813166,,1.0,1.0,1.0,0,0,0,0,0,0,0,0,0,0,0,0
TRI+52ca9b6a+2023-10-24-12h-11m-18s,251,28451778,28813166,,1.0,1.0,1.0,0,0,0,0,0,0,22,0,22,25,0,25
TRI+52ca9b6a+2023-10-24-13h-22m-46s,149,28451778,28813166,,1.0,1.0,1.0,0,0,0,25,0,25,32,0,32,46,0,46
TRI+52ca9b6a+2023-10-24-13h-35m-47s,679,20252535,25947356,,1.0,1.0,1.0,0,0,0,0,0,0,0,0,0,17,17,0
TRI+52ca9b6a+2023-10-24-13h-50m-51s,1214,20252535,25947356,,1.0,1.0,1.0,0,0,0,0,0,0,17,17,0,26,26,0
TRI+52ca9b6a+2023-10-24-13h-54m-00s,450,28451778,28813166,,1.0,1.0,1.0,0,0,0,0,0,0,8,0,8,14,0,14
TRI+52ca9b6a+2023-10-24-14h-07m-06s,293,20252535,25947356,,1.0,1.0,1.0,0,0,0,0,0,0,0,0,0,50,50,0
TRI+52ca9b6a+2023-10-24-15h-07m-15s,209,28451778,28813166,,1.0,1.0,1.0,0,0,0,0,0,0,0,0,0,0,0,0
TRI+52ca9b6a+2023-10-24-15h-19m-14s,222,28451778,28813166,,1.0,1.0,0.4594594594594595,0,0,0,0,0,0,0,0,0,0,0,0
TRI+52ca9b6a+2023-10-24-15h-32m-30s,677,20252535,25947356,,1.0,1.0,1.0,0,0,0,0,0,0,0,0,0,1,1,0
TRI+52ca9b6a+2023-10-24-15h-33m-31s,270,20252535,25947356,,1.0,1.0,0.9518518518518518,0,0,0,0,0,0,0,0,0,23,23,0
TRI+52ca9b6a+2023-10-24-16h-05m-39s,326,28451778,28813166,,1.0,1.0,1.0,0,0,0,0,0,0,0,0,0,0,0,0
TRI+52ca9b6a+2023-10-24-17h-04m-58s,188,20252535,25947356,,1.0,1.0,0.6968085106382979,0,0,0,0,0,0,0,0,0,0,0,0
TRI+52ca9b6a+2023-10-24-17h-06m-18s,418,20252535,25947356,,1.0,1.0,0.9688995215311005,0,0,0,0,0,0,0,0,0,0,0,0
TRI+52ca9b6a+2023-10-24-17h-10m-33s,130,20252535,25947356,,1.0,1.0,0.9292035398230089,0,0,0,17,17,0,47,47,0,73,73,0
TRI+52ca9b6a+2023-10-24-17h-13m-33s,188,20252535,25947356,,0.9444444444444444,1.0,0.898936170212766,0,0,0,0,0,0,0,0,0,-1,-1,0
TRI+52ca9b6a+2023-10-24-17h-40m-31s,707,28451778,28813166,,1.0,1.0,1.0,0,0,0,0,0,0,0,0,0,0,0,0
TRI+52ca9b6a+2023-10-24-17h-41m-13s,756,20252535,25947356,,1.0,1.0,0.7896825396825397,0,0,0,0,0,0,17,17,0,172,22,172
TRI+52ca9b6a+2023-10-24-17h-51m-44s,442,20252535,25947356,,1.0,1.0,1.0,0,0,0,0,0,0,15,15,0,20,20,0
TRI+52ca9b6a+2023-10-24-17h-55m-34s,359,20252535,25947356,,1.0,1.0,1.0,0,0,0,0,0,0,52,52,0,68,68,0
TRI+52ca9b6a+2023-10-24-18h-00m-02s,108,20252535,25947356,,1.0,1.0,1.0,0,0,0,0,0,0,0,0,0,20,20,0
TRI+52ca9b6a+2023-10-24-18h-04m-58s,193,28451778,28813166,,1.0,1.0,1.0,0,0,0,0,0,0,0,0,0,0,0,0
TRI+52ca9b6a+2023-10-24-18h-15m-17s,191,20252535,25947356,,1.0,1.0,0.3717277486910995,0,0,0,0,0,0,23,23,0,33,33,0
TRI+52ca9b6a+2023-10-24-18h-27m-00s,127,20252535,25947356,,1.0,1.0,1.0,0,0,0,0,0,0,12,12,0,15,15,9
TRI+52ca9b6a+2023-10-25-09h-42m-03s,242,20252535,25947356,,1.0,1.0,1.0,0,0,0,0,0,0,2,0,2,15,0,15
TRI+52ca9b6a+2023-10-25-09h-44m-49s,199,20252535,25947356,,1.0,1.0,1.0,18,0,18,21,0,21,24,0,24,30,0,30
TRI+52ca9b6a+2023-10-25-10h-08m-44s,782,28451778,28813166,,1.0,1.0,0.6713554987212276,0,0,0,0,0,0,10,10,0,12,12,0
TRI+52ca9b6a+2023-10-25-10h-15m-56s,212,20252535,25947356,,1.0,1.0,1.0,14,0,14,20,0,20,28,0,28,33,0,33
TRI+52ca9b6a+2023-10-25-10h-21m-18s,276,28451778,28813166,,1.0,1.0,1.0,0,0,0,0,0,0,0,0,0,0,0,0
TRI+52ca9b6a+2023-10-25-10h-21m-56s,304,20252535,25947356,,1.0,1.0,1.0,0,0,0,0,0,0,19,0,19,27,0,27
TRI+52ca9b6a+2023-10-25-10h-23m-49s,684,28451778,28813166,,1.0,1.0,1.0,0,0,0,0,0,0,0,0,0,0,0,0
TRI+52ca9b6a+2023-10-25-11h-42m-49s,317,20252535,25947356,,1.0,1.0,1.0,37,0,37,40,0,40,42,0,42,45,0,45
TRI+52ca9b6a+2023-10-25-11h-44m-47s,787,28451778,28813166,,1.0,1.0,1.0,0,0,0,0,0,0,0,0,0,0,0,0
TRI+52ca9b6a+2023-10-25-14h-17m-03s,472,20252535,25947356,,1.0,1.0,1.0,0,0,0,0,0,0,0,0,0,18,0,18
TRI+52ca9b6a+2023-10-25-14h-48m-15s,216,20252535,25947356,,1.0,1.0,1.0,0,0,0,0,0,0,8,0,8,17,0,17
TRI+52ca9b6a+2023-10-25-15h-20m-02s,114,20252535,25947356,,1.0,1.0,1.0,0,0,0,0,0,0,21,0,21,26,0,26
TRI+52ca9b6a+2023-10-25-15h-34m-57s,321,20252535,25947356,,1.0,0.5370370370370371,0.029411764705882353,0,0,0,49,0,49,-1,0,-1,-1,15,-1
TRI+52ca9b6a+2023-10-25-15h-40m-08s,327,20252535,25947356,,1.0,1.0,1.0,0,0,0,0,0,0,19,0,19,28,0,28
TRI+52ca9b6a+2023-10-25-15h-41m-28s,418,20252535,25947356,,1.0,1.0,0.854066985645933,0,0,0,0,0,0,0,0,0,38,0,38
TRI+52ca9b6a+2023-10-25-16h-07m-29s,207,28451778,28813166,,1.0,1.0,1.0,0,0,0,0,0,0,0,0,0,0,0,0
TRI+52ca9b6a+2023-10-25-16h-07m-37s,584,20252535,25947356,,1.0,1.0,1.0,0,0,0,0,0,0,0,0,0,0,0,0
TRI+52ca9b6a+2023-10-25-16h-09m-59s,215,20252535,25947356,,1.0,1.0,1.0,0,0,0,16,0,16,24,0,24,33,11,33
TRI+52ca9b6a+2023-10-25-16h-18m-01s,184,20252535,25947356,,1.0,1.0,0.717391304347826,0,0,0,0,0,0,25,0,25,33,19,33
TRI+52ca9b6a+2023-10-25-16h-27m-34s,725,28451778,28813166,,1.0,1.0,1.0,0,0,0,0,0,0,0,0,0,0,0,0
TRI+52ca9b6a+2023-10-25-16h-35m-12s,126,28451778,28813166,,1.0,1.0,1.0,0,0,0,0,0,0,13,13,0,15,15,0
TRI+52ca9b6a+2023-10-25-17h-09m-40s,314,20252535,25947356,,1.0,1.0,1.0,0,0,0,0,0,0,0,0,0,0,0,0
TRI+52ca9b6a+2023-10-25-17h-12m-00s,195,20252535,25947356,,1.0,1.0,0.8871794871794871,0,0,0,0,0,0,0,0,0,0,0,0
TRI+52ca9b6a+2023-10-25-17h-13m-52s,212,20252535,25947356,,1.0,1.0,1.0,0,0,0,0,0,0,0,0,0,28,0,28
TRI+52ca9b6a+2023-10-25-17h-27m-59s,270,20252535,25947356,,1.0,1.0,1.0,0,0,0,0,0,0,8,0,8,20,0,20
TRI+52ca9b6a+2023-10-25-17h-30m-53s,313,28451778,28813166,,1.0,1.0,1.0,0,0,0,0,0,0,0,0,0,0,0,0
TRI+52ca9b6a+2023-10-25-17h-31m-42s,615,20252535,25947356,,1.0,1.0,0.9528455284552846,0,0,0,0,0,0,0,0,0,0,0,0
TRI+52ca9b6a+2023-10-25-17h-34m-08s,297,20252535,25947356,,1.0,1.0,0.7407407407407407,0,0,0,0,0,0,0,0,0,13,13,0
TRI+52ca9b6a+2023-10-25-17h-38m-17s,311,20252535,25947356,,1.0,1.0,0.797427652733119,0,0,0,0,0,0,0,0,0,10,0,10
TRI+52ca9b6a+2023-10-25-17h-40m-36s,196,28451778,28813166,,1.0,1.0,1.0,0,0,0,0,0,0,0,0,0,0,0,0
TRI+52ca9b6a+2023-10-26-11h-02m-15s,86,20252535,25947356,,1.0,1.0,1.0,0,0,0,0,0,0,0,0,0,0,0,0
TRI+52ca9b6a+2023-10-26-11h-34m-28s,471,20252535,25947356,,1.0,1.0,1.0,0,0,0,0,0,0,16,0,16,22,0,22
TRI+52ca9b6a+2023-10-26-11h-50m-58s,493,20252535,25947356,,1.0,1.0,1.0,0,0,0,0,0,0,0,0,0,36,0,36
TRI+52ca9b6a+2023-10-26-11h-58m-58s,280,28451778,28813166,,1.0,1.0,0.3333333333333333,0,0,0,49,49,0,53,53,0,252,252,0
TRI+52ca9b6a+2023-10-26-12h-10m-58s,219,28451778,28813166,,1.0,1.0,1.0,0,0,0,0,0,0,8,8,0,59,39,0
TRI+52ca9b6a+2023-10-26-12h-12m-14s,430,28451778,28813166,,1.0,1.0,0.9953488372093023,0,0,0,0,0,0,0,0,0,0,0,0
TRI+52ca9b6a+2023-10-26-13h-34m-14s,308,28451778,28813166,,1.0,1.0,1.0,0,0,0,0,0,0,0,0,0,0,0,0
TRI+52ca9b6a+2023-10-26-13h-35m-32s,350,20252535,25947356,,1.0,1.0,1.0,0,0,0,0,0,0,0,0,0,0,0,0
TRI+52ca9b6a+2023-10-26-13h-41m-35s,302,28451778,28813166,,1.0,1.0,1.0,0,0,0,0,0,0,0,0,0,0,0,0
TRI+52ca9b6a+2023-10-26-13h-45m-54s,584,28451778,28813166,,1.0,1.0,0.9263698630136986,0,0,0,0,0,0,0,0,0,0,0,0
TRI+52ca9b6a+2023-10-26-13h-58m-12s,225,28451778,28813166,,1.0,1.0,0.8355555555555556,0,0,0,0,0,0,0,0,0,0,0,0
TRI+52ca9b6a+2023-10-26-14h-20m-08s,295,28451778,28813166,,1.0,1.0,0.9491525423728814,0,0,0,0,0,0,0,0,0,0,0,0
TRI+52ca9b6a+2023-10-26-14h-22m-45s,189,20252535,25947356,,1.0,1.0,1.0,0,0,0,0,0,0,0,0,0,8,8,0
TRI+52ca9b6a+2023-10-26-14h-30m-07s,427,28451778,28813166,,1.0,1.0,0.8032786885245902,0,0,0,0,0,0,0,0,0,0,0,0
TRI+52ca9b6a+2023-10-26-14h-55m-11s,445,28451778,28813166,,1.0,1.0,1.0,0,0,0,0,0,0,0,0,0,0,0,0
TRI+52ca9b6a+2023-10-26-15h-02m-35s,449,28451778,28813166,,1.0,1.0,1.0,0,0,0,0,0,0,0,0,0,0,0,0
TRI+52ca9b6a+2023-10-26-15h-31m-47s,268,20252535,25947356,,1.0,1.0,0.8097014925373134,0,0,0,0,0,0,75,75,0,170,170,0
TRI+52ca9b6a+2023-10-30-15h-13m-06s,154,20252535,25947356,,1.0,1.0,0.961038961038961,0,0,0,0,0,0,0,0,0,0,0,0
TRI+52ca9b6a+2023-10-30-15h-19m-04s,490,28451778,28813166,,1.0,1.0,1.0,0,0,0,0,0,0,0,0,0,0,0,0
TRI+52ca9b6a+2023-10-30-16h-19m-51s,458,20252535,25947356,,1.0,1.0,1.0,23,23,0,38,38,0,43,43,0,49,49,0
TRI+52ca9b6a+2023-10-30-16h-21m-32s,365,28451778,28813166,,1.0,1.0,0.8794520547945206,0,0,0,0,0,0,0,0,0,0,0,0
TRI+52ca9b6a+2023-10-30-16h-23m-35s,303,28451778,28813166,,1.0,1.0,0.5610561056105611,0,0,0,0,0,0,0,0,0,0,0,0
TRI+52ca9b6a+2023-10-30-16h-24m-14s,181,28451778,28813166,,1.0,1.0,1.0,0,0,0,0,0,0,0,0,0,0,0,0
TRI+52ca9b6a+2023-10-30-16h-33m-01s,225,28451778,28813166,,1.0,1.0,1.0,0,0,0,0,0,0,0,0,0,0,0,0
TRI+52ca9b6a+2023-10-30-16h-34m-57s,1201,20252535,25947356,,1.0,1.0,1.0,0,0,0,16,16,0,20,20,0,37,37,0
TRI+52ca9b6a+2023-10-30-16h-38m-41s,301,28451778,28813166,,1.0,1.0,0.9667774086378738,0,0,0,0,0,0,0,0,0,0,0,0
TRI+52ca9b6a+2023-10-30-16h-54m-29s,465,28451778,28813166,,1.0,1.0,1.0,0,0,0,0,0,0,0,0,0,0,0,0
TRI+52ca9b6a+2023-10-30-17h-13m-43s,380,20252535,25947356,,1.0,1.0,1.0,23,23,0,40,40,0,60,60,0,64,64,0
TRI+52ca9b6a+2023-10-30-17h-18m-48s,248,20252535,25947356,,1.0,1.0,1.0,8,8,0,11,11,0,12,12,0,16,16,0
TRI+52ca9b6a+2023-10-30-17h-22m-50s,350,20252535,25947356,,1.0,1.0,0.6857142857142857,0,0,0,0,0,0,124,124,0,279,279,0
TRI+52ca9b6a+2023-10-30-17h-35m-23s,174,20252535,25947356,,1.0,1.0,1.0,0,0,0,0,0,0,0,0,0,0,0,0
TRI+52ca9b6a+2023-10-31-13h-53m-49s,694,20252535,25947356,,1.0,1.0,0.9106628242074928,0,0,0,0,0,0,0,0,0,28,27,28
TRI+52ca9b6a+2023-10-31-13h-56m-41s,275,28451778,28813166,,1.0,1.0,1.0,0,0,0,0,0,0,0,0,0,0,0,0
TRI+52ca9b6a+2023-10-31-14h-11m-16s,232,20252535,25947356,,1.0,1.0,0.9698275862068966,0,0,0,0,0,0,0,0,0,14,0,14
TRI+52ca9b6a+2023-10-31-14h-20m-26s,1118,28451778,28813166,,1.0,1.0,1.0,0,0,0,0,0,0,0,0,0,0,0,0
TRI+52ca9b6a+2023-10-31-14h-53m-36s,561,20252535,25947356,,1.0,1.0,1.0,0,0,0,0,0,0,0,0,0,15,14,15
TRI+52ca9b6a+2023-10-31-14h-57m-32s,261,20252535,25947356,,1.0,1.0,1.0,0,0,0,0,0,0,0,0,0,27,20,27
TRI+52ca9b6a+2023-10-31-15h-17m-22s,376,20252535,25947356,,1.0,1.0,1.0,0,0,0,0,0,0,0,0,0,0,0,0
TRI+52ca9b6a+2023-10-31-15h-21m-40s,407,28451778,28813166,,1.0,1.0,0.9262899262899262,0,0,0,0,0,0,76,0,75,80,0,78
TRI+52ca9b6a+2023-10-31-15h-32m-01s,169,28451778,28813166,,1.0,1.0,1.0,0,0,0,0,0,0,11,0,11,17,0,17
TRI+52ca9b6a+2023-10-31-15h-35m-06s,160,28451778,28813166,,1.0,1.0,1.0,0,0,0,0,0,0,0,0,0,0,0,0
TRI+52ca9b6a+2023-10-31-15h-43m-37s,363,20252535,25947356,,1.0,1.0,1.0,0,0,0,0,0,0,0,0,0,0,0,0
TRI+52ca9b6a+2023-10-31-16h-05m-30s,715,20252535,25947356,,1.0,1.0,1.0,0,0,0,0,0,0,0,0,0,16,16,0
TRI+52ca9b6a+2023-10-31-16h-06m-48s,358,28451778,28813166,,1.0,1.0,1.0,0,0,0,0,0,0,0,0,0,0,0,0
TRI+52ca9b6a+2023-10-31-16h-26m-52s,536,28451778,28813166,,1.0,1.0,1.0,0,0,0,0,0,0,0,0,0,0,0,0
TRI+52ca9b6a+2023-10-31-16h-31m-52s,395,20252535,25947356,,1.0,1.0,1.0,0,0,0,0,0,0,0,0,0,0,0,0
TRI+52ca9b6a+2023-10-31-16h-41m-26s,534,20252535,25947356,,1.0,1.0,0.9719101123595506,0,0,0,0,0,0,19,0,19,37,21,37
TRI+52ca9b6a+2023-10-31-16h-58m-48s,347,20252535,25947356,,1.0,1.0,0.9481268011527377,0,0,0,0,0,0,0,0,0,0,0,0
TRI+52ca9b6a+2023-10-31-17h-10m-36s,267,20252535,25947356,,1.0,1.0,1.0,0,0,0,0,0,0,64,62,64,68,66,68
TRI+52ca9b6a+2023-10-31-17h-12m-55s,243,20252535,25947356,,1.0,1.0,1.0,0,0,0,0,0,0,0,0,0,0,0,0
TRI+52ca9b6a+2023-10-31-17h-13m-19s,446,20252535,25947356,,1.0,1.0,0.9237668161434978,0,0,0,0,0,0,13,13,0,32,32,0
TRI+52ca9b6a+2023-10-31-17h-13m-34s,290,28451778,28813166,,1.0,1.0,1.0,33,0,33,70,28,70,76,31,76,80,71,80
TRI+52ca9b6a+2023-10-31-17h-15m-05s,662,28451778,28813166,,1.0,1.0,1.0,0,0,0,0,0,0,26,0,26,52,28,52
TRI+52ca9b6a+2023-10-31-17h-20m-07s,239,20252535,25947356,,1.0,1.0,1.0,0,0,0,0,0,0,0,0,0,0,0,0
TRI+52ca9b6a+2023-10-31-17h-32m-53s,517,20252535,25947356,,1.0,1.0,1.0,0,0,0,0,0,0,21,21,0,30,30,0
TRI+52ca9b6a+2023-11-01-09h-50m-05s,260,28451778,28813166,,1.0,1.0,1.0,19,0,19,27,0,27,38,24,38,45,29,45
TRI+52ca9b6a+2023-11-01-09h-51m-57s,254,20252535,25947356,,1.0,1.0,1.0,0,0,0,0,0,0,0,0,0,0,0,0
TRI+52ca9b6a+2023-11-01-10h-07m-49s,768,20252535,25947356,,1.0,1.0,1.0,0,0,0,0,0,0,0,0,0,0,0,0
TRI+52ca9b6a+2023-11-01-10h-09m-14s,607,20252535,25947356,,1.0,1.0,1.0,0,0,0,0,0,0,11,11,0,16,16,13
TRI+52ca9b6a+2023-11-01-10h-33m-43s,250,28451778,28813166,,1.0,1.0,0.3,0,0,0,0,0,0,17,0,17,20,13,20
TRI+52ca9b6a+2023-11-01-11h-04m-08s,283,20252535,25947356,,1.0,1.0,1.0,0,0,0,0,0,0,0,0,0,0,0,0
TRI+52ca9b6a+2023-11-01-11h-12m-52s,454,20252535,25947356,,1.0,1.0,1.0,0,0,0,0,0,0,0,0,0,45,24,45
TRI+52ca9b6a+2023-11-01-11h-15m-22s,123,28451778,28813166,,0.6666666666666666,0.3148148148148148,0.0,105,0,105,-1,103,-1,-1,-1,-1,-1,-1,-1
TRI+52ca9b6a+2023-11-01-11h-16m-51s,527,28451778,28813166,,1.0,1.0,0.976905311778291,91,0,91,94,89,94,98,92,98,114,96,114
TRI+52ca9b6a+2023-11-01-11h-27m-49s,416,20252535,25947356,,1.0,1.0,0.5168269230769231,0,0,0,0,0,0,0,0,0,0,0,0
TRI+52ca9b6a+2023-11-01-13h-51m-43s,282,28451778,28813166,,1.0,1.0,1.0,0,0,0,0,0,0,0,0,0,39,39,0
TRI+52ca9b6a+2023-11-01-14h-14m-21s,157,20252535,25947356,,1.0,1.0,0.35964912280701755,0,0,0,43,43,0,141,141,0,147,147,0
TRI+52ca9b6a+2023-11-01-14h-16m-24s,588,28451778,28813166,,1.0,1.0,1.0,0,0,0,49,48,0,53,52,53,64,64,64
TRI+52ca9b6a+2023-11-01-14h-17m-05s,192,20252535,25947356,,1.0,1.0,0.9739583333333334,0,0,0,0,0,0,0,0,0,0,0,0
TRI+52ca9b6a+2023-11-01-14h-47m-47s,292,29431508,29513368,,1.0,1.0,1.0,0,0,0,0,0,0,0,0,0,0,0,0
TRI+52ca9b6a+2023-11-01-15h-02m-36s,578,28451778,28813166,,1.0,1.0,1.0,0,0,0,0,0,0,10,10,10,14,14,14
TRI+52ca9b6a+2023-11-01-15h-06m-35s,607,28451778,28813166,,1.0,1.0,1.0,0,0,0,0,0,0,15,15,0,19,19,17
TRI+52ca9b6a+2023-11-01-15h-24m-05s,1069,28451778,28813166,,1.0,1.0,1.0,0,0,0,0,0,0,0,0,0,0,0,0
TRI+52ca9b6a+2023-11-01-15h-57m-06s,570,20252535,25947356,,1.0,1.0,0.9315789473684211,0,0,0,0,0,0,0,0,0,0,0,0
TRI+52ca9b6a+2023-11-01-16h-22m-11s,325,20252535,25947356,,1.0,1.0,1.0,0,0,0,0,0,0,0,0,0,33,33,0
TRI+52ca9b6a+2023-11-01-16h-53m-17s,220,20252535,25947356,,1.0,1.0,0.2772727272727273,0,0,0,0,0,0,0,0,0,0,0,0
TRI+52ca9b6a+2023-11-01-17h-01m-51s,116,20252535,25947356,,1.0,1.0,1.0,0,0,0,0,0,0,0,0,0,23,23,0
TRI+52ca9b6a+2023-11-01-17h-24m-38s,133,28451778,28813166,,1.0,1.0,1.0,0,0,0,0,0,0,0,0,0,0,0,0
TRI+52ca9b6a+2023-11-02-10h-16m-13s,187,28451778,28813166,,1.0,1.0,0.8770053475935828,0,0,0,0,0,0,15,14,15,18,18,18
TRI+52ca9b6a+2023-11-02-11h-04m-38s,284,20252535,25947356,,1.0,1.0,0.4084507042253521,0,0,0,0,0,0,0,0,0,0,0,0
TRI+52ca9b6a+2023-11-02-11h-08m-26s,479,28451778,28813166,,1.0,1.0,1.0,0,0,0,0,0,0,0,0,0,12,0,12
TRI+52ca9b6a+2023-11-02-11h-30m-33s,721,20252535,25947356,,1.0,1.0,1.0,0,0,0,0,0,0,0,0,0,0,0,0
TRI+52ca9b6a+2023-11-02-11h-58m-11s,557,29431508,29513368,,1.0,1.0,1.0,0,0,0,0,0,0,0,0,0,0,0,0
TRI+52ca9b6a+2023-11-02-11h-59m-39s,663,29431508,29513368,,1.0,1.0,0.6726998491704375,0,0,0,0,0,0,0,0,0,0,0,0
TRI+52ca9b6a+2023-11-02-12h-08m-16s,292,20252535,25947356,,1.0,1.0,0.5616438356164384,0,0,0,0,0,0,0,0,0,0,0,0
TRI+52ca9b6a+2023-11-02-12h-18m-31s,434,20252535,25947356,,1.0,1.0,0.6497695852534562,0,0,0,0,0,0,0,0,0,0,0,0
TRI+52ca9b6a+2023-11-02-13h-20m-47s,149,20252535,25947356,,1.0,1.0,1.0,0,0,0,0,0,0,0,0,0,0,0,0
TRI+52ca9b6a+2023-11-02-13h-31m-15s,744,28451778,28813166,,1.0,1.0,1.0,0,0,0,0,0,0,0,0,0,14,14,0
TRI+52ca9b6a+2023-11-02-13h-43m-23s,379,20252535,25947356,,1.0,1.0,0.604221635883905,0,0,0,0,0,0,0,0,0,0,0,0
TRI+52ca9b6a+2023-11-02-13h-49m-58s,416,20252535,25947356,,1.0,1.0,1.0,0,0,0,14,14,0,17,17,0,20,20,0
TRI+52ca9b6a+2023-11-02-14h-11m-01s,767,28451778,28813166,,1.0,1.0,1.0,22,0,22,32,0,32,38,0,38,69,69,44
TRI+52ca9b6a+2023-11-02-14h-29m-20s,522,28451778,28813166,,1.0,1.0,1.0,20,0,20,25,0,25,30,0,30,35,13,35
TRI+52ca9b6a+2023-11-02-14h-35m-04s,675,28451778,28813166,,1.0,1.0,1.0,19,19,0,23,23,21,43,43,26,52,52,30
TRI+52ca9b6a+2023-11-02-14h-39m-17s,355,20252535,25947356,,1.0,1.0,0.8253521126760563,0,0,0,0,0,0,0,0,0,110,110,0
TRI+52ca9b6a+2023-11-02-14h-42m-58s,401,28451778,28813166,,1.0,1.0,1.0,13,0,13,16,13,16,19,18,19,46,46,22
TRI+52ca9b6a+2023-11-02-15h-09m-47s,665,20252535,25947356,,1.0,1.0,0.8932330827067669,0,0,0,0,0,0,0,0,0,64,64,0
TRI+52ca9b6a+2023-11-02-15h-18m-04s,278,20252535,25947356,,1.0,1.0,0.3920863309352518,0,0,0,0,0,0,0,0,0,0,0,0
TRI+52ca9b6a+2023-11-02-15h-27m-44s,235,28451778,28813166,,1.0,1.0,1.0,0,0,0,21,0,21,27,0,27,35,0,35
TRI+52ca9b6a+2023-11-02-15h-41m-49s,718,20252535,25947356,,1.0,1.0,0.9916434540389972,0,0,0,0,0,0,0,0,0,0,0,0
TRI+52ca9b6a+2023-11-02-15h-41m-57s,292,28451778,28813166,,1.0,1.0,0.8287671232876712,0,0,0,0,0,0,0,0,0,9,0,9
TRI+52ca9b6a+2023-11-02-15h-42m-30s,169,28451778,28813166,,1.0,1.0,0.7272727272727273,0,0,0,15,0,15,18,12,18,20,15,20
TRI+52ca9b6a+2023-11-02-15h-45m-25s,232,28451778,28813166,,1.0,1.0,0.9541284403669725,11,0,11,14,9,14,17,12,17,29,15,29
TRI+52ca9b6a+2023-11-02-15h-47m-25s,173,20252535,25947356,,1.0,1.0,1.0,0,0,0,0,0,0,0,0,0,41,41,0
TRI+52ca9b6a+2023-11-02-15h-49m-00s,292,28451778,28813166,,1.0,1.0,0.4981549815498155,18,0,18,21,0,21,25,0,25,27,18,27
TRI+52ca9b6a+2023-11-02-16h-18m-56s,416,28451778,28813166,,1.0,1.0,0.44471153846153844,0,0,0,0,0,0,13,0,13,19,13,19
TRI+52ca9b6a+2023-11-02-16h-32m-55s,165,20252535,25947356,,1.0,1.0,1.0,0,0,0,0,0,0,0,0,0,0,0,0
TRI+52ca9b6a+2023-11-02-16h-37m-25s,398,28451778,28813166,,1.0,1.0,0.7146596858638743,0,0,0,16,0,16,20,0,20,37,0,37
TRI+52ca9b6a+2023-11-02-16h-39m-49s,263,28451778,28813166,,1.0,1.0,1.0,0,0,0,182,0,182,184,0,184,186,0,186
TRI+52ca9b6a+2023-11-02-16h-47m-11s,371,20252535,25947356,,1.0,1.0,1.0,0,0,0,0,0,0,0,0,0,0,0,0
TRI+52ca9b6a+2023-11-02-17h-24m-25s,328,28451778,28813166,,1.0,1.0,1.0,10,0,10,14,0,14,36,0,36,38,0,38
TRI+52ca9b6a+2023-11-02-17h-28m-51s,239,20252535,25947356,,1.0,1.0,1.0,0,0,0,0,0,0,0,0,0,11,11,0
TRI+52ca9b6a+2023-11-02-17h-32m-00s,597,28451778,28813166,,1.0,1.0,0.7303182579564489,0,0,0,0,0,0,30,0,30,34,0,34
TRI+52ca9b6a+2023-11-02-17h-33m-25s,251,28451778,28813166,,1.0,1.0,0.5139442231075697,0,0,0,0,0,0,199,0,199,200,0,200
TRI+52ca9b6a+2023-11-02-17h-36m-36s,149,20252535,25947356,,1.0,1.0,1.0,0,0,0,0,0,0,0,0,0,0,0,0
TRI+52ca9b6a+2023-11-02-17h-42m-47s,424,20252535,25947356,,1.0,1.0,1.0,0,0,0,0,0,0,0,0,0,0,0,0
TRI+52ca9b6a+2023-11-06-10h-24m-15s,374,28451778,28813166,,1.0,1.0,0.9090909090909091,0,0,0,0,0,0,62,62,0,85,85,63
TRI+52ca9b6a+2023-11-06-10h-30m-46s,572,28451778,28813166,,1.0,1.0,0.9512635379061372,0,0,0,18,18,0,26,26,22,47,47,28
TRI+52ca9b6a+2023-11-06-10h-52m-05s,820,20252535,25947356,,1.0,1.0,1.0,0,0,0,0,0,0,0,0,0,0,0,0
TRI+52ca9b6a+2023-11-06-11h-38m-59s,258,20252535,25947356,,1.0,1.0,1.0,0,0,0,0,0,0,0,0,0,0,0,0
TRI+52ca9b6a+2023-11-06-13h-16m-21s,213,20252535,25947356,,1.0,1.0,1.0,0,0,0,0,0,0,0,0,0,25,25,0
TRI+52ca9b6a+2023-11-06-13h-19m-53s,228,20252535,25947356,,1.0,1.0,1.0,0,0,0,0,0,0,0,0,0,19,19,18
TRI+52ca9b6a+2023-11-06-13h-57m-18s,181,20252535,25947356,,1.0,1.0,1.0,0,0,0,0,0,0,0,0,0,7,0,7
TRI+52ca9b6a+2023-11-06-13h-58m-12s,229,28451778,28813166,,0.8888888888888888,1.0,0.2175925925925926,10,9,10,13,12,13,84,84,16,-1,-1,20
TRI+52ca9b6a+2023-11-06-14h-42m-32s,401,20252535,25947356,,1.0,1.0,1.0,0,0,0,0,0,0,27,0,27,59,22,59
TRI+52ca9b6a+2023-11-06-14h-44m-51s,356,20252535,25947356,,1.0,1.0,1.0,0,0,0,0,0,0,0,0,0,25,0,25
TRI+52ca9b6a+2023-11-06-15h-02m-44s,803,20252535,25947356,,1.0,1.0,1.0,0,0,0,0,0,0,0,0,0,0,0,0
TRI+52ca9b6a+2023-11-06-15h-14m-57s,292,20252535,25947356,,1.0,1.0,1.0,0,0,0,0,0,0,0,0,0,15,0,15
TRI+52ca9b6a+2023-11-06-15h-42m-53s,146,28451778,28813166,,1.0,1.0,0.46564885496183206,0,0,0,15,0,15,19,0,19,32,0,32
TRI+52ca9b6a+2023-11-06-15h-45m-19s,494,28451778,28813166,,1.0,1.0,0.8539823008849557,13,0,13,42,0,42,73,0,73,383,0,383
TRI+52ca9b6a+2023-11-06-15h-52m-52s,200,20252535,25947356,,1.0,1.0,1.0,0,0,0,0,0,0,0,0,0,0,0,0
TRI+52ca9b6a+2023-11-06-16h-07m-54s,268,28451778,28813166,,1.0,1.0,0.8917910447761194,0,0,0,0,0,0,59,0,59,61,0,61
TRI+52ca9b6a+2023-11-06-16h-11m-53s,283,28451778,28813166,,1.0,1.0,1.0,11,0,11,19,0,19,31,0,31,34,0,34
TRI+52ca9b6a+2023-11-06-16h-21m-31s,387,28451778,28813166,,1.0,1.0,1.0,0,0,0,154,0,154,170,0,170,184,0,184
TRI+52ca9b6a+2023-11-06-16h-30m-24s,210,20252535,25947356,,1.0,1.0,0.9809523809523809,0,0,0,0,0,0,0,0,0,31,0,31
TRI+52ca9b6a+2023-11-06-16h-31m-43s,287,20252535,25947356,,1.0,1.0,1.0,0,0,0,151,0,151,153,0,153,155,0,155
TRI+52ca9b6a+2023-11-06-16h-33m-48s,505,20252535,25947356,,1.0,1.0,0.3227722772277228,0,0,0,0,0,0,0,0,0,15,0,15
TRI+52ca9b6a+2023-11-06-17h-03m-19s,177,20252535,25947356,,1.0,0.9814814814814815,0.14124293785310735,0,0,0,0,0,0,0,0,0,-1,0,-1
TRI+52ca9b6a+2023-11-06-17h-14m-08s,345,28451778,28813166,,1.0,1.0,1.0,26,0,26,33,0,33,56,0,56,66,0,66
TRI+52ca9b6a+2023-11-06-17h-33m-18s,181,20252535,25947356,,1.0,1.0,1.0,0,0,0,0,0,0,0,0,0,0,0,0
TRI+52ca9b6a+2023-11-07-09h-49m-11s,60,20252535,25947356,,1.0,1.0,0.5666666666666667,0,0,0,0,0,0,0,0,0,0,0,0
TRI+52ca9b6a+2023-11-07-13h-16m-33s,418,28451778,28813166,,1.0,1.0,0.7009569377990431,0,0,0,0,0,0,17,0,17,21,0,21
TRI+52ca9b6a+2023-11-07-13h-27m-26s,147,28451778,28813166,,1.0,1.0,1.0,0,0,0,0,0,0,29,0,29,45,0,45
TRI+52ca9b6a+2023-11-07-13h-41m-43s,160,20252535,25947356,,1.0,1.0,1.0,0,0,0,0,0,0,0,0,0,0,0,0
TRI+52ca9b6a+2023-11-07-13h-44m-01s,160,20252535,25947356,,1.0,1.0,1.0,0,0,0,0,0,0,0,0,0,0,0,0
TRI+52ca9b6a+2023-11-07-13h-44m-24s,185,20252535,25947356,,1.0,1.0,1.0,0,0,0,0,0,0,0,0,0,0,0,0
TRI+52ca9b6a+2023-11-07-14h-16m-39s,390,20252535,25947356,,1.0,1.0,1.0,0,0,0,0,0,0,0,0,0,0,0,0
TRI+52ca9b6a+2023-11-07-14h-22m-47s,330,20252535,25947356,,1.0,1.0,0.5787878787878787,0,0,0,0,0,0,0,0,0,0,0,0
TRI+52ca9b6a+2023-11-07-14h-25m-56s,476,20252535,25947356,,1.0,1.0,1.0,0,0,0,0,0,0,0,0,0,0,0,0
TRI+52ca9b6a+2023-11-07-14h-29m-08s,493,28451778,28813166,,1.0,1.0,0.9066937119675457,0,0,0,0,0,0,0,0,0,0,0,0
TRI+52ca9b6a+2023-11-07-14h-40m-05s,477,28451778,28813166,,1.0,1.0,0.870020964360587,0,0,0,0,0,0,0,0,0,0,0,0
TRI+52ca9b6a+2023-11-07-14h-40m-29s,322,20252535,25947356,,1.0,1.0,1.0,0,0,0,0,0,0,0,0,0,0,0,0
TRI+52ca9b6a+2023-11-07-14h-42m-14s,284,28451778,28813166,,1.0,1.0,0.22535211267605634,0,0,0,0,0,0,0,0,0,0,0,0
TRI+52ca9b6a+2023-11-07-14h-45m-51s,235,28451778,28813166,,1.0,1.0,1.0,0,0,0,0,0,0,0,0,0,0,0,0
TRI+52ca9b6a+2023-11-07-14h-57m-27s,349,28451778,28813166,,1.0,1.0,0.498567335243553,0,0,0,0,0,0,0,0,0,0,0,0
TRI+52ca9b6a+2023-11-07-15h-09m-28s,423,28451778,28813166,,1.0,1.0,1.0,0,0,0,0,0,0,0,0,0,0,0,0
TRI+52ca9b6a+2023-11-07-15h-12m-47s,181,28451778,28813166,,1.0,1.0,1.0,0,0,0,0,0,0,0,0,0,0,0,0
TRI+52ca9b6a+2023-11-07-15h-35m-01s,282,20252535,25947356,,1.0,1.0,1.0,0,0,0,0,0,0,0,0,0,0,0,0
TRI+52ca9b6a+2023-11-07-15h-36m-03s,457,28451778,28813166,,1.0,1.0,1.0,0,0,0,0,0,0,0,0,0,0,0,0
TRI+52ca9b6a+2023-11-07-15h-40m-50s,128,20252535,25947356,,1.0,1.0,1.0,0,0,0,0,0,0,0,0,0,0,0,0
TRI+52ca9b6a+2023-11-07-15h-41m-09s,222,20252535,25947356,,1.0,1.0,1.0,0,0,0,0,0,0,0,0,0,0,0,0
TRI+52ca9b6a+2023-11-07-15h-43m-08s,492,20252535,25947356,,1.0,1.0,1.0,0,0,0,0,0,0,0,0,0,0,0,0
TRI+52ca9b6a+2023-11-07-15h-43m-35s,175,28451778,28813166,,1.0,1.0,1.0,0,0,0,0,0,0,0,0,0,0,0,0
TRI+52ca9b6a+2023-11-07-15h-45m-38s,154,20252535,25947356,,1.0,1.0,1.0,0,0,0,0,0,0,0,0,0,0,0,0
TRI+52ca9b6a+2023-11-07-15h-57m-06s,506,28451778,28813166,,1.0,1.0,1.0,0,0,0,0,0,0,0,0,0,0,0,0
TRI+52ca9b6a+2023-11-07-16h-07m-05s,387,28451778,28813166,,1.0,1.0,1.0,0,0,0,0,0,0,0,0,0,0,0,0
TRI+52ca9b6a+2023-11-07-16h-17m-02s,400,20252535,25947356,,1.0,1.0,1.0,0,0,0,0,0,0,0,0,0,0,0,0
TRI+52ca9b6a+2023-11-07-16h-18m-39s,107,20252535,25947356,,1.0,1.0,1.0,0,0,0,0,0,0,0,0,0,0,0,0
TRI+52ca9b6a+2023-11-07-16h-25m-18s,368,28451778,28813166,,1.0,1.0,1.0,0,0,0,0,0,0,0,0,0,0,0,0
TRI+52ca9b6a+2023-11-07-16h-39m-55s,497,20252535,25947356,,1.0,1.0,1.0,0,0,0,0,0,0,0,0,0,0,0,0
TRI+52ca9b6a+2023-11-07-16h-53m-41s,388,20252535,25947356,,1.0,1.0,1.0,0,0,0,0,0,0,0,0,0,0,0,0
TRI+52ca9b6a+2023-11-07-16h-55m-18s,565,20252535,25947356,,1.0,1.0,1.0,0,0,0,0,0,0,0,0,0,0,0,0
TRI+52ca9b6a+2023-11-07-17h-02m-11s,210,28451778,28813166,,1.0,1.0,0.8285714285714286,0,0,0,0,0,0,0,0,0,0,0,0
TRI+52ca9b6a+2023-11-07-17h-12m-59s,322,20252535,25947356,,1.0,1.0,1.0,0,0,0,0,0,0,0,0,0,0,0,0
TRI+52ca9b6a+2023-11-07-17h-13m-33s,217,20252535,25947356,,1.0,1.0,0.7373271889400922,0,0,0,0,0,0,0,0,0,0,0,0
TRI+52ca9b6a+2023-11-07-17h-18m-27s,222,20252535,25947356,,1.0,1.0,1.0,0,0,0,0,0,0,0,0,0,0,0,0
TRI+52ca9b6a+2023-11-07-17h-21m-31s,152,28451778,28813166,,1.0,1.0,0.9802631578947368,0,0,0,0,0,0,0,0,0,0,0,0
TRI+52ca9b6a+2023-11-07-17h-37m-02s,231,28451778,28813166,,1.0,1.0,0.8285714285714286,16,0,16,21,0,21,25,0,25,31,0,31
TRI+52ca9b6a+2023-11-07-17h-49m-12s,201,28451778,28813166,,1.0,1.0,0.8888888888888888,135,0,135,138,0,138,142,0,142,145,0,145
TRI+52ca9b6a+2023-11-08-10h-08m-31s,601,20252535,25947356,,1.0,1.0,1.0,0,0,0,0,0,0,0,0,0,11,0,11
TRI+52ca9b6a+2023-11-08-10h-16m-30s,789,20252535,25947356,,1.0,1.0,1.0,0,0,0,0,0,0,0,0,0,0,0,0
TRI+52ca9b6a+2023-11-08-10h-37m-56s,305,20252535,25947356,,1.0,1.0,1.0,0,0,0,0,0,0,0,0,0,0,0,0
TRI+52ca9b6a+2023-11-08-10h-45m-00s,614,20252535,25947356,,1.0,1.0,1.0,0,0,0,0,0,0,0,0,0,13,0,13
TRI+52ca9b6a+2023-11-08-11h-01m-50s,294,20252535,25947356,,1.0,1.0,1.0,0,0,0,0,0,0,0,0,0,0,0,0
TRI+52ca9b6a+2023-11-08-11h-06m-07s,329,20252535,25947356,,1.0,1.0,1.0,0,0,0,0,0,0,0,0,0,0,0,0
TRI+52ca9b6a+2023-11-08-12h-16m-28s,651,20252535,25947356,,1.0,1.0,1.0,0,0,0,0,0,0,0,0,0,0,0,0
TRI+52ca9b6a+2023-11-08-12h-45m-58s,145,20252535,25947356,,1.0,1.0,1.0,0,0,0,0,0,0,0,0,0,12,0,12
TRI+52ca9b6a+2023-11-08-14h-21m-27s,508,20252535,25947356,,1.0,1.0,0.2992125984251969,0,0,0,0,0,0,0,0,0,0,0,0
TRI+52ca9b6a+2023-11-08-15h-14m-44s,210,20252535,25947356,,1.0,1.0,0.4666666666666667,0,0,0,0,0,0,131,0,131,138,0,138
TRI+52ca9b6a+2023-11-08-15h-20m-46s,283,20252535,25947356,,1.0,1.0,1.0,0,0,0,0,0,0,0,0,0,0,0,0
TRI+52ca9b6a+2023-11-08-15h-22m-10s,167,20252535,25947356,,1.0,1.0,1.0,0,0,0,0,0,0,0,0,0,0,0,0
TRI+52ca9b6a+2023-11-08-16h-08m-16s,209,20252535,25947356,,1.0,1.0,1.0,0,0,0,0,0,0,0,0,0,0,0,0
TRI+52ca9b6a+2023-11-08-16h-46m-27s,712,20252535,25947356,,1.0,1.0,1.0,0,0,0,0,0,0,0,0,0,0,0,0
TRI+52ca9b6a+2023-11-08-16h-54m-30s,160,20252535,25947356,,1.0,1.0,0.55,0,0,0,0,0,0,0,0,0,0,0,0
TRI+52ca9b6a+2023-11-08-17h-06m-58s,315,20252535,25947356,,1.0,1.0,0.4253968253968254,0,0,0,0,0,0,0,0,0,0,0,0
TRI+52ca9b6a+2023-11-08-17h-09m-42s,256,20252535,25947356,,1.0,1.0,1.0,0,0,0,0,0,0,0,0,0,0,0,0
TRI+52ca9b6a+2023-11-08-17h-12m-07s,496,20252535,25947356,,1.0,1.0,0.7963709677419355,0,0,0,0,0,0,0,0,0,0,0,0
TRI+52ca9b6a+2023-11-08-17h-13m-11s,174,20252535,25947356,,1.0,1.0,1.0,0,0,0,0,0,0,0,0,0,0,0,0
TRI+52ca9b6a+2023-11-08-17h-18m-37s,200,28451778,28813166,,1.0,1.0,0.8,0,0,0,0,0,0,0,0,0,13,0,13
TRI+52ca9b6a+2023-11-08-17h-20m-14s,283,28451778,28813166,,1.0,1.0,0.23722627737226276,0,0,0,9,0,9,11,0,11,13,10,13
TRI+52ca9b6a+2023-11-08-17h-37m-38s,202,28451778,28813166,,1.0,1.0,0.532608695652174,0,0,0,18,18,0,68,68,0,70,70,0
TRI+52ca9b6a+2023-11-08-17h-44m-25s,194,20252535,25947356,,1.0,1.0,1.0,0,0,0,0,0,0,0,0,0,0,0,0
TRI+52ca9b6a+2023-11-08-17h-45m-29s,235,20252535,25947356,,1.0,1.0,1.0,0,0,0,0,0,0,0,0,0,0,0,0
TRI+52ca9b6a+2023-11-09-10h-00m-10s,384,20252535,25947356,,1.0,1.0,1.0,0,0,0,0,0,0,0,0,0,0,0,0
TRI+52ca9b6a+2023-11-09-10h-05m-06s,302,20252535,25947356,,1.0,1.0,1.0,0,0,0,0,0,0,0,0,0,0,0,0
TRI+52ca9b6a+2023-11-09-10h-53m-54s,398,20252535,25947356,,1.0,1.0,1.0,0,0,0,0,0,0,0,0,0,0,0,0
TRI+52ca9b6a+2023-11-09-10h-54m-56s,167,20252535,25947356,,1.0,1.0,1.0,0,0,0,0,0,0,0,0,0,0,0,0
TRI+52ca9b6a+2023-11-09-11h-08m-22s,482,20252535,25947356,,1.0,1.0,1.0,0,0,0,0,0,0,0,0,0,0,0,0
TRI+52ca9b6a+2023-11-09-11h-18m-31s,575,20252535,25947356,,1.0,1.0,1.0,0,0,0,0,0,0,0,0,0,0,0,0
TRI+52ca9b6a+2023-11-09-11h-37m-03s,276,20252535,25947356,,1.0,1.0,1.0,0,0,0,0,0,0,0,0,0,0,0,0
TRI+52ca9b6a+2023-11-09-11h-45m-11s,216,20252535,25947356,,1.0,1.0,1.0,0,0,0,0,0,0,0,0,0,0,0,0
TRI+52ca9b6a+2023-11-09-12h-00m-56s,212,20252535,25947356,,1.0,1.0,1.0,0,0,0,0,0,0,0,0,0,0,0,0
TRI+52ca9b6a+2023-11-09-12h-15m-51s,262,20252535,25947356,,1.0,1.0,1.0,0,0,0,0,0,0,0,0,0,0,0,0
TRI+52ca9b6a+2023-11-09-12h-41m-18s,212,20252535,25947356,,1.0,1.0,1.0,0,0,0,0,0,0,0,0,0,0,0,0
TRI+52ca9b6a+2023-11-09-13h-45m-04s,201,20252535,25947356,,1.0,1.0,1.0,0,0,0,0,0,0,0,0,0,0,0,0
TRI+52ca9b6a+2023-11-09-13h-46m-44s,180,20252535,25947356,,1.0,1.0,1.0,0,0,0,0,0,0,0,0,0,0,0,0
TRI+52ca9b6a+2023-11-09-13h-51m-06s,281,28451778,28813166,,1.0,1.0,1.0,0,0,0,0,0,0,0,0,0,0,0,0
TRI+52ca9b6a+2023-11-09-14h-02m-02s,113,20252535,25947356,,1.0,1.0,1.0,0,0,0,0,0,0,0,0,0,0,0,0
TRI+52ca9b6a+2023-11-09-14h-19m-47s,663,20252535,25947356,,1.0,1.0,0.9743589743589743,0,0,0,0,0,0,0,0,0,0,0,0
TRI+52ca9b6a+2023-11-09-14h-22m-38s,680,20252535,25947356,,1.0,1.0,0.3161764705882353,0,0,0,0,0,0,0,0,0,16,16,0
TRI+52ca9b6a+2023-11-09-14h-38m-57s,141,20252535,25947356,,1.0,1.0,1.0,0,0,0,0,0,0,0,0,0,0,0,0
TRI+52ca9b6a+2023-11-09-14h-45m-04s,140,20252535,25947356,,1.0,1.0,1.0,0,0,0,0,0,0,0,0,0,0,0,0
TRI+52ca9b6a+2023-11-09-14h-48m-24s,390,28451778,28813166,,1.0,1.0,1.0,0,0,0,0,0,0,0,0,0,0,0,0
TRI+52ca9b6a+2023-11-09-14h-53m-23s,357,20252535,25947356,,1.0,1.0,1.0,0,0,0,0,0,0,0,0,0,0,0,0
TRI+52ca9b6a+2023-11-09-15h-04m-39s,138,28451778,28813166,,1.0,1.0,0.32608695652173914,0,0,0,0,0,0,0,0,0,0,0,0
TRI+52ca9b6a+2023-11-09-15h-14m-16s,148,20252535,25947356,,1.0,1.0,1.0,0,0,0,0,0,0,0,0,0,0,0,0
TRI+52ca9b6a+2023-11-09-15h-17m-10s,188,20252535,25947356,,1.0,1.0,1.0,0,0,0,0,0,0,0,0,0,0,0,0
TRI+52ca9b6a+2023-11-09-15h-21m-24s,242,20252535,25947356,,1.0,1.0,1.0,0,0,0,0,0,0,0,0,0,0,0,0
TRI+52ca9b6a+2023-11-09-15h-23m-32s,220,20252535,25947356,,1.0,1.0,1.0,0,0,0,0,0,0,0,0,0,0,0,0
TRI+52ca9b6a+2023-11-09-15h-46m-02s,188,20252535,25947356,,1.0,1.0,1.0,0,0,0,0,0,0,0,0,0,0,0,0
TRI+52ca9b6a+2023-11-09-15h-53m-09s,179,28451778,28813166,,1.0,1.0,1.0,0,0,0,0,0,0,0,0,0,0,0,0
TRI+52ca9b6a+2023-11-09-15h-54m-29s,306,28451778,28813166,,1.0,1.0,1.0,0,0,0,0,0,0,0,0,0,0,0,0
TRI+52ca9b6a+2023-11-09-15h-55m-03s,323,28451778,28813166,,1.0,1.0,0.7956656346749226,0,0,0,0,0,0,0,0,0,19,19,14
TRI+52ca9b6a+2023-11-09-16h-00m-31s,130,28451778,28813166,,1.0,1.0,1.0,0,0,0,0,0,0,0,0,0,0,0,0
TRI+52ca9b6a+2023-11-09-16h-01m-21s,307,28451778,28813166,,1.0,1.0,1.0,0,0,0,0,0,0,0,0,0,0,0,0
TRI+52ca9b6a+2023-11-13-10h-23m-59s,439,20252535,25947356,,1.0,1.0,1.0,0,0,0,0,0,0,0,0,0,0,0,0
TRI+52ca9b6a+2023-11-13-13h-44m-00s,442,20252535,25947356,,1.0,1.0,1.0,0,0,0,0,0,0,58,58,0,64,64,0
TRI+52ca9b6a+2023-11-13-13h-57m-55s,285,20252535,25947356,,1.0,1.0,1.0,0,0,0,0,0,0,0,0,0,50,50,0
TRI+52ca9b6a+2023-11-13-14h-00m-07s,336,20252535,25947356,,1.0,1.0,0.9880952380952381,0,0,0,0,0,0,0,0,0,26,26,0
TRI+52ca9b6a+2023-11-13-14h-07m-17s,235,20252535,25947356,,1.0,1.0,0.9270833333333334,40,40,0,43,43,0,50,50,0,54,54,0
TRI+52ca9b6a+2023-11-13-14h-18m-27s,550,20252535,25947356,,1.0,1.0,1.0,0,0,0,0,0,0,32,32,0,83,83,0
TRI+52ca9b6a+2023-11-13-14h-52m-10s,196,20252535,25947356,,1.0,1.0,0.5621621621621622,0,0,0,11,11,0,13,13,0,23,23,0
TRI+52ca9b6a+2023-11-13-14h-59m-52s,352,20252535,25947356,,1.0,1.0,1.0,64,64,0,66,66,0,78,78,0,82,82,0
TRI+52ca9b6a+2023-11-13-15h-51m-51s,215,20252535,25947356,,1.0,1.0,1.0,0,0,0,0,0,0,0,0,0,13,13,0
TRI+52ca9b6a+2023-11-13-16h-02m-20s,476,20252535,25947356,,1.0,1.0,1.0,0,0,0,0,0,0,0,0,0,0,0,0
TRI+52ca9b6a+2023-11-13-16h-03m-53s,190,20252535,25947356,,1.0,1.0,0.8426966292134831,0,0,0,12,12,0,49,49,0,67,58,0
TRI+52ca9b6a+2023-11-13-16h-04m-30s,510,20252535,25947356,,1.0,1.0,1.0,0,0,0,0,0,0,0,0,0,79,79,0
TRI+52ca9b6a+2023-11-13-16h-19m-10s,112,20252535,25947356,,1.0,1.0,1.0,0,0,0,0,0,0,0,0,0,0,0,0
TRI+52ca9b6a+2023-11-13-16h-20m-02s,165,20252535,25947356,,1.0,1.0,1.0,0,0,0,0,0,0,0,0,0,0,0,0
TRI+52ca9b6a+2023-11-13-17h-11m-23s,216,20252535,25947356,,1.0,1.0,0.8793969849246231,0,0,0,17,0,17,24,0,24,39,0,39
TRI+52ca9b6a+2023-11-13-17h-13m-54s,204,20252535,25947356,,1.0,1.0,1.0,0,0,0,0,0,0,0,0,0,11,11,10
TRI+52ca9b6a+2023-11-13-17h-22m-34s,370,20252535,25947356,,1.0,1.0,1.0,0,0,0,0,0,0,0,0,0,9,0,9
TRI+52ca9b6a+2023-11-14-09h-57m-29s,417,20252535,25947356,,1.0,1.0,1.0,0,0,0,0,0,0,0,0,0,126,126,0
TRI+52ca9b6a+2023-11-14-10h-00m-11s,195,20252535,25947356,,1.0,1.0,1.0,0,0,0,0,0,0,13,0,13,20,20,16
TRI+52ca9b6a+2023-11-14-10h-06m-03s,346,20252535,25947356,,1.0,1.0,1.0,0,0,0,0,0,0,11,0,11,19,19,16
TRI+52ca9b6a+2023-11-14-10h-10m-01s,439,20252535,25947356,,1.0,1.0,1.0,0,0,0,0,0,0,13,0,13,21,14,21
TRI+52ca9b6a+2023-11-14-10h-37m-12s,459,20252535,25947356,,1.0,1.0,0.9891067538126361,0,0,0,0,0,0,0,0,0,119,0,107
TRI+52ca9b6a+2023-11-14-10h-40m-45s,140,20252535,25947356,,1.0,1.0,0.9785714285714285,0,0,0,0,0,0,0,0,0,14,0,14
TRI+52ca9b6a+2023-11-14-10h-44m-07s,176,20252535,25947356,,1.0,1.0,1.0,11,0,11,15,0,15,19,0,19,21,12,21
TRI+52ca9b6a+2023-11-14-10h-44m-59s,255,20252535,25947356,,1.0,1.0,0.9803921568627451,0,0,0,0,0,0,25,0,25,33,0,33
TRI+52ca9b6a+2023-11-14-11h-03m-46s,137,20252535,25947356,,1.0,1.0,0.9416058394160584,0,0,0,0,0,0,16,0,16,23,0,23
TRI+52ca9b6a+2023-11-14-11h-14m-08s,257,20252535,25947356,,1.0,1.0,1.0,0,0,0,0,0,0,0,0,0,0,0,0
TRI+52ca9b6a+2023-11-14-11h-14m-41s,356,20252535,25947356,,1.0,1.0,1.0,0,0,0,0,0,0,0,0,0,9,0,9
TRI+52ca9b6a+2023-11-14-11h-45m-17s,215,20252535,25947356,,1.0,1.0,1.0,0,0,0,0,0,0,0,0,0,0,0,0
TRI+52ca9b6a+2023-11-14-12h-01m-00s,187,20252535,25947356,,1.0,1.0,0.3048128342245989,0,0,0,0,0,0,0,0,0,0,0,0
TRI+52ca9b6a+2023-11-14-13h-28m-07s,218,20252535,25947356,,1.0,1.0,0.6788990825688074,0,0,0,0,0,0,0,0,0,0,0,0
TRI+52ca9b6a+2023-11-14-13h-30m-20s,372,20252535,25947356,,1.0,1.0,1.0,0,0,0,0,0,0,0,0,0,1,0,1
TRI+52ca9b6a+2023-11-14-13h-33m-31s,521,20252535,25947356,,1.0,1.0,1.0,0,0,0,0,0,0,0,0,0,0,0,0
TRI+52ca9b6a+2023-11-14-13h-46m-55s,286,28451778,28813166,,1.0,1.0,1.0,0,0,0,0,0,0,0,0,0,14,14,0
TRI+52ca9b6a+2023-11-14-13h-59m-52s,129,28451778,28813166,,1.0,1.0,1.0,0,0,0,0,0,0,0,0,0,0,0,0
TRI+52ca9b6a+2023-11-14-14h-11m-11s,150,20252535,25947356,,1.0,1.0,1.0,0,0,0,0,0,0,0,0,0,0,0,0
TRI+52ca9b6a+2023-11-14-14h-32m-15s,206,20252535,25947356,,1.0,1.0,1.0,0,0,0,0,0,0,0,0,0,0,0,0
TRI+52ca9b6a+2023-11-14-14h-46m-43s,367,20252535,25947356,,1.0,1.0,0.9536784741144414,0,0,0,0,0,0,0,0,0,0,0,0
TRI+52ca9b6a+2023-11-14-15h-07m-06s,54,20252535,25947356,,1.0,1.0,1.0,0,0,0,0,0,0,0,0,0,0,0,0
TRI+52ca9b6a+2023-11-14-15h-35m-13s,214,20252535,25947356,,1.0,1.0,1.0,0,0,0,0,0,0,0,0,0,0,0,0
TRI+52ca9b6a+2023-11-14-15h-41m-22s,162,20252535,25947356,,1.0,1.0,1.0,0,0,0,0,0,0,0,0,0,0,0,0
TRI+52ca9b6a+2023-11-14-15h-50m-22s,203,28451778,28813166,,1.0,1.0,1.0,0,0,0,0,0,0,0,0,0,0,0,0
TRI+52ca9b6a+2023-11-14-15h-52m-42s,308,20252535,25947356,,1.0,1.0,1.0,0,0,0,0,0,0,0,0,0,0,0,0
TRI+52ca9b6a+2023-11-14-16h-07m-02s,276,28451778,28813166,,1.0,1.0,1.0,0,0,0,0,0,0,0,0,0,0,0,0
TRI+52ca9b6a+2023-11-15-10h-12m-42s,167,20252535,25947356,,1.0,1.0,1.0,0,0,0,0,0,0,0,0,0,0,0,0
TRI+52ca9b6a+2023-11-15-10h-22m-19s,298,20252535,25947356,,1.0,1.0,0.2785234899328859,0,0,0,0,0,0,0,0,0,0,0,0
TRI+52ca9b6a+2023-11-15-10h-57m-40s,402,20252535,25947356,,1.0,1.0,0.48756218905472637,0,0,0,0,0,0,0,0,0,0,0,0
TRI+52ca9b6a+2023-11-15-11h-26m-03s,194,20252535,25947356,,1.0,1.0,1.0,0,0,0,0,0,0,19,19,0,33,33,0
TRI+52ca9b6a+2023-11-15-11h-56m-18s,199,20252535,25947356,,1.0,1.0,0.8040201005025126,0,0,0,0,0,0,76,76,0,90,90,0
TRI+52ca9b6a+2023-11-15-11h-57m-37s,161,20252535,25947356,,1.0,1.0,1.0,25,25,0,41,41,0,44,44,0,50,50,27
TRI+52ca9b6a+2023-11-15-13h-24m-36s,235,20252535,25947356,,1.0,1.0,1.0,17,17,0,23,23,0,41,41,0,48,48,0
TRI+52ca9b6a+2023-11-15-13h-43m-22s,328,20252535,25947356,,1.0,1.0,1.0,0,0,0,0,0,0,0,0,0,0,0,0
TRI+52ca9b6a+2023-11-15-13h-59m-07s,413,20252535,25947356,,1.0,1.0,1.0,0,0,0,0,0,0,0,0,0,22,12,22
TRI+52ca9b6a+2023-11-15-14h-46m-07s,119,20252535,25947356,,1.0,1.0,0.6218487394957983,0,0,0,0,0,0,0,0,0,0,0,0
TRI+52ca9b6a+2023-11-15-14h-54m-55s,227,20252535,25947356,,1.0,1.0,1.0,0,0,0,0,0,0,0,0,0,22,0,22
TRI+52ca9b6a+2023-11-15-14h-57m-24s,160,20252535,25947356,,1.0,1.0,1.0,0,0,0,0,0,0,0,0,0,0,0,0
TRI+52ca9b6a+2023-11-15-15h-35m-02s,293,20252535,25947356,,1.0,1.0,1.0,0,0,0,0,0,0,0,0,0,19,0,19
TRI+52ca9b6a+2023-11-15-16h-06m-45s,539,20252535,25947356,,1.0,1.0,1.0,0,0,0,0,0,0,0,0,0,0,0,0
TRI+52ca9b6a+2023-11-15-17h-07m-58s,364,20252535,25947356,,1.0,1.0,0.28846153846153844,0,0,0,0,0,0,0,0,0,0,0,0
TRI+52ca9b6a+2023-11-15-17h-13m-26s,241,20252535,25947356,,1.0,1.0,1.0,0,0,0,0,0,0,0,0,0,0,0,0
TRI+52ca9b6a+2023-11-15-17h-18m-10s,508,20252535,25947356,,1.0,1.0,0.1673228346456693,0,0,0,0,0,0,0,0,0,466,0,466
TRI+52ca9b6a+2023-11-16-10h-10m-17s,222,20252535,25947356,,1.0,1.0,0.4256410256410256,0,0,0,27,27,0,147,147,0,153,153,0
TRI+52ca9b6a+2023-11-16-10h-24m-50s,279,20252535,25947356,,1.0,1.0,1.0,0,0,0,0,0,0,0,0,0,0,0,0
TRI+52ca9b6a+2023-11-16-10h-35m-38s,233,20252535,25947356,,1.0,1.0,1.0,0,0,0,0,0,0,0,0,0,0,0,0
TRI+52ca9b6a+2023-11-16-10h-37m-41s,137,20252535,25947356,,1.0,1.0,1.0,0,0,0,0,0,0,0,0,0,0,0,0
TRI+52ca9b6a+2023-11-16-10h-49m-21s,280,20252535,25947356,,1.0,1.0,1.0,0,0,0,0,0,0,0,0,0,0,0,0
TRI+52ca9b6a+2023-11-16-10h-50m-06s,574,20252535,25947356,,1.0,1.0,1.0,0,0,0,0,0,0,0,0,0,15,15,0
TRI+52ca9b6a+2023-11-16-11h-33m-56s,186,20252535,25947356,,1.0,1.0,1.0,0,0,0,0,0,0,0,0,0,32,32,21
TRI+52ca9b6a+2023-11-16-11h-51m-26s,180,20252535,25947356,,1.0,1.0,1.0,0,0,0,0,0,0,0,0,0,0,0,0
TRI+52ca9b6a+2023-11-16-14h-18m-05s,325,20252535,25947356,,1.0,1.0,1.0,0,0,0,0,0,0,0,0,0,0,0,0
TRI+52ca9b6a+2023-11-16-14h-20m-16s,559,20252535,25947356,,1.0,1.0,1.0,0,0,0,0,0,0,0,0,0,20,20,0
TRI+52ca9b6a+2023-11-16-14h-22m-10s,588,20252535,25947356,,1.0,1.0,1.0,0,0,0,0,0,0,0,0,0,0,0,0
TRI+52ca9b6a+2023-11-16-14h-23m-02s,474,20252535,25947356,,1.0,1.0,1.0,0,0,0,0,0,0,0,0,0,29,29,0
TRI+52ca9b6a+2023-11-16-15h-49m-18s,238,20252535,25947356,,1.0,1.0,1.0,0,0,0,0,0,0,0,0,0,15,15,0
TRI+52ca9b6a+2023-11-16-16h-04m-29s,836,20252535,25947356,,1.0,1.0,1.0,0,0,0,0,0,0,0,0,0,18,18,0
TRI+52ca9b6a+2023-11-16-16h-06m-05s,383,20252535,25947356,,1.0,1.0,1.0,0,0,0,0,0,0,0,0,0,0,0,0
TRI+52ca9b6a+2023-11-16-16h-20m-43s,385,20252535,25947356,,1.0,1.0,1.0,0,0,0,0,0,0,0,0,0,0,0,0
TRI+52ca9b6a+2023-11-16-16h-26m-41s,465,20252535,25947356,,1.0,1.0,1.0,0,0,0,0,0,0,0,0,0,0,0,0
TRI+52ca9b6a+2023-11-20-10h-15m-56s,538,20252535,25947356,,1.0,1.0,1.0,0,0,0,0,0,0,0,0,0,14,14,0
TRI+52ca9b6a+2023-11-20-10h-48m-29s,183,20252535,25947356,,1.0,1.0,1.0,0,0,0,0,0,0,0,0,0,0,0,0
TRI+52ca9b6a+2023-11-20-10h-50m-00s,192,20252535,25947356,,1.0,1.0,1.0,0,0,0,0,0,0,0,0,0,33,33,0
TRI+52ca9b6a+2023-11-20-11h-38m-09s,147,20252535,25947356,,1.0,1.0,1.0,0,0,0,0,0,0,0,0,0,0,0,0
TRI+52ca9b6a+2023-11-20-13h-24m-50s,258,20252535,25947356,,1.0,1.0,1.0,0,0,0,0,0,0,0,0,0,0,0,0
TRI+52ca9b6a+2023-11-20-13h-28m-25s,477,20252535,25947356,,1.0,1.0,1.0,0,0,0,0,0,0,0,0,0,11,0,11
TRI+52ca9b6a+2023-11-20-13h-49m-19s,524,20252535,25947356,,1.0,1.0,0.7786259541984732,0,0,0,0,0,0,0,0,0,0,0,0
TRI+52ca9b6a+2023-11-20-13h-51m-06s,373,20252535,25947356,,1.0,1.0,1.0,0,0,0,0,0,0,0,0,0,0,0,0
TRI+52ca9b6a+2023-11-20-14h-26m-05s,249,20252535,25947356,,1.0,1.0,1.0,0,0,0,0,0,0,0,0,0,0,0,0
TRI+52ca9b6a+2023-11-20-14h-32m-39s,365,20252535,25947356,,1.0,1.0,1.0,0,0,0,0,0,0,0,0,0,0,0,0
TRI+52ca9b6a+2023-11-20-14h-46m-30s,521,20252535,25947356,,1.0,1.0,1.0,0,0,0,0,0,0,0,0,0,0,0,0
TRI+52ca9b6a+2023-11-21-10h-19m-15s,269,20252535,25947356,,1.0,1.0,1.0,0,0,0,0,0,0,0,0,0,0,0,0
TRI+52ca9b6a+2023-11-21-10h-31m-52s,260,20252535,25947356,,1.0,1.0,1.0,0,0,0,0,0,0,0,0,0,0,0,0
TRI+52ca9b6a+2023-11-21-13h-40m-57s,158,20252535,25947356,,1.0,1.0,1.0,0,0,0,0,0,0,20,20,0,24,24,0
TRI+52ca9b6a+2023-11-21-13h-45m-36s,204,20252535,25947356,,1.0,1.0,1.0,24,24,0,28,28,0,31,31,0,36,36,0
TRI+52ca9b6a+2023-11-21-13h-59m-19s,359,20252535,25947356,,1.0,1.0,1.0,0,0,0,0,0,0,0,0,0,21,21,0
TRI+52ca9b6a+2023-11-21-14h-04m-37s,193,20252535,25947356,,1.0,1.0,1.0,25,25,0,30,30,0,37,37,0,45,45,0
TRI+52ca9b6a+2023-11-27-10h-50m-43s,385,20252535,25947356,,1.0,1.0,1.0,0,0,0,16,15,16,20,18,20,23,21,23
TRI+52ca9b6a+2023-11-27-11h-37m-47s,202,20252535,25947356,,1.0,1.0,0.9482758620689655,0,0,0,28,0,28,50,0,50,58,0,58
TRI+52ca9b6a+2023-11-27-11h-41m-29s,229,20252535,25947356,,1.0,1.0,0.6200873362445415,0,0,0,0,0,0,0,0,0,0,0,0
TRI+52ca9b6a+2023-11-27-13h-23m-58s,275,20252535,25947356,,1.0,1.0,0.43272727272727274,0,0,0,0,0,0,0,0,0,0,0,0
TRI+52ca9b6a+2023-11-27-13h-47m-14s,244,20252535,25947356,,1.0,1.0,1.0,0,0,0,0,0,0,19,19,0,45,45,0
TRI+52ca9b6a+2023-11-27-14h-19m-34s,288,28451778,28813166,,1.0,1.0,0.53125,0,0,0,0,0,0,0,0,0,0,0,0
TRI+52ca9b6a+2023-11-27-14h-21m-07s,311,28451778,28813166,,1.0,1.0,0.6463022508038585,0,0,0,0,0,0,0,0,0,0,0,0
TRI+52ca9b6a+2023-11-27-14h-37m-27s,201,20252535,25947356,,1.0,1.0,1.0,0,0,0,0,0,0,0,0,0,0,0,0
TRI+52ca9b6a+2023-11-27-15h-01m-50s,474,20252535,25947356,,1.0,1.0,0.8818565400843882,0,0,0,0,0,0,0,0,0,0,0,0
TRI+52ca9b6a+2023-11-27-15h-02m-45s,283,20252535,25947356,,1.0,1.0,1.0,0,0,0,0,0,0,0,0,0,0,0,0
TRI+52ca9b6a+2023-11-27-15h-07m-12s,194,20252535,25947356,,1.0,1.0,1.0,0,0,0,0,0,0,0,0,0,0,0,0
TRI+52ca9b6a+2023-11-27-15h-09m-01s,227,20252535,25947356,,1.0,1.0,1.0,0,0,0,0,0,0,0,0,0,0,0,0
TRI+52ca9b6a+2023-11-27-15h-09m-37s,268,20252535,25947356,,1.0,1.0,1.0,0,0,0,0,0,0,0,0,0,0,0,0
TRI+52ca9b6a+2023-11-27-15h-11m-34s,643,20252535,25947356,,1.0,1.0,1.0,0,0,0,0,0,0,0,0,0,0,0,0
TRI+52ca9b6a+2023-11-27-15h-24m-48s,270,20252535,25947356,,1.0,1.0,0.6851851851851852,0,0,0,0,0,0,0,0,0,0,0,0
TRI+52ca9b6a+2023-11-27-15h-39m-44s,190,20252535,25947356,,1.0,1.0,1.0,0,0,0,0,0,0,0,0,0,0,0,0
TRI+52ca9b6a+2023-11-27-15h-42m-30s,202,20252535,25947356,,1.0,1.0,1.0,0,0,0,0,0,0,0,0,0,0,0,0
TRI+52ca9b6a+2023-11-27-15h-45m-37s,306,20252535,25947356,,1.0,1.0,0.6405228758169934,0,0,0,0,0,0,0,0,0,0,0,0
TRI+52ca9b6a+2023-11-27-15h-57m-35s,289,20252535,25947356,,1.0,1.0,1.0,0,0,0,0,0,0,0,0,0,0,0,0
TRI+52ca9b6a+2023-11-27-16h-28m-10s,236,20252535,25947356,,1.0,1.0,0.4110169491525424,0,0,0,0,0,0,0,0,0,0,0,0
TRI+52ca9b6a+2023-11-27-16h-35m-52s,163,20252535,25947356,,1.0,1.0,1.0,0,0,0,0,0,0,0,0,0,0,0,0
TRI+52ca9b6a+2023-11-28-14h-01m-22s,458,20252535,25947356,,1.0,1.0,1.0,0,0,0,0,0,0,0,0,0,0,0,0
TRI+52ca9b6a+2023-11-28-14h-13m-41s,188,20252535,25947356,,1.0,1.0,1.0,0,0,0,0,0,0,0,0,0,0,0,0
TRI+52ca9b6a+2023-11-28-14h-17m-08s,468,20252535,25947356,,1.0,1.0,1.0,0,0,0,0,0,0,0,0,0,16,16,0
TRI+52ca9b6a+2023-11-28-14h-48m-11s,408,20252535,25947356,,1.0,1.0,1.0,0,0,0,0,0,0,25,25,0,30,30,0
TRI+52ca9b6a+2023-11-28-16h-27m-42s,304,20252535,25947356,,1.0,1.0,0.4934210526315789,0,0,0,0,0,0,0,0,0,0,0,0
TRI+52ca9b6a+2023-11-28-16h-49m-12s,255,20252535,25947356,,1.0,1.0,0.19215686274509805,0,0,0,0,0,0,0,0,0,0,0,0
TRI+52ca9b6a+2023-11-28-16h-51m-05s,235,20252535,25947356,,1.0,1.0,0.13617021276595745,0,0,0,0,0,0,0,0,0,0,0,0
TRI+52ca9b6a+2023-11-28-17h-23m-39s,271,20252535,25947356,,1.0,1.0,0.6282051282051282,22,22,0,37,37,0,41,41,0,52,52,19
TRI+52ca9b6a+2023-11-28-17h-27m-04s,587,20252535,25947356,,1.0,1.0,1.0,9,9,0,11,11,0,13,13,0,16,16,0
TRI+52ca9b6a+2023-11-28-17h-48m-01s,168,20252535,25947356,,0.3888888888888889,1.0,0.0,0,0,0,-1,-1,0,-1,-1,0,-1,-1,0
TRI+52ca9b6a+2023-11-28-17h-51m-50s,239,20252535,25947356,,0.2222222222222222,1.0,0.0,-1,-1,0,-1,-1,0,-1,-1,0,-1,-1,14
TRI+52ca9b6a+2023-11-28-18h-03m-23s,216,20252535,25947356,,0.07407407407407407,1.0,0.0,-1,-1,0,-1,-1,0,-1,-1,0,-1,-1,16
TRI+52ca9b6a+2023-11-28-18h-17m-19s,133,20252535,25947356,,1.0,1.0,1.0,0,0,0,0,0,0,0,0,0,0,0,0
TRI+52ca9b6a+2023-11-29-10h-10m-54s,241,20252535,25947356,,1.0,1.0,1.0,0,0,0,0,0,0,0,0,0,41,41,33
TRI+52ca9b6a+2023-11-29-10h-24m-34s,136,20252535,25947356,,1.0,1.0,1.0,0,0,0,0,0,0,0,0,0,12,12,0
TRI+52ca9b6a+2023-11-29-10h-58m-18s,448,20252535,25947356,,1.0,1.0,0.8102678571428571,0,0,0,0,0,0,0,0,0,20,20,0
TRI+52ca9b6a+2023-11-29-11h-00m-01s,478,20252535,25947356,,1.0,1.0,0.9707112970711297,0,0,0,0,0,0,0,0,0,0,0,0
TRI+52ca9b6a+2023-11-29-11h-21m-20s,169,20252535,25947356,,1.0,1.0,0.863905325443787,0,0,0,0,0,0,0,0,0,0,0,0
TRI+52ca9b6a+2023-11-29-14h-17m-17s,251,28451778,28813166,,1.0,1.0,1.0,0,0,0,0,0,0,49,0,49,54,0,54
TRI+52ca9b6a+2023-11-29-14h-23m-58s,501,28451778,28813166,,1.0,1.0,1.0,17,0,17,20,13,20,24,17,24,28,21,28
TRI+52ca9b6a+2023-11-29-14h-25m-05s,158,20252535,25947356,,1.0,0.9629629629629629,0.5818181818181818,98,0,98,103,0,103,136,0,136,-1,48,-1
TRI+52ca9b6a+2023-11-29-14h-25m-50s,186,28451778,28813166,,1.0,1.0,1.0,17,0,17,23,0,23,30,0,30,34,0,34
TRI+52ca9b6a+2023-11-29-14h-26m-25s,350,20252535,25947356,,1.0,1.0,0.47533632286995514,56,17,0,127,19,127,241,24,241,335,46,335
TRI+52ca9b6a+2023-11-29-14h-39m-21s,129,20252535,25947356,,1.0,1.0,1.0,20,19,10,25,22,25,37,24,37,42,42,40
TRI+52ca9b6a+2023-11-29-14h-45m-22s,164,20252535,25947356,,1.0,1.0,1.0,71,55,71,75,57,75,79,71,79,83,77,83
TRI+52ca9b6a+2023-11-29-14h-46m-55s,484,20252535,25947356,,1.0,1.0,0.7381489841986456,37,25,37,41,34,41,53,39,53,58,44,58
TRI+52ca9b6a+2023-11-29-15h-04m-43s,204,20252535,25947356,,1.0,1.0,0.37662337662337664,46,0,46,50,42,50,66,45,66,74,65,74
TRI+52ca9b6a+2023-11-29-15h-05m-33s,241,20252535,25947356,,0.8333333333333334,1.0,0.6608187134502924,52,52,1,70,70,48,131,131,63,-1,-1,111
TRI+52ca9b6a+2023-11-29-16h-48m-46s,168,20252535,25947356,,1.0,1.0,0.8805970149253731,14,14,0,34,20,34,38,34,38,52,38,52
TRI+52ca9b6a+2023-11-29-16h-50m-01s,130,20252535,25947356,,1.0,1.0,1.0,23,22,23,29,25,29,39,29,39,42,41,42
TRI+52ca9b6a+2023-11-29-16h-54m-37s,554,20252535,25947356,,1.0,1.0,0.8029045643153527,68,28,68,72,33,72,76,39,76,104,53,104
TRI+52ca9b6a+2023-11-29-16h-55m-40s,189,20252535,25947356,,1.0,0.8888888888888888,0.32,21,19,21,39,21,39,54,36,54,-1,130,-1
TRI+52ca9b6a+2023-11-29-17h-22m-10s,142,20252535,25947356,,1.0,1.0,0.33962264150943394,23,23,15,36,24,36,41,27,41,48,36,48
TRI+52ca9b6a+2023-11-30-10h-46m-37s,304,20252535,25947356,,1.0,1.0,1.0,0,0,0,0,0,0,0,0,0,19,0,19
TRI+52ca9b6a+2023-11-30-10h-49m-53s,134,20252535,25947356,,1.0,1.0,1.0,0,0,0,0,0,0,0,0,0,0,0,0
TRI+52ca9b6a+2023-11-30-11h-13m-41s,382,20252535,25947356,,1.0,1.0,1.0,0,0,0,0,0,0,0,0,0,0,0,0
TRI+52ca9b6a+2023-11-30-11h-14m-36s,159,20252535,25947356,,1.0,1.0,1.0,0,0,0,0,0,0,0,0,0,0,0,0
TRI+52ca9b6a+2023-11-30-11h-23m-16s,289,20252535,25947356,,1.0,1.0,1.0,0,0,0,0,0,0,0,0,0,11,11,0
TRI+52ca9b6a+2023-11-30-13h-28m-15s,173,20252535,25947356,,1.0,1.0,1.0,0,0,0,0,0,0,0,0,0,0,0,0
TRI+52ca9b6a+2023-11-30-14h-13m-17s,518,20252535,25947356,,1.0,1.0,1.0,19,14,19,21,18,21,25,23,25,30,26,30
TRI+52ca9b6a+2023-11-30-14h-42m-48s,370,20252535,25947356,,1.0,1.0,1.0,0,0,0,18,18,18,24,22,24,29,25,29
TRI+52ca9b6a+2023-11-30-15h-14m-56s,462,20252535,25947356,,1.0,1.0,1.0,0,0,0,0,0,0,0,0,0,11,0,11
TRI+52ca9b6a+2023-11-30-16h-32m-55s,411,20252535,25947356,,1.0,1.0,1.0,0,0,0,13,0,13,19,0,19,24,0,24
TRI+52ca9b6a+2023-11-30-17h-04m-35s,229,20252535,25947356,,1.0,1.0,1.0,10,0,10,14,0,14,18,0,18,23,0,23
TRI+52ca9b6a+2023-11-30-17h-09m-24s,137,20252535,25947356,,1.0,1.0,0.8907563025210085,0,0,0,18,0,18,24,0,24,64,11,64
TRI+52ca9b6a+2023-12-04-10h-35m-01s,490,20252535,25947356,,1.0,1.0,0.9474835886214442,26,26,0,33,33,24,82,82,30,87,87,76
TRI+52ca9b6a+2023-12-04-10h-43m-15s,202,28451778,28813166,,1.0,1.0,0.9444444444444444,53,0,53,58,0,58,90,52,90,152,60,152
TRI+52ca9b6a+2023-12-04-10h-52m-48s,234,28451778,28813166,,1.0,1.0,0.41545893719806765,21,0,21,27,0,27,41,20,41,192,44,192
TRI+52ca9b6a+2023-12-04-10h-56m-27s,457,20252535,25947356,,1.0,1.0,0.9584245076586433,0,0,0,0,0,0,0,0,0,25,25,0
TRI+52ca9b6a+2023-12-04-10h-57m-15s,180,28451778,28813166,,1.0,1.0,1.0,0,0,0,21,0,21,27,0,27,31,0,31
TRI+52ca9b6a+2023-12-04-11h-00m-17s,279,28451778,28813166,,1.0,1.0,1.0,30,18,30,33,24,33,35,28,35,40,33,40
TRI+52ca9b6a+2023-12-04-11h-14m-34s,383,20252535,25947356,,1.0,1.0,0.9869451697127938,0,0,0,0,0,0,0,0,0,40,40,23
TRI+52ca9b6a+2023-12-04-11h-14m-44s,188,28451778,28813166,,1.0,0.5370370370370371,0.0379746835443038,0,0,0,30,0,30,-1,0,-1,-1,0,-1
TRI+52ca9b6a+2023-12-04-11h-35m-49s,317,20252535,25947356,,1.0,1.0,1.0,0,0,0,0,0,0,15,15,0,25,25,12
TRI+52ca9b6a+2023-12-04-11h-47m-04s,149,28451778,28813166,,1.0,1.0,1.0,0,0,0,0,0,0,0,0,0,7,7,0
TRI+52ca9b6a+2023-12-04-11h-52m-52s,265,28451778,28813166,,1.0,1.0,1.0,0,0,0,0,0,0,0,0,0,0,0,0
TRI+52ca9b6a+2023-12-04-13h-15m-16s,557,20252535,25947356,,1.0,1.0,1.0,0,0,0,0,0,0,0,0,0,17,17,0
TRI+52ca9b6a+2023-12-04-13h-29m-39s,280,20252535,25947356,,1.0,1.0,1.0,0,0,0,0,0,0,0,0,0,37,0,37
TRI+52ca9b6a+2023-12-04-13h-30m-11s,169,20252535,25947356,,1.0,1.0,0.17159763313609466,0,0,0,0,0,0,0,0,0,0,0,0
TRI+52ca9b6a+2023-12-04-13h-30m-56s,235,28451778,28813166,,1.0,1.0,1.0,0,0,0,0,0,0,0,0,0,16,16,0
TRI+52ca9b6a+2023-12-04-13h-43m-16s,224,28451778,28813166,,1.0,1.0,1.0,0,0,0,0,0,0,21,21,0,35,35,0
TRI+52ca9b6a+2023-12-04-13h-49m-09s,186,28451778,28813166,,1.0,1.0,1.0,0,0,0,0,0,0,0,0,0,20,20,0
TRI+52ca9b6a+2023-12-04-14h-08m-26s,625,20252535,25947356,,1.0,1.0,1.0,0,0,0,0,0,0,0,0,0,40,0,40
TRI+52ca9b6a+2023-12-04-14h-19m-03s,627,28451778,28813166,,1.0,1.0,1.0,0,0,0,13,13,0,21,21,0,25,25,14
TRI+52ca9b6a+2023-12-04-14h-30m-05s,544,28451778,28813166,,1.0,1.0,1.0,15,15,0,18,18,0,22,22,17,25,25,21
TRI+52ca9b6a+2023-12-04-14h-30m-52s,531,28451778,28813166,,1.0,1.0,1.0,0,0,0,0,0,0,0,0,0,10,10,0
TRI+52ca9b6a+2023-12-04-15h-51m-40s,223,28451778,28813166,,1.0,1.0,1.0,0,0,0,0,0,0,0,0,0,12,12,0
TRI+52ca9b6a+2023-12-04-16h-12m-00s,369,28451778,28813166,,1.0,1.0,1.0,0,0,0,0,0,0,0,0,0,14,14,0
TRI+52ca9b6a+2023-12-04-16h-29m-10s,232,28451778,28813166,,1.0,1.0,1.0,0,0,0,0,0,0,11,11,0,15,15,13
TRI+52ca9b6a+2023-12-04-16h-36m-11s,180,28451778,28813166,,1.0,1.0,1.0,0,0,0,0,0,0,0,0,0,15,15,0
TRI+52ca9b6a+2023-12-04-17h-10m-11s,485,20252535,25947356,,1.0,1.0,0.8669527896995708,0,0,0,19,0,19,25,0,25,29,0,29
TRI+52ca9b6a+2023-12-04-17h-56m-11s,230,28451778,28813166,,0.9444444444444444,1.0,0.5130434782608696,0,0,0,0,0,0,27,27,0,-1,-1,0
TRI+52ca9b6a+2023-12-05-10h-44m-25s,196,20252535,25947356,,1.0,1.0,0.9846938775510204,0,0,0,0,0,0,0,0,0,61,0,61
TRI+52ca9b6a+2023-12-05-10h-48m-00s,328,20252535,25947356,,1.0,1.0,0.9878048780487805,0,0,0,0,0,0,26,0,26,44,0,44
TRI+52ca9b6a+2023-12-05-11h-32m-18s,424,20252535,25947356,,1.0,1.0,0.7955112219451371,0,0,0,23,0,23,30,0,30,65,0,65
TRI+52ca9b6a+2023-12-05-15h-12m-52s,214,20252535,25947356,,1.0,1.0,1.0,0,0,0,0,0,0,0,0,0,0,0,0
TRI+52ca9b6a+2023-12-05-15h-26m-04s,202,28451778,28813166,,1.0,1.0,0.7105263157894737,10,10,0,12,12,0,15,15,0,17,17,10
TRI+52ca9b6a+2023-12-05-15h-46m-04s,231,20252535,25947356,,1.0,1.0,1.0,0,0,0,0,0,0,0,0,0,0,0,0
TRI+52ca9b6a+2023-12-05-16h-09m-30s,408,28451778,28813166,,1.0,1.0,1.0,21,21,0,25,25,0,55,55,0,66,66,0
TRI+52ca9b6a+2023-12-05-16h-22m-37s,111,20252535,25947356,,1.0,1.0,1.0,0,0,0,0,0,0,0,0,0,0,0,0
TRI+52ca9b6a+2023-12-05-16h-29m-09s,484,28451778,28813166,,1.0,1.0,1.0,24,24,0,31,31,0,61,61,14,67,67,18
TRI+52ca9b6a+2023-12-05-16h-29m-55s,331,28451778,28813166,,1.0,1.0,0.9934426229508196,18,18,0,26,26,0,63,63,0,72,72,18
TRI+52ca9b6a+2023-12-05-16h-30m-12s,161,20252535,25947356,,1.0,1.0,1.0,0,0,0,0,0,0,0,0,0,0,0,0
TRI+52ca9b6a+2023-12-05-16h-32m-11s,311,28451778,28813166,,1.0,1.0,1.0,33,33,0,39,39,0,56,56,0,80,80,0
TRI+52ca9b6a+2023-12-05-17h-02m-07s,202,28451778,28813166,,1.0,1.0,0.5116279069767442,27,27,0,30,30,0,43,43,0,49,49,10
TRI+52ca9b6a+2023-12-05-17h-34m-55s,398,20252535,25947356,,1.0,1.0,1.0,0,0,0,0,0,0,0,0,0,0,0,0
TRI+52ca9b6a+2023-12-06-13h-58m-14s,90,28451778,28813166,,1.0,1.0,1.0,0,0,0,0,0,0,0,0,0,0,0,0
TRI+52ca9b6a+2023-12-06-14h-05m-02s,184,28451778,28813166,,1.0,1.0,1.0,0,0,0,0,0,0,0,0,0,0,0,0
TRI+52ca9b6a+2023-12-06-14h-30m-47s,339,28451778,28813166,,1.0,1.0,0.46607669616519176,0,0,0,0,0,0,0,0,0,0,0,0
TRI+52ca9b6a+2023-12-06-14h-36m-11s,254,28451778,28813166,,1.0,1.0,0.41338582677165353,0,0,0,0,0,0,0,0,0,0,0,0
TRI+52ca9b6a+2023-12-06-15h-48m-45s,477,28451778,28813166,,1.0,1.0,0.12159329140461216,0,0,0,0,0,0,0,0,0,0,0,0
TRI+52ca9b6a+2023-12-06-16h-23m-38s,187,20252535,25947356,,1.0,1.0,1.0,0,0,0,0,0,0,18,0,18,26,16,23
TRI+52ca9b6a+2023-12-06-16h-29m-23s,196,20252535,25947356,,1.0,1.0,1.0,0,0,0,0,0,0,16,0,16,20,15,20
TRI+52ca9b6a+2023-12-06-16h-34m-40s,159,20252535,25947356,,1.0,1.0,0.9371069182389937,0,0,0,0,0,0,29,0,29,41,29,41
TRI+52ca9b6a+2023-12-06-16h-35m-01s,568,28451778,28813166,,1.0,1.0,0.7869718309859155,0,0,0,0,0,0,0,0,0,17,0,17
TRI+52ca9b6a+2023-12-06-17h-15m-11s,354,20252535,25947356,,1.0,1.0,0.9293785310734464,0,0,0,0,0,0,0,0,0,3,0,3
TRI+52ca9b6a+2023-12-06-17h-17m-23s,204,28451778,28813166,,1.0,1.0,1.0,0,0,0,0,0,0,0,0,0,0,0,0
TRI+52ca9b6a+2023-12-07-11h-06m-13s,395,20252535,25947356,,1.0,1.0,0.9493670886075949,0,0,0,0,0,0,0,0,0,0,0,0
TRI+52ca9b6a+2023-12-07-11h-09m-02s,464,20252535,25947356,,1.0,1.0,1.0,0,0,0,0,0,0,14,0,14,17,0,17
TRI+52ca9b6a+2023-12-07-11h-21m-20s,213,20252535,25947356,,1.0,1.0,0.8356807511737089,0,0,0,0,0,0,0,0,0,0,0,0
TRI+52ca9b6a+2023-12-07-11h-29m-34s,162,28451778,28813166,,1.0,1.0,1.0,0,0,0,0,0,0,0,0,0,0,0,0
TRI+52ca9b6a+2023-12-07-12h-11m-13s,202,20252535,25947356,,1.0,1.0,0.9851485148514851,0,0,0,0,0,0,28,0,28,34,0,34
TRI+52ca9b6a+2023-12-07-13h-20m-49s,228,20252535,25947356,,1.0,1.0,1.0,0,0,0,0,0,0,0,0,0,23,0,23
TRI+52ca9b6a+2023-12-07-15h-09m-32s,286,20252535,25947356,,1.0,1.0,1.0,0,0,0,0,0,0,92,0,92,96,0,96
TRI+52ca9b6a+2023-12-07-15h-37m-36s,355,20252535,25947356,,1.0,1.0,1.0,0,0,0,26,0,26,52,0,52,66,0,66
TRI+52ca9b6a+2023-12-07-15h-37m-40s,160,28451778,28813166,,1.0,1.0,0.9375,0,0,0,0,0,0,0,0,0,0,0,0
TRI+52ca9b6a+2023-12-07-15h-38m-10s,285,20252535,25947356,,1.0,1.0,1.0,0,0,0,0,0,0,2,0,2,20,0,20
TRI+52ca9b6a+2023-12-07-16h-00m-04s,546,20252535,25947356,,1.0,1.0,1.0,0,0,0,0,0,0,21,0,21,24,0,24
TRI+52ca9b6a+2023-12-07-16h-55m-57s,156,20252535,25947356,,1.0,1.0,1.0,0,0,0,0,0,0,23,0,23,27,0,27
TRI+52ca9b6a+2023-12-07-17h-01m-04s,165,20252535,25947356,,1.0,1.0,1.0,0,0,0,0,0,0,0,0,0,26,0,26
TRI+52ca9b6a+2023-12-07-17h-23m-18s,272,28451778,28813166,,1.0,1.0,1.0,0,0,0,0,0,0,15,0,15,19,0,19
TRI+52ca9b6a+2023-12-07-17h-26m-20s,148,28451778,28813166,,1.0,1.0,1.0,0,0,0,0,0,0,0,0,0,0,0,0
TRI+52ca9b6a+2023-12-07-17h-33m-13s,129,20252535,25947356,,1.0,1.0,1.0,0,0,0,0,0,0,20,0,20,24,0,24
TRI+52ca9b6a+2023-12-07-17h-39m-47s,343,20252535,25947356,,1.0,1.0,1.0,0,0,0,0,0,0,0,0,0,20,0,20
TRI+52ca9b6a+2023-12-11-10h-47m-20s,178,20252535,25947356,,1.0,1.0,1.0,0,0,0,0,0,0,14,14,13,19,19,17
TRI+52ca9b6a+2023-12-11-10h-58m-41s,612,28451778,28813166,,1.0,1.0,0.946078431372549,0,0,0,0,0,0,0,0,0,20,20,0
TRI+52ca9b6a+2023-12-11-11h-01m-33s,223,20252535,25947356,,1.0,1.0,1.0,0,0,0,15,15,0,18,18,17,22,22,20
TRI+52ca9b6a+2023-12-11-11h-07m-18s,199,28451778,28813166,,1.0,1.0,1.0,0,0,0,0,0,0,0,0,0,0,0,0
TRI+52ca9b6a+2023-12-11-11h-14m-10s,202,20252535,25947356,,1.0,1.0,1.0,0,0,0,0,0,0,0,0,0,7,7,0
TRI+52ca9b6a+2023-12-11-11h-41m-20s,162,28451778,28813166,,1.0,1.0,1.0,0,0,0,0,0,0,0,0,0,0,0,0
TRI+52ca9b6a+2023-12-11-11h-42m-44s,166,28451778,28813166,,1.0,1.0,1.0,0,0,0,0,0,0,0,0,0,0,0,0
TRI+52ca9b6a+2023-12-11-11h-51m-20s,132,20252535,25947356,,1.0,1.0,1.0,0,0,0,0,0,0,0,0,0,0,0,0
TRI+52ca9b6a+2023-12-11-11h-52m-46s,193,28451778,28813166,,1.0,1.0,0.8756476683937824,0,0,0,0,0,0,0,0,0,35,35,0
TRI+52ca9b6a+2023-12-11-17h-25m-44s,191,20252535,25947356,,1.0,1.0,1.0,0,0,0,0,0,0,0,0,0,23,23,23
TRI+52ca9b6a+2023-12-12-10h-40m-22s,189,28451778,28813166,,1.0,1.0,1.0,0,0,0,0,0,0,0,0,0,0,0,0
TRI+52ca9b6a+2023-12-12-11h-01m-36s,606,28451778,28813166,,1.0,1.0,0.995049504950495,0,0,0,0,0,0,0,0,0,72,0,72
TRI+52ca9b6a+2023-12-12-11h-27m-24s,477,20252535,25947356,,1.0,1.0,0.7631027253668763,0,0,0,0,0,0,0,0,0,180,0,180
TRI+52ca9b6a+2023-12-12-13h-44m-43s,219,20252535,25947356,,1.0,1.0,1.0,0,0,0,0,0,0,0,0,0,0,0,0
TRI+52ca9b6a+2023-12-12-13h-48m-19s,235,20252535,25947356,,1.0,1.0,0.5319148936170213,0,0,0,0,0,0,0,0,0,0,0,0
TRI+52ca9b6a+2023-12-12-14h-03m-06s,163,20252535,25947356,,1.0,1.0,0.17177914110429449,0,0,0,0,0,0,0,0,0,0,0,0
TRI+52ca9b6a+2023-12-12-15h-41m-54s,189,20252535,25947356,,1.0,1.0,1.0,0,0,0,0,0,0,0,0,0,0,0,0
TRI+52ca9b6a+2023-12-12-16h-14m-27s,361,28451778,28813166,,1.0,1.0,1.0,0,0,0,0,0,0,0,0,0,13,0,13
TRI+52ca9b6a+2023-12-12-17h-02m-55s,166,28451778,28813166,,1.0,1.0,1.0,0,0,0,0,0,0,0,0,0,0,0,0
TRI+52ca9b6a+2023-12-12-17h-03m-14s,227,28451778,28813166,,1.0,1.0,1.0,0,0,0,0,0,0,0,0,0,0,0,0
TRI+52ca9b6a+2023-12-12-17h-05m-04s,392,28451778,28813166,,1.0,1.0,1.0,0,0,0,0,0,0,0,0,0,0,0,0
TRI+52ca9b6a+2023-12-12-17h-05m-54s,298,28451778,28813166,,1.0,1.0,1.0,0,0,0,0,0,0,18,0,18,24,0,24
TRI+52ca9b6a+2023-12-12-17h-07m-52s,338,20252535,25947356,,1.0,1.0,1.0,0,0,0,0,0,0,0,0,0,0,0,0
TRI+52ca9b6a+2023-12-13-11h-40m-04s,140,20252535,25947356,,1.0,1.0,1.0,0,0,0,0,0,0,0,0,0,0,0,0
TRI+52ca9b6a+2023-12-13-11h-42m-06s,220,20252535,25947356,,1.0,1.0,1.0,0,0,0,0,0,0,0,0,0,0,0,0
TRI+52ca9b6a+2023-12-13-11h-50m-24s,272,20252535,25947356,,1.0,1.0,0.7022058823529411,0,0,0,0,0,0,0,0,0,131,131,0
TRI+52ca9b6a+2023-12-13-11h-54m-21s,412,20252535,25947356,,1.0,1.0,0.9927184466019418,0,0,0,0,0,0,0,0,0,7,7,0
TRI+52ca9b6a+2023-12-13-11h-57m-18s,166,28451778,28813166,,1.0,1.0,1.0,0,0,0,0,0,0,0,0,0,0,0,0
TRI+52ca9b6a+2023-12-13-13h-46m-32s,498,20252535,25947356,,1.0,1.0,1.0,0,0,0,0,0,0,0,0,0,0,0,0
TRI+52ca9b6a+2023-12-13-13h-58m-47s,617,20252535,25947356,,1.0,1.0,1.0,0,0,0,0,0,0,0,0,0,0,0,0
TRI+52ca9b6a+2023-12-13-14h-01m-29s,245,28451778,28813166,,1.0,1.0,0.44081632653061226,0,0,0,0,0,0,0,0,0,17,17,0
TRI+52ca9b6a+2023-12-13-14h-36m-13s,533,28451778,28813166,,1.0,1.0,0.1726078799249531,0,0,0,0,0,0,13,12,13,93,16,93
TRI+52ca9b6a+2023-12-13-15h-26m-59s,171,28451778,28813166,,1.0,1.0,1.0,0,0,0,0,0,0,0,0,0,0,0,0
TRI+52ca9b6a+2023-12-13-15h-27m-08s,228,20252535,25947356,,1.0,1.0,1.0,0,0,0,0,0,0,0,0,0,0,0,0
TRI+52ca9b6a+2023-12-13-15h-27m-27s,229,28451778,28813166,,1.0,1.0,1.0,0,0,0,0,0,0,0,0,0,11,11,0
TRI+52ca9b6a+2023-12-13-15h-33m-55s,421,20252535,25947356,,1.0,1.0,1.0,0,0,0,0,0,0,0,0,0,0,0,0
TRI+52ca9b6a+2023-12-13-15h-41m-32s,171,20252535,25947356,,1.0,1.0,1.0,0,0,0,0,0,0,0,0,0,0,0,0
TRI+52ca9b6a+2023-12-13-15h-45m-45s,613,28451778,28813166,,1.0,1.0,1.0,0,0,0,0,0,0,0,0,0,0,0,0
TRI+52ca9b6a+2023-12-13-15h-53m-12s,517,28451778,28813166,,1.0,1.0,1.0,0,0,0,0,0,0,0,0,0,9,9,0
TRI+52ca9b6a+2023-12-13-16h-18m-32s,227,28451778,28813166,,1.0,1.0,1.0,0,0,0,0,0,0,0,0,0,0,0,0
TRI+52ca9b6a+2023-12-13-16h-28m-08s,155,20252535,25947356,,1.0,1.0,1.0,0,0,0,0,0,0,0,0,0,0,0,0
TRI+52ca9b6a+2023-12-13-16h-42m-08s,257,20252535,25947356,,1.0,1.0,1.0,0,0,0,0,0,0,0,0,0,0,0,0
TRI+52ca9b6a+2023-12-13-16h-50m-17s,126,20252535,25947356,,1.0,1.0,1.0,0,0,0,0,0,0,0,0,0,0,0,0
TRI+52ca9b6a+2023-12-13-17h-09m-31s,173,20252535,25947356,,1.0,1.0,1.0,0,0,0,0,0,0,0,0,0,0,0,0
TRI+52ca9b6a+2024-01-02-10h-50m-22s,218,20252535,25947356,,1.0,1.0,1.0,0,0,0,10,0,10,14,9,14,17,13,17
TRI+52ca9b6a+2024-01-02-10h-53m-50s,242,20252535,25947356,,1.0,1.0,1.0,0,0,0,0,0,0,0,0,0,0,0,0
TRI+52ca9b6a+2024-01-02-11h-12m-13s,187,28451778,28813166,,1.0,1.0,1.0,0,0,0,0,0,0,0,0,0,0,0,0
TRI+52ca9b6a+2024-01-02-11h-29m-36s,350,28451778,28813166,,1.0,1.0,0.8657142857142858,0,0,0,0,0,0,0,0,0,0,0,0
TRI+52ca9b6a+2024-01-02-11h-30m-10s,325,28451778,28813166,,1.0,1.0,1.0,0,0,0,0,0,0,0,0,0,16,16,0
TRI+52ca9b6a+2024-01-02-11h-51m-36s,369,28451778,28813166,,1.0,1.0,1.0,0,0,0,0,0,0,0,0,0,0,0,0
TRI+52ca9b6a+2024-01-02-11h-53m-56s,321,20252535,25947356,,1.0,1.0,1.0,0,0,0,0,0,0,0,0,0,0,0,0
TRI+52ca9b6a+2024-01-02-11h-54m-36s,149,28451778,28813166,,1.0,1.0,1.0,0,0,0,0,0,0,0,0,0,0,0,0
TRI+52ca9b6a+2024-01-02-12h-23m-25s,496,20252535,25947356,,1.0,1.0,1.0,0,0,0,0,0,0,0,0,0,27,0,27
TRI+52ca9b6a+2024-01-02-12h-31m-39s,203,28451778,28813166,,1.0,1.0,1.0,0,0,0,0,0,0,0,0,0,0,0,0
TRI+52ca9b6a+2024-01-02-13h-16m-28s,247,20252535,25947356,,1.0,1.0,1.0,0,0,0,0,0,0,0,0,0,0,0,0
TRI+52ca9b6a+2024-01-02-13h-18m-08s,206,20252535,25947356,,1.0,1.0,0.941747572815534,0,0,0,0,0,0,25,0,25,31,0,31
TRI+52ca9b6a+2024-01-02-13h-34m-47s,176,28451778,28813166,,0.037037037037037035,1.0,0.0,-1,-1,0,-1,-1,0,-1,-1,0,-1,-1,0
TRI+52ca9b6a+2024-01-02-13h-52m-27s,151,28451778,28813166,,1.0,1.0,1.0,0,0,0,0,0,0,0,0,0,0,0,0
TRI+52ca9b6a+2024-01-02-14h-27m-09s,321,20252535,25947356,,1.0,1.0,1.0,0,0,0,0,0,0,0,0,0,0,0,0
TRI+52ca9b6a+2024-01-02-15h-02m-54s,257,20252535,25947356,,1.0,1.0,1.0,0,0,0,0,0,0,0,0,0,0,0,0
TRI+52ca9b6a+2024-01-02-15h-39m-01s,250,20252535,25947356,,1.0,1.0,1.0,0,0,0,0,0,0,0,0,0,8,0,8
TRI+52ca9b6a+2024-01-02-15h-44m-10s,237,28451778,28813166,,1.0,1.0,1.0,0,0,0,0,0,0,0,0,0,0,0,0
TRI+52ca9b6a+2024-01-02-15h-46m-22s,195,20252535,25947356,,1.0,1.0,0.9846153846153847,0,0,0,0,0,0,16,12,16,28,17,28
TRI+52ca9b6a+2024-01-02-15h-49m-28s,366,28451778,28813166,,1.0,1.0,1.0,0,0,0,0,0,0,0,0,0,0,0,0
TRI+52ca9b6a+2024-01-02-15h-53m-34s,200,20252535,25947356,,1.0,1.0,1.0,0,0,0,0,0,0,0,0,0,0,0,0
TRI+52ca9b6a+2024-01-02-16h-04m-00s,142,28451778,28813166,,1.0,1.0,1.0,0,0,0,0,0,0,0,0,0,0,0,0
TRI+52ca9b6a+2024-01-02-16h-21m-03s,186,20252535,25947356,,1.0,1.0,1.0,0,0,0,0,0,0,0,0,0,0,0,0
TRI+52ca9b6a+2024-01-02-16h-46m-25s,393,20252535,25947356,,1.0,1.0,1.0,0,0,0,0,0,0,0,0,0,0,0,0
TRI+52ca9b6a+2024-01-02-16h-57m-40s,110,20252535,25947356,,1.0,1.0,1.0,0,0,0,0,0,0,0,0,0,0,0,0
TRI+52ca9b6a+2024-01-02-17h-14m-05s,169,28451778,28813166,,1.0,1.0,1.0,0,0,0,0,0,0,0,0,0,9,9,0
TRI+52ca9b6a+2024-01-03-15h-00m-21s,168,28451778,28813166,,1.0,1.0,1.0,0,0,0,0,0,0,0,0,0,35,0,35
TRI+52ca9b6a+2024-01-03-15h-00m-51s,134,28451778,28813166,,1.0,1.0,1.0,0,0,0,0,0,0,0,0,0,0,0,0
TRI+52ca9b6a+2024-01-03-15h-01m-30s,148,28451778,28813166,,1.0,1.0,1.0,0,0,0,0,0,0,0,0,0,0,0,0
TRI+52ca9b6a+2024-01-03-15h-07m-26s,236,28451778,28813166,,1.0,1.0,1.0,0,0,0,0,0,0,0,0,0,0,0,0
TRI+52ca9b6a+2024-01-03-15h-08m-15s,156,28451778,28813166,,1.0,1.0,1.0,0,0,0,0,0,0,0,0,0,0,0,0
TRI+52ca9b6a+2024-01-03-15h-22m-29s,178,20252535,25947356,,1.0,1.0,1.0,0,0,0,0,0,0,0,0,0,0,0,0
TRI+52ca9b6a+2024-01-03-15h-58m-19s,219,20252535,25947356,,1.0,1.0,1.0,0,0,0,0,0,0,0,0,0,0,0,0
TRI+52ca9b6a+2024-01-03-16h-02m-56s,166,20252535,25947356,,1.0,1.0,1.0,0,0,0,0,0,0,27,0,27,32,29,32
TRI+52ca9b6a+2024-01-03-16h-18m-21s,444,28451778,28813166,,1.0,1.0,1.0,0,0,0,0,0,0,0,0,0,0,0,0
TRI+52ca9b6a+2024-01-03-16h-29m-30s,563,20252535,25947356,,1.0,1.0,1.0,0,0,0,0,0,0,0,0,0,20,0,20
TRI+52ca9b6a+2024-01-04-10h-29m-36s,349,20252535,25947356,,1.0,1.0,1.0,0,0,0,0,0,0,0,0,0,13,0,13
TRI+52ca9b6a+2024-01-04-10h-38m-32s,213,20252535,25947356,,1.0,1.0,1.0,0,0,0,0,0,0,0,0,0,20,11,20
TRI+52ca9b6a+2024-01-04-10h-53m-08s,293,28451778,28813166,,1.0,1.0,1.0,0,0,0,0,0,0,0,0,0,26,0,26
TRI+52ca9b6a+2024-01-04-14h-37m-50s,263,28451778,28813166,,1.0,1.0,1.0,0,0,0,0,0,0,0,0,0,0,0,0
TRI+52ca9b6a+2024-01-04-15h-04m-04s,123,20252535,25947356,,1.0,1.0,1.0,0,0,0,0,0,0,0,0,0,41,41,0
TRI+52ca9b6a+2024-01-04-15h-15m-18s,244,20252535,25947356,,1.0,1.0,0.6434426229508197,0,0,0,0,0,0,129,129,0,142,142,0
TRI+52ca9b6a+2024-01-04-15h-40m-24s,238,20252535,25947356,,1.0,1.0,0.8361344537815126,0,0,0,0,0,0,46,46,0,64,64,40
TRI+52ca9b6a+2024-01-04-16h-52m-59s,240,20252535,25947356,,1.0,1.0,0.6916666666666667,0,0,0,0,0,0,0,0,0,2,2,0
TRI+52ca9b6a+2024-01-04-16h-53m-48s,229,20252535,25947356,,1.0,1.0,0.9868995633187773,0,0,0,0,0,0,0,0,0,46,46,0
TRI+52ca9b6a+2024-01-08-10h-38m-14s,245,28451778,28813166,,1.0,1.0,1.0,0,0,0,0,0,0,0,0,0,0,0,0
TRI+52ca9b6a+2024-01-08-11h-07m-02s,347,28451778,28813166,,1.0,1.0,1.0,0,0,0,0,0,0,0,0,0,0,0,0
TRI+52ca9b6a+2024-01-08-11h-28m-38s,420,28451778,28813166,,1.0,1.0,0.9785714285714285,0,0,0,0,0,0,0,0,0,0,0,0
TRI+52ca9b6a+2024-01-08-11h-29m-23s,233,28451778,28813166,,1.0,1.0,1.0,0,0,0,0,0,0,0,0,0,0,0,0
TRI+52ca9b6a+2024-01-08-13h-59m-08s,178,28451778,28813166,,1.0,1.0,0.9269662921348315,0,0,0,0,0,0,20,0,20,26,0,26
TRI+52ca9b6a+2024-01-09-10h-52m-19s,236,28451778,28813166,,1.0,1.0,1.0,0,0,0,0,0,0,26,0,26,34,0,34
TRI+52ca9b6a+2024-01-09-11h-00m-46s,170,20252535,25947356,,1.0,0.7222222222222222,0.3352941176470588,0,0,0,0,0,0,-1,0,-1,-1,0,-1
TRI+52ca9b6a+2024-01-09-15h-18m-14s,166,20252535,25947356,,1.0,1.0,1.0,0,0,0,0,0,0,0,0,0,21,0,21
TRI+52ca9b6a+2024-01-09-15h-50m-18s,325,20252535,25947356,,1.0,1.0,1.0,0,0,0,0,0,0,0,0,0,18,0,18
TRI+52ca9b6a+2024-01-09-15h-54m-43s,147,20252535,25947356,,1.0,1.0,1.0,0,0,0,0,0,0,0,0,0,17,0,17
TRI+52ca9b6a+2024-01-09-15h-54m-58s,488,20252535,25947356,,1.0,1.0,1.0,0,0,0,0,0,0,0,0,0,0,0,0
TRI+52ca9b6a+2024-01-09-16h-04m-54s,198,20252535,25947356,,1.0,1.0,1.0,0,0,0,0,0,0,16,0,16,105,0,82
TRI+52ca9b6a+2024-01-10-13h-17m-36s,283,20252535,25947356,,1.0,1.0,1.0,0,0,0,0,0,0,0,0,0,20,0,20
TRI+52ca9b6a+2024-01-10-13h-51m-39s,128,20252535,25947356,,1.0,1.0,0.9609375,0,0,0,0,0,0,0,0,0,15,0,15
TRI+52ca9b6a+2024-01-10-13h-56m-03s,189,28451778,28813166,,1.0,1.0,0.9236111111111112,0,0,0,45,45,0,59,59,0,67,67,0
TRI+52ca9b6a+2024-01-10-14h-20m-07s,176,28451778,28813166,,1.0,1.0,0.8693181818181818,0,0,0,0,0,0,6,6,0,61,61,0
TRI+52ca9b6a+2024-01-10-14h-27m-05s,179,20252535,25947356,,1.0,1.0,0.8938547486033519,0,0,0,0,0,0,0,0,0,54,0,54
TRI+52ca9b6a+2024-01-10-15h-41m-31s,136,20252535,25947356,,1.0,1.0,1.0,0,0,0,0,0,0,0,0,0,0,0,0
TRI+52ca9b6a+2024-01-10-15h-49m-23s,398,20252535,25947356,,1.0,1.0,1.0,0,0,0,0,0,0,0,0,0,19,0,19
TRI+52ca9b6a+2024-01-10-15h-51m-54s,136,20252535,25947356,,1.0,1.0,1.0,0,0,0,0,0,0,0,0,0,0,0,0
TRI+52ca9b6a+2024-01-10-15h-52m-22s,179,20252535,25947356,,1.0,1.0,1.0,0,0,0,0,0,0,0,0,0,0,0,0
TRI+52ca9b6a+2024-01-10-15h-53m-24s,124,20252535,25947356,,1.0,1.0,0.8870967741935484,0,0,0,0,0,0,0,0,0,0,0,0
TRI+52ca9b6a+2024-01-10-16h-33m-13s,204,20252535,25947356,,1.0,1.0,1.0,0,0,0,0,0,0,0,0,0,0,0,0
TRI+52ca9b6a+2024-01-11-11h-13m-27s,203,20252535,25947356,,1.0,1.0,1.0,0,0,0,0,0,0,0,0,0,0,0,0
TRI+52ca9b6a+2024-01-11-12h-19m-09s,138,20252535,25947356,,1.0,1.0,1.0,0,0,0,0,0,0,0,0,0,0,0,0
TRI+52ca9b6a+2024-01-11-12h-20m-35s,204,20252535,25947356,,1.0,1.0,1.0,0,0,0,0,0,0,0,0,0,0,0,0
TRI+52ca9b6a+2024-01-11-12h-22m-25s,266,20252535,25947356,,1.0,1.0,1.0,0,0,0,0,0,0,0,0,0,0,0,0
TRI+52ca9b6a+2024-01-11-13h-27m-35s,162,20252535,25947356,,1.0,1.0,1.0,0,0,0,0,0,0,0,0,0,0,0,0
TRI+52ca9b6a+2024-01-11-13h-33m-09s,173,20252535,25947356,,1.0,1.0,1.0,0,0,0,0,0,0,0,0,0,15,0,15
TRI+52ca9b6a+2024-01-11-13h-41m-23s,204,28451778,28813166,,1.0,1.0,1.0,0,0,0,0,0,0,0,0,0,0,0,0
TRI+52ca9b6a+2024-01-11-13h-45m-52s,392,28451778,28813166,,1.0,1.0,1.0,0,0,0,0,0,0,0,0,0,0,0,0
TRI+52ca9b6a+2024-01-11-13h-47m-01s,457,28451778,28813166,,1.0,1.0,1.0,0,0,0,0,0,0,14,14,0,17,17,15
TRI+52ca9b6a+2024-01-11-14h-12m-14s,189,20252535,25947356,,1.0,1.0,1.0,0,0,0,0,0,0,0,0,0,0,0,0
TRI+52ca9b6a+2024-01-11-14h-12m-38s,177,20252535,25947356,,1.0,1.0,1.0,0,0,0,0,0,0,0,0,0,0,0,0
TRI+52ca9b6a+2024-01-11-14h-26m-21s,293,20252535,25947356,,1.0,1.0,1.0,0,0,0,0,0,0,0,0,0,0,0,0
TRI+52ca9b6a+2024-01-11-15h-15m-30s,246,20252535,25947356,,1.0,1.0,1.0,0,0,0,0,0,0,0,0,0,0,0,0
TRI+52ca9b6a+2024-01-16-10h-59m-09s,254,28451778,28813166,,1.0,1.0,1.0,0,0,0,0,0,0,0,0,0,0,0,0
TRI+52ca9b6a+2024-01-16-11h-19m-28s,130,28451778,28813166,,1.0,1.0,1.0,0,0,0,0,0,0,0,0,0,0,0,0
TRI+52ca9b6a+2024-01-16-11h-30m-58s,176,28451778,28813166,,1.0,1.0,1.0,14,14,0,16,16,0,19,19,0,25,25,0
TRI+52ca9b6a+2024-01-16-11h-36m-10s,529,28451778,28813166,,1.0,1.0,1.0,0,0,0,0,0,0,0,0,0,0,0,0
TRI+52ca9b6a+2024-01-16-14h-27m-38s,427,28451778,28813166,,1.0,1.0,1.0,0,0,0,0,0,0,0,0,0,0,0,0
TRI+52ca9b6a+2024-01-16-14h-29m-18s,194,28451778,28813166,,1.0,1.0,1.0,0,0,0,0,0,0,0,0,0,0,0,0
TRI+52ca9b6a+2024-01-16-14h-40m-15s,250,28451778,28813166,,1.0,1.0,0.916,0,0,0,0,0,0,0,0,0,0,0,0
TRI+52ca9b6a+2024-01-16-15h-26m-39s,145,28451778,28813166,,1.0,1.0,1.0,0,0,0,0,0,0,0,0,0,0,0,0
TRI+52ca9b6a+2024-01-16-15h-30m-40s,520,28451778,28813166,,1.0,1.0,1.0,0,0,0,0,0,0,0,0,0,0,0,0
TRI+52ca9b6a+2024-01-16-15h-45m-44s,174,28451778,28813166,,1.0,1.0,1.0,0,0,0,0,0,0,0,0,0,31,31,29
TRI+52ca9b6a+2024-01-16-15h-48m-19s,190,28451778,28813166,,1.0,1.0,1.0,0,0,0,0,0,0,0,0,0,0,0,0
TRI+52ca9b6a+2024-01-16-15h-59m-36s,512,20252535,25947356,,1.0,1.0,0.9765625,0,0,0,0,0,0,0,0,0,0,0,0
TRI+52ca9b6a+2024-01-16-16h-19m-18s,120,28451778,28813166,,1.0,1.0,1.0,0,0,0,0,0,0,0,0,0,0,0,0
TRI+52ca9b6a+2024-01-16-16h-19m-33s,131,28451778,28813166,,1.0,1.0,1.0,0,0,0,0,0,0,0,0,0,0,0,0
TRI+52ca9b6a+2024-01-16-16h-42m-46s,270,28451778,28813166,,1.0,1.0,1.0,0,0,0,0,0,0,0,0,0,0,0,0
TRI+52ca9b6a+2024-01-16-16h-47m-58s,167,28451778,28813166,,1.0,1.0,1.0,0,0,0,0,0,0,0,0,0,0,0,0
TRI+52ca9b6a+2024-01-16-16h-50m-10s,160,28451778,28813166,,1.0,1.0,1.0,0,0,0,0,0,0,0,0,0,0,0,0
TRI+52ca9b6a+2024-01-16-16h-52m-21s,153,28451778,28813166,,1.0,1.0,1.0,0,0,0,0,0,0,0,0,0,0,0,0
TRI+52ca9b6a+2024-01-16-16h-55m-05s,131,28451778,28813166,,1.0,1.0,1.0,0,0,0,0,0,0,15,15,0,19,19,11
TRI+52ca9b6a+2024-01-16-17h-14m-26s,146,28451778,28813166,,1.0,1.0,1.0,0,0,0,0,0,0,0,0,0,0,0,0
TRI+52ca9b6a+2024-01-16-17h-15m-41s,130,28451778,28813166,,1.0,1.0,1.0,0,0,0,0,0,0,0,0,0,23,23,0
TRI+52ca9b6a+2024-01-17-10h-27m-44s,139,28451778,28813166,,1.0,1.0,0.8561151079136691,0,0,0,0,0,0,0,0,0,0,0,0
TRI+52ca9b6a+2024-01-17-10h-37m-14s,309,28451778,28813166,,1.0,1.0,0.9255663430420712,0,0,0,0,0,0,0,0,0,0,0,0
TRI+52ca9b6a+2024-01-17-11h-07m-56s,399,20252535,25947356,,1.0,1.0,1.0,0,0,0,0,0,0,0,0,0,0,0,0
TRI+52ca9b6a+2024-01-17-11h-15m-52s,497,28451778,28813166,,1.0,1.0,1.0,0,0,0,0,0,0,0,0,0,26,26,0
TRI+52ca9b6a+2024-01-17-11h-38m-07s,301,20252535,25947356,,1.0,1.0,0.4983388704318937,0,0,0,0,0,0,0,0,0,130,0,130
TRI+52ca9b6a+2024-01-17-11h-41m-13s,251,20252535,25947356,,1.0,1.0,1.0,0,0,0,0,0,0,0,0,0,0,0,0
TRI+52ca9b6a+2024-01-17-11h-47m-58s,222,28451778,28813166,,1.0,1.0,1.0,0,0,0,0,0,0,0,0,0,0,0,0
TRI+52ca9b6a+2024-01-17-11h-53m-16s,262,28451778,28813166,,1.0,1.0,1.0,20,20,0,23,23,0,27,27,0,29,29,22
TRI+52ca9b6a+2024-01-17-13h-50m-29s,286,28451778,28813166,,1.0,1.0,1.0,24,0,24,27,0,27,33,19,33,45,24,45
TRI+52ca9b6a+2024-01-17-13h-51m-20s,280,28451778,28813166,,1.0,1.0,1.0,0,0,0,0,0,0,12,0,12,15,0,15
TRI+52ca9b6a+2024-01-17-14h-05m-03s,221,28451778,28813166,,1.0,1.0,1.0,0,0,0,0,0,0,0,0,0,0,0,0
TRI+52ca9b6a+2024-01-17-14h-05m-52s,198,28451778,28813166,,1.0,1.0,1.0,13,0,13,17,0,17,19,0,19,22,13,22
TRI+52ca9b6a+2024-01-17-14h-17m-02s,250,20252535,25947356,,1.0,1.0,0.84,0,0,0,0,0,0,35,35,0,48,48,33
TRI+52ca9b6a+2024-01-17-14h-23m-09s,357,28451778,28813166,,1.0,1.0,0.6358543417366946,0,0,0,0,0,0,0,0,0,53,0,53
TRI+52ca9b6a+2024-01-17-14h-35m-15s,181,20252535,25947356,,1.0,1.0,0.9436619718309859,35,35,32,39,39,37,53,53,52,56,56,56
TRI+52ca9b6a+2024-01-17-15h-06m-35s,659,28451778,28813166,,0.7962962962962963,1.0,0.46621621621621623,57,57,0,67,67,0,97,97,60,-1,-1,88
TRI+52ca9b6a+2024-01-17-15h-22m-43s,372,28451778,28813166,,0.6666666666666666,1.0,0.6037151702786377,37,37,0,49,49,0,-1,-1,42,-1,-1,280
TRI+52ca9b6a+2024-01-17-16h-02m-04s,298,20252535,25947356,,1.0,1.0,0.7651006711409396,0,0,0,0,0,0,0,0,0,19,19,0
TRI+52ca9b6a+2024-01-17-16h-34m-27s,524,20252535,25947356,,1.0,1.0,0.9942748091603053,0,0,0,0,0,0,0,0,0,10,10,0
TRI+52ca9b6a+2024-01-17-16h-45m-34s,158,20252535,25947356,,1.0,1.0,0.7571428571428571,0,0,0,18,18,13,31,31,20,37,37,28
TRI+52ca9b6a+2024-01-17-17h-18m-00s,133,28451778,28813166,,1.0,1.0,1.0,0,0,0,0,0,0,0,0,0,0,0,0
TRI+52ca9b6a+2024-01-17-17h-34m-05s,184,28451778,28813166,,1.0,1.0,1.0,0,0,0,0,0,0,0,0,0,0,0,0
TRI+52ca9b6a+2024-01-17-17h-36m-53s,155,28451778,28813166,,1.0,1.0,1.0,0,0,0,0,0,0,0,0,0,8,8,0
TRI+52ca9b6a+2024-01-18-10h-37m-16s,277,28451778,28813166,,1.0,1.0,0.8916967509025271,0,0,0,0,0,0,0,0,0,0,0,0
TRI+52ca9b6a+2024-01-18-10h-46m-05s,221,28451778,28813166,,1.0,1.0,1.0,0,0,0,0,0,0,0,0,0,0,0,0
TRI+52ca9b6a+2024-01-18-10h-49m-12s,149,28451778,28813166,,1.0,1.0,1.0,0,0,0,0,0,0,0,0,0,0,0,0
TRI+52ca9b6a+2024-01-18-10h-50m-04s,205,28451778,28813166,,1.0,1.0,1.0,0,0,0,0,0,0,0,0,0,18,18,0
TRI+52ca9b6a+2024-01-18-11h-10m-58s,364,20252535,25947356,,1.0,1.0,1.0,0,0,0,0,0,0,0,0,0,0,0,0
TRI+52ca9b6a+2024-01-18-11h-16m-33s,149,28451778,28813166,,1.0,1.0,1.0,0,0,0,0,0,0,0,0,0,0,0,0
TRI+52ca9b6a+2024-01-18-11h-17m-19s,409,20252535,25947356,,1.0,1.0,1.0,0,0,0,0,0,0,0,0,0,0,0,0
TRI+52ca9b6a+2024-01-18-11h-18m-50s,341,20252535,25947356,,1.0,1.0,1.0,0,0,0,0,0,0,0,0,0,0,0,0
TRI+52ca9b6a+2024-01-18-11h-29m-57s,258,20252535,25947356,,1.0,1.0,1.0,0,0,0,0,0,0,0,0,0,0,0,0
TRI+52ca9b6a+2024-01-18-11h-31m-49s,537,20252535,25947356,,1.0,1.0,1.0,0,0,0,0,0,0,0,0,0,0,0,0
TRI+52ca9b6a+2024-01-18-11h-47m-22s,267,20252535,25947356,,1.0,1.0,1.0,0,0,0,0,0,0,0,0,0,0,0,0
TRI+52ca9b6a+2024-01-18-11h-47m-58s,277,20252535,25947356,,1.0,1.0,1.0,0,0,0,0,0,0,0,0,0,0,0,0
TRI+52ca9b6a+2024-01-18-13h-34m-44s,165,20252535,25947356,,1.0,1.0,1.0,13,13,0,15,15,0,19,19,0,22,22,14
TRI+52ca9b6a+2024-01-18-15h-57m-51s,169,20252535,25947356,,1.0,1.0,1.0,0,0,0,17,17,0,31,31,22,63,63,52
TRI+52ca9b6a+2024-01-18-16h-23m-11s,228,28451778,28813166,,1.0,1.0,0.2894736842105263,0,0,0,0,0,0,15,15,0,37,37,0
TRI+52ca9b6a+2024-01-18-17h-06m-29s,208,20252535,25947356,,1.0,1.0,1.0,0,0,0,0,0,0,21,11,21,40,16,40
TRI+52ca9b6a+2024-01-18-17h-07m-09s,159,20252535,25947356,,1.0,1.0,1.0,52,39,52,56,41,56,83,43,83,104,48,104
TRI+52ca9b6a+2024-01-22-11h-02m-18s,279,20252535,25947356,,1.0,1.0,1.0,0,0,0,0,0,0,0,0,0,21,21,0
TRI+52ca9b6a+2024-01-22-11h-08m-06s,257,20252535,25947356,,1.0,1.0,1.0,0,0,0,0,0,0,0,0,0,34,34,12
TRI+52ca9b6a+2024-01-22-11h-09m-21s,296,20252535,25947356,,1.0,1.0,1.0,19,19,0,21,21,11,23,23,13,35,35,17
TRI+52ca9b6a+2024-01-22-13h-34m-22s,169,20252535,25947356,,1.0,1.0,1.0,0,0,0,0,0,0,0,0,0,25,25,0
TRI+52ca9b6a+2024-01-22-13h-55m-33s,192,20252535,25947356,,1.0,1.0,1.0,0,0,0,25,25,24,29,29,28,32,32,31
TRI+52ca9b6a+2024-01-22-14h-05m-58s,273,20252535,25947356,,1.0,1.0,0.7843137254901961,15,15,14,18,18,17,21,21,20,24,24,23
TRI+52ca9b6a+2024-01-22-14h-17m-18s,171,20252535,25947356,,1.0,1.0,1.0,0,0,0,0,0,0,0,0,0,31,31,29
TRI+52ca9b6a+2024-01-22-14h-30m-54s,278,28451778,28813166,,1.0,1.0,1.0,22,22,0,24,24,0,26,26,0,33,33,0
TRI+52ca9b6a+2024-01-22-14h-46m-30s,284,20252535,25947356,,1.0,1.0,1.0,0,0,0,0,0,0,34,0,34,38,0,38
TRI+52ca9b6a+2024-01-22-15h-22m-28s,155,28451778,28813166,,1.0,1.0,1.0,0,0,0,15,15,0,18,18,0,23,23,17
TRI+52ca9b6a+2024-01-22-16h-36m-40s,180,28451778,28813166,,1.0,1.0,1.0,41,41,11,43,43,18,46,46,23,52,52,26
TRI+52ca9b6a+2024-01-22-16h-38m-09s,235,28451778,28813166,,1.0,1.0,1.0,23,23,0,27,27,0,29,29,0,34,34,0
TRI+52ca9b6a+2024-01-22-17h-15m-52s,254,28451778,28813166,,1.0,1.0,1.0,0,0,0,0,0,0,0,0,0,29,19,0
TRI+52ca9b6a+2024-01-23-10h-39m-36s,224,20252535,25947356,,1.0,1.0,1.0,19,0,19,21,0,21,25,19,25,28,23,28
TRI+52ca9b6a+2024-01-23-10h-40m-00s,379,20252535,25947356,,1.0,1.0,1.0,14,0,14,18,0,18,22,18,22,24,21,24
TRI+52ca9b6a+2024-01-23-10h-55m-11s,190,28451778,28813166,,1.0,1.0,1.0,0,0,0,0,0,0,14,0,14,26,0,26
TRI+52ca9b6a+2024-01-23-10h-56m-22s,291,20252535,25947356,,1.0,1.0,1.0,0,0,0,0,0,0,0,0,0,0,0,0
TRI+52ca9b6a+2024-01-23-10h-56m-45s,148,28451778,28813166,,1.0,1.0,0.9555555555555556,9,0,9,13,0,13,16,9,16,21,13,21
TRI+52ca9b6a+2024-01-23-10h-58m-36s,157,28451778,28813166,,1.0,1.0,1.0,22,17,22,35,20,35,40,24,40,44,35,44
TRI+52ca9b6a+2024-01-23-11h-03m-50s,293,28451778,28813166,,1.0,1.0,0.9801587301587301,0,0,0,41,20,41,56,23,56,129,40,129
TRI+52ca9b6a+2024-01-23-11h-13m-29s,181,20252535,25947356,,1.0,1.0,1.0,0,0,0,16,0,16,19,15,19,24,19,24
TRI+52ca9b6a+2024-01-23-11h-16m-17s,224,20252535,25947356,,1.0,1.0,1.0,0,0,0,0,0,0,32,0,32,39,0,39
TRI+52ca9b6a+2024-01-23-13h-31m-41s,174,20252535,25947356,,1.0,1.0,1.0,15,15,14,18,18,17,21,21,20,24,24,23
TRI+52ca9b6a+2024-01-23-13h-48m-01s,226,20252535,25947356,,1.0,1.0,1.0,0,0,0,88,88,10,121,121,17,180,180,21
TRI+52ca9b6a+2024-01-23-13h-58m-19s,237,28451778,28813166,,1.0,1.0,1.0,0,0,0,50,0,50,55,0,55,65,0,65
TRI+52ca9b6a+2024-01-23-15h-49m-45s,131,20252535,25947356,,1.0,1.0,1.0,0,0,0,0,0,0,11,0,11,54,54,16
TRI+52ca9b6a+2024-01-23-16h-17m-19s,423,28451778,28813166,,1.0,1.0,0.9905437352245863,0,0,0,0,0,0,0,0,0,18,0,18
TRI+52ca9b6a+2024-01-23-16h-25m-29s,308,28451778,28813166,,1.0,1.0,0.8409090909090909,0,0,0,0,0,0,22,0,22,28,0,28
TRI+52ca9b6a+2024-01-23-16h-33m-34s,204,28451778,28813166,,1.0,0.9629629629629629,0.8376623376623377,25,0,25,50,0,50,63,0,63,-1,21,-1
TRI+52ca9b6a+2024-01-23-16h-39m-06s,194,28451778,28813166,,1.0,1.0,1.0,0,0,0,0,0,0,0,0,0,0,0,0
TRI+52ca9b6a+2024-01-23-16h-41m-02s,187,20252535,25947356,,0.7777777777777778,1.0,0.2887700534759358,0,0,0,0,0,0,41,41,26,-1,-1,31
TRI+52ca9b6a+2024-01-23-16h-42m-52s,213,28451778,28813166,,1.0,1.0,1.0,0,0,0,0,0,0,0,0,0,0,0,0
TRI+52ca9b6a+2024-01-23-16h-44m-18s,272,28451778,28813166,,1.0,1.0,1.0,0,0,0,0,0,0,0,0,0,15,0,15
TRI+52ca9b6a+2024-01-24-10h-49m-19s,135,20252535,25947356,,1.0,1.0,0.9777777777777777,0,0,0,0,0,0,0,0,0,19,0,19
TRI+52ca9b6a+2024-01-24-11h-04m-00s,282,28451778,28813166,,1.0,1.0,1.0,0,0,0,0,0,0,0,0,0,0,0,0
TRI+52ca9b6a+2024-01-24-12h-47m-30s,866,28451778,28813166,,1.0,1.0,0.13163972286374134,0,0,0,0,0,0,0,0,0,0,0,0
TRI+52ca9b6a+2024-01-24-12h-50m-26s,249,28451778,28813166,,0.9074074074074074,1.0,0.5579399141630901,0,0,0,16,16,0,46,46,0,-1,-1,0
TRI+52ca9b6a+2024-01-24-13h-16m-47s,170,20252535,25947356,,1.0,1.0,0.7941176470588235,0,0,0,0,0,0,0,0,0,0,0,0
TRI+52ca9b6a+2024-01-24-13h-20m-19s,203,20252535,25947356,,1.0,1.0,1.0,0,0,0,0,0,0,19,0,19,23,0,23
TRI+52ca9b6a+2024-01-24-13h-42m-48s,291,28451778,28813166,,1.0,1.0,1.0,0,0,0,0,0,0,0,0,0,21,21,0
TRI+52ca9b6a+2024-01-24-14h-03m-35s,371,28451778,28813166,,1.0,1.0,0.6657681940700808,0,0,0,0,0,0,13,13,0,15,15,0
TRI+52ca9b6a+2024-01-24-14h-37m-55s,190,20252535,25947356,,1.0,1.0,1.0,0,0,0,0,0,0,0,0,0,27,0,27
TRI+52ca9b6a+2024-01-24-14h-54m-11s,211,20252535,25947356,,1.0,1.0,0.7891566265060241,0,0,0,45,0,45,49,0,49,66,0,66
TRI+52ca9b6a+2024-01-24-15h-06m-13s,228,20252535,25947356,,1.0,1.0,1.0,29,0,29,52,0,52,57,0,57,63,0,63
TRI+52ca9b6a+2024-01-25-10h-40m-10s,261,28451778,28813166,,1.0,1.0,0.9255813953488372,41,0,41,46,0,46,50,0,50,125,0,125
TRI+52ca9b6a+2024-01-25-10h-43m-40s,438,20252535,25947356,,1.0,1.0,0.6587112171837709,17,0,17,19,0,19,22,0,22,24,0,24
TRI+52ca9b6a+2024-01-25-10h-58m-21s,253,28451778,28813166,,1.0,1.0,1.0,0,0,0,0,0,0,0,0,0,0,0,0
TRI+52ca9b6a+2024-01-25-13h-28m-36s,258,20252535,25947356,,1.0,1.0,0.7222222222222222,19,0,19,24,0,24,27,0,27,29,0,29
TRI+52ca9b6a+2024-01-25-13h-35m-10s,166,20252535,25947356,,1.0,0.16666666666666666,0.0,-1,0,-1,-1,0,-1,-1,0,-1,-1,0,-1
TRI+52ca9b6a+2024-01-25-13h-39m-11s,252,20252535,25947356,,1.0,1.0,1.0,205,0,205,207,0,207,209,0,209,211,15,211
TRI+52ca9b6a+2024-01-25-13h-54m-44s,145,20252535,25947356,,1.0,1.0,1.0,13,0,13,15,0,15,17,0,17,30,0,30
TRI+52ca9b6a+2024-01-25-13h-56m-59s,165,20252535,25947356,,1.0,1.0,1.0,21,0,21,34,0,34,36,0,36,40,0,40
TRI+52ca9b6a+2024-01-25-14h-17m-38s,374,28451778,28813166,,1.0,1.0,1.0,0,0,0,0,0,0,11,11,0,15,15,0
TRI+52ca9b6a+2024-01-25-14h-36m-04s,213,20252535,25947356,,1.0,1.0,0.6149732620320856,23,0,23,26,0,26,28,0,28,31,0,31
TRI+52ca9b6a+2024-01-25-14h-50m-29s,266,20252535,25947356,,1.0,1.0,0.456,13,0,13,16,0,16,35,5,35,37,11,37
TRI+52ca9b6a+2024-01-25-14h-59m-01s,191,28451778,28813166,,1.0,1.0,1.0,11,11,0,13,13,0,15,15,0,18,18,0
TRI+52ca9b6a+2024-01-25-15h-00m-44s,177,28451778,28813166,,1.0,1.0,1.0,0,0,0,0,0,0,0,0,0,0,0,0
TRI+52ca9b6a+2024-01-25-15h-03m-01s,454,20252535,25947356,,1.0,1.0,0.8292682926829268,43,0,43,44,0,44,47,0,47,57,21,57
TRI+52ca9b6a+2024-01-25-15h-18m-14s,235,28451778,28813166,,1.0,1.0,0.625531914893617,0,0,0,0,0,0,0,0,0,15,15,0
TRI+52ca9b6a+2024-01-25-15h-18m-59s,177,28451778,28813166,,1.0,1.0,0.5032258064516129,8,8,0,22,22,0,32,32,0,44,44,0
TRI+52ca9b6a+2024-01-25-15h-20m-34s,160,28451778,28813166,,1.0,1.0,0.5875,0,0,0,0,0,0,6,6,0,28,28,0
TRI+52ca9b6a+2024-01-25-16h-01m-49s,226,28451778,28813166,,1.0,1.0,0.09734513274336283,0,0,0,0,0,0,0,0,0,0,0,0
TRI+52ca9b6a+2024-01-25-16h-02m-47s,191,28451778,28813166,,1.0,1.0,0.20418848167539266,0,0,0,0,0,0,180,32,0,-1,71,0
TRI+52ca9b6a+2024-01-25-16h-11m-19s,178,28451778,28813166,,1.0,1.0,0.5730337078651685,0,0,0,0,0,0,0,0,0,0,0,0
TRI+52ca9b6a+2024-01-25-16h-18m-43s,318,28451778,28813166,,1.0,1.0,0.2145214521452145,12,12,0,15,15,0,241,241,0,-1,246,0
TRI+52ca9b6a+2024-01-25-16h-20m-36s,259,28451778,28813166,,1.0,1.0,0.6486486486486487,0,0,0,0,0,0,0,0,0,135,135,0
TRI+52ca9b6a+2024-01-25-16h-21m-39s,149,20252535,25947356,,1.0,1.0,1.0,15,0,15,16,0,16,19,0,19,21,0,21
TRI+52ca9b6a+2024-01-25-16h-33m-03s,392,28451778,28813166,,1.0,1.0,0.7315068493150685,25,25,0,27,27,0,29,29,0,32,32,0
TRI+52ca9b6a+2024-01-25-16h-37m-15s,159,28451778,28813166,,0.8888888888888888,1.0,0.1509433962264151,0,0,0,0,0,0,0,0,0,-1,-1,0
TRI+52ca9b6a+2024-01-25-16h-41m-41s,227,28451778,28813166,,1.0,1.0,0.4481132075471698,13,13,0,15,15,0,20,20,0,32,32,0
TRI+52ca9b6a+2024-01-25-16h-45m-03s,247,28451778,28813166,,1.0,1.0,0.5101214574898786,0,0,0,0,0,0,0,0,0,0,0,0
TRI+52ca9b6a+2024-01-25-16h-54m-03s,173,20252535,25947356,,1.0,1.0,0.6258064516129033,16,0,16,18,0,18,20,0,20,24,0,24
TRI+52ca9b6a+2024-01-25-17h-09m-09s,177,28451778,28813166,,1.0,1.0,1.0,0,0,0,0,0,0,0,0,0,0,0,0
TRI+52ca9b6a+2024-01-25-17h-14m-49s,150,28451778,28813166,,1.0,1.0,1.0,0,0,0,0,0,0,0,0,0,0,0,0
TRI+52ca9b6a+2024-01-25-17h-15m-42s,160,20252535,25947356,,1.0,1.0,1.0,128,0,128,131,0,131,135,0,135,141,0,141
TRI+52ca9b6a+2024-01-25-17h-16m-01s,165,20252535,25947356,,1.0,0.8888888888888888,0.88,117,0,117,140,0,140,143,0,143,-1,0,-1
TRI+52ca9b6a+2024-01-25-17h-22m-29s,232,28451778,28813166,,1.0,1.0,0.6077586206896551,0,0,0,0,0,0,0,0,0,0,0,0
TRI+52ca9b6a+2024-01-25-17h-22m-53s,113,28451778,28813166,,1.0,1.0,1.0,0,0,0,0,0,0,0,0,0,0,0,0
TRI+52ca9b6a+2024-01-25-17h-25m-34s,316,28451778,28813166,,1.0,1.0,0.8037974683544303,0,0,0,0,0,0,0,0,0,0,0,0
TRI+52ca9b6a+2024-01-29-10h-10m-38s,514,20252535,25947356,,1.0,1.0,1.0,24,0,24,26,0,26,43,0,43,50,0,50
TRI+52ca9b6a+2024-01-29-10h-14m-07s,363,20252535,25947356,,1.0,1.0,1.0,29,0,29,46,0,46,53,0,53,60,0,60
TRI+52ca9b6a+2024-01-29-10h-28m-00s,633,20252535,25947356,,1.0,1.0,1.0,22,0,22,24,0,24,27,0,27,44,0,44
TRI+52ca9b6a+2024-01-29-13h-37m-00s,191,28451778,28813166,,1.0,1.0,1.0,0,0,0,0,0,0,0,0,0,0,0,0
TRI+52ca9b6a+2024-01-29-14h-01m-35s,244,28451778,28813166,,1.0,1.0,1.0,0,0,0,0,0,0,0,0,0,0,0,0
TRI+52ca9b6a+2024-01-29-14h-17m-15s,224,20252535,25947356,,1.0,1.0,0.72,20,0,20,24,0,24,27,0,27,31,21,31
TRI+52ca9b6a+2024-01-29-14h-20m-47s,158,20252535,25947356,,1.0,1.0,0.9177215189873418,0,0,0,0,0,0,0,0,0,26,0,26
TRI+52ca9b6a+2024-01-29-14h-54m-19s,166,20252535,25947356,,1.0,1.0,1.0,0,0,0,0,0,0,0,0,0,0,0,0
TRI+52ca9b6a+2024-01-29-14h-57m-13s,313,20252535,25947356,,1.0,1.0,1.0,0,0,0,0,0,0,0,0,0,0,0,0
TRI+52ca9b6a+2024-01-29-15h-15m-45s,147,20252535,25947356,,1.0,1.0,1.0,0,0,0,0,0,0,0,0,0,0,0,0
TRI+52ca9b6a+2024-01-29-15h-30m-18s,309,20252535,25947356,,1.0,1.0,0.8187702265372169,0,0,0,0,0,0,0,0,0,0,0,0
TRI+52ca9b6a+2024-01-29-15h-40m-08s,195,20252535,25947356,,1.0,1.0,1.0,0,0,0,0,0,0,0,0,0,0,0,0
TRI+52ca9b6a+2024-01-29-15h-54m-49s,192,28451778,28813166,,1.0,1.0,1.0,0,0,0,0,0,0,0,0,0,0,0,0
TRI+52ca9b6a+2024-01-29-15h-59m-27s,286,28451778,28813166,,1.0,1.0,1.0,0,0,0,0,0,0,0,0,0,0,0,0
TRI+52ca9b6a+2024-01-29-16h-07m-28s,197,28451778,28813166,,1.0,1.0,1.0,0,0,0,0,0,0,0,0,0,0,0,0
TRI+52ca9b6a+2024-01-29-16h-25m-08s,467,28451778,28813166,,1.0,1.0,0.9657387580299786,0,0,0,0,0,0,0,0,0,0,0,0
TRI+52ca9b6a+2024-01-29-16h-28m-14s,430,28451778,28813166,,1.0,1.0,1.0,0,0,0,0,0,0,0,0,0,0,0,0
TRI+52ca9b6a+2024-01-29-16h-30m-26s,231,28451778,28813166,,1.0,1.0,1.0,0,0,0,0,0,0,0,0,0,0,0,0
TRI+52ca9b6a+2024-01-29-16h-46m-53s,198,20252535,25947356,,1.0,1.0,0.797979797979798,0,0,0,0,0,0,0,0,0,0,0,0
TRI+52ca9b6a+2024-01-29-17h-10m-50s,178,28451778,28813166,,1.0,1.0,1.0,0,0,0,0,0,0,0,0,0,0,0,0
TRI+52ca9b6a+2024-01-30-10h-14m-50s,377,20252535,25947356,,1.0,1.0,1.0,0,0,0,0,0,0,0,0,0,0,0,0
TRI+52ca9b6a+2024-01-30-10h-32m-36s,380,20252535,25947356,,1.0,1.0,1.0,0,0,0,0,0,0,0,0,0,0,0,0
TRI+52ca9b6a+2024-01-30-10h-33m-20s,339,20252535,25947356,,1.0,1.0,1.0,0,0,0,0,0,0,0,0,0,0,0,0
TRI+52ca9b6a+2024-01-30-10h-40m-13s,300,20252535,25947356,,1.0,1.0,1.0,0,0,0,0,0,0,0,0,0,0,0,0
TRI+52ca9b6a+2024-01-30-11h-07m-38s,148,20252535,25947356,,1.0,1.0,1.0,0,0,0,0,0,0,0,0,0,0,0,0
TRI+52ca9b6a+2024-01-30-11h-48m-08s,381,20252535,25947356,,1.0,1.0,1.0,0,0,0,0,0,0,0,0,0,0,0,0
TRI+52ca9b6a+2024-01-30-14h-20m-02s,175,20252535,25947356,,1.0,1.0,1.0,0,0,0,0,0,0,0,0,0,0,0,0
TRI+52ca9b6a+2024-01-30-14h-24m-37s,222,20252535,25947356,,1.0,1.0,1.0,0,0,0,0,0,0,0,0,0,0,0,0
TRI+52ca9b6a+2024-01-30-14h-38m-18s,130,20252535,25947356,,1.0,1.0,0.7692307692307693,0,0,0,0,0,0,0,0,0,0,0,0
TRI+52ca9b6a+2024-01-30-14h-45m-28s,337,20252535,25947356,,1.0,1.0,1.0,0,0,0,0,0,0,0,0,0,0,0,0
TRI+52ca9b6a+2024-01-30-15h-03m-07s,143,20252535,25947356,,1.0,1.0,0.8531468531468531,0,0,0,0,0,0,0,0,0,0,0,0
TRI+52ca9b6a+2024-01-30-15h-22m-59s,330,28451778,28813166,,1.0,1.0,0.9484848484848485,0,0,0,0,0,0,0,0,0,0,0,0
TRI+52ca9b6a+2024-01-30-15h-28m-04s,242,28451778,28813166,,1.0,1.0,1.0,0,0,0,0,0,0,0,0,0,0,0,0
TRI+52ca9b6a+2024-01-30-16h-02m-40s,281,20252535,25947356,,1.0,1.0,1.0,0,0,0,0,0,0,0,0,0,0,0,0
TRI+52ca9b6a+2024-01-30-16h-30m-58s,132,28451778,28813166,,1.0,1.0,1.0,0,0,0,30,30,0,36,36,0,42,42,27
TRI+52ca9b6a+2024-01-30-16h-43m-53s,244,20252535,25947356,,1.0,1.0,0.6147540983606558,0,0,0,0,0,0,0,0,0,0,0,0
TRI+52ca9b6a+2024-01-30-16h-46m-26s,87,20252535,25947356,,1.0,1.0,1.0,0,0,0,0,0,0,0,0,0,0,0,0
TRI+52ca9b6a+2024-01-30-17h-07m-22s,219,20252535,25947356,,1.0,1.0,1.0,0,0,0,0,0,0,0,0,0,0,0,0
TRI+52ca9b6a+2024-01-30-17h-24m-29s,158,28451778,28813166,,1.0,1.0,1.0,0,0,0,0,0,0,25,25,0,28,28,0
TRI+52ca9b6a+2024-01-30-17h-27m-22s,138,28451778,28813166,,1.0,1.0,1.0,0,0,0,15,15,0,19,19,0,23,23,13
TRI+52ca9b6a+2024-01-30-17h-28m-27s,252,28451778,28813166,,1.0,1.0,1.0,0,0,0,0,0,0,0,0,0,0,0,0
TRI+52ca9b6a+2024-01-31-11h-15m-13s,189,28451778,28813166,,1.0,1.0,1.0,0,0,0,0,0,0,23,23,0,40,40,0
TRI+52ca9b6a+2024-01-31-11h-39m-21s,187,28451778,28813166,,1.0,1.0,0.8170731707317073,19,0,19,23,19,23,27,24,27,30,28,30
TRI+52ca9b6a+2024-01-31-15h-41m-05s,163,28451778,28813166,,1.0,1.0,0.9815950920245399,0,0,0,0,0,0,0,0,0,0,0,0
TRI+52ca9b6a+2024-01-31-15h-46m-35s,281,28451778,28813166,,1.0,1.0,1.0,0,0,0,0,0,0,26,0,26,31,25,31
TRI+52ca9b6a+2024-01-31-15h-51m-47s,250,28451778,28813166,,1.0,1.0,0.9,0,0,0,0,0,0,15,0,15,24,15,24
TRI+52ca9b6a+2024-01-31-15h-54m-21s,211,20252535,25947356,,1.0,1.0,0.26540284360189575,0,0,0,0,0,0,0,0,0,0,0,0
TRI+52ca9b6a+2024-01-31-15h-59m-07s,395,28451778,28813166,,1.0,1.0,0.9392405063291139,0,0,0,0,0,0,49,0,49,76,53,76
TRI+52ca9b6a+2024-01-31-16h-07m-13s,351,20252535,25947356,,1.0,1.0,0.5897435897435898,0,0,0,0,0,0,0,0,0,0,0,0
TRI+52ca9b6a+2024-01-31-16h-33m-21s,166,20252535,25947356,,1.0,1.0,0.6024096385542169,0,0,0,0,0,0,0,0,0,0,0,0
TRI+52ca9b6a+2024-01-31-16h-34m-18s,321,20252535,25947356,,1.0,1.0,0.5763239875389408,0,0,0,0,0,0,0,0,0,0,0,0
TRI+52ca9b6a+2024-01-31-16h-35m-37s,490,28451778,28813166,,1.0,1.0,0.8799126637554585,28,0,28,32,0,32,38,0,38,45,0,45
TRI+52ca9b6a+2024-01-31-16h-37m-44s,234,20252535,25947356,,1.0,1.0,0.5726495726495726,0,0,0,0,0,0,0,0,0,0,0,0
TRI+52ca9b6a+2024-02-01-14h-22m-51s,203,20252535,25947356,,1.0,1.0,0.6502463054187192,0,0,0,0,0,0,0,0,0,0,0,0
TRI+52ca9b6a+2024-02-01-14h-27m-00s,333,28451778,28813166,,1.0,1.0,0.664179104477612,52,0,52,65,0,65,71,0,71,255,15,87
TRI+52ca9b6a+2024-02-01-14h-48m-11s,743,28451778,28813166,,1.0,1.0,0.9792243767313019,18,0,18,21,0,21,24,0,24,42,0,42
TRI+52ca9b6a+2024-02-01-15h-06m-39s,198,20252535,25947356,,1.0,1.0,1.0,0,0,0,0,0,0,0,0,0,0,0,0
TRI+52ca9b6a+2024-02-01-15h-19m-02s,235,20252535,25947356,,1.0,1.0,1.0,0,0,0,0,0,0,0,0,0,0,0,0
TRI+52ca9b6a+2024-02-01-15h-33m-30s,182,20252535,25947356,,1.0,1.0,0.7912087912087912,0,0,0,0,0,0,0,0,0,0,0,0
TRI+52ca9b6a+2024-02-01-15h-43m-27s,396,28451778,28813166,,1.0,1.0,0.3737704918032787,85,0,85,91,0,91,98,0,98,-1,0,113
TRI+52ca9b6a+2024-02-01-15h-50m-01s,174,20252535,25947356,,1.0,1.0,1.0,0,0,0,0,0,0,0,0,0,0,0,0
TRI+52ca9b6a+2024-02-05-10h-24m-08s,259,20252535,25947356,,1.0,1.0,1.0,0,0,0,0,0,0,0,0,0,0,0,0
TRI+52ca9b6a+2024-02-05-10h-34m-51s,611,20252535,25947356,,1.0,1.0,0.9361702127659575,0,0,0,0,0,0,0,0,0,0,0,0
TRI+52ca9b6a+2024-02-05-10h-45m-15s,186,28451778,28813166,,1.0,0.2777777777777778,0.0,0,0,0,-1,0,-1,-1,0,-1,-1,0,-1
TRI+52ca9b6a+2024-02-05-13h-28m-34s,177,28451778,28813166,,1.0,1.0,1.0,0,0,0,0,0,0,0,0,0,0,0,0
TRI+52ca9b6a+2024-02-05-13h-31m-19s,172,28451778,28813166,,1.0,1.0,1.0,0,0,0,0,0,0,0,0,0,0,0,0
TRI+52ca9b6a+2024-02-05-13h-44m-06s,100,20252535,25947356,,1.0,1.0,1.0,0,0,0,0,0,0,0,0,0,0,0,0
TRI+52ca9b6a+2024-02-05-13h-44m-47s,163,28451778,28813166,,1.0,1.0,0.9815950920245399,0,0,0,0,0,0,0,0,0,0,0,0
TRI+52ca9b6a+2024-02-05-14h-04m-01s,151,20252535,25947356,,1.0,1.0,1.0,0,0,0,0,0,0,0,0,0,0,0,0
TRI+52ca9b6a+2024-02-05-14h-31m-22s,218,20252535,25947356,,1.0,1.0,0.8256880733944955,0,0,0,0,0,0,0,0,0,12,12,0
TRI+52ca9b6a+2024-02-05-14h-43m-37s,127,28451778,28813166,,1.0,1.0,1.0,26,26,26,30,29,30,32,31,32,36,36,34
TRI+52ca9b6a+2024-02-05-14h-44m-01s,131,20252535,25947356,,1.0,1.0,1.0,0,0,0,0,0,0,0,0,0,0,0,0
TRI+52ca9b6a+2024-02-05-14h-51m-02s,277,20252535,25947356,,1.0,1.0,1.0,0,0,0,0,0,0,0,0,0,0,0,0
TRI+52ca9b6a+2024-02-05-14h-56m-38s,201,20252535,25947356,,1.0,1.0,1.0,0,0,0,0,0,0,0,0,0,0,0,0
TRI+52ca9b6a+2024-02-05-14h-58m-31s,370,28451778,28813166,,1.0,1.0,1.0,0,0,0,12,0,12,16,10,16,19,18,19
TRI+52ca9b6a+2024-02-06-10h-17m-51s,343,28451778,28813166,,1.0,0.9814814814814815,0.22448979591836735,0,0,0,0,0,0,255,0,255,-1,0,-1
TRI+52ca9b6a+2024-02-06-10h-35m-40s,248,20252535,25947356,,1.0,1.0,1.0,0,0,0,0,0,0,0,0,0,0,0,0
TRI+52ca9b6a+2024-02-06-10h-36m-38s,195,20252535,25947356,,1.0,1.0,1.0,0,0,0,0,0,0,0,0,0,0,0,0
TRI+52ca9b6a+2024-02-06-10h-44m-22s,190,20252535,25947356,,1.0,1.0,1.0,0,0,0,0,0,0,0,0,0,0,0,0
TRI+52ca9b6a+2024-02-06-10h-45m-47s,355,28451778,28813166,,1.0,0.3333333333333333,0.0,0,0,0,-1,0,-1,-1,0,-1,-1,0,-1
TRI+52ca9b6a+2024-02-06-10h-46m-18s,162,20252535,25947356,,1.0,1.0,1.0,0,0,0,0,0,0,0,0,0,24,24,0
TRI+52ca9b6a+2024-02-06-10h-49m-08s,307,28451778,28813166,,1.0,0.2777777777777778,0.0,220,0,220,-1,0,-1,-1,0,-1,-1,0,-1
TRI+52ca9b6a+2024-02-06-12h-03m-18s,209,28451778,28813166,,1.0,1.0,0.6555023923444976,0,0,0,0,0,0,0,0,0,0,0,0
TRI+52ca9b6a+2024-02-06-12h-16m-44s,293,28451778,28813166,,1.0,1.0,1.0,0,0,0,0,0,0,0,0,0,0,0,0
TRI+52ca9b6a+2024-02-06-13h-20m-31s,232,20252535,25947356,,1.0,1.0,0.9094827586206896,0,0,0,0,0,0,0,0,0,0,0,0
TRI+52ca9b6a+2024-02-06-13h-21m-27s,211,20252535,25947356,,1.0,1.0,0.9289099526066351,0,0,0,0,0,0,0,0,0,0,0,0
TRI+52ca9b6a+2024-02-06-13h-30m-23s,219,20252535,25947356,,1.0,1.0,0.9634703196347032,0,0,0,0,0,0,0,0,0,0,0,0
TRI+52ca9b6a+2024-02-06-13h-31m-43s,205,20252535,25947356,,1.0,1.0,0.9317073170731708,0,0,0,0,0,0,0,0,0,128,0,128
TRI+52ca9b6a+2024-02-06-13h-45m-13s,294,20252535,25947356,,1.0,1.0,0.4217687074829932,0,0,0,0,0,0,0,0,0,0,0,0
TRI+52ca9b6a+2024-02-06-13h-48m-06s,150,28451778,28813166,,1.0,1.0,1.0,0,0,0,0,0,0,0,0,0,0,0,0
TRI+52ca9b6a+2024-02-06-14h-04m-18s,255,20252535,25947356,,1.0,1.0,0.0784313725490196,0,0,0,0,0,0,0,0,0,0,0,0
TRI+52ca9b6a+2024-02-06-14h-13m-34s,144,28451778,28813166,,1.0,1.0,1.0,0,0,0,0,0,0,0,0,0,0,0,0
TRI+52ca9b6a+2024-02-06-14h-16m-57s,273,20252535,25947356,,1.0,0.5740740740740741,0.04395604395604396,0,0,0,0,0,0,-1,0,-1,-1,0,-1
TRI+52ca9b6a+2024-02-06-14h-17m-26s,392,20252535,25947356,,1.0,1.0,0.22193877551020408,0,0,0,0,0,0,0,0,0,0,0,0
TRI+52ca9b6a+2024-02-06-14h-18m-24s,118,28451778,28813166,,1.0,1.0,1.0,0,0,0,0,0,0,0,0,0,0,0,0
TRI+52ca9b6a+2024-02-06-15h-12m-51s,276,28451778,28813166,,1.0,1.0,0.5253623188405797,0,0,0,0,0,0,0,0,0,0,0,0
TRI+52ca9b6a+2024-02-06-15h-20m-34s,192,28451778,28813166,,1.0,1.0,0.46875,0,0,0,0,0,0,0,0,0,0,0,0
TRI+52ca9b6a+2024-02-06-15h-50m-59s,136,20252535,25947356,,1.0,1.0,1.0,0,0,0,0,0,0,0,0,0,0,0,0
TRI+52ca9b6a+2024-02-06-15h-52m-45s,253,20252535,25947356,,1.0,1.0,1.0,0,0,0,0,0,0,0,0,0,18,0,18
TRI+52ca9b6a+2024-02-06-16h-21m-25s,289,28451778,28813166,,1.0,1.0,1.0,0,0,0,0,0,0,0,0,0,0,0,0
TRI+52ca9b6a+2024-02-06-16h-23m-19s,176,28451778,28813166,,1.0,1.0,1.0,0,0,0,0,0,0,0,0,0,0,0,0
TRI+52ca9b6a+2024-02-06-16h-25m-13s,277,28451778,28813166,,1.0,1.0,1.0,0,0,0,0,0,0,0,0,0,23,23,0
TRI+52ca9b6a+2024-02-06-16h-28m-27s,203,20252535,25947356,,1.0,1.0,0.6502463054187192,0,0,0,0,0,0,0,0,0,23,0,23
TRI+52ca9b6a+2024-02-06-16h-53m-40s,195,20252535,25947356,,1.0,1.0,1.0,0,0,0,34,34,0,37,37,0,39,39,0
TRI+52ca9b6a+2024-02-06-17h-06m-16s,277,20252535,25947356,,1.0,1.0,1.0,27,27,0,29,29,0,31,31,0,33,33,0
TRI+52ca9b6a+2024-02-06-17h-06m-43s,174,20252535,25947356,,1.0,1.0,1.0,0,0,0,0,0,0,12,12,0,16,16,0
TRI+52ca9b6a+2024-02-07-10h-15m-55s,189,20252535,25947356,,1.0,1.0,1.0,21,21,0,24,24,0,30,30,0,34,34,0
TRI+52ca9b6a+2024-02-07-10h-37m-15s,458,20252535,25947356,,1.0,1.0,1.0,25,25,0,36,36,0,55,55,0,61,61,0
TRI+52ca9b6a+2024-02-07-10h-52m-57s,321,20252535,25947356,,1.0,1.0,0.652317880794702,14,14,0,19,19,0,24,24,0,55,55,0
TRI+52ca9b6a+2024-02-07-10h-55m-26s,477,20252535,25947356,,1.0,1.0,0.7931818181818182,23,23,0,37,37,0,47,47,0,238,238,0
TRI+52ca9b6a+2024-02-07-11h-26m-56s,136,28451778,28813166,,1.0,1.0,1.0,0,0,0,0,0,0,0,0,0,0,0,0
TRI+52ca9b6a+2024-02-07-13h-54m-31s,151,20252535,25947356,,1.0,1.0,1.0,0,0,0,0,0,0,15,15,0,20,20,0
TRI+52ca9b6a+2024-02-07-13h-55m-47s,250,20252535,25947356,,1.0,1.0,1.0,0,0,0,0,0,0,12,12,0,18,18,0
TRI+52ca9b6a+2024-02-07-15h-36m-24s,380,20252535,25947356,,0.7592592592592593,1.0,0.06315789473684211,0,0,0,0,0,0,3,3,0,-1,-1,0
TRI+52ca9b6a+2024-02-08-11h-22m-32s,354,20252535,25947356,,1.0,1.0,1.0,0,0,0,0,0,0,0,0,0,0,0,0
TRI+52ca9b6a+2024-02-08-11h-23m-53s,165,20252535,25947356,,1.0,1.0,1.0,0,0,0,0,0,0,0,0,0,0,0,0
TRI+52ca9b6a+2024-02-08-11h-58m-51s,260,20252535,25947356,,1.0,1.0,1.0,0,0,0,0,0,0,0,0,0,0,0,0
TRI+52ca9b6a+2024-02-08-12h-08m-08s,447,28451778,28813166,,1.0,1.0,0.6691542288557214,43,43,13,45,45,16,49,49,18,57,57,21
TRI+52ca9b6a+2024-02-08-13h-58m-07s,285,20252535,25947356,,1.0,1.0,1.0,0,0,0,0,0,0,0,0,0,0,0,0
TRI+52ca9b6a+2024-02-08-14h-15m-10s,198,20252535,25947356,,1.0,1.0,0.797979797979798,0,0,0,0,0,0,0,0,0,0,0,0
TRI+52ca9b6a+2024-02-08-14h-20m-35s,205,28451778,28813166,,0.5555555555555556,1.0,0.48,171,171,0,180,180,0,-1,-1,18,-1,-1,20
TRI+52ca9b6a+2024-02-08-14h-23m-13s,220,20252535,25947356,,1.0,1.0,1.0,0,0,0,0,0,0,0,0,0,0,0,0
TRI+52ca9b6a+2024-02-08-14h-30m-31s,190,20252535,25947356,,1.0,1.0,1.0,0,0,0,0,0,0,0,0,0,0,0,0
TRI+52ca9b6a+2024-02-08-14h-43m-48s,181,28451778,28813166,,0.7962962962962963,1.0,0.3392857142857143,62,62,19,69,69,22,89,89,25,-1,-1,29
TRI+52ca9b6a+2024-02-08-14h-49m-04s,437,20252535,25947356,,1.0,1.0,0.9931350114416476,0,0,0,0,0,0,0,0,0,0,0,0
TRI+52ca9b6a+2024-02-08-14h-52m-56s,133,20252535,25947356,,1.0,1.0,1.0,0,0,0,0,0,0,0,0,0,0,0,0
TRI+52ca9b6a+2024-02-08-14h-59m-55s,279,20252535,25947356,,1.0,1.0,1.0,0,0,0,0,0,0,0,0,0,0,0,0
TRI+52ca9b6a+2024-02-08-15h-00m-44s,194,20252535,25947356,,1.0,1.0,0.979381443298969,0,0,0,0,0,0,0,0,0,72,0,72
TRI+52ca9b6a+2024-02-08-15h-39m-31s,275,20252535,25947356,,1.0,1.0,0.4618181818181818,0,0,0,0,0,0,0,0,0,68,0,68
TRI+52ca9b6a+2024-02-08-15h-46m-28s,477,20252535,25947356,,1.0,1.0,0.8427672955974843,0,0,0,0,0,0,0,0,0,0,0,0
TRI+52ca9b6a+2024-02-08-16h-07m-51s,200,28451778,28813166,,1.0,1.0,1.0,0,0,0,0,0,0,22,0,22,26,0,26
TRI+52ca9b6a+2024-02-08-16h-23m-26s,112,20252535,25947356,,1.0,1.0,0.875,0,0,0,0,0,0,12,0,12,22,0,22
TRI+52ca9b6a+2024-02-08-16h-35m-08s,201,28451778,28813166,,1.0,1.0,0.900497512437811,0,0,0,0,0,0,0,0,0,0,0,0
TRI+52ca9b6a+2024-02-08-16h-40m-31s,167,20252535,25947356,,1.0,1.0,1.0,0,0,0,0,0,0,0,0,0,48,0,48
TRI+52ca9b6a+2024-02-08-16h-53m-13s,175,20252535,25947356,,1.0,1.0,1.0,0,0,0,0,0,0,0,0,0,0,0,0
TRI+52ca9b6a+2024-02-08-17h-00m-21s,133,28451778,28813166,,1.0,1.0,0.7142857142857143,0,0,0,0,0,0,0,0,0,104,0,104
TRI+52ca9b6a+2024-02-08-17h-05m-31s,141,28451778,28813166,,1.0,1.0,1.0,0,0,0,14,0,14,28,0,28,39,0,39
TRI+52ca9b6a+2024-02-08-17h-11m-11s,334,28451778,28813166,,1.0,1.0,0.937125748502994,0,0,0,0,0,0,14,0,14,22,0,22
TRI+52ca9b6a+2024-02-08-17h-13m-40s,169,28451778,28813166,,1.0,1.0,0.8230088495575221,0,0,0,56,0,56,94,0,94,96,45,96
TRI+52ca9b6a+2024-02-12-09h-55m-31s,416,20252535,25947356,,1.0,1.0,0.8605769230769231,0,0,0,0,0,0,0,0,0,0,0,0
TRI+52ca9b6a+2024-02-12-09h-57m-24s,174,20252535,25947356,,1.0,1.0,0.8735632183908046,0,0,0,0,0,0,0,0,0,104,0,104
TRI+52ca9b6a+2024-02-12-10h-36m-28s,252,20252535,25947356,,1.0,1.0,1.0,0,0,0,0,0,0,0,0,0,0,0,0
TRI+52ca9b6a+2024-02-12-11h-09m-46s,267,20252535,25947356,,1.0,1.0,1.0,0,0,0,0,0,0,0,0,0,15,15,0
TRI+52ca9b6a+2024-02-12-13h-32m-43s,313,20252535,25947356,,1.0,1.0,0.9616613418530351,0,0,0,0,0,0,0,0,0,0,0,0
TRI+52ca9b6a+2024-02-12-13h-38m-22s,241,20252535,25947356,,1.0,1.0,1.0,0,0,0,0,0,0,0,0,0,0,0,0
TRI+52ca9b6a+2024-02-12-13h-52m-52s,153,20252535,25947356,,1.0,1.0,1.0,0,0,0,0,0,0,0,0,0,0,0,0
TRI+52ca9b6a+2024-02-12-13h-56m-38s,244,28451778,28813166,,1.0,1.0,1.0,0,0,0,0,0,0,0,0,0,0,0,0
TRI+52ca9b6a+2024-02-12-13h-59m-17s,292,20252535,25947356,,1.0,1.0,1.0,0,0,0,0,0,0,0,0,0,0,0,0
TRI+52ca9b6a+2024-02-12-14h-06m-08s,227,28451778,28813166,,1.0,1.0,1.0,0,0,0,0,0,0,0,0,0,0,0,0
TRI+52ca9b6a+2024-02-12-14h-48m-44s,286,20252535,25947356,,1.0,1.0,1.0,0,0,0,0,0,0,0,0,0,0,0,0
TRI+52ca9b6a+2024-02-12-15h-16m-09s,221,28451778,28813166,,1.0,1.0,1.0,0,0,0,0,0,0,0,0,0,0,0,0
TRI+52ca9b6a+2024-02-12-15h-18m-00s,120,28451778,28813166,,1.0,1.0,1.0,0,0,0,0,0,0,0,0,0,0,0,0
TRI+52ca9b6a+2024-02-12-15h-19m-03s,100,20252535,25947356,,1.0,1.0,1.0,0,0,0,0,0,0,0,0,0,0,0,0
TRI+52ca9b6a+2024-02-12-15h-25m-16s,219,20252535,25947356,,1.0,1.0,1.0,0,0,0,0,0,0,0,0,0,0,0,0
TRI+52ca9b6a+2024-02-12-15h-33m-10s,383,28451778,28813166,,1.0,1.0,1.0,0,0,0,0,0,0,0,0,0,0,0,0
TRI+52ca9b6a+2024-02-12-16h-23m-33s,271,20252535,25947356,,1.0,1.0,1.0,0,0,0,0,0,0,0,0,0,0,0,0
TRI+52ca9b6a+2024-02-12-16h-43m-39s,406,20252535,25947356,,1.0,1.0,1.0,0,0,0,0,0,0,0,0,0,0,0,0
TRI+52ca9b6a+2024-02-12-16h-44m-43s,173,20252535,25947356,,1.0,1.0,1.0,0,0,0,0,0,0,0,0,0,0,0,0
TRI+52ca9b6a+2024-02-13-10h-49m-15s,188,20252535,25947356,,1.0,1.0,0.7592592592592593,14,14,0,26,26,0,40,40,0,115,115,0
TRI+52ca9b6a+2024-02-13-11h-07m-14s,186,20252535,25947356,,1.0,1.0,0.49390243902439024,19,19,0,22,22,0,25,25,0,33,33,0
TRI+52ca9b6a+2024-02-13-15h-03m-30s,149,20252535,25947356,,1.0,1.0,1.0,0,0,0,0,0,0,0,0,0,0,0,0
TRI+52ca9b6a+2024-02-13-15h-04m-50s,170,20252535,25947356,,1.0,1.0,1.0,0,0,0,0,0,0,0,0,0,0,0,0
TRI+52ca9b6a+2024-02-13-15h-14m-58s,191,20252535,25947356,,1.0,1.0,1.0,0,0,0,0,0,0,0,0,0,0,0,0
TRI+52ca9b6a+2024-02-13-15h-16m-34s,189,20252535,25947356,,1.0,1.0,1.0,0,0,0,0,0,0,0,0,0,0,0,0
TRI+52ca9b6a+2024-02-13-15h-16m-57s,162,20252535,25947356,,1.0,1.0,1.0,0,0,0,0,0,0,0,0,0,0,0,0
TRI+52ca9b6a+2024-02-13-15h-17m-15s,160,20252535,25947356,,1.0,1.0,1.0,0,0,0,0,0,0,0,0,0,0,0,0
TRI+52ca9b6a+2024-02-13-16h-03m-29s,135,20252535,25947356,,1.0,1.0,1.0,0,0,0,0,0,0,0,0,0,0,0,0
TRI+52ca9b6a+2024-02-13-16h-05m-04s,146,20252535,25947356,,1.0,1.0,1.0,0,0,0,0,0,0,0,0,0,0,0,0
TRI+7dfa2da3+2023-10-12-13h-20m-22s,171,29431508,29513368,,1.0,1.0,0.9005847953216374,0,0,0,0,0,0,23,17,23,30,21,30
TRI+7dfa2da3+2023-10-12-13h-22m-11s,307,29431508,29513368,,1.0,1.0,0.9120521172638436,0,0,0,0,0,0,32,21,32,36,31,36
TRI+938130c4+2023-08-07-14h-00m-35s,181,23404442,29838012,,1.0,1.0,1.0,0,0,0,0,0,0,0,0,0,17,0,17
TRI+938130c4+2023-08-07-14h-16m-16s,149,23404442,29838012,,1.0,1.0,1.0,0,0,0,0,0,0,10,0,10,15,0,15
TRI+938130c4+2023-08-07-14h-27m-11s,390,23404442,29838012,,1.0,1.0,1.0,0,0,0,0,0,0,11,0,11,15,0,15
TRI+938130c4+2023-08-07-15h-16m-01s,139,23404442,29838012,,1.0,1.0,1.0,0,0,0,0,0,0,17,0,17,20,0,20
TRI+938130c4+2023-08-07-15h-25m-28s,290,23404442,29838012,,1.0,1.0,1.0,0,0,0,0,0,0,0,0,0,16,0,16
TRI+938130c4+2023-08-07-15h-40m-11s,98,23404442,29838012,,1.0,1.0,1.0,0,0,0,8,0,8,12,0,12,14,9,14
TRI+938130c4+2023-08-07-16h-06m-12s,192,23404442,29838012,,1.0,1.0,1.0,0,0,0,0,0,0,0,0,0,27,0,27
TRI+938130c4+2023-08-07-16h-14m-02s,186,23404442,29838012,,1.0,1.0,1.0,0,0,0,0,0,0,0,0,0,0,0,0
TRI+938130c4+2023-08-07-16h-53m-30s,263,23404442,29838012,,1.0,1.0,1.0,0,0,0,10,0,10,13,0,13,16,8,16
TRI+938130c4+2023-08-07-17h-07m-30s,125,23404442,29838012,,1.0,1.0,1.0,0,0,0,0,0,0,14,0,14,17,8,17
TRI+938130c4+2023-08-07-17h-16m-11s,185,23404442,29838012,,1.0,1.0,1.0,11,0,11,16,0,16,21,7,21,23,15,23
TRI+938130c4+2023-08-07-17h-23m-27s,236,23404442,29838012,,1.0,1.0,1.0,0,0,0,0,0,0,0,0,0,21,0,21
TRI+938130c4+2023-08-07-17h-24m-50s,302,23404442,29838012,,1.0,1.0,1.0,0,0,0,13,0,13,21,0,21,25,13,25
TRI+938130c4+2023-08-07-17h-30m-10s,138,23404442,29838012,,1.0,1.0,1.0,0,0,0,0,0,0,0,0,0,9,0,9
TRI+938130c4+2023-08-07-17h-31m-21s,132,23404442,29838012,,1.0,1.0,1.0,7,0,7,10,0,10,13,5,13,14,8,14
TRI+938130c4+2023-08-07-17h-55m-57s,230,23404442,29838012,,1.0,1.0,1.0,0,0,0,8,0,8,13,0,13,16,0,16
TRI+938130c4+2023-08-07-17h-56m-25s,128,23404442,29838012,,1.0,1.0,1.0,8,0,8,11,0,11,14,0,14,15,8,15
TRI+938130c4+2023-08-07-18h-01m-40s,179,23404442,29838012,,1.0,1.0,1.0,0,0,0,0,0,0,0,0,0,5,0,5
TRI+938130c4+2023-08-07-18h-06m-09s,166,23404442,29838012,,1.0,1.0,1.0,0,0,0,0,0,0,8,0,8,14,0,14
TRI+938130c4+2023-08-07-18h-12m-27s,86,23404442,29838012,,1.0,1.0,1.0,0,0,0,0,0,0,0,0,0,7,0,7
TRI+938130c4+2023-08-07-18h-20m-43s,133,23404442,29838012,,1.0,1.0,1.0,0,0,0,13,0,13,17,0,17,21,13,21
TRI+938130c4+2023-08-08-08h-54m-22s,229,23404442,29838012,,1.0,1.0,1.0,16,0,16,21,0,21,24,16,24,28,21,28
TRI+938130c4+2023-08-08-09h-01m-29s,172,23404442,29838012,,1.0,1.0,1.0,0,0,0,0,0,0,0,0,0,12,0,12
TRI+938130c4+2023-08-08-09h-04m-12s,131,23404442,29838012,,1.0,1.0,1.0,6,0,6,11,0,11,14,9,14,16,12,16
TRI+938130c4+2023-08-08-09h-12m-09s,205,23404442,29838012,,1.0,1.0,1.0,0,0,0,0,0,0,0,0,0,0,0,0
TRI+938130c4+2023-08-08-09h-33m-50s,155,23404442,29838012,,1.0,1.0,1.0,0,0,0,0,0,0,0,0,0,12,12,0
TRI+938130c4+2023-08-08-09h-39m-22s,339,23404442,29838012,,1.0,1.0,1.0,0,0,0,0,0,0,0,0,0,8,6,8
TRI+938130c4+2023-08-08-09h-51m-54s,179,23404442,29838012,,1.0,1.0,1.0,0,0,0,0,0,0,0,0,0,7,7,0
TRI+938130c4+2023-08-08-09h-54m-40s,374,23404442,29838012,,1.0,1.0,1.0,0,0,0,0,0,0,0,0,0,0,0,0
TRI+938130c4+2023-08-09-08h-51m-08s,216,23404442,29838012,,1.0,1.0,1.0,0,0,0,0,0,0,0,0,0,0,0,0
TRI+938130c4+2023-08-09-08h-54m-31s,189,23404442,29838012,,1.0,1.0,1.0,0,0,0,0,0,0,0,0,0,0,0,0
TRI+938130c4+2023-08-09-08h-55m-40s,202,23404442,29838012,,1.0,1.0,1.0,0,0,0,0,0,0,0,0,0,0,0,0
TRI+938130c4+2023-08-09-09h-00m-18s,118,23404442,29838012,,1.0,1.0,1.0,0,0,0,0,0,0,0,0,0,0,0,0
TRI+938130c4+2023-08-09-09h-13m-08s,159,23404442,29838012,,1.0,1.0,0.5911949685534591,0,0,0,0,0,0,0,0,0,0,0,0
TRI+938130c4+2023-08-09-09h-28m-37s,193,23404442,29838012,,1.0,1.0,1.0,0,0,0,0,0,0,0,0,0,0,0,0
TRI+938130c4+2023-08-09-09h-29m-24s,286,23404442,29838012,,1.0,1.0,1.0,0,0,0,0,0,0,14,0,14,17,15,17
TRI+938130c4+2023-08-09-09h-44m-40s,179,23404442,29838012,,1.0,1.0,1.0,0,0,0,0,0,0,0,0,0,0,0,0
TRI+938130c4+2023-08-09-10h-21m-05s,187,23404442,29838012,,1.0,1.0,1.0,0,0,0,0,0,0,8,8,0,11,11,0
TRI+938130c4+2023-08-09-10h-26m-27s,268,23404442,29838012,,1.0,1.0,1.0,0,0,0,0,0,0,0,0,0,0,0,0
TRI+938130c4+2023-08-09-10h-26m-56s,231,23404442,29838012,,1.0,1.0,1.0,0,0,0,0,0,0,0,0,0,9,9,0
TRI+938130c4+2023-08-09-10h-32m-40s,290,23404442,29838012,,1.0,1.0,1.0,0,0,0,0,0,0,0,0,0,0,0,0
TRI+938130c4+2023-08-09-10h-53m-51s,260,23404442,29838012,,1.0,1.0,1.0,0,0,0,0,0,0,0,0,0,0,0,0
TRI+938130c4+2023-08-09-11h-09m-18s,118,23404442,29838012,,1.0,1.0,1.0,0,0,0,0,0,0,0,0,0,0,0,0
TRI+938130c4+2023-08-09-11h-38m-48s,140,23404442,29838012,,1.0,1.0,1.0,0,0,0,0,0,0,0,0,0,0,0,0
TRI+938130c4+2023-08-09-11h-53m-06s,281,23404442,29838012,,1.0,1.0,1.0,0,0,0,0,0,0,0,0,0,12,12,0
TRI+938130c4+2023-08-09-13h-52m-53s,366,23404442,29838012,,1.0,1.0,1.0,0,0,0,0,0,0,0,0,0,0,0,0
TRI+938130c4+2023-08-09-13h-54m-39s,157,23404442,29838012,,1.0,1.0,1.0,0,0,0,0,0,0,0,0,0,0,0,0
TRI+938130c4+2023-08-09-13h-57m-17s,228,23404442,29838012,,1.0,1.0,1.0,0,0,0,0,0,0,0,0,0,0,0,0
TRI+938130c4+2023-08-09-13h-57m-48s,104,23404442,29838012,,1.0,1.0,1.0,0,0,0,0,0,0,0,0,0,8,8,0
TRI+938130c4+2023-08-09-14h-15m-08s,382,23404442,29838012,,1.0,1.0,1.0,0,0,0,0,0,0,0,0,0,0,0,0
TRI+938130c4+2023-08-09-14h-25m-48s,366,23404442,29838012,,1.0,1.0,1.0,0,0,0,0,0,0,0,0,0,0,0,0
TRI+938130c4+2023-08-09-14h-32m-04s,116,23404442,29838012,,1.0,1.0,1.0,0,0,0,0,0,0,0,0,0,0,0,0
TRI+938130c4+2023-08-09-14h-36m-44s,395,23404442,29838012,,1.0,1.0,1.0,0,0,0,0,0,0,0,0,0,0,0,0
TRI+938130c4+2023-08-09-15h-22m-20s,121,23404442,29838012,,1.0,1.0,1.0,0,0,0,0,0,0,9,9,0,14,14,0
TRI+938130c4+2023-08-09-15h-27m-43s,152,23404442,29838012,,1.0,1.0,1.0,0,0,0,0,0,0,0,0,0,0,0,0
TRI+938130c4+2023-08-09-15h-29m-51s,305,23404442,29838012,,1.0,1.0,1.0,0,0,0,0,0,0,0,0,0,0,0,0
TRI+938130c4+2023-08-09-15h-33m-01s,208,23404442,29838012,,1.0,1.0,1.0,0,0,0,0,0,0,0,0,0,0,0,0
TRI+938130c4+2023-08-09-15h-58m-44s,241,23404442,29838012,,1.0,1.0,1.0,0,0,0,0,0,0,0,0,0,8,8,0
TRI+938130c4+2023-08-09-16h-50m-13s,187,23404442,29838012,,1.0,1.0,1.0,0,0,0,0,0,0,0,0,0,0,0,0
TRI+938130c4+2023-08-09-17h-02m-06s,212,23404442,29838012,,1.0,1.0,1.0,0,0,0,0,0,0,0,0,0,0,0,0
TRI+938130c4+2023-08-09-17h-30m-35s,116,23404442,29838012,,1.0,1.0,0.8448275862068966,0,0,0,0,0,0,0,0,0,8,7,8
TRI+938130c4+2023-08-09-17h-37m-13s,306,23404442,29838012,,1.0,1.0,1.0,0,0,0,0,0,0,0,0,0,0,0,0
TRI+938130c4+2023-08-10-09h-00m-22s,145,20252535,25947356,,1.0,1.0,1.0,0,0,0,0,0,0,0,0,0,0,0,0
TRI+938130c4+2023-08-10-09h-32m-33s,237,20252535,25947356,,1.0,1.0,1.0,0,0,0,0,0,0,0,0,0,0,0,0
TRI+938130c4+2023-08-10-10h-06m-22s,200,20252535,25947356,,1.0,1.0,1.0,0,0,0,0,0,0,0,0,0,0,0,0
TRI+938130c4+2023-08-10-10h-11m-41s,195,20252535,25947356,,1.0,1.0,1.0,0,0,0,0,0,0,0,0,0,11,11,9
TRI+938130c4+2023-08-10-10h-20m-51s,185,20252535,25947356,,1.0,1.0,1.0,0,0,0,0,0,0,0,0,0,0,0,0
TRI+938130c4+2023-08-10-10h-23m-31s,191,20252535,25947356,,1.0,1.0,1.0,0,0,0,0,0,0,0,0,0,0,0,0
TRI+938130c4+2023-08-10-10h-25m-02s,132,20252535,25947356,,1.0,1.0,1.0,0,0,0,0,0,0,0,0,0,7,7,7
TRI+938130c4+2023-08-10-10h-37m-31s,246,20252535,25947356,,1.0,1.0,1.0,0,0,0,0,0,0,0,0,0,0,0,0
TRI+938130c4+2023-08-10-10h-38m-13s,250,20252535,25947356,,1.0,1.0,1.0,0,0,0,0,0,0,0,0,0,12,0,12
TRI+938130c4+2023-08-10-10h-40m-42s,377,20252535,25947356,,1.0,1.0,1.0,0,0,0,0,0,0,0,0,0,0,0,0
TRI+938130c4+2023-08-10-10h-59m-03s,142,20252535,25947356,,1.0,1.0,1.0,0,0,0,0,0,0,0,0,0,0,0,0
TRI+938130c4+2023-08-10-14h-30m-06s,314,20252535,25947356,,1.0,1.0,1.0,0,0,0,0,0,0,0,0,0,0,0,0
TRI+938130c4+2023-08-10-14h-33m-06s,192,20252535,25947356,,1.0,1.0,1.0,0,0,0,0,0,0,0,0,0,16,0,16
TRI+938130c4+2023-08-10-14h-41m-11s,258,20252535,25947356,,1.0,1.0,1.0,0,0,0,0,0,0,0,0,0,0,0,0
TRI+938130c4+2023-08-10-15h-53m-54s,384,20252535,25947356,,1.0,1.0,1.0,0,0,0,0,0,0,0,0,0,0,0,0
TRI+938130c4+2023-08-10-15h-55m-12s,137,20252535,25947356,,1.0,1.0,1.0,0,0,0,0,0,0,7,7,0,12,12,0
TRI+938130c4+2023-08-10-15h-59m-05s,203,20252535,25947356,,1.0,1.0,1.0,0,0,0,0,0,0,0,0,0,13,13,0
TRI+938130c4+2023-08-10-16h-03m-18s,292,20252535,25947356,,1.0,1.0,1.0,0,0,0,0,0,0,0,0,0,0,0,0
TRI+938130c4+2023-08-10-16h-07m-29s,114,20252535,25947356,,1.0,1.0,1.0,0,0,0,7,7,0,11,11,0,13,13,7
TRI+938130c4+2023-08-10-16h-26m-53s,169,20252535,25947356,,1.0,1.0,1.0,0,0,0,0,0,0,0,0,0,0,0,0
TRI+938130c4+2023-08-10-16h-35m-28s,299,20252535,25947356,,1.0,1.0,1.0,0,0,0,0,0,0,0,0,0,0,0,0
TRI+938130c4+2023-08-10-17h-02m-59s,257,20252535,25947356,,1.0,1.0,1.0,0,0,0,0,0,0,0,0,0,0,0,0
TRI+938130c4+2023-08-10-17h-08m-18s,293,20252535,25947356,,1.0,1.0,1.0,0,0,0,0,0,0,0,0,0,0,0,0
TRI+938130c4+2023-08-10-17h-20m-13s,350,20252535,25947356,,1.0,1.0,1.0,0,0,0,0,0,0,0,0,0,0,0,0
TRI+938130c4+2023-08-10-17h-44m-14s,144,20252535,25947356,,1.0,1.0,1.0,0,0,0,0,0,0,0,0,0,0,0,0
TRI+938130c4+2023-08-21-14h-01m-28s,234,20252535,25947356,,1.0,1.0,1.0,0,0,0,0,0,0,0,0,0,0,0,0
TRI+938130c4+2023-08-21-14h-02m-21s,232,20252535,25947356,,1.0,1.0,1.0,0,0,0,0,0,0,0,0,0,0,0,0
TRI+938130c4+2023-08-21-14h-12m-12s,269,20252535,25947356,,1.0,1.0,1.0,0,0,0,0,0,0,0,0,0,0,0,0
TRI+938130c4+2023-08-21-14h-15m-45s,253,20252535,25947356,,1.0,1.0,0.6561264822134387,0,0,0,0,0,0,15,15,0,18,18,0
TRI+938130c4+2023-08-21-14h-16m-59s,220,20252535,25947356,,1.0,1.0,1.0,0,0,0,0,0,0,0,0,0,0,0,0
TRI+938130c4+2023-08-21-14h-20m-09s,219,20252535,25947356,,1.0,1.0,1.0,0,0,0,0,0,0,0,0,0,0,0,0
TRI+938130c4+2023-08-21-14h-46m-21s,244,20252535,25947356,,1.0,1.0,1.0,0,0,0,0,0,0,0,0,0,0,0,0
TRI+938130c4+2023-08-21-14h-55m-10s,283,20252535,25947356,,1.0,1.0,1.0,0,0,0,0,0,0,0,0,0,0,0,0
TRI+938130c4+2023-08-21-14h-55m-38s,350,20252535,25947356,,1.0,1.0,1.0,0,0,0,0,0,0,0,0,0,0,0,0
TRI+938130c4+2023-08-21-14h-58m-42s,133,20252535,25947356,,1.0,1.0,1.0,0,0,0,0,0,0,0,0,0,0,0,0
TRI+938130c4+2023-08-21-17h-21m-43s,207,20252535,25947356,,1.0,1.0,1.0,0,0,0,0,0,0,0,0,0,0,0,0
TRI+938130c4+2023-08-21-17h-38m-07s,150,20252535,25947356,,1.0,1.0,1.0,0,0,0,0,0,0,0,0,0,10,10,0
TRI+938130c4+2023-08-21-17h-42m-08s,168,20252535,25947356,,1.0,1.0,1.0,0,0,0,0,0,0,10,10,0,16,16,0
TRI+938130c4+2023-08-21-17h-44m-22s,223,20252535,25947356,,1.0,1.0,1.0,0,0,0,0,0,0,0,0,0,0,0,0
TRI+938130c4+2023-08-21-18h-00m-19s,175,20252535,25947356,,1.0,1.0,1.0,0,0,0,0,0,0,0,0,0,16,16,0
TRI+938130c4+2023-08-22-11h-01m-15s,224,20252535,25947356,,1.0,1.0,1.0,0,0,0,0,0,0,16,16,14,21,20,21
TRI+938130c4+2023-08-22-11h-10m-54s,182,20252535,25947356,,1.0,1.0,1.0,0,0,0,0,0,0,14,14,0,22,22,17
TRI+938130c4+2023-08-22-11h-11m-57s,257,20252535,25947356,,1.0,1.0,1.0,0,0,0,0,0,0,0,0,0,0,0,0
TRI+938130c4+2023-08-22-11h-17m-59s,322,20252535,25947356,,1.0,1.0,1.0,0,0,0,0,0,0,0,0,0,0,0,0
TRI+938130c4+2023-08-22-11h-39m-03s,383,20252535,25947356,,1.0,1.0,1.0,0,0,0,0,0,0,0,0,0,0,0,0
TRI+938130c4+2023-08-22-16h-06m-39s,146,20252535,25947356,,1.0,1.0,1.0,0,0,0,0,0,0,0,0,0,13,0,13
TRI+938130c4+2023-08-22-16h-15m-47s,356,20252535,25947356,,1.0,1.0,0.9803370786516854,0,0,0,0,0,0,0,0,0,0,0,0
TRI+938130c4+2023-08-22-17h-38m-47s,112,20252535,25947356,,1.0,1.0,1.0,0,0,0,0,0,0,0,0,0,0,0,0
TRI+a23987ac+2023-10-12-11h-17m-45s,494,28451778,28813166,,1.0,1.0,0.9534412955465587,0,0,0,0,0,0,75,75,0,88,88,69
TRI+a23987ac+2023-10-12-11h-19m-56s,426,28451778,28813166,,1.0,1.0,1.0,0,0,0,0,0,0,0,0,0,0,0,0
TRI+a23987ac+2023-10-12-11h-45m-10s,439,28451778,28813166,,1.0,1.0,0.6583143507972665,0,0,0,0,0,0,0,0,0,0,0,0
TRI+a23987ac+2023-10-12-13h-10m-33s,436,28451778,28813166,,1.0,1.0,1.0,0,0,0,0,0,0,0,0,0,0,0,0
TRI+a23987ac+2023-10-12-13h-17m-54s,380,28451778,28813166,,1.0,1.0,1.0,0,0,0,0,0,0,0,0,0,0,0,0
TRI+a8754edb+2023-10-12-09h-53m-24s,587,28451778,28813166,,1.0,1.0,1.0,0,0,0,0,0,0,0,0,0,0,0,0
TRI+a8754edb+2023-10-12-09h-58m-46s,903,28451778,28813166,,1.0,1.0,1.0,0,0,0,0,0,0,0,0,0,0,0,0
TRI+a8754edb+2023-10-12-10h-24m-40s,228,28451778,28813166,,1.0,1.0,1.0,0,0,0,0,0,0,0,0,0,0,0,0
TRI+a8754edb+2023-10-12-10h-29m-09s,426,28451778,28813166,,1.0,1.0,0.2887323943661972,0,0,0,0,0,0,0,0,0,12,12,0
TRI+a8754edb+2023-10-12-10h-49m-38s,203,28451778,28813166,,1.0,1.0,1.0,0,0,0,0,0,0,0,0,0,0,0,0
TRI+a8754edb+2023-10-12-18h-13m-33s,540,29431508,29513368,,1.0,1.0,1.0,0,0,0,0,0,0,0,0,0,0,0,0
TRI+a8754edb+2023-10-12-18h-22m-19s,610,29431508,29513368,,1.0,1.0,0.7180327868852459,0,0,0,0,0,0,0,0,0,35,0,35
WEIRD+30c3da59+2023-11-13-19h-59m-52s,362,23804457,28834630,,1.0,1.0,1.0,0,0,0,0,0,0,0,0,0,0,0,0
WEIRD+30c3da59+2023-12-01-17h-14m-41s,228,23804457,28834630,,1.0,1.0,1.0,0,0,0,0,0,0,0,0,0,0,0,0
WEIRD+30c3da59+2023-12-01-17h-19m-25s,765,23804457,28834630,,1.0,1.0,0.9934640522875817,0,0,0,0,0,0,0,0,0,0,0,0
WEIRD+30c3da59+2023-12-06-17h-29m-17s,331,23804457,28834630,,1.0,1.0,0.3081570996978852,0,0,0,0,0,0,0,0,0,0,0,0
WEIRD+30c3da59+2023-12-06-17h-29m-54s,475,23804457,28834630,,1.0,1.0,0.8526315789473684,0,0,0,0,0,0,0,0,0,0,0,0
WEIRD+30c3da59+2023-12-08-15h-55m-35s,754,23804457,28834630,,1.0,1.0,1.0,0,0,0,0,0,0,0,0,0,0,0,0
WEIRD+30c3da59+2023-12-08-16h-05m-45s,442,23804457,28834630,,1.0,1.0,1.0,0,0,0,0,0,0,0,0,0,0,0,0
WEIRD+30c3da59+2023-12-08-16h-14m-53s,456,23804457,28834630,,1.0,1.0,1.0,0,0,0,0,0,0,0,0,0,0,0,0
WEIRD+30c3da59+2023-12-08-16h-25m-06s,573,23804457,28834630,,1.0,1.0,1.0,0,0,0,0,0,0,0,0,0,9,0,9
WEIRD+30c3da59+2024-01-12-16h-10m-42s,568,23804457,28834630,,1.0,1.0,1.0,0,0,0,0,0,0,0,0,0,0,0,0
WEIRD+30c3da59+2024-01-12-16h-12m-07s,342,23804457,28834630,,1.0,1.0,1.0,0,0,0,0,0,0,0,0,0,0,0,0
WEIRD+417ecf07+2023-11-21-19h-51m-24s,651,23804457,28834630,,1.0,0.9629629629629629,0.09831029185867896,0,0,0,0,0,0,0,0,0,-1,0,-1
WEIRD+417ecf07+2023-11-21-20h-52m-51s,244,23804457,28834630,,1.0,1.0,0.9098360655737705,0,0,0,0,0,0,0,0,0,0,0,0
WEIRD+417ecf07+2023-11-21-20h-54m-57s,513,23804457,28834630,,1.0,1.0,1.0,0,0,0,0,0,0,0,0,0,0,0,0
WEIRD+417ecf07+2023-11-30-20h-05m-35s,259,23804457,28834630,,1.0,1.0,1.0,0,0,0,0,0,0,0,0,0,0,0,0
WEIRD+5047dd9a+2023-11-22-16h-43m-12s,1578,23804457,28834630,,1.0,1.0,1.0,0,0,0,0,0,0,0,0,0,0,0,0
WEIRD+5047dd9a+2023-11-29-22h-29m-50s,495,23804457,28834630,,1.0,1.0,1.0,0,0,0,0,0,0,0,0,0,0,0,0
WEIRD+5047dd9a+2023-11-29-22h-30m-54s,399,23804457,28834630,,1.0,1.0,1.0,0,0,0,0,0,0,0,0,0,0,0,0
WEIRD+5a211037+2023-11-20-20h-49m-20s,301,23804457,28834630,,1.0,1.0,1.0,0,0,0,0,0,0,0,0,0,0,0,0
WEIRD+5a211037+2023-11-20-20h-51m-49s,336,23804457,28834630,,1.0,1.0,0.8422619047619048,0,0,0,0,0,0,0,0,0,0,0,0
WEIRD+5a211037+2023-11-20-21h-00m-40s,774,23804457,28834630,,1.0,1.0,1.0,0,0,0,0,0,0,0,0,0,0,0,0
WEIRD+5a211037+2023-11-20-21h-08m-17s,765,23804457,28834630,,1.0,1.0,1.0,0,0,0,0,0,0,0,0,0,0,0,0
WEIRD+5a211037+2023-11-20-21h-15m-30s,328,23804457,28834630,,1.0,1.0,1.0,0,0,0,0,0,0,0,0,0,0,0,0
WEIRD+5a211037+2023-11-20-21h-24m-00s,256,23804457,28834630,,1.0,1.0,1.0,0,0,0,0,0,0,0,0,0,0,0,0
WEIRD+5a211037+2023-11-22-17h-14m-24s,286,23804457,28834630,,1.0,1.0,1.0,0,0,0,0,0,0,0,0,0,0,0,0
WEIRD+5a211037+2023-11-22-17h-29m-29s,687,23804457,28834630,,1.0,1.0,0.10334788937409024,0,0,0,0,0,0,0,0,0,0,0,0
WEIRD+5a211037+2023-11-22-18h-22m-25s,716,23804457,28834630,,1.0,1.0,1.0,0,0,0,0,0,0,0,0,0,27,0,27
WEIRD+5a211037+2023-11-30-16h-25m-16s,505,23804457,28834630,,1.0,1.0,1.0,0,0,0,0,0,0,0,0,0,0,0,0
WEIRD+5a211037+2023-11-30-16h-26m-06s,323,23804457,28834630,,1.0,1.0,1.0,0,0,0,0,0,0,0,0,0,0,0,0
WEIRD+5a211037+2023-11-30-16h-50m-28s,152,23804457,28834630,,1.0,1.0,1.0,0,0,0,0,0,0,0,0,0,0,0,0
WEIRD+5a211037+2023-12-05-22h-07m-40s,570,23804457,28834630,,1.0,1.0,1.0,0,0,0,0,0,0,0,0,0,0,0,0
WEIRD+5a211037+2023-12-12-22h-20m-26s,411,23804457,28834630,,1.0,1.0,1.0,0,0,0,0,0,0,0,0,0,0,0,0
WEIRD+5a211037+2023-12-12-22h-32m-16s,178,23804457,28834630,,1.0,1.0,1.0,0,0,0,0,0,0,0,0,0,0,0,0
WEIRD+5a211037+2023-12-19-21h-42m-40s,151,23804457,28834630,,1.0,1.0,1.0,0,0,0,0,0,0,0,0,0,0,0,0
WEIRD+5a211037+2023-12-19-22h-36m-49s,1349,23804457,28834630,,1.0,1.0,1.0,0,0,0,0,0,0,0,0,0,0,0,0
WEIRD+5a211037+2023-12-20-21h-27m-47s,917,23804457,28834630,,1.0,1.0,1.0,0,0,0,0,0,0,0,0,0,0,0,0
WEIRD+5a211037+2023-12-20-21h-37m-02s,624,23804457,28834630,,1.0,1.0,1.0,0,0,0,0,0,0,0,0,0,0,0,0
WEIRD+5a211037+2023-12-20-21h-51m-33s,305,23804457,28834630,,1.0,1.0,1.0,0,0,0,0,0,0,0,0,0,0,0,0
WEIRD+5a211037+2023-12-20-22h-32m-23s,555,23804457,28834630,,1.0,1.0,1.0,0,0,0,0,0,0,0,0,0,0,0,0
WEIRD+9338a0f6+2023-12-04-20h-44m-05s,295,23804457,28834630,,1.0,1.0,1.0,0,0,0,0,0,0,0,0,0,0,0,0
WEIRD+9338a0f6+2023-12-04-20h-49m-47s,407,23804457,28834630,,1.0,1.0,1.0,0,0,0,0,0,0,18,18,0,30,30,14
WEIRD+9338a0f6+2023-12-04-20h-51m-54s,268,23804457,28834630,,1.0,1.0,1.0,0,0,0,0,0,0,0,0,0,0,0,0
WEIRD+9338a0f6+2023-12-04-21h-58m-01s,1076,23804457,28834630,,1.0,1.0,0.35223048327137546,0,0,0,0,0,0,0,0,0,17,0,17
WEIRD+9338a0f6+2023-12-06-21h-57m-26s,571,23804457,28834630,,1.0,1.0,1.0,0,0,0,0,0,0,0,0,0,0,0,0
WEIRD+b0440f67+2024-01-09-23h-41m-00s,220,23804457,28834630,,1.0,1.0,1.0,0,0,0,0,0,0,0,0,0,0,0,0
WEIRD+b0440f67+2024-01-11-20h-24m-09s,603,23804457,28834630,,1.0,1.0,1.0,0,0,0,0,0,0,0,0,0,0,0,0
WEIRD+bccfde6e+2023-12-11-21h-49m-27s,328,23804457,28834630,,1.0,1.0,1.0,0,0,0,0,0,0,0,0,0,0,0,0
WEIRD+bcd0b679+2023-11-21-21h-19m-34s,1358,23804457,28834630,,1.0,1.0,1.0,0,0,0,0,0,0,0,0,0,0,0,0
WEIRD+bcd0b679+2023-11-21-21h-50m-54s,1407,23804457,28834630,,1.0,1.0,1.0,0,0,0,0,0,0,0,0,0,18,0,18
WEIRD+bcd0b679+2023-11-29-14h-49m-52s,577,23804457,28834630,,1.0,1.0,1.0,0,0,0,0,0,0,0,0,0,0,0,0
WEIRD+bcd0b679+2023-11-29-15h-14m-00s,1537,23804457,28834630,,1.0,1.0,1.0,0,0,0,0,0,0,15,0,15,25,0,25
WEIRD+bcd0b679+2023-11-30-18h-42m-49s,698,23804457,28834630,,1.0,1.0,1.0,0,0,0,0,0,0,0,0,0,0,0,0
WEIRD+bcd0b679+2023-11-30-18h-49m-09s,580,23804457,28834630,,1.0,1.0,1.0,0,0,0,0,0,0,0,0,0,0,0,0
WEIRD+bcd0b679+2023-11-30-18h-56m-45s,511,23804457,28834630,,1.0,1.0,1.0,0,0,0,0,0,0,0,0,0,0,0,0
WEIRD+bcd0b679+2023-11-30-18h-58m-09s,500,23804457,28834630,,1.0,1.0,1.0,0,0,0,0,0,0,0,0,0,0,0,0
WEIRD+d5edb57c+2023-11-22-22h-21m-10s,1336,23804457,28834630,,1.0,1.0,0.7851796407185628,0,0,0,0,0,0,0,0,0,0,0,0
WEIRD+d5edb57c+2023-11-22-22h-41m-07s,412,23804457,28834630,,1.0,1.0,0.9271844660194175,0,0,0,0,0,0,0,0,0,0,0,0
WEIRD+d5edb57c+2023-11-22-22h-45m-07s,490,23804457,28834630,,1.0,1.0,0.9040816326530612,0,0,0,0,0,0,0,0,0,0,0,0
WEIRD+d5edb57c+2023-12-01-16h-02m-20s,185,23804457,28834630,,0.9259259259259259,0.37037037037037035,0.0,145,0,145,-1,0,-1,-1,0,-1,-1,-1,-1
WEIRD+d5edb57c+2023-12-01-16h-12m-37s,803,23804457,28834630,,1.0,0.9629629629629629,0.16687422166874222,0,0,0,0,0,0,0,0,0,-1,0,-1
WEIRD+d5edb57c+2023-12-08-13h-24m-38s,953,23804457,28834630,,1.0,1.0,1.0,0,0,0,0,0,0,0,0,0,0,0,0
WEIRD+d5edb57c+2023-12-08-14h-02m-04s,793,23804457,28834630,,1.0,1.0,1.0,0,0,0,0,0,0,0,0,0,0,0,0
WEIRD+d5edb57c+2023-12-08-14h-07m-25s,773,23804457,28834630,,1.0,1.0,1.0,0,0,0,0,0,0,0,0,0,0,0,0
WEIRD+d5edb57c+2023-12-08-14h-11m-29s,344,23804457,28834630,,1.0,1.0,1.0,0,0,0,0,0,0,0,0,0,0,0,0
WEIRD+d5edb57c+2023-12-08-14h-12m-14s,598,23804457,28834630,,1.0,1.0,1.0,0,0,0,0,0,0,0,0,0,0,0,0
WEIRD+e604eeed+2023-11-28-19h-10m-36s,394,23804457,28834630,,1.0,1.0,1.0,0,0,0,0,0,0,0,0,0,0,0,0
WEIRD+e604eeed+2023-11-28-19h-24m-25s,161,23804457,28834630,,1.0,1.0,1.0,0,0,0,0,0,0,0,0,0,0,0,0
WEIRD+e604eeed+2023-11-28-19h-40m-07s,251,23804457,28834630,,1.0,1.0,1.0,0,0,0,0,0,0,0,0,0,0,0,0
WEIRD+e604eeed+2023-11-28-19h-50m-45s,173,23804457,28834630,,1.0,1.0,1.0,0,0,0,0,0,0,0,0,0,0,0,0
WEIRD+e604eeed+2023-11-28-20h-01m-41s,439,23804457,28834630,,1.0,1.0,1.0,0,0,0,0,0,0,0,0,0,0,0,0
WEIRD+e604eeed+2023-11-29-15h-28m-43s,526,23804457,28834630,,1.0,1.0,1.0,0,0,0,0,0,0,0,0,0,0,0,0
WEIRD+e604eeed+2023-11-29-15h-29m-44s,384,23804457,28834630,,1.0,1.0,1.0,0,0,0,0,0,0,0,0,0,0,0,0
WEIRD+e604eeed+2023-11-30-20h-45m-07s,498,23804457,28834630,,1.0,1.0,1.0,0,0,0,0,0,0,0,0,0,0,0,0
WEIRD+e604eeed+2023-12-01-16h-52m-08s,524,23804457,28834630,,1.0,1.0,0.8549618320610687,0,0,0,0,0,0,0,0,0,0,0,0
WEIRD+e604eeed+2023-12-01-16h-52m-54s,909,23804457,28834630,,1.0,1.0,0.8679867986798679,0,0,0,0,0,0,0,0,0,0,0,0
WEIRD+e604eeed+2023-12-08-17h-12m-31s,1056,23804457,28834630,,1.0,1.0,1.0,0,0,0,0,0,0,0,0,0,0,0,0
WEIRD+e604eeed+2023-12-08-18h-00m-32s,933,23804457,28834630,,1.0,1.0,1.0,0,0,0,0,0,0,0,0,0,0,0,0
WEIRD+e604eeed+2023-12-08-18h-14m-48s,560,23804457,28834630,,1.0,1.0,0.5892857142857143,0,0,0,0,0,0,0,0,0,0,0,0
WEIRD+e604eeed+2023-12-08-20h-38m-05s,963,23804457,28834630,,1.0,1.0,1.0,0,0,0,0,0,0,0,0,0,0,0,0
WEIRD+e604eeed+2023-12-08-20h-51m-49s,867,23804457,28834630,,1.0,1.0,0.9711649365628604,0,0,0,0,0,0,0,0,0,0,0,0
WEIRD+e604eeed+2023-12-08-20h-56m-15s,1047,23804457,28834630,,1.0,1.0,1.0,0,0,0,0,0,0,0,0,0,0,0,0
WEIRD+e604eeed+2023-12-13-20h-42m-31s,721,23804457,28834630,,1.0,1.0,1.0,0,0,0,0,0,0,0,0,0,0,0,0
WEIRD+e604eeed+2024-01-04-02h-12m-34s,544,23804457,28834630,,1.0,1.0,1.0,0,0,0,0,0,0,0,0,0,0,0,0
WEIRD+e604eeed+2024-01-04-02h-21m-28s,277,23804457,28834630,,1.0,1.0,1.0,0,0,0,0,0,0,0,0,0,0,0,0
WEIRD+e604eeed+2024-01-04-02h-48m-47s,1116,23804457,28834630,,1.0,1.0,1.0,0,0,0,0,0,0,0,0,0,0,0,0
WEIRD+f1c42455+2023-12-07-23h-28m-55s,711,23804457,28834630,,1.0,1.0,1.0,0,0,0,0,0,0,0,0,0,0,0,0
WEIRD+f1c42455+2023-12-12-03h-54m-24s,662,23804457,28834630,,1.0,1.0,1.0,0,0,0,0,0,0,0,0,0,0,0,0
WEIRD+f1c42455+2023-12-12-04h-16m-56s,333,23804457,28834630,,1.0,1.0,1.0,0,0,0,0,0,0,0,0,0,0,0,0
WEIRD+f1c42455+2023-12-14-04h-39m-15s,505,23804457,28834630,,1.0,1.0,1.0,0,0,0,0,0,0,0,0,0,0,0,0
WEIRD+f1c42455+2023-12-14-04h-47m-14s,223,23804457,28834630,,1.0,1.0,1.0,0,0,0,0,0,0,0,0,0,0,0,0
WEIRD+f1c42455+2023-12-15-23h-59m-47s,315,23804457,28834630,,1.0,1.0,1.0,0,0,0,0,0,0,0,0,0,0,0,0
WEIRD+f1c42455+2023-12-16-00h-24m-56s,259,23804457,28834630,,1.0,1.0,1.0,0,0,0,0,0,0,0,0,0,0,0,0
WEIRD+f1c42455+2023-12-20-05h-22m-34s,246,23804457,28834630,,1.0,1.0,1.0,0,0,0,0,0,0,0,0,0,0,0,0
WEIRD+f1c42455+2024-01-15-02h-03m-35s,687,23804457,28834630,,1.0,1.0,0.9199417758369723,0,0,0,0,0,0,0,0,0,0,0,0
WEIRD+f1c42455+2024-01-16-00h-49m-38s,1113,23804457,28834630,,1.0,1.0,1.0,0,0,0,0,0,0,0,0,0,0,0,0
WEIRD+f61abce9+2023-11-22-20h-51m-25s,352,23804457,28834630,,1.0,1.0,1.0,17,0,17,19,0,19,21,0,21,28,17,28
WEIRD+f61abce9+2023-11-22-20h-55m-08s,337,23804457,28834630,,1.0,1.0,0.9970326409495549,0,0,0,0,0,0,0,0,0,0,0,0
WEIRD+f61abce9+2023-11-22-20h-58m-43s,436,23804457,28834630,,1.0,1.0,0.7064220183486238,0,0,0,0,0,0,0,0,0,72,0,72
WEIRD+f61abce9+2023-11-28-20h-17m-29s,511,23804457,28834630,,1.0,1.0,1.0,0,0,0,0,0,0,0,0,0,0,0,0
WEIRD+f61abce9+2023-11-28-20h-43m-41s,911,23804457,28834630,,1.0,1.0,1.0,0,0,0,0,0,0,0,0,0,0,0,0
WEIRD+f61abce9+2023-11-29-19h-10m-49s,538,23804457,28834630,,1.0,1.0,1.0,0,0,0,0,0,0,0,0,0,0,0,0
WEIRD+f61abce9+2023-11-29-19h-17m-10s,254,23804457,28834630,,1.0,1.0,1.0,0,0,0,0,0,0,0,0,0,0,0,0
WEIRD+f61abce9+2023-11-29-19h-17m-58s,334,23804457,28834630,,1.0,1.0,1.0,0,0,0,0,0,0,0,0,0,0,0,0
WEIRD+f61abce9+2023-11-29-19h-29m-04s,333,23804457,28834630,,1.0,1.0,1.0,0,0,0,0,0,0,0,0,0,0,0,0
WEIRD+f61abce9+2023-11-29-20h-16m-20s,471,23804457,28834630,,1.0,1.0,1.0,0,0,0,0,0,0,0,0,0,0,0,0
WEIRD+f61abce9+2023-11-29-20h-19m-08s,1611,23804457,28834630,,1.0,1.0,0.962756052141527,0,0,0,0,0,0,0,0,0,0,0,0
WEIRD+f61abce9+2023-12-06-18h-12m-33s,317,23804457,28834630,,1.0,1.0,1.0,0,0,0,0,0,0,0,0,0,0,0,0
WEIRD+f61abce9+2023-12-06-18h-39m-49s,548,23804457,28834630,,1.0,1.0,0.9671532846715328,0,0,0,0,0,0,0,0,0,0,0,0
WEIRD+f61abce9+2023-12-07-18h-13m-53s,235,23804457,28834630,,1.0,1.0,1.0,0,0,0,0,0,0,0,0,0,0,0,0
WEIRD+f61abce9+2023-12-07-18h-44m-19s,1112,23804457,28834630,,1.0,1.0,1.0,0,0,0,0,0,0,0,0,0,0,0,0
WEIRD+f61abce9+2023-12-08-19h-04m-01s,936,23804457,28834630,,1.0,1.0,1.0,0,0,0,0,0,0,0,0,0,0,0,0
WEIRD+f61abce9+2023-12-08-19h-07m-22s,536,23804457,28834630,,1.0,1.0,0.9813432835820896,0,0,0,0,0,0,0,0,0,46,0,46
WEIRD+f61abce9+2023-12-08-19h-31m-47s,292,23804457,28834630,,1.0,1.0,1.0,0,0,0,0,0,0,0,0,0,0,0,0
WEIRD+f61abce9+2023-12-08-19h-47m-13s,731,23804457,28834630,,1.0,1.0,1.0,0,0,0,0,0,0,0,0,0,29,0,29
WEIRD+f61abce9+2023-12-08-19h-48m-30s,837,23804457,28834630,,1.0,1.0,1.0,0,0,0,0,0,0,0,0,0,0,0,0
WEIRD+f61abce9+2023-12-08-19h-50m-14s,290,23804457,28834630,,1.0,1.0,1.0,0,0,0,0,0,0,0,0,0,0,0,0
WEIRD+f61abce9+2023-12-08-19h-52m-59s,732,23804457,28834630,,1.0,1.0,1.0,0,0,0,0,0,0,0,0,0,0,0,0
WEIRD+f61abce9+2023-12-08-19h-56m-01s,659,23804457,28834630,,1.0,1.0,1.0,0,0,0,0,0,0,0,0,0,0,0,0
WEIRD+f61abce9+2023-12-09-17h-25m-47s,50,23804457,28834630,,1.0,1.0,1.0,0,0,0,0,0,0,0,0,0,0,0,0
WEIRD+f61abce9+2023-12-09-17h-45m-41s,1820,23804457,28834630,,1.0,1.0,1.0,0,0,0,0,0,0,0,0,0,0,0,0
WEIRD+f61abce9+2023-12-11-19h-55m-24s,144,23804457,28834630,,1.0,1.0,1.0,0,0,0,0,0,0,25,0,25,37,0,37
WEIRD+f61abce9+2023-12-13-21h-06m-03s,350,23804457,28834630,,1.0,1.0,1.0,0,0,0,0,0,0,0,0,0,0,0,0
WEIRD+f61abce9+2023-12-13-21h-48m-01s,146,23804457,28834630,,1.0,1.0,1.0,0,0,0,0,0,0,0,0,0,0,0,0
WEIRD+f61abce9+2023-12-13-21h-49m-55s,302,23804457,28834630,,1.0,1.0,1.0,0,0,0,0,0,0,0,0,0,0,0,0
WEIRD+f61abce9+2023-12-13-21h-52m-41s,217,23804457,28834630,,1.0,1.0,1.0,0,0,0,0,0,0,0,0,0,0,0,0
WEIRD+f61abce9+2023-12-13-21h-54m-52s,183,23804457,28834630,,1.0,1.0,1.0,0,0,0,0,0,0,0,0,0,0,0,0
WEIRD+f61abce9+2023-12-13-22h-31m-47s,267,23804457,28834630,,1.0,1.0,1.0,0,0,0,0,0,0,0,0,0,0,0,0
WEIRD+f61abce9+2023-12-13-22h-32m-14s,232,23804457,28834630,,1.0,1.0,1.0,0,0,0,0,0,0,0,0,0,0,0,0
WEIRD+f61abce9+2023-12-13-22h-33m-26s,490,23804457,28834630,,1.0,1.0,1.0,0,0,0,0,0,0,0,0,0,0,0,0
WEIRD+f61abce9+2023-12-13-22h-36m-52s,730,23804457,28834630,,1.0,1.0,1.0,0,0,0,0,0,0,0,0,0,0,0,0
WEIRD+f61abce9+2023-12-13-22h-39m-48s,150,23804457,28834630,,1.0,1.0,1.0,0,0,0,0,0,0,0,0,0,0,0,0
WEIRD+f61abce9+2023-12-13-23h-21m-09s,191,23804457,28834630,,1.0,1.0,1.0,0,0,0,0,0,0,0,0,0,0,0,0
