episode,n_frames,ext1_serial,ext2_serial,error,ext1_max_frac,ext2_max_frac,post_birth_both_visible_frac,ext1_extrinsics,ext2_extrinsics,birth_f025,ext1_first_f025,ext2_first_f025,birth_f050,ext1_first_f050,ext2_first_f050,birth_f075,ext1_first_f075,ext2_first_f075,birth_f100,ext1_first_f100,ext2_first_f100
AUTOLab+0d4edc83+2023-10-21-19h-11m-38s,131,22008760,24400334,,1.0,1.0,1.0,pointworld,pointworld,0,0,0,0,0,0,0,0,0,0,0,0
AUTOLab+0d4edc83+2023-10-21-19h-14m-57s,141,22008760,24400334,,1.0,1.0,1.0,pointworld,pointworld,0,0,0,0,0,0,0,0,0,16,16,14
AUTOLab+0d4edc83+2023-10-21-19h-16m-50s,128,22008760,24400334,,1.0,1.0,1.0,pointworld,pointworld,0,0,0,0,0,0,0,0,0,15,0,15
AUTOLab+0d4edc83+2023-10-21-19h-19m-23s,133,22008760,24400334,,1.0,1.0,1.0,pointworld,pointworld,0,0,0,0,0,0,0,0,0,0,0,0
AUTOLab+0d4edc83+2023-10-21-19h-22m-26s,140,22008760,24400334,,1.0,1.0,1.0,pointworld,pointworld,0,0,0,0,0,0,0,0,0,0,0,0
AUTOLab+0d4edc83+2023-10-21-19h-37m-25s,180,22008760,24400334,,1.0,1.0,1.0,pointworld,pointworld,0,0,0,0,0,0,0,0,0,0,0,0
AUTOLab+0d4edc83+2023-10-21-19h-40m-44s,111,22008760,24400334,,1.0,1.0,1.0,pointworld,pointworld,0,0,0,0,0,0,0,0,0,0,0,0
AUTOLab+0d4edc83+2023-10-21-19h-40m-59s,152,22008760,24400334,,1.0,1.0,1.0,pointworld,pointworld,0,0,0,0,0,0,0,0,0,16,0,16
AUTOLab+0d4edc83+2023-10-21-19h-43m-30s,129,22008760,24400334,,1.0,1.0,1.0,pointworld,pointworld,0,0,0,0,0,0,0,0,0,0,0,0
AUTOLab+0d4edc83+2023-10-21-19h-44m-52s,135,22008760,24400334,,1.0,1.0,1.0,pointworld,pointworld,0,0,0,0,0,0,0,0,0,0,0,0
AUTOLab+0d4edc83+2023-10-21-19h-48m-55s,158,22008760,24400334,,1.0,1.0,0.9367088607594937,pointworld,pointworld,0,0,0,0,0,0,8,0,8,11,11,10
AUTOLab+0d4edc83+2023-10-21-19h-52m-38s,157,22008760,24400334,,1.0,1.0,0.9745222929936306,pointworld,pointworld,0,0,0,0,0,0,0,0,0,0,0,0
AUTOLab+0d4edc83+2023-10-21-19h-53m-15s,158,22008760,24400334,,1.0,1.0,1.0,pointworld,pointworld,0,0,0,0,0,0,0,0,0,0,0,0
AUTOLab+0d4edc83+2023-10-21-19h-53m-52s,126,22008760,24400334,,1.0,1.0,1.0,pointworld,pointworld,0,0,0,0,0,0,0,0,0,0,0,0
AUTOLab+0d4edc83+2023-10-21-19h-58m-12s,180,22008760,24400334,,1.0,1.0,1.0,pointworld,pointworld,0,0,0,0,0,0,0,0,0,0,0,0
AUTOLab+0d4edc83+2023-10-21-20h-00m-21s,132,22008760,24400334,,1.0,1.0,1.0,pointworld,pointworld,0,0,0,0,0,0,8,0,8,12,10,12
AUTOLab+0d4edc83+2023-10-21-20h-26m-49s,104,22008760,24400334,,1.0,1.0,1.0,pointworld,pointworld,0,0,0,0,0,0,0,0,0,0,0,0
AUTOLab+0d4edc83+2023-10-27-19h-52m-01s,77,22008760,24400334,,1.0,1.0,1.0,pointworld,pointworld,0,0,0,0,0,0,0,0,0,7,0,7
AUTOLab+0d4edc83+2023-10-27-19h-53m-02s,82,22008760,24400334,,1.0,1.0,1.0,pointworld,pointworld,0,0,0,0,0,0,0,0,0,13,12,13
AUTOLab+0d4edc83+2023-10-27-19h-53m-24s,78,22008760,24400334,,1.0,1.0,1.0,pointworld,pointworld,0,0,0,0,0,0,0,0,0,8,8,8
AUTOLab+0d4edc83+2023-10-27-19h-55m-09s,67,22008760,24400334,,1.0,1.0,1.0,pointworld,pointworld,0,0,0,0,0,0,0,0,0,9,0,9
AUTOLab+0d4edc83+2023-10-27-19h-59m-18s,57,22008760,24400334,,1.0,1.0,1.0,pointworld,pointworld,0,0,0,0,0,0,0,0,0,0,0,0
AUTOLab+0d4edc83+2023-10-27-20h-11m-00s,92,22008760,24400334,,1.0,1.0,1.0,pointworld,pointworld,0,0,0,0,0,0,0,0,0,23,23,0
AUTOLab+0d4edc83+2023-10-27-20h-13m-55s,67,22008760,24400334,,1.0,1.0,1.0,pointworld,pointworld,0,0,0,0,0,0,0,0,0,10,10,0
AUTOLab+0d4edc83+2023-10-27-20h-15m-02s,87,22008760,24400334,,1.0,1.0,1.0,pointworld,pointworld,0,0,0,0,0,0,0,0,0,0,0,0
AUTOLab+0d4edc83+2023-10-27-20h-16m-35s,67,22008760,24400334,,1.0,1.0,1.0,pointworld,pointworld,0,0,0,0,0,0,0,0,0,17,17,0
AUTOLab+0d4edc83+2023-10-27-20h-19m-25s,63,22008760,24400334,,1.0,1.0,1.0,pointworld,pointworld,0,0,0,0,0,0,0,0,0,0,0,0
AUTOLab+0d4edc83+2023-10-27-20h-23m-08s,79,22008760,24400334,,1.0,1.0,1.0,pointworld,pointworld,0,0,0,0,0,0,0,0,0,22,22,0
AUTOLab+0d4edc83+2023-10-27-20h-24m-01s,76,22008760,24400334,,1.0,1.0,1.0,pointworld,pointworld,0,0,0,0,0,0,0,0,0,12,12,0
AUTOLab+0d4edc83+2023-10-27-20h-24m-13s,63,22008760,24400334,,1.0,1.0,1.0,pointworld,pointworld,0,0,0,0,0,0,0,0,0,0,0,0
AUTOLab+0d4edc83+2023-10-27-20h-28m-46s,71,22008760,24400334,,1.0,1.0,1.0,pointworld,pointworld,0,0,0,0,0,0,0,0,0,0,0,0
AUTOLab+0d4edc83+2023-10-27-20h-36m-17s,58,22008760,24400334,,1.0,1.0,1.0,pointworld,pointworld,0,0,0,0,0,0,0,0,0,11,11,0
AUTOLab+0d4edc83+2023-12-02-12h-56m-56s,169,22008760,24400334,,1.0,1.0,1.0,pointworld,pointworld,0,0,0,0,0,0,0,0,0,0,0,0
AUTOLab+0d4edc83+2023-12-02-13h-31m-49s,127,22008760,24400334,,1.0,1.0,1.0,pointworld,pointworld,0,0,0,0,0,0,0,0,0,0,0,0
AUTOLab+0d4edc83+2023-12-02-13h-44m-42s,89,22008760,24400334,,1.0,1.0,1.0,pointworld,pointworld,0,0,0,0,0,0,0,0,0,0,0,0
AUTOLab+0d4edc83+2023-12-02-13h-51m-22s,174,22008760,24400334,,1.0,1.0,1.0,pointworld,pointworld,0,0,0,0,0,0,0,0,0,0,0,0
AUTOLab+0d4edc83+2023-12-02-13h-53m-28s,127,22008760,24400334,,1.0,1.0,1.0,pointworld,pointworld,0,0,0,0,0,0,0,0,0,18,0,18
AUTOLab+0d4edc83+2023-12-02-13h-55m-18s,126,22008760,24400334,,1.0,1.0,1.0,pointworld,pointworld,0,0,0,0,0,0,10,10,0,13,13,0
AUTOLab+0d4edc83+2023-12-02-14h-05m-19s,127,22008760,24400334,,1.0,1.0,1.0,pointworld,pointworld,0,0,0,0,0,0,0,0,0,0,0,0
AUTOLab+0d4edc83+2023-12-02-14h-08m-07s,86,22008760,24400334,,1.0,1.0,1.0,pointworld,pointworld,0,0,0,0,0,0,0,0,0,0,0,0
AUTOLab+0d4edc83+2023-12-02-14h-17m-47s,117,22008760,24400334,,1.0,1.0,1.0,pointworld,pointworld,0,0,0,0,0,0,0,0,0,0,0,0
AUTOLab+0d4edc83+2023-12-02-14h-34m-19s,108,22008760,24400334,,1.0,1.0,1.0,pointworld,pointworld,0,0,0,0,0,0,0,0,0,0,0,0
AUTOLab+0d4edc83+2023-12-02-14h-41m-31s,132,22008760,24400334,,1.0,1.0,1.0,pointworld,pointworld,0,0,0,0,0,0,0,0,0,0,0,0
AUTOLab+0d4edc83+2023-12-02-14h-56m-54s,126,22008760,24400334,,1.0,1.0,1.0,pointworld,pointworld,0,0,0,0,0,0,7,7,0,11,11,0
AUTOLab+0d4edc83+2023-12-02-15h-17m-54s,152,22008760,24400334,,1.0,1.0,1.0,pointworld,pointworld,0,0,0,0,0,0,0,0,0,0,0,0
AUTOLab+0d4edc83+2023-12-02-15h-19m-42s,142,22008760,24400334,,1.0,1.0,1.0,pointworld,pointworld,0,0,0,0,0,0,0,0,0,10,0,10
AUTOLab+0d4edc83+2023-12-02-15h-21m-56s,153,22008760,24400334,,1.0,1.0,1.0,pointworld,pointworld,0,0,0,0,0,0,17,0,17,23,22,23
AUTOLab+0d4edc83+2023-12-02-15h-26m-18s,126,22008760,24400334,,1.0,1.0,1.0,pointworld,pointworld,0,0,0,0,0,0,0,0,0,0,0,0
AUTOLab+0d4edc83+2023-12-02-15h-33m-49s,155,22008760,24400334,,1.0,1.0,1.0,pointworld,pointworld,0,0,0,0,0,0,0,0,0,0,0,0
AUTOLab+0d4edc83+2023-12-02-15h-34m-31s,104,22008760,24400334,,1.0,1.0,1.0,pointworld,pointworld,0,0,0,0,0,0,0,0,0,14,14,13
AUTOLab+0d4edc83+2023-12-02-15h-41m-32s,178,22008760,24400334,,1.0,1.0,1.0,pointworld,pointworld,0,0,0,0,0,0,10,0,10,13,12,13
AUTOLab+0d4edc83+2023-12-02-15h-41m-57s,148,22008760,24400334,,1.0,1.0,1.0,pointworld,pointworld,0,0,0,0,0,0,0,0,0,42,0,42
AUTOLab+0d4edc83+2023-12-02-15h-45m-41s,106,22008760,24400334,,1.0,1.0,1.0,pointworld,pointworld,0,0,0,0,0,0,0,0,0,13,10,13
AUTOLab+0d4edc83+2023-12-02-17h-12m-19s,96,22008760,24400334,,1.0,1.0,1.0,pointworld,pointworld,0,0,0,10,0,10,13,10,13,16,13,16
AUTOLab+0d4edc83+2023-12-02-17h-30m-10s,115,22008760,24400334,,1.0,1.0,1.0,pointworld,pointworld,0,0,0,0,0,0,0,0,0,0,0,0
AUTOLab+0d4edc83+2023-12-02-18h-07m-01s,158,22008760,24400334,,1.0,1.0,0.918918918918919,pointworld,pointworld,0,0,0,10,0,10,13,0,13,16,0,16
AUTOLab+44bb9c36+2023-11-21-17h-48m-20s,288,22008760,24400334,,1.0,1.0,0.7673611111111112,pointworld,pointworld,0,0,0,0,0,0,0,0,0,0,0,0
AUTOLab+44bb9c36+2023-11-21-17h-48m-54s,193,22008760,24400334,,1.0,1.0,0.9481865284974094,pointworld,pointworld,0,0,0,0,0,0,22,0,22,36,0,36
AUTOLab+44bb9c36+2023-11-23-09h-58m-34s,92,22008760,24400334,,1.0,1.0,1.0,pointworld,pointworld,0,0,0,0,0,0,0,0,0,0,0,0
AUTOLab+44bb9c36+2023-11-23-10h-44m-13s,178,22008760,24400334,,1.0,1.0,1.0,pointworld,pointworld,0,0,0,0,0,0,0,0,0,32,11,32
AUTOLab+44bb9c36+2023-11-23-10h-45m-46s,705,22008760,24400334,,1.0,1.0,0.9290780141843972,pointworld,pointworld,0,0,0,0,0,0,0,0,0,0,0,0
AUTOLab+44bb9c36+2023-11-23-15h-22m-31s,339,22008760,24400334,,1.0,1.0,0.887905604719764,pointworld,pointworld,0,0,0,0,0,0,0,0,0,0,0,0
AUTOLab+44bb9c36+2023-11-23-15h-24m-18s,555,22008760,24400334,,1.0,1.0,0.8702702702702703,pointworld,pointworld,0,0,0,0,0,0,0,0,0,0,0,0
AUTOLab+44bb9c36+2023-11-23-15h-25m-46s,515,22008760,24400334,,1.0,1.0,0.9883495145631068,pointworld,pointworld,0,0,0,0,0,0,0,0,0,23,0,23
AUTOLab+44bb9c36+2023-11-23-15h-28m-43s,188,22008760,24400334,,1.0,1.0,0.574468085106383,pointworld,pointworld,0,0,0,0,0,0,0,0,0,27,18,27
AUTOLab+44bb9c36+2023-11-23-15h-35m-31s,182,22008760,24400334,,1.0,1.0,1.0,pointworld,pointworld,0,0,0,11,0,11,17,0,17,26,21,26
AUTOLab+44bb9c36+2023-11-23-17h-02m-03s,400,22008760,24400334,,1.0,1.0,0.59,pointworld,pointworld,0,0,0,0,0,0,45,0,45,147,14,147
AUTOLab+44bb9c36+2023-11-23-17h-02m-54s,265,22008760,24400334,,1.0,1.0,0.769811320754717,pointworld,pointworld,0,0,0,0,0,0,0,0,0,0,0,0
AUTOLab+44bb9c36+2023-11-23-17h-08m-17s,460,22008760,24400334,,1.0,1.0,0.7521739130434782,pointworld,pointworld,0,0,0,0,0,0,0,0,0,0,0,0
AUTOLab+44bb9c36+2023-11-23-18h-31m-35s,453,22008760,24400334,,1.0,1.0,0.6423841059602649,pointworld,pointworld,0,0,0,0,0,0,0,0,0,0,0,0
AUTOLab+44bb9c36+2023-11-23-18h-32m-23s,453,22008760,24400334,,1.0,1.0,0.6666666666666666,pointworld,pointworld,0,0,0,0,0,0,0,0,0,0,0,0
AUTOLab+44bb9c36+2023-11-23-19h-47m-13s,248,22008760,24400334,,1.0,1.0,0.9395161290322581,pointworld,pointworld,0,0,0,0,0,0,0,0,0,0,0,0
AUTOLab+44bb9c36+2023-11-24-16h-02m-51s,849,22008760,24400334,,1.0,1.0,0.8468786808009423,pointworld,pointworld,0,0,0,0,0,0,0,0,0,8,8,8
AUTOLab+44bb9c36+2023-11-24-16h-08m-49s,102,22008760,24400334,,1.0,1.0,1.0,pointworld,pointworld,0,0,0,0,0,0,0,0,0,0,0,0
AUTOLab+44bb9c36+2023-11-24-18h-22m-36s,1382,22008760,24400334,,1.0,1.0,0.8422575976845152,pointworld,pointworld,0,0,0,0,0,0,0,0,0,12,0,12
AUTOLab+44bb9c36+2023-11-24-18h-38m-17s,662,22008760,24400334,,1.0,1.0,0.9199395770392749,pointworld,pointworld,0,0,0,0,0,0,0,0,0,0,0,0
AUTOLab+44bb9c36+2023-11-24-18h-53m-11s,941,22008760,24400334,,1.0,1.0,0.9840595111583422,pointworld,pointworld,0,0,0,0,0,0,0,0,0,14,0,14
AUTOLab+44bb9c36+2023-11-24-18h-57m-25s,900,22008760,24400334,,1.0,1.0,0.9422222222222222,pointworld,pointworld,0,0,0,0,0,0,0,0,0,0,0,0
AUTOLab+44bb9c36+2023-11-25-10h-19m-02s,984,22008760,24400334,,1.0,1.0,0.9400406504065041,pointworld,pointworld,0,0,0,0,0,0,0,0,0,32,32,30
AUTOLab+44bb9c36+2023-11-25-11h-00m-53s,688,22008760,24400334,,1.0,1.0,1.0,pointworld,pointworld,0,0,0,0,0,0,0,0,0,0,0,0
AUTOLab+44bb9c36+2023-11-25-11h-05m-25s,588,22008760,24400334,,1.0,1.0,0.9387755102040817,pointworld,pointworld,0,0,0,0,0,0,0,0,0,0,0,0
AUTOLab+44bb9c36+2023-11-25-11h-06m-27s,618,22008760,24400334,,1.0,1.0,1.0,pointworld,pointworld,0,0,0,0,0,0,0,0,0,0,0,0
AUTOLab+44bb9c36+2023-11-25-11h-07m-29s,622,22008760,24400334,,1.0,1.0,0.9887459807073955,pointworld,pointworld,0,0,0,0,0,0,0,0,0,0,0,0
AUTOLab+44bb9c36+2023-11-25-11h-10m-00s,700,22008760,24400334,,1.0,1.0,0.9871428571428571,pointworld,pointworld,0,0,0,0,0,0,0,0,0,0,0,0
AUTOLab+44bb9c36+2023-11-25-11h-13m-51s,592,22008760,24400334,,1.0,1.0,0.9476351351351351,pointworld,pointworld,0,0,0,0,0,0,0,0,0,0,0,0
AUTOLab+44bb9c36+2023-11-25-11h-35m-21s,885,22008760,24400334,,1.0,1.0,1.0,pointworld,pointworld,0,0,0,0,0,0,33,0,33,40,36,40
AUTOLab+44bb9c36+2023-11-25-11h-39m-41s,1095,22008760,24400334,,1.0,1.0,0.971689497716895,pointworld,pointworld,0,0,0,0,0,0,0,0,0,0,0,0
AUTOLab+44bb9c36+2023-11-25-11h-50m-53s,975,22008760,24400334,,1.0,1.0,0.9887179487179487,pointworld,pointworld,0,0,0,0,0,0,0,0,0,0,0,0
AUTOLab+44bb9c36+2023-11-25-12h-14m-46s,1067,22008760,24400334,,1.0,1.0,1.0,pointworld,pointworld,0,0,0,0,0,0,0,0,0,0,0,0
AUTOLab+44bb9c36+2023-11-25-13h-18m-02s,774,22008760,24400334,,1.0,1.0,0.9496124031007752,pointworld,pointworld,0,0,0,0,0,0,0,0,0,12,0,12
AUTOLab+44bb9c36+2023-11-25-13h-39m-05s,742,22008760,24400334,,1.0,1.0,0.9353099730458221,pointworld,pointworld,0,0,0,0,0,0,0,0,0,0,0,0
AUTOLab+44bb9c36+2023-11-25-13h-40m-15s,578,22008760,24400334,,1.0,1.0,0.9498269896193772,pointworld,pointworld,0,0,0,0,0,0,0,0,0,0,0,0
AUTOLab+44bb9c36+2023-11-26-15h-08m-07s,365,22008760,24400334,,1.0,1.0,1.0,pointworld,pointworld,0,0,0,0,0,0,0,0,0,19,19,0
AUTOLab+44bb9c36+2023-11-26-15h-44m-02s,283,22008760,24400334,,1.0,1.0,1.0,pointworld,pointworld,0,0,0,0,0,0,0,0,0,0,0,0
AUTOLab+44bb9c36+2023-11-26-15h-53m-17s,267,22008760,24400334,,1.0,1.0,1.0,pointworld,pointworld,0,0,0,0,0,0,0,0,0,0,0,0
AUTOLab+44bb9c36+2023-11-26-15h-54m-10s,244,22008760,24400334,,1.0,1.0,1.0,pointworld,pointworld,0,0,0,0,0,0,0,0,0,10,10,0
AUTOLab+44bb9c36+2023-11-26-16h-09m-31s,309,22008760,24400334,,1.0,1.0,1.0,pointworld,pointworld,0,0,0,0,0,0,0,0,0,12,12,0
AUTOLab+44bb9c36+2023-11-26-16h-46m-38s,381,22008760,24400334,,1.0,1.0,1.0,pointworld,pointworld,0,0,0,0,0,0,0,0,0,0,0,0
AUTOLab+44bb9c36+2023-11-26-16h-50m-08s,92,22008760,24400334,,1.0,1.0,1.0,pointworld,pointworld,0,0,0,0,0,0,0,0,0,0,0,0
AUTOLab+44bb9c36+2023-11-28-08h-38m-13s,730,22008760,24400334,,1.0,1.0,1.0,pointworld,pointworld,0,0,0,0,0,0,0,0,0,0,0,0
AUTOLab+44bb9c36+2023-11-28-09h-03m-58s,693,22008760,24400334,,1.0,1.0,0.847041847041847,pointworld,pointworld,0,0,0,0,0,0,11,0,11,18,0,18
AUTOLab+44bb9c36+2023-11-28-10h-43m-38s,269,22008760,24400334,,1.0,1.0,1.0,pointworld,pointworld,0,0,0,0,0,0,10,0,10,14,0,14
AUTOLab+44bb9c36+2023-11-29-17h-22m-07s,419,22008760,24400334,,1.0,1.0,0.8066825775656324,pointworld,pointworld,0,0,0,0,0,0,0,0,0,0,0,0
AUTOLab+44bb9c36+2023-11-29-19h-04m-27s,451,22008760,24400334,,1.0,1.0,1.0,pointworld,pointworld,0,0,0,0,0,0,0,0,0,0,0,0
AUTOLab+44bb9c36+2023-11-29-19h-42m-50s,321,22008760,24400334,,1.0,1.0,1.0,pointworld,pointworld,0,0,0,0,0,0,0,0,0,9,9,0
AUTOLab+44bb9c36+2023-11-29-19h-53m-40s,467,22008760,24400334,,1.0,1.0,1.0,pointworld,pointworld,0,0,0,0,0,0,0,0,0,8,8,0
AUTOLab+44bb9c36+2023-11-29-19h-54m-26s,83,22008760,24400334,,1.0,1.0,1.0,pointworld,pointworld,0,0,0,0,0,0,0,0,0,0,0,0
AUTOLab+44bb9c36+2023-11-29-19h-59m-39s,361,22008760,24400334,,1.0,1.0,1.0,pointworld,pointworld,0,0,0,0,0,0,0,0,0,0,0,0
AUTOLab+44bb9c36+2023-11-29-20h-08m-27s,425,22008760,24400334,,1.0,1.0,1.0,pointworld,pointworld,0,0,0,0,0,0,0,0,0,0,0,0
AUTOLab+44bb9c36+2023-11-29-20h-12m-58s,476,22008760,24400334,,1.0,1.0,0.865546218487395,pointworld,pointworld,0,0,0,0,0,0,0,0,0,0,0,0
AUTOLab+44bb9c36+2023-11-29-23h-38m-45s,340,22008760,24400334,,1.0,1.0,1.0,pointworld,pointworld,0,0,0,0,0,0,0,0,0,0,0,0
AUTOLab+44bb9c36+2023-11-30-01h-39m-55s,115,22008760,24400334,,1.0,1.0,1.0,pointworld,pointworld,0,0,0,0,0,0,0,0,0,0,0,0
AUTOLab+44bb9c36+2023-11-30-01h-58m-09s,833,22008760,24400334,,1.0,1.0,0.8667466986794717,pointworld,pointworld,0,0,0,0,0,0,0,0,0,0,0,0
AUTOLab+44bb9c36+2023-11-30-03h-10m-56s,116,22008760,24400334,,1.0,1.0,1.0,pointworld,pointworld,0,0,0,0,0,0,0,0,0,0,0,0
AUTOLab+44bb9c36+2023-11-30-05h-40m-30s,523,22008760,24400334,,1.0,1.0,0.8546845124282982,pointworld,pointworld,0,0,0,0,0,0,0,0,0,15,0,15
AUTOLab+44bb9c36+2023-11-30-10h-57m-25s,1381,22008760,24400334,,1.0,1.0,0.8291093410572049,pointworld,pointworld,0,0,0,0,0,0,0,0,0,0,0,0
AUTOLab+44bb9c36+2023-11-30-10h-59m-28s,1538,22008760,24400334,,1.0,1.0,0.9499349804941483,pointworld,pointworld,0,0,0,0,0,0,0,0,0,0,0,0
AUTOLab+44bb9c36+2023-11-30-11h-06m-14s,351,22008760,24400334,,1.0,1.0,1.0,pointworld,pointworld,0,0,0,0,0,0,0,0,0,0,0,0
AUTOLab+44bb9c36+2023-11-30-11h-25m-20s,1669,22008760,24400334,,1.0,1.0,0.7603355302576393,pointworld,pointworld,0,0,0,0,0,0,0,0,0,0,0,0
AUTOLab+44bb9c36+2023-11-30-11h-27m-42s,1450,22008760,24400334,,1.0,1.0,0.8841379310344828,pointworld,pointworld,0,0,0,0,0,0,0,0,0,0,0,0
AUTOLab+44bb9c36+2023-11-30-11h-48m-30s,128,22008760,24400334,,1.0,1.0,1.0,pointworld,pointworld,0,0,0,0,0,0,0,0,0,0,0,0
AUTOLab+44bb9c36+2023-11-30-11h-50m-56s,1103,22008760,24400334,,1.0,1.0,0.8902991840435177,pointworld,pointworld,0,0,0,0,0,0,0,0,0,0,0,0
AUTOLab+5d05c5aa+2023-07-07-10h-04m-33s,379,22008760,24400334,,1.0,1.0,1.0,pointworld,pointworld,0,0,0,0,0,0,0,0,0,52,0,52
AUTOLab+5d05c5aa+2023-07-07-10h-17m-57s,423,22008760,24400334,,1.0,1.0,0.9929078014184397,pointworld,pointworld,0,0,0,0,0,0,19,19,0,68,63,0
AUTOLab+5d05c5aa+2023-07-07-10h-45m-46s,553,22008760,24400334,,1.0,1.0,0.9783001808318263,pointworld,pointworld,0,0,0,0,0,0,91,90,0,94,94,94
AUTOLab+5d05c5aa+2023-07-07-10h-56m-37s,227,22008760,24400334,,1.0,1.0,0.9835164835164835,pointworld,pointworld,34,34,0,45,41,0,75,45,75,81,70,81
AUTOLab+5d05c5aa+2023-07-07-14h-56m-20s,446,22008760,24400334,,1.0,1.0,1.0,pointworld,pointworld,53,53,0,55,55,0,58,58,51,65,65,57
AUTOLab+5d05c5aa+2023-07-07-16h-09m-58s,376,22008760,24400334,,1.0,1.0,1.0,pointworld,pointworld,52,52,0,55,55,0,59,59,48,71,71,56
AUTOLab+5d05c5aa+2023-07-07-16h-15m-15s,320,22008760,24400334,,1.0,1.0,1.0,pointworld,pointworld,26,26,0,30,30,15,35,35,24,57,57,32
AUTOLab+5d05c5aa+2023-07-07-16h-15m-45s,266,22008760,24400334,,1.0,1.0,1.0,pointworld,pointworld,0,0,0,0,0,0,9,9,0,26,26,0
AUTOLab+5d05c5aa+2023-07-07-16h-17m-37s,374,22008760,24400334,,1.0,1.0,1.0,pointworld,pointworld,35,35,25,37,37,35,45,41,45,57,51,57
AUTOLab+5d05c5aa+2023-07-07-16h-18m-48s,92,22008760,24400334,,1.0,1.0,1.0,pointworld,pointworld,19,19,0,22,22,0,26,26,18,29,29,22
AUTOLab+5d05c5aa+2023-07-07-16h-25m-08s,323,22008760,24400334,,1.0,1.0,1.0,pointworld,pointworld,30,30,0,36,36,0,40,40,0,57,57,23
AUTOLab+5d05c5aa+2023-07-07-18h-38m-56s,383,22008760,24400334,,1.0,1.0,1.0,pointworld,pointworld,36,36,0,41,41,0,46,46,0,64,51,64
AUTOLab+5d05c5aa+2023-07-07-19h-02m-10s,495,22008760,24400334,,1.0,1.0,1.0,pointworld,pointworld,23,23,0,27,27,0,32,32,22,39,39,26
AUTOLab+5d05c5aa+2023-07-13-11h-12m-31s,163,22008760,24400334,,1.0,1.0,1.0,pointworld,pointworld,21,0,21,26,0,26,31,0,31,35,27,35
AUTOLab+5d05c5aa+2023-07-13-11h-31m-03s,559,22008760,24400334,,1.0,1.0,1.0,pointworld,pointworld,10,0,10,19,0,19,25,0,25,34,16,34
AUTOLab+5d05c5aa+2023-07-23-20h-55m-06s,298,22008760,24400334,,1.0,1.0,0.959731543624161,pointworld,pointworld,0,0,0,0,0,0,71,0,71,77,0,77
AUTOLab+5d05c5aa+2023-07-23-21h-15m-38s,355,22008760,24400334,,1.0,1.0,1.0,pointworld,pointworld,37,0,37,56,0,56,72,49,72,76,66,76
AUTOLab+5d05c5aa+2023-07-23-21h-50m-23s,248,22008760,24400334,,1.0,1.0,1.0,pointworld,pointworld,0,0,0,0,0,0,49,0,49,57,0,57
AUTOLab+5d05c5aa+2023-07-26-16h-57m-14s,1591,22008760,24400334,,1.0,1.0,1.0,pointworld,pointworld,0,0,0,50,50,45,76,75,76,84,83,84
AUTOLab+5d05c5aa+2023-07-26-17h-44m-26s,799,22008760,24400334,,1.0,1.0,1.0,pointworld,pointworld,0,0,0,0,0,0,0,0,0,0,0,0
AUTOLab+5d05c5aa+2023-07-26-17h-53m-00s,1190,22008760,24400334,,1.0,1.0,1.0,pointworld,pointworld,0,0,0,0,0,0,0,0,0,0,0,0
AUTOLab+5d05c5aa+2023-07-26-18h-14m-58s,247,22008760,24400334,,1.0,1.0,1.0,pointworld,pointworld,0,0,0,0,0,0,0,0,0,0,0,0
AUTOLab+5d05c5aa+2023-07-26-18h-24m-04s,258,22008760,24400334,,1.0,1.0,1.0,pointworld,pointworld,0,0,0,0,0,0,0,0,0,0,0,0
AUTOLab+5d05c5aa+2023-07-26-18h-50m-31s,307,22008760,24400334,,1.0,1.0,1.0,pointworld,pointworld,0,0,0,0,0,0,0,0,0,0,0,0
AUTOLab+5d05c5aa+2023-07-26-18h-51m-02s,446,22008760,24400334,,1.0,1.0,1.0,pointworld,pointworld,0,0,0,0,0,0,0,0,0,0,0,0
AUTOLab+5d05c5aa+2023-07-26-18h-51m-43s,348,22008760,24400334,,1.0,1.0,1.0,pointworld,pointworld,0,0,0,0,0,0,15,0,15,26,25,26
AUTOLab+5d05c5aa+2023-07-26-19h-20m-42s,306,22008760,24400334,,1.0,1.0,1.0,pointworld,pointworld,0,0,0,0,0,0,0,0,0,30,23,30
AUTOLab+5d05c5aa+2023-07-26-19h-21m-45s,218,22008760,24400334,,1.0,1.0,1.0,pointworld,pointworld,10,0,10,17,0,17,22,17,22,26,25,26
AUTOLab+5d05c5aa+2023-07-26-19h-32m-04s,171,22008760,24400334,,1.0,1.0,1.0,pointworld,pointworld,0,0,0,0,0,0,31,30,31,36,35,36
AUTOLab+5d05c5aa+2023-07-26-19h-35m-20s,382,22008760,24400334,,1.0,1.0,1.0,pointworld,pointworld,0,0,0,0,0,0,0,0,0,0,0,0
AUTOLab+5d05c5aa+2023-07-31-17h-41m-17s,75,22008760,24400334,,0.7777777777777778,1.0,0.7027027027027027,pointworld,pointworld,0,0,0,38,0,38,47,47,44,-1,-1,55
AUTOLab+5d05c5aa+2023-07-31-18h-51m-02s,206,22008760,24400334,,1.0,1.0,1.0,pointworld,pointworld,48,48,0,174,174,68,181,181,171,186,186,178
AUTOLab+5d05c5aa+2023-07-31-19h-35m-00s,83,22008760,24400334,,1.0,1.0,1.0,pointworld,pointworld,0,0,0,0,0,0,24,23,24,26,26,26
AUTOLab+5d05c5aa+2023-07-31-20h-04m-41s,104,22008760,24400334,,1.0,1.0,1.0,pointworld,pointworld,0,0,0,0,0,0,0,0,0,24,0,24
AUTOLab+5d05c5aa+2023-08-12-14h-42m-25s,98,22008760,24400334,,1.0,1.0,1.0,pointworld,pointworld,17,0,17,28,22,28,31,30,31,35,34,35
AUTOLab+5d05c5aa+2023-08-12-14h-49m-19s,143,22008760,24400334,,1.0,1.0,1.0,pointworld,pointworld,16,0,16,19,17,19,24,21,24,27,27,27
AUTOLab+5d05c5aa+2023-08-12-14h-50m-15s,130,22008760,24400334,,1.0,1.0,1.0,pointworld,pointworld,0,0,0,0,0,0,14,14,0,19,19,17
AUTOLab+5d05c5aa+2023-08-12-15h-35m-50s,59,22008760,24400334,,1.0,1.0,1.0,pointworld,pointworld,0,0,0,0,0,0,0,0,0,15,0,15
AUTOLab+5d05c5aa+2023-08-12-15h-55m-49s,165,22008760,24400334,,1.0,1.0,0.9575757575757575,pointworld,pointworld,0,0,0,0,0,0,17,17,0,21,21,16
AUTOLab+5d05c5aa+2023-08-12-16h-27m-23s,87,22008760,24400334,,1.0,1.0,1.0,pointworld,pointworld,0,0,0,0,0,0,0,0,0,18,18,15
AUTOLab+5d05c5aa+2023-08-12-20h-16m-38s,157,22008760,24400334,,1.0,1.0,1.0,pointworld,pointworld,0,0,0,24,23,24,28,28,28,33,33,32
AUTOLab+5d05c5aa+2023-08-12-20h-31m-36s,141,22008760,24400334,,1.0,1.0,1.0,pointworld,pointworld,0,0,0,24,24,0,28,28,27,31,31,31
AUTOLab+5d05c5aa+2023-08-12-20h-31m-55s,164,22008760,24400334,,1.0,1.0,0.9146341463414634,pointworld,pointworld,0,0,0,0,0,0,24,22,24,29,29,29
AUTOLab+5d05c5aa+2023-08-12-21h-07m-48s,126,22008760,24400334,,1.0,1.0,1.0,pointworld,pointworld,12,0,12,16,16,15,21,21,19,26,26,22
AUTOLab+5d05c5aa+2023-08-12-21h-16m-10s,111,22008760,24400334,,1.0,1.0,1.0,pointworld,pointworld,0,0,0,0,0,0,12,0,12,19,15,19
AUTOLab+5d05c5aa+2023-08-12-21h-34m-01s,87,22008760,24400334,,1.0,1.0,1.0,pointworld,pointworld,16,14,16,19,19,19,24,24,24,28,28,27
AUTOLab+5d05c5aa+2023-08-12-21h-48m-48s,97,22008760,24400334,,1.0,1.0,1.0,pointworld,pointworld,0,0,0,0,0,0,0,0,0,37,37,37
AUTOLab+5d05c5aa+2023-08-12-21h-54m-07s,142,22008760,24400334,,1.0,1.0,1.0,pointworld,pointworld,0,0,0,0,0,0,19,13,19,24,21,24
AUTOLab+5d05c5aa+2023-08-12-22h-28m-13s,357,22008760,24400334,,1.0,1.0,1.0,pointworld,pointworld,14,0,14,20,0,20,25,20,25,30,24,30
AUTOLab+5d05c5aa+2023-08-12-22h-36m-52s,69,22008760,24400334,,1.0,1.0,1.0,pointworld,pointworld,24,21,24,28,26,28,33,30,33,38,34,38
AUTOLab+5d05c5aa+2023-08-12-22h-42m-36s,90,22008760,24400334,,1.0,1.0,1.0,pointworld,pointworld,0,0,0,0,0,0,24,0,24,30,28,30
AUTOLab+5d05c5aa+2023-08-12-23h-55m-27s,151,22008760,24400334,,1.0,1.0,1.0,pointworld,pointworld,0,0,0,0,0,0,14,14,0,18,18,15
AUTOLab+5d05c5aa+2023-08-12-23h-55m-47s,221,22008760,24400334,,1.0,1.0,1.0,pointworld,pointworld,0,0,0,0,0,0,16,15,16,23,21,23
AUTOLab+5d05c5aa+2023-08-13-00h-13m-04s,114,22008760,24400334,,1.0,1.0,1.0,pointworld,pointworld,13,0,13,18,15,18,22,21,22,25,24,25
AUTOLab+5d05c5aa+2023-09-02-09h-37m-09s,239,22008760,24400334,,1.0,1.0,1.0,pointworld,pointworld,0,0,0,0,0,0,25,25,0,31,31,0
AUTOLab+5d05c5aa+2023-09-02-09h-39m-16s,288,22008760,24400334,,1.0,1.0,1.0,pointworld,pointworld,33,33,19,36,36,29,41,41,33,45,45,36
AUTOLab+5d05c5aa+2023-09-02-09h-47m-43s,243,22008760,24400334,,1.0,1.0,0.9205607476635514,pointworld,pointworld,26,26,0,29,29,22,35,35,27,40,40,29
AUTOLab+5d05c5aa+2023-09-02-09h-51m-19s,216,22008760,24400334,,1.0,1.0,0.9029126213592233,pointworld,pointworld,0,0,0,10,10,0,18,18,0,25,25,0
AUTOLab+5d05c5aa+2023-09-02-09h-55m-32s,236,22008760,24400334,,1.0,1.0,0.7810945273631841,pointworld,pointworld,13,13,0,35,35,0,41,41,24,50,50,35
AUTOLab+5d05c5aa+2023-09-02-10h-24m-18s,108,22008760,24400334,,1.0,1.0,0.7126436781609196,pointworld,pointworld,0,0,0,21,21,0,28,28,17,36,36,22
AUTOLab+5d05c5aa+2023-09-02-10h-32m-29s,196,22008760,24400334,,1.0,1.0,0.826530612244898,pointworld,pointworld,0,0,0,0,0,0,19,19,0,22,22,8
AUTOLab+5d05c5aa+2023-09-02-10h-35m-23s,180,22008760,24400334,,1.0,1.0,0.8554216867469879,pointworld,pointworld,0,0,0,14,14,0,20,20,0,25,25,16
AUTOLab+5d05c5aa+2023-09-02-10h-37m-40s,208,22008760,24400334,,1.0,1.0,1.0,pointworld,pointworld,15,15,0,19,19,0,24,24,17,27,27,20
AUTOLab+5d05c5aa+2023-09-02-10h-39m-35s,154,22008760,24400334,,1.0,1.0,1.0,pointworld,pointworld,19,19,0,25,25,0,29,29,19,34,34,24
AUTOLab+5d05c5aa+2023-09-02-10h-49m-03s,309,22008760,24400334,,1.0,1.0,0.8986013986013986,pointworld,pointworld,18,18,0,23,23,0,28,28,19,35,35,23
AUTOLab+5d05c5aa+2023-09-02-10h-51m-11s,404,22008760,24400334,,1.0,1.0,0.7436548223350253,pointworld,pointworld,0,0,0,10,10,0,19,19,0,29,29,15
AUTOLab+5d05c5aa+2023-10-14-19h-49m-31s,71,22008760,24400334,,1.0,1.0,1.0,pointworld,pointworld,0,0,0,0,0,0,0,0,0,19,19,0
AUTOLab+5d05c5aa+2023-10-14-20h-02m-40s,453,22008760,24400334,,1.0,1.0,1.0,pointworld,pointworld,0,0,0,0,0,0,0,0,0,19,15,19
AUTOLab+5d05c5aa+2023-10-14-20h-03m-23s,361,22008760,24400334,,1.0,1.0,1.0,pointworld,pointworld,0,0,0,0,0,0,0,0,0,0,0,0
AUTOLab+5d05c5aa+2023-10-15-17h-48m-01s,161,22008760,24400334,,1.0,1.0,1.0,pointworld,pointworld,0,0,0,0,0,0,0,0,0,0,0,0
AUTOLab+5d05c5aa+2023-10-15-18h-30m-45s,154,22008760,24400334,,1.0,1.0,1.0,pointworld,pointworld,0,0,0,0,0,0,0,0,0,0,0,0
AUTOLab+5d05c5aa+2023-10-15-18h-31m-42s,191,22008760,24400334,,1.0,1.0,1.0,pointworld,pointworld,0,0,0,0,0,0,0,0,0,0,0,0
AUTOLab+5d05c5aa+2023-10-15-18h-40m-22s,159,22008760,24400334,,1.0,1.0,1.0,pointworld,pointworld,0,0,0,0,0,0,0,0,0,13,0,13
AUTOLab+5d05c5aa+2023-10-15-19h-37m-16s,148,22008760,24400334,,1.0,1.0,1.0,pointworld,pointworld,0,0,0,0,0,0,0,0,0,0,0,0
AUTOLab+5d05c5aa+2023-10-15-19h-38m-27s,157,22008760,24400334,,1.0,1.0,1.0,pointworld,pointworld,0,0,0,0,0,0,0,0,0,0,0,0
AUTOLab+5d05c5aa+2023-10-15-19h-41m-20s,127,22008760,24400334,,1.0,1.0,1.0,pointworld,pointworld,0,0,0,0,0,0,0,0,0,13,0,13
AUTOLab+5d05c5aa+2023-10-15-19h-43m-19s,154,22008760,24400334,,1.0,1.0,1.0,pointworld,pointworld,0,0,0,0,0,0,0,0,0,9,9,0
AUTOLab+5d05c5aa+2023-10-15-19h-50m-18s,202,22008760,24400334,,1.0,1.0,1.0,pointworld,pointworld,0,0,0,0,0,0,0,0,0,28,0,28
AUTOLab+5d05c5aa+2023-10-15-19h-51m-00s,144,22008760,24400334,,1.0,1.0,1.0,pointworld,pointworld,0,0,0,0,0,0,0,0,0,23,0,23
AUTOLab+5d05c5aa+2023-10-15-19h-52m-26s,159,22008760,24400334,,1.0,1.0,1.0,pointworld,pointworld,0,0,0,0,0,0,0,0,0,0,0,0
AUTOLab+5d05c5aa+2023-10-15-19h-55m-06s,170,22008760,24400334,,1.0,1.0,1.0,pointworld,pointworld,0,0,0,0,0,0,0,0,0,0,0,0
AUTOLab+5d05c5aa+2023-11-12-16h-46m-22s,720,22008760,24400334,,1.0,1.0,1.0,pointworld,pointworld,23,0,23,26,24,26,28,28,28,32,32,31
AUTOLab+5d05c5aa+2023-11-12-16h-54m-03s,1080,22008760,24400334,,1.0,1.0,0.9903660886319846,pointworld,pointworld,41,33,41,42,37,42,44,40,44,47,42,47
AUTOLab+5d05c5aa+2023-11-12-18h-11m-59s,813,22008760,24400334,,1.0,1.0,0.997539975399754,pointworld,pointworld,0,0,0,0,0,0,0,0,0,0,0,0
AUTOLab+5d05c5aa+2023-11-12-21h-12m-59s,790,22008760,24400334,,1.0,1.0,0.9962025316455696,pointworld,pointworld,0,0,0,0,0,0,28,24,28,32,28,32
AUTOLab+5d05c5aa+2023-11-12-21h-14m-43s,885,22008760,24400334,,1.0,1.0,1.0,pointworld,pointworld,1,1,0,35,35,31,40,40,37,44,44,42
AUTOLab+5d05c5aa+2023-11-17-20h-47m-29s,382,22008760,24400334,,1.0,1.0,1.0,pointworld,pointworld,22,18,22,25,22,25,30,25,30,35,29,35
AUTOLab+5d05c5aa+2023-11-17-21h-21m-05s,645,22008760,24400334,,1.0,1.0,1.0,pointworld,pointworld,30,0,30,33,28,33,37,33,37,42,38,42
AUTOLab+5d05c5aa+2023-11-17-22h-10m-38s,1101,22008760,24400334,,1.0,1.0,0.9954586739327884,pointworld,pointworld,0,0,0,0,0,0,22,0,22,28,0,28
AUTOLab+5d05c5aa+2023-11-17-22h-34m-22s,1098,22008760,24400334,,1.0,1.0,0.9972067039106145,pointworld,pointworld,20,20,20,24,24,23,29,29,26,32,32,30
AUTOLab+5d05c5aa+2023-11-17-22h-50m-18s,783,22008760,24400334,,1.0,1.0,1.0,pointworld,pointworld,0,0,0,25,25,25,29,29,29,32,32,32
AUTOLab+5d05c5aa+2023-11-18-01h-24m-07s,115,22008760,24400334,,1.0,1.0,0.8695652173913043,pointworld,pointworld,0,0,0,0,0,0,23,23,21,26,26,24
AUTOLab+7cb094d5+2023-12-13-15h-29m-16s,330,22008760,24400334,,1.0,1.0,1.0,pointworld,pointworld,0,0,0,0,0,0,0,0,0,0,0,0
AUTOLab+7cb094d5+2023-12-13-16h-39m-46s,648,22008760,24400334,,1.0,1.0,1.0,pointworld,pointworld,0,0,0,0,0,0,0,0,0,0,0,0
AUTOLab+7cb094d5+2023-12-13-16h-40m-42s,150,22008760,24400334,,1.0,1.0,1.0,pointworld,pointworld,0,0,0,0,0,0,0,0,0,0,0,0
AUTOLab+7cb094d5+2023-12-13-16h-43m-15s,530,22008760,24400334,,1.0,1.0,1.0,pointworld,pointworld,0,0,0,0,0,0,0,0,0,0,0,0
AUTOLab+7cb094d5+2023-12-13-17h-25m-44s,471,22008760,24400334,,1.0,1.0,1.0,pointworld,pointworld,0,0,0,0,0,0,0,0,0,0,0,0
AUTOLab+7cb094d5+2023-12-13-17h-55m-21s,442,22008760,24400334,,1.0,1.0,1.0,pointworld,pointworld,0,0,0,0,0,0,0,0,0,0,0,0
AUTOLab+7cb094d5+2023-12-13-18h-06m-10s,339,22008760,24400334,,1.0,1.0,0.9587020648967551,pointworld,pointworld,0,0,0,0,0,0,0,0,0,0,0,0
AUTOLab+7cb094d5+2023-12-13-18h-09m-21s,537,22008760,24400334,,1.0,1.0,0.8640595903165735,pointworld,pointworld,0,0,0,0,0,0,0,0,0,0,0,0
AUTOLab+7cb094d5+2023-12-13-18h-18m-18s,467,22008760,24400334,,1.0,1.0,1.0,pointworld,pointworld,0,0,0,0,0,0,0,0,0,0,0,0
AUTOLab+7cb094d5+2023-12-13-18h-21m-07s,642,22008760,24400334,,1.0,1.0,1.0,pointworld,pointworld,0,0,0,0,0,0,0,0,0,0,0,0
AUTOLab+7cb094d5+2023-12-13-18h-30m-13s,388,22008760,24400334,,1.0,1.0,1.0,pointworld,pointworld,0,0,0,0,0,0,0,0,0,0,0,0
AUTOLab+7cb094d5+2023-12-13-21h-25m-01s,495,22008760,24400334,,1.0,1.0,0.9414141414141414,pointworld,pointworld,0,0,0,0,0,0,0,0,0,0,0,0
AUTOLab+7cb094d5+2023-12-13-21h-29m-17s,808,22008760,24400334,,1.0,1.0,0.89937106918239,pointworld,pointworld,0,0,0,13,0,13,16,13,16,21,17,21
AUTOLab+7cb094d5+2023-12-13-21h-49m-47s,300,22008760,24400334,,1.0,1.0,0.9239130434782609,pointworld,pointworld,20,0,20,24,0,24,27,0,27,35,0,35
AUTOLab+7cb094d5+2023-12-13-22h-08m-16s,210,22008760,24400334,,1.0,1.0,0.9428571428571428,pointworld,pointworld,0,0,0,0,0,0,0,0,0,0,0,0
AUTOLab+7cb094d5+2023-12-13-22h-15m-18s,88,22008760,24400334,,1.0,1.0,1.0,pointworld,pointworld,0,0,0,0,0,0,10,10,0,14,14,0
AUTOLab+7cb094d5+2023-12-13-23h-07m-10s,324,22008760,24400334,,1.0,1.0,0.6463022508038585,pointworld,pointworld,0,0,0,13,13,0,63,63,0,68,68,14
AUTOLab+7cb094d5+2023-12-13-23h-33m-27s,507,22008760,24400334,,1.0,1.0,0.6528599605522682,pointworld,pointworld,0,0,0,0,0,0,192,192,15,219,219,59
AUTOLab+7cb094d5+2023-12-13-23h-37m-51s,537,22008760,24400334,,1.0,1.0,1.0,pointworld,pointworld,23,23,0,25,25,0,27,27,14,30,30,20
AUTOLab+7cb094d5+2023-12-14-00h-31m-33s,325,22008760,24400334,,1.0,1.0,1.0,pointworld,pointworld,0,0,0,0,0,0,0,0,0,13,0,13
AUTOLab+7cb094d5+2023-12-14-01h-04m-57s,284,22008760,24400334,,1.0,1.0,1.0,pointworld,pointworld,0,0,0,0,0,0,0,0,0,0,0,0
AUTOLab+7cb094d5+2023-12-14-01h-14m-39s,389,22008760,24400334,,1.0,1.0,1.0,pointworld,pointworld,0,0,0,0,0,0,0,0,0,0,0,0
AUTOLab+7cb094d5+2023-12-14-01h-27m-12s,387,22008760,24400334,,1.0,1.0,1.0,pointworld,pointworld,0,0,0,0,0,0,0,0,0,0,0,0
AUTOLab+7cb094d5+2023-12-14-09h-37m-36s,450,22008760,24400334,,1.0,1.0,1.0,pointworld,pointworld,0,0,0,0,0,0,0,0,0,0,0,0
AUTOLab+7cb094d5+2023-12-14-10h-01m-50s,219,22008760,24400334,,1.0,1.0,1.0,pointworld,pointworld,0,0,0,0,0,0,0,0,0,0,0,0
AUTOLab+7cb094d5+2023-12-14-10h-34m-30s,103,22008760,24400334,,1.0,1.0,1.0,pointworld,pointworld,0,0,0,0,0,0,0,0,0,0,0,0
AUTOLab+7cb094d5+2023-12-14-10h-45m-51s,1015,22008760,24400334,,1.0,1.0,0.8364532019704434,pointworld,pointworld,0,0,0,0,0,0,0,0,0,0,0,0
AUTOLab+7cb094d5+2023-12-14-12h-05m-55s,234,22008760,24400334,,1.0,1.0,0.9572649572649573,pointworld,pointworld,0,0,0,0,0,0,0,0,0,0,0,0
AUTOLab+7cb094d5+2023-12-14-12h-06m-34s,981,22008760,24400334,,1.0,1.0,0.9806320081549439,pointworld,pointworld,0,0,0,0,0,0,0,0,0,0,0,0
AUTOLab+7cb094d5+2023-12-14-12h-13m-55s,368,22008760,24400334,,1.0,1.0,1.0,pointworld,pointworld,0,0,0,0,0,0,0,0,0,0,0,0
AUTOLab+7cb094d5+2023-12-14-12h-18m-51s,66,22008760,24400334,,1.0,1.0,1.0,pointworld,pointworld,0,0,0,0,0,0,0,0,0,0,0,0
AUTOLab+7cb094d5+2023-12-14-13h-24m-55s,85,22008760,24400334,,1.0,1.0,0.9529411764705882,pointworld,pointworld,0,0,0,0,0,0,0,0,0,0,0,0
AUTOLab+7cb094d5+2023-12-14-15h-27m-00s,105,22008760,24400334,,1.0,1.0,1.0,pointworld,pointworld,0,0,0,0,0,0,15,0,15,18,0,18
AUTOLab+7cb094d5+2023-12-14-21h-26m-06s,119,22008760,24400334,,1.0,1.0,1.0,pointworld,pointworld,38,38,34,42,42,40,48,48,45,51,49,51
AUTOLab+7cb094d5+2023-12-14-21h-57m-38s,143,22008760,24400334,,1.0,1.0,1.0,pointworld,pointworld,0,0,0,32,0,32,37,0,37,81,19,81
AUTOLab+7cb094d5+2023-12-15-09h-09m-48s,343,22008760,24400334,,1.0,1.0,1.0,pointworld,pointworld,0,0,0,0,0,0,0,0,0,0,0,0
AUTOLab+7cb094d5+2023-12-15-09h-45m-40s,397,22008760,24400334,,1.0,1.0,1.0,pointworld,pointworld,0,0,0,0,0,0,0,0,0,0,0,0
AUTOLab+7cb094d5+2023-12-15-10h-03m-10s,345,22008760,24400334,,1.0,1.0,1.0,pointworld,pointworld,0,0,0,0,0,0,0,0,0,0,0,0
AUTOLab+7cb094d5+2023-12-15-10h-14m-28s,204,22008760,24400334,,1.0,1.0,1.0,pointworld,pointworld,0,0,0,0,0,0,0,0,0,0,0,0
AUTOLab+7cb094d5+2023-12-15-10h-23m-44s,454,22008760,24400334,,1.0,1.0,1.0,pointworld,pointworld,0,0,0,0,0,0,0,0,0,0,0,0
AUTOLab+7cb094d5+2023-12-15-10h-26m-34s,506,22008760,24400334,,1.0,1.0,1.0,pointworld,pointworld,0,0,0,0,0,0,0,0,0,0,0,0
AUTOLab+7cb094d5+2023-12-15-10h-42m-01s,361,22008760,24400334,,1.0,1.0,1.0,pointworld,pointworld,0,0,0,0,0,0,0,0,0,0,0,0
AUTOLab+7cb094d5+2023-12-15-10h-52m-56s,508,22008760,24400334,,1.0,1.0,1.0,pointworld,pointworld,0,0,0,0,0,0,0,0,0,0,0,0
AUTOLab+7cb094d5+2023-12-15-15h-52m-19s,737,20521388,24259877,,1.0,1.0,1.0,pointworld,pointworld,0,0,0,16,16,0,19,19,0,21,21,0
AUTOLab+7cb094d5+2023-12-15-15h-55m-06s,994,20521388,24259877,,1.0,1.0,1.0,pointworld,pointworld,0,0,0,0,0,0,0,0,0,23,23,0
AUTOLab+7cb094d5+2023-12-15-16h-01m-38s,481,20521388,24259877,,1.0,1.0,1.0,pointworld,pointworld,0,0,0,0,0,0,0,0,0,10,10,0
AUTOLab+7cb094d5+2023-12-15-16h-23m-25s,407,20521388,24259877,,1.0,1.0,0.9754299754299754,pointworld,pointworld,0,0,0,0,0,0,31,31,0,34,34,0
AUTOLab+7cb094d5+2023-12-15-16h-25m-41s,409,20521388,24259877,,1.0,1.0,0.8190709046454768,pointworld,pointworld,0,0,0,0,0,0,0,0,0,18,18,0
AUTOLab+7cb094d5+2023-12-15-17h-01m-13s,319,20521388,24259877,,1.0,1.0,1.0,pointworld,pointworld,0,0,0,0,0,0,0,0,0,11,11,0
AUTOLab+7cb094d5+2023-12-15-17h-07m-32s,134,20521388,24259877,,1.0,1.0,0.8833333333333333,pointworld,pointworld,12,12,0,14,14,0,15,15,0,19,19,0
AUTOLab+7cb094d5+2023-12-15-17h-09m-38s,128,20521388,24259877,,1.0,1.0,0.5982142857142857,pointworld,pointworld,13,13,0,16,16,0,19,19,0,23,23,0
AUTOLab+7cb094d5+2023-12-15-17h-35m-53s,66,20521388,24259877,,1.0,1.0,1.0,pointworld,pointworld,14,14,0,16,16,12,18,18,15,20,20,17
AUTOLab+7cb094d5+2023-12-15-17h-43m-21s,413,20521388,24259877,,1.0,1.0,0.9851116625310173,pointworld,pointworld,0,0,0,10,0,10,14,10,14,18,12,18
AUTOLab+7cb094d5+2023-12-15-18h-17m-49s,246,20521388,24259877,,1.0,1.0,1.0,pointworld,pointworld,15,14,15,19,19,19,28,28,26,43,43,35
AUTOLab+7cb094d5+2023-12-15-23h-30m-06s,242,20521388,24259877,,1.0,1.0,1.0,pointworld,pointworld,13,0,13,16,0,16,18,0,18,21,0,21
AUTOLab+7cb094d5+2023-12-16-00h-23m-42s,454,20521388,24259877,,1.0,1.0,0.8826530612244898,pointworld,pointworld,44,0,44,62,0,62,115,0,115,117,13,117
AUTOLab+7cb094d5+2023-12-16-00h-52m-35s,404,20521388,24259877,,1.0,1.0,0.961340206185567,pointworld,pointworld,14,0,14,16,0,16,17,9,17,19,14,19
AUTOLab+7cb094d5+2023-12-16-00h-54m-50s,170,20521388,24259877,,1.0,1.0,1.0,pointworld,pointworld,15,0,15,17,9,17,20,14,20,29,17,29
AUTOLab+84bd5053+2023-07-08-08h-58m-33s,680,22008760,24400334,,1.0,1.0,1.0,pointworld,pointworld,25,0,25,31,28,31,35,34,35,66,66,41
AUTOLab+84bd5053+2023-07-08-08h-59m-35s,720,22008760,24400334,,1.0,1.0,1.0,pointworld,pointworld,54,54,0,57,57,0,72,72,55,77,77,76
AUTOLab+84bd5053+2023-07-08-09h-09m-59s,431,22008760,24400334,,1.0,1.0,1.0,pointworld,pointworld,16,16,0,19,19,0,21,21,0,24,24,17
AUTOLab+84bd5053+2023-07-08-09h-16m-01s,470,22008760,24400334,,1.0,1.0,1.0,pointworld,pointworld,25,25,0,26,26,26,30,29,30,35,31,35
AUTOLab+84bd5053+2023-07-08-09h-16m-49s,456,22008760,24400334,,1.0,1.0,1.0,pointworld,pointworld,25,25,18,28,28,25,31,31,29,50,50,33
AUTOLab+84bd5053+2023-07-08-09h-54m-01s,364,22008760,24400334,,1.0,1.0,1.0,pointworld,pointworld,11,11,0,13,13,0,15,15,11,18,18,17
AUTOLab+84bd5053+2023-07-08-09h-57m-29s,277,22008760,24400334,,1.0,1.0,1.0,pointworld,pointworld,0,0,0,0,0,0,0,0,0,7,7,0
AUTOLab+84bd5053+2023-07-08-10h-28m-16s,346,22008760,24400334,,1.0,1.0,1.0,pointworld,pointworld,20,20,0,24,24,0,27,26,27,29,28,29
AUTOLab+84bd5053+2023-07-08-10h-33m-56s,368,22008760,24400334,,1.0,1.0,1.0,pointworld,pointworld,11,11,0,13,13,8,15,15,11,17,17,14
AUTOLab+84bd5053+2023-07-08-10h-35m-48s,308,22008760,24400334,,1.0,1.0,1.0,pointworld,pointworld,8,0,8,12,9,12,14,11,14,16,13,16
AUTOLab+84bd5053+2023-07-08-10h-37m-27s,225,22008760,24400334,,1.0,1.0,1.0,pointworld,pointworld,0,0,0,0,0,0,12,12,0,20,20,13
AUTOLab+84bd5053+2023-07-08-10h-40m-52s,323,22008760,24400334,,1.0,1.0,1.0,pointworld,pointworld,17,17,0,18,18,0,20,20,14,23,23,19
AUTOLab+84bd5053+2023-07-08-10h-44m-19s,528,22008760,24400334,,1.0,1.0,1.0,pointworld,pointworld,0,0,0,8,8,0,12,12,0,15,15,0
AUTOLab+84bd5053+2023-07-08-10h-45m-44s,457,22008760,24400334,,1.0,1.0,1.0,pointworld,pointworld,18,18,0,20,20,9,24,24,18,32,32,21
AUTOLab+84bd5053+2023-07-08-10h-50m-58s,338,22008760,24400334,,1.0,1.0,1.0,pointworld,pointworld,19,19,12,21,21,15,24,24,18,34,34,22
AUTOLab+84bd5053+2023-07-08-10h-57m-16s,213,22008760,24400334,,1.0,1.0,1.0,pointworld,pointworld,11,11,0,12,12,0,14,14,0,17,17,10
AUTOLab+84bd5053+2023-07-08-10h-58m-00s,275,22008760,24400334,,1.0,1.0,1.0,pointworld,pointworld,7,7,0,9,9,0,11,11,6,14,14,9
AUTOLab+84bd5053+2023-07-08-11h-52m-30s,138,22008760,24400334,,1.0,1.0,1.0,pointworld,pointworld,0,0,0,0,0,0,0,0,0,0,0,0
AUTOLab+84bd5053+2023-07-12-11h-18m-41s,111,22008760,24400334,,1.0,1.0,1.0,pointworld,pointworld,0,0,0,17,9,17,21,14,21,27,19,27
AUTOLab+84bd5053+2023-07-14-14h-56m-19s,191,22008760,24400334,,1.0,1.0,1.0,pointworld,pointworld,0,0,0,0,0,0,0,0,0,24,0,24
AUTOLab+84bd5053+2023-07-14-15h-11m-08s,132,22008760,24400334,,1.0,1.0,1.0,pointworld,pointworld,0,0,0,0,0,0,15,11,15,18,16,18
AUTOLab+84bd5053+2023-07-14-15h-58m-46s,86,22008760,24400334,,1.0,1.0,1.0,pointworld,pointworld,9,0,9,13,0,13,17,0,17,20,11,20
AUTOLab+84bd5053+2023-07-14-16h-01m-03s,150,22008760,24400334,,1.0,1.0,1.0,pointworld,pointworld,0,0,0,0,0,0,0,0,0,0,0,0
AUTOLab+84bd5053+2023-07-14-16h-18m-41s,112,22008760,24400334,,1.0,1.0,1.0,pointworld,pointworld,0,0,0,0,0,0,0,0,0,18,18,16
AUTOLab+84bd5053+2023-07-14-16h-41m-36s,145,22008760,24400334,,1.0,1.0,1.0,pointworld,pointworld,0,0,0,0,0,0,0,0,0,22,0,22
AUTOLab+84bd5053+2023-07-14-16h-53m-21s,86,22008760,24400334,,1.0,1.0,1.0,pointworld,pointworld,0,0,0,0,0,0,0,0,0,0,0,0
AUTOLab+84bd5053+2023-07-14-16h-54m-39s,95,22008760,24400334,,1.0,1.0,1.0,pointworld,pointworld,0,0,0,0,0,0,0,0,0,15,0,15
AUTOLab+84bd5053+2023-07-14-17h-08m-01s,101,22008760,24400334,,1.0,1.0,1.0,pointworld,pointworld,0,0,0,6,0,6,10,0,10,14,5,14
AUTOLab+84bd5053+2023-07-14-17h-25m-19s,125,22008760,24400334,,1.0,1.0,1.0,pointworld,pointworld,0,0,0,18,0,18,21,0,21,23,17,23
AUTOLab+84bd5053+2023-07-14-17h-27m-13s,106,22008760,24400334,,1.0,1.0,1.0,pointworld,pointworld,0,0,0,0,0,0,0,0,0,0,0,0
AUTOLab+84bd5053+2023-07-21-12h-20m-03s,219,22008760,24400334,,1.0,1.0,1.0,pointworld,pointworld,0,0,0,15,0,15,20,0,20,23,0,23
AUTOLab+84bd5053+2023-07-21-12h-23m-40s,147,22008760,24400334,,1.0,1.0,1.0,pointworld,pointworld,0,0,0,0,0,0,14,0,14,18,0,18
AUTOLab+84bd5053+2023-07-21-12h-32m-18s,185,22008760,24400334,,1.0,1.0,1.0,pointworld,pointworld,0,0,0,0,0,0,14,0,14,18,0,18
AUTOLab+84bd5053+2023-07-21-12h-33m-12s,137,22008760,24400334,,1.0,1.0,1.0,pointworld,pointworld,8,0,8,12,0,12,15,0,15,18,0,18
AUTOLab+84bd5053+2023-07-21-12h-37m-16s,359,22008760,24400334,,1.0,1.0,1.0,pointworld,pointworld,0,0,0,0,0,0,35,0,35,38,0,38
AUTOLab+84bd5053+2023-07-21-12h-39m-22s,170,22008760,24400334,,1.0,1.0,0.9276315789473685,pointworld,pointworld,0,0,0,18,0,18,22,0,22,26,0,26
AUTOLab+84bd5053+2023-07-21-12h-42m-00s,109,22008760,24400334,,1.0,1.0,1.0,pointworld,pointworld,7,0,7,9,0,9,12,0,12,14,0,14
AUTOLab+84bd5053+2023-07-21-12h-42m-32s,129,22008760,24400334,,1.0,1.0,0.9689922480620154,pointworld,pointworld,0,0,0,0,0,0,15,0,15,18,0,18
AUTOLab+84bd5053+2023-07-21-12h-44m-49s,125,22008760,24400334,,1.0,1.0,1.0,pointworld,pointworld,0,0,0,0,0,0,0,0,0,14,0,14
AUTOLab+84bd5053+2023-07-21-12h-45m-11s,116,22008760,24400334,,1.0,1.0,1.0,pointworld,pointworld,10,0,10,13,0,13,16,0,16,18,0,18
AUTOLab+84bd5053+2023-07-21-12h-45m-51s,121,22008760,24400334,,1.0,1.0,1.0,pointworld,pointworld,0,0,0,0,0,0,0,0,0,11,0,11
AUTOLab+84bd5053+2023-07-21-12h-48m-39s,151,22008760,24400334,,1.0,1.0,1.0,pointworld,pointworld,0,0,0,0,0,0,0,0,0,35,0,35
AUTOLab+84bd5053+2023-07-21-12h-49m-14s,137,22008760,24400334,,1.0,1.0,1.0,pointworld,pointworld,0,0,0,10,0,10,13,0,13,15,0,15
AUTOLab+84bd5053+2023-07-21-12h-59m-42s,188,22008760,24400334,,1.0,1.0,1.0,pointworld,pointworld,0,0,0,0,0,0,0,0,0,11,0,11
AUTOLab+84bd5053+2023-07-21-13h-16m-47s,121,22008760,24400334,,1.0,1.0,1.0,pointworld,pointworld,0,0,0,0,0,0,0,0,0,8,0,8
AUTOLab+84bd5053+2023-07-21-13h-22m-15s,158,22008760,24400334,,1.0,1.0,1.0,pointworld,pointworld,0,0,0,9,0,9,12,0,12,15,0,15
AUTOLab+84bd5053+2023-07-21-13h-28m-13s,112,22008760,24400334,,1.0,1.0,1.0,pointworld,pointworld,0,0,0,0,0,0,0,0,0,0,0,0
AUTOLab+84bd5053+2023-07-21-13h-29m-36s,111,22008760,24400334,,1.0,1.0,1.0,pointworld,pointworld,0,0,0,0,0,0,8,0,8,12,0,12
AUTOLab+84bd5053+2023-07-21-13h-30m-30s,158,22008760,24400334,,1.0,1.0,1.0,pointworld,pointworld,0,0,0,0,0,0,8,0,8,12,0,12
AUTOLab+84bd5053+2023-07-21-13h-34m-29s,153,22008760,24400334,,1.0,1.0,1.0,pointworld,pointworld,0,0,0,0,0,0,12,0,12,16,0,16
AUTOLab+84bd5053+2023-07-21-14h-43m-24s,108,22008760,24400334,,1.0,1.0,1.0,pointworld,pointworld,0,0,0,10,0,10,13,0,13,23,0,23
AUTOLab+84bd5053+2023-07-21-15h-14m-28s,149,22008760,24400334,,1.0,1.0,1.0,pointworld,pointworld,0,0,0,0,0,0,0,0,0,15,0,15
AUTOLab+84bd5053+2023-07-21-15h-18m-08s,162,22008760,24400334,,1.0,1.0,1.0,pointworld,pointworld,0,0,0,0,0,0,0,0,0,18,0,18
AUTOLab+84bd5053+2023-07-21-15h-19m-36s,119,22008760,24400334,,1.0,1.0,1.0,pointworld,pointworld,0,0,0,0,0,0,10,0,10,14,0,14
AUTOLab+84bd5053+2023-07-21-15h-21m-32s,215,22008760,24400334,,1.0,1.0,1.0,pointworld,pointworld,0,0,0,0,0,0,12,0,12,17,0,17
AUTOLab+84bd5053+2023-07-21-15h-36m-07s,128,22008760,24400334,,1.0,1.0,1.0,pointworld,pointworld,0,0,0,15,0,15,20,0,20,22,0,22
AUTOLab+84bd5053+2023-07-27-08h-45m-09s,124,22008760,24400334,,1.0,1.0,1.0,pointworld,pointworld,0,0,0,8,0,8,12,12,12,15,15,15
AUTOLab+84bd5053+2023-07-27-08h-50m-00s,173,22008760,24400334,,1.0,1.0,1.0,pointworld,pointworld,0,0,0,12,0,12,16,15,16,19,17,19
AUTOLab+84bd5053+2023-07-27-08h-54m-06s,117,22008760,24400334,,1.0,1.0,1.0,pointworld,pointworld,0,0,0,0,0,0,0,0,0,4,4,0
AUTOLab+84bd5053+2023-07-27-08h-55m-51s,87,22008760,24400334,,1.0,1.0,1.0,pointworld,pointworld,0,0,0,0,0,0,0,0,0,0,0,0
AUTOLab+84bd5053+2023-07-27-08h-58m-20s,90,22008760,24400334,,1.0,1.0,1.0,pointworld,pointworld,0,0,0,0,0,0,0,0,0,11,10,11
AUTOLab+84bd5053+2023-07-27-09h-02m-32s,104,22008760,24400334,,1.0,1.0,1.0,pointworld,pointworld,0,0,0,9,0,9,12,10,12,14,13,14
AUTOLab+84bd5053+2023-07-27-09h-03m-15s,104,22008760,24400334,,1.0,1.0,1.0,pointworld,pointworld,0,0,0,0,0,0,0,0,0,8,8,0
AUTOLab+84bd5053+2023-07-27-09h-05m-30s,210,22008760,24400334,,1.0,1.0,1.0,pointworld,pointworld,0,0,0,0,0,0,11,0,11,15,0,15
AUTOLab+84bd5053+2023-07-27-09h-09m-02s,60,22008760,24400334,,1.0,1.0,1.0,pointworld,pointworld,0,0,0,0,0,0,0,0,0,0,0,0
AUTOLab+84bd5053+2023-07-27-09h-10m-47s,111,22008760,24400334,,1.0,1.0,1.0,pointworld,pointworld,0,0,0,0,0,0,10,0,10,15,15,15
AUTOLab+84bd5053+2023-07-27-09h-11m-17s,91,22008760,24400334,,1.0,1.0,1.0,pointworld,pointworld,0,0,0,0,0,0,0,0,0,0,0,0
AUTOLab+84bd5053+2023-07-27-09h-11m-31s,99,22008760,24400334,,1.0,1.0,1.0,pointworld,pointworld,0,0,0,0,0,0,0,0,0,0,0,0
AUTOLab+84bd5053+2023-07-27-09h-14m-27s,110,22008760,24400334,,1.0,1.0,1.0,pointworld,pointworld,0,0,0,0,0,0,10,0,10,14,8,14
AUTOLab+84bd5053+2023-07-27-09h-14m-58s,101,22008760,24400334,,1.0,1.0,1.0,pointworld,pointworld,0,0,0,0,0,0,0,0,0,0,0,0
AUTOLab+84bd5053+2023-07-27-09h-16m-39s,113,22008760,24400334,,1.0,1.0,1.0,pointworld,pointworld,0,0,0,0,0,0,0,0,0,10,5,10
AUTOLab+84bd5053+2023-07-27-09h-18m-59s,75,22008760,24400334,,1.0,1.0,1.0,pointworld,pointworld,0,0,0,0,0,0,0,0,0,7,7,6
AUTOLab+84bd5053+2023-07-27-09h-21m-31s,91,22008760,24400334,,1.0,1.0,1.0,pointworld,pointworld,0,0,0,0,0,0,0,0,0,10,0,10
AUTOLab+84bd5053+2023-07-27-09h-22m-55s,116,22008760,24400334,,1.0,1.0,1.0,pointworld,pointworld,0,0,0,0,0,0,0,0,0,0,0,0
AUTOLab+84bd5053+2023-07-27-09h-38m-46s,86,22008760,24400334,,1.0,1.0,1.0,pointworld,pointworld,0,0,0,10,0,10,14,14,13,18,18,17
AUTOLab+84bd5053+2023-07-27-09h-39m-12s,121,22008760,24400334,,1.0,1.0,1.0,pointworld,pointworld,0,0,0,0,0,0,0,0,0,11,0,11
AUTOLab+84bd5053+2023-07-27-09h-47m-17s,136,22008760,24400334,,1.0,1.0,1.0,pointworld,pointworld,0,0,0,0,0,0,24,0,24,28,28,26
AUTOLab+84bd5053+2023-07-27-10h-12m-15s,98,22008760,24400334,,1.0,1.0,1.0,pointworld,pointworld,9,0,9,11,0,11,14,11,14,16,14,16
AUTOLab+84bd5053+2023-07-27-10h-13m-07s,89,22008760,24400334,,1.0,1.0,1.0,pointworld,pointworld,0,0,0,0,0,0,9,0,9,12,10,12
AUTOLab+84bd5053+2023-07-27-10h-14m-07s,100,22008760,24400334,,1.0,1.0,1.0,pointworld,pointworld,0,0,0,6,6,0,10,10,9,13,13,11
AUTOLab+84bd5053+2023-07-27-10h-16m-27s,103,22008760,24400334,,1.0,1.0,1.0,pointworld,pointworld,0,0,0,0,0,0,0,0,0,0,0,0
AUTOLab+84bd5053+2023-07-27-10h-21m-01s,80,22008760,24400334,,1.0,1.0,1.0,pointworld,pointworld,0,0,0,0,0,0,0,0,0,8,8,0
AUTOLab+84bd5053+2023-07-27-10h-29m-39s,93,22008760,24400334,,1.0,1.0,1.0,pointworld,pointworld,0,0,0,0,0,0,0,0,0,0,0,0
AUTOLab+84bd5053+2023-08-17-17h-13m-17s,183,22008760,24400334,,1.0,1.0,0.9433962264150944,pointworld,pointworld,22,20,22,24,24,24,27,27,26,31,31,29
AUTOLab+84bd5053+2023-08-17-17h-17m-33s,159,22008760,24400334,,1.0,1.0,0.9308176100628931,pointworld,pointworld,0,0,0,0,0,0,16,0,16,21,21,20
AUTOLab+84bd5053+2023-08-17-17h-21m-08s,102,22008760,24400334,,1.0,1.0,0.967741935483871,pointworld,pointworld,0,0,0,9,9,0,12,12,10,16,16,13
AUTOLab+84bd5053+2023-08-17-17h-24m-43s,89,22008760,24400334,,1.0,1.0,1.0,pointworld,pointworld,0,0,0,0,0,0,16,16,0,19,19,15
AUTOLab+84bd5053+2023-08-17-17h-25m-00s,124,22008760,24400334,,1.0,1.0,1.0,pointworld,pointworld,0,0,0,0,0,0,0,0,0,68,68,59
AUTOLab+84bd5053+2023-08-17-17h-27m-21s,112,22008760,24400334,,1.0,1.0,1.0,pointworld,pointworld,0,0,0,0,0,0,16,0,16,22,22,19
AUTOLab+84bd5053+2023-08-17-17h-28m-18s,121,22008760,24400334,,1.0,1.0,1.0,pointworld,pointworld,11,9,11,14,13,14,18,18,17,22,22,19
AUTOLab+84bd5053+2023-08-17-17h-33m-56s,112,22008760,24400334,,1.0,1.0,1.0,pointworld,pointworld,11,11,10,14,14,13,16,16,15,19,19,18
AUTOLab+84bd5053+2023-08-17-17h-34m-16s,100,22008760,24400334,,1.0,1.0,1.0,pointworld,pointworld,0,0,0,0,0,0,17,0,17,21,20,21
AUTOLab+84bd5053+2023-08-17-17h-34m-40s,103,22008760,24400334,,1.0,1.0,1.0,pointworld,pointworld,15,13,15,17,17,17,20,20,20,23,23,22
AUTOLab+84bd5053+2023-08-17-17h-46m-22s,124,22008760,24400334,,1.0,1.0,1.0,pointworld,pointworld,12,0,12,16,13,16,19,18,19,22,22,21
AUTOLab+84bd5053+2023-08-17-17h-47m-46s,91,22008760,24400334,,1.0,1.0,1.0,pointworld,pointworld,0,0,0,0,0,0,0,0,0,15,15,12
AUTOLab+84bd5053+2023-08-17-17h-49m-29s,88,22008760,24400334,,1.0,1.0,1.0,pointworld,pointworld,10,10,10,14,14,13,17,17,15,21,21,18
AUTOLab+84bd5053+2023-08-17-17h-50m-17s,112,22008760,24400334,,1.0,1.0,1.0,pointworld,pointworld,0,0,0,13,10,13,16,15,16,18,18,18
AUTOLab+84bd5053+2023-08-17-17h-53m-45s,66,22008760,24400334,,1.0,1.0,1.0,pointworld,pointworld,0,0,0,0,0,0,40,39,40,42,42,42
AUTOLab+84bd5053+2023-08-18-11h-41m-14s,77,22008760,24400334,,1.0,1.0,1.0,pointworld,pointworld,0,0,0,18,18,0,20,20,18,22,22,20
AUTOLab+84bd5053+2023-08-18-11h-47m-08s,97,22008760,24400334,,1.0,1.0,1.0,pointworld,pointworld,8,0,8,11,10,11,15,15,15,19,19,17
AUTOLab+84bd5053+2023-08-18-11h-47m-22s,90,22008760,24400334,,1.0,1.0,1.0,pointworld,pointworld,0,0,0,7,7,0,11,11,8,14,14,11
AUTOLab+84bd5053+2023-08-18-11h-51m-46s,99,22008760,24400334,,1.0,1.0,1.0,pointworld,pointworld,24,23,24,25,25,25,28,27,28,30,30,29
AUTOLab+84bd5053+2023-08-18-11h-56m-22s,101,22008760,24400334,,1.0,1.0,1.0,pointworld,pointworld,0,0,0,26,26,25,30,30,28,34,34,31
AUTOLab+84bd5053+2023-08-18-11h-59m-56s,108,22008760,24400334,,1.0,1.0,1.0,pointworld,pointworld,12,0,12,14,12,14,16,15,16,19,19,18
AUTOLab+84bd5053+2023-08-18-12h-06m-13s,98,22008760,24400334,,1.0,1.0,1.0,pointworld,pointworld,0,0,0,0,0,0,22,22,21,25,25,24
AUTOLab+84bd5053+2023-08-18-12h-08m-47s,112,22008760,24400334,,1.0,1.0,1.0,pointworld,pointworld,14,14,12,17,17,15,20,20,20,25,25,22
AUTOLab+84bd5053+2023-08-18-12h-10m-02s,114,22008760,24400334,,1.0,1.0,1.0,pointworld,pointworld,0,0,0,3,0,3,16,0,16,18,16,18
AUTOLab+84bd5053+2023-08-18-12h-15m-17s,112,22008760,24400334,,1.0,1.0,1.0,pointworld,pointworld,0,0,0,0,0,0,0,0,0,11,11,0
AUTOLab+84bd5053+2023-08-18-12h-17m-13s,88,22008760,24400334,,1.0,1.0,1.0,pointworld,pointworld,10,10,8,11,11,10,14,14,12,16,16,14
AUTOLab+84bd5053+2023-08-18-12h-26m-41s,68,22008760,24400334,,1.0,1.0,1.0,pointworld,pointworld,0,0,0,0,0,0,6,0,6,9,8,9
AUTOLab+84bd5053+2023-08-21-13h-32m-49s,158,22008760,24400334,,1.0,1.0,1.0,pointworld,pointworld,0,0,0,0,0,0,13,13,10,15,15,13
AUTOLab+84bd5053+2023-08-21-13h-54m-18s,161,22008760,24400334,,1.0,1.0,1.0,pointworld,pointworld,0,0,0,11,11,0,16,16,0,19,19,11
AUTOLab+84bd5053+2023-08-21-13h-58m-26s,155,22008760,24400334,,1.0,1.0,1.0,pointworld,pointworld,0,0,0,12,12,0,15,15,0,19,19,12
AUTOLab+84bd5053+2023-08-21-14h-01m-37s,171,22008760,24400334,,1.0,1.0,1.0,pointworld,pointworld,0,0,0,0,0,0,0,0,0,7,7,0
AUTOLab+84bd5053+2023-08-21-14h-12m-40s,186,22008760,24400334,,1.0,1.0,1.0,pointworld,pointworld,0,0,0,0,0,0,0,0,0,0,0,0
AUTOLab+84bd5053+2023-08-21-14h-16m-58s,144,22008760,24400334,,1.0,1.0,1.0,pointworld,pointworld,0,0,0,0,0,0,0,0,0,10,10,0
AUTOLab+84bd5053+2023-08-21-14h-20m-34s,158,22008760,24400334,,1.0,1.0,1.0,pointworld,pointworld,0,0,0,0,0,0,10,10,0,13,13,11
AUTOLab+84bd5053+2023-08-27-21h-02m-48s,584,22008760,24400334,,1.0,1.0,1.0,pointworld,pointworld,0,0,0,0,0,0,0,0,0,0,0,0
AUTOLab+84bd5053+2023-08-27-21h-19m-46s,128,22008760,24400334,,1.0,1.0,1.0,pointworld,pointworld,0,0,0,0,0,0,0,0,0,20,0,20
AUTOLab+84bd5053+2023-08-27-23h-20m-41s,184,22008760,24400334,,1.0,1.0,1.0,pointworld,pointworld,0,0,0,0,0,0,0,0,0,11,9,11
AUTOLab+84bd5053+2023-08-27-23h-21m-48s,616,22008760,24400334,,1.0,1.0,1.0,pointworld,pointworld,0,0,0,0,0,0,28,0,28,32,27,32
AUTOLab+84bd5053+2023-08-28-00h-30m-10s,294,22008760,24400334,,1.0,1.0,1.0,pointworld,pointworld,0,0,0,0,0,0,0,0,0,0,0,0
AUTOLab+84bd5053+2023-09-04-18h-45m-31s,221,22008760,24400334,,1.0,1.0,0.9743589743589743,pointworld,pointworld,20,20,0,26,26,17,30,30,22,35,35,25
AUTOLab+84bd5053+2023-09-04-18h-50m-50s,129,22008760,24400334,,1.0,1.0,1.0,pointworld,pointworld,61,61,0,65,65,56,71,71,61,75,75,65
AUTOLab+84bd5053+2023-09-04-19h-27m-53s,138,22008760,24400334,,1.0,1.0,1.0,pointworld,pointworld,0,0,0,27,27,26,32,32,30,40,40,33
AUTOLab+84bd5053+2023-09-05-08h-55m-46s,181,22008760,24400334,,1.0,1.0,1.0,pointworld,pointworld,14,14,0,21,21,0,29,29,0,36,36,15
AUTOLab+84bd5053+2023-09-05-08h-56m-34s,175,22008760,24400334,,1.0,1.0,1.0,pointworld,pointworld,12,12,0,16,16,0,22,22,0,53,53,0
AUTOLab+84bd5053+2023-09-05-09h-03m-25s,130,22008760,24400334,,1.0,1.0,1.0,pointworld,pointworld,19,19,0,21,21,0,25,25,15,31,31,17
AUTOLab+84bd5053+2023-09-05-09h-10m-10s,80,22008760,24400334,,1.0,1.0,1.0,pointworld,pointworld,0,0,0,0,0,0,17,17,0,27,27,0
AUTOLab+84bd5053+2023-09-05-09h-14m-22s,114,22008760,24400334,,1.0,1.0,1.0,pointworld,pointworld,15,15,0,19,19,0,23,23,0,27,27,13
AUTOLab+84bd5053+2023-09-05-09h-43m-55s,146,22008760,24400334,,1.0,1.0,1.0,pointworld,pointworld,0,0,0,0,0,0,24,24,0,39,39,0
AUTOLab+84bd5053+2023-09-05-09h-46m-16s,130,22008760,24400334,,1.0,1.0,1.0,pointworld,pointworld,27,27,0,29,29,0,32,32,22,36,36,25
AUTOLab+84bd5053+2023-09-05-09h-48m-18s,160,22008760,24400334,,1.0,1.0,1.0,pointworld,pointworld,0,0,0,23,23,0,27,27,0,36,36,20
AUTOLab+84bd5053+2023-09-10-16h-17m-22s,2100,22008760,24400334,,1.0,1.0,0.9742857142857143,pointworld,pointworld,0,0,0,0,0,0,58,58,0,65,65,0
AUTOLab+84bd5053+2023-10-07-17h-36m-34s,261,22008760,24400334,,1.0,1.0,1.0,pointworld,pointworld,0,0,0,25,0,25,28,0,28,31,0,31
AUTOLab+84bd5053+2023-10-07-17h-41m-23s,419,22008760,24400334,,1.0,1.0,1.0,pointworld,pointworld,0,0,0,0,0,0,0,0,0,0,0,0
AUTOLab+84bd5053+2023-10-07-17h-52m-20s,308,22008760,24400334,,1.0,1.0,1.0,pointworld,pointworld,0,0,0,0,0,0,0,0,0,11,0,11
AUTOLab+84bd5053+2023-10-07-19h-10m-39s,572,22008760,24400334,,1.0,1.0,1.0,pointworld,pointworld,0,0,0,54,0,54,56,55,56,59,57,59
AUTOLab+84bd5053+2023-10-07-19h-19m-26s,759,22008760,24400334,,1.0,1.0,1.0,pointworld,pointworld,0,0,0,36,29,36,41,37,41,43,40,43
AUTOLab+84bd5053+2023-10-07-19h-26m-26s,373,22008760,24400334,,1.0,1.0,1.0,pointworld,pointworld,0,0,0,19,0,19,23,0,23,31,27,31
AUTOLab+84bd5053+2023-10-13-19h-10m-35s,86,22008760,24400334,,1.0,1.0,1.0,pointworld,pointworld,0,0,0,0,0,0,0,0,0,0,0,0
AUTOLab+84bd5053+2023-10-13-19h-18m-04s,113,22008760,24400334,,1.0,1.0,1.0,pointworld,pointworld,0,0,0,18,0,18,21,0,21,25,17,25
AUTOLab+84bd5053+2023-10-13-19h-37m-06s,98,22008760,24400334,,1.0,1.0,1.0,pointworld,pointworld,0,0,0,0,0,0,0,0,0,0,0,0
AUTOLab+84bd5053+2023-10-13-19h-48m-25s,55,22008760,24400334,,1.0,1.0,1.0,pointworld,pointworld,0,0,0,0,0,0,14,0,14,17,11,17
AUTOLab+84bd5053+2023-10-13-19h-55m-33s,116,22008760,24400334,,1.0,1.0,1.0,pointworld,pointworld,0,0,0,0,0,0,0,0,0,0,0,0
AUTOLab+84bd5053+2023-10-13-20h-18m-20s,117,22008760,24400334,,1.0,1.0,0.717948717948718,pointworld,pointworld,0,0,0,0,0,0,11,11,0,13,13,0
AUTOLab+84bd5053+2023-10-13-20h-21m-40s,145,22008760,24400334,,1.0,1.0,0.7793103448275862,pointworld,pointworld,0,0,0,0,0,0,0,0,0,0,0,0
AUTOLab+84bd5053+2023-10-13-20h-25m-47s,108,22008760,24400334,,1.0,1.0,0.7222222222222222,pointworld,pointworld,0,0,0,0,0,0,0,0,0,0,0,0
AUTOLab+84bd5053+2023-10-13-20h-28m-45s,99,22008760,24400334,,1.0,1.0,0.8383838383838383,pointworld,pointworld,0,0,0,0,0,0,0,0,0,0,0,0
AUTOLab+84bd5053+2023-10-13-20h-41m-05s,104,22008760,24400334,,1.0,1.0,1.0,pointworld,pointworld,0,0,0,0,0,0,0,0,0,0,0,0
AUTOLab+84bd5053+2023-10-13-21h-13m-25s,112,22008760,24400334,,1.0,1.0,1.0,pointworld,pointworld,0,0,0,0,0,0,0,0,0,0,0,0
AUTOLab+84bd5053+2023-11-11-08h-52m-38s,2331,22008760,24400334,,1.0,1.0,1.0,pointworld,pointworld,93,0,93,98,93,98,104,95,104,109,98,109
AUTOLab+84bd5053+2023-11-19-13h-16m-03s,266,22008760,24400334,,1.0,1.0,1.0,pointworld,pointworld,31,0,31,35,0,35,41,0,41,46,0,46
AUTOLab+84bd5053+2023-12-02-12h-57m-57s,143,22008760,24400334,,1.0,1.0,1.0,pointworld,pointworld,0,0,0,0,0,0,0,0,0,0,0,0
AUTOLab+84bd5053+2023-12-02-13h-39m-34s,113,22008760,24400334,,1.0,1.0,1.0,pointworld,pointworld,0,0,0,0,0,0,0,0,0,0,0,0
AUTOLab+9aed6d7a+2023-11-04-17h-50m-07s,187,22008760,24400334,,1.0,1.0,1.0,pointworld,pointworld,0,0,0,0,0,0,0,0,0,0,0,0
AUTOLab+9aed6d7a+2023-11-04-18h-09m-07s,180,22008760,24400334,,1.0,1.0,1.0,pointworld,pointworld,0,0,0,0,0,0,0,0,0,0,0,0
AUTOLab+9aed6d7a+2023-11-04-18h-11m-46s,102,22008760,24400334,,1.0,1.0,1.0,pointworld,pointworld,0,0,0,0,0,0,0,0,0,0,0,0
AUTOLab+9aed6d7a+2023-11-06-15h-48m-48s,116,22008760,24400334,,1.0,1.0,1.0,pointworld,pointworld,0,0,0,0,0,0,22,0,22,28,0,28
AUTOLab+9aed6d7a+2023-11-06-19h-35m-41s,177,22008760,24400334,,1.0,1.0,1.0,pointworld,pointworld,0,0,0,0,0,0,28,0,28,35,22,35
AUTOLab+9aed6d7a+2023-11-06-19h-52m-45s,171,22008760,24400334,,1.0,1.0,0.9415204678362573,pointworld,pointworld,0,0,0,0,0,0,0,0,0,40,0,40
AUTOLab+9aed6d7a+2023-11-06-20h-04m-04s,110,22008760,24400334,,1.0,1.0,1.0,pointworld,pointworld,0,0,0,0,0,0,0,0,0,17,0,17
AUTOLab+9aed6d7a+2023-11-06-20h-11m-23s,180,22008760,24400334,,1.0,1.0,0.8987341772151899,pointworld,pointworld,0,0,0,22,0,22,45,0,45,50,31,50
AUTOLab+9aed6d7a+2023-11-06-20h-37m-10s,185,22008760,24400334,,1.0,1.0,0.918918918918919,pointworld,pointworld,0,0,0,0,0,0,0,0,0,0,0,0
AUTOLab+9aed6d7a+2023-11-07-14h-38m-28s,180,22008760,24400334,,1.0,1.0,1.0,pointworld,pointworld,0,0,0,0,0,0,0,0,0,0,0,0
AUTOLab+9aed6d7a+2023-11-07-14h-48m-43s,145,22008760,24400334,,1.0,1.0,1.0,pointworld,pointworld,0,0,0,0,0,0,0,0,0,0,0,0
AUTOLab+9aed6d7a+2023-11-07-15h-12m-19s,148,22008760,24400334,,1.0,1.0,1.0,pointworld,pointworld,0,0,0,0,0,0,0,0,0,25,0,25
AUTOLab+9aed6d7a+2023-11-07-15h-12m-56s,225,22008760,24400334,,1.0,1.0,1.0,pointworld,pointworld,0,0,0,0,0,0,0,0,0,0,0,0
AUTOLab+9aed6d7a+2023-11-07-15h-13m-18s,172,22008760,24400334,,1.0,1.0,1.0,pointworld,pointworld,0,0,0,0,0,0,0,0,0,0,0,0
AUTOLab+9aed6d7a+2023-11-07-15h-15m-45s,168,22008760,24400334,,1.0,1.0,1.0,pointworld,pointworld,0,0,0,0,0,0,0,0,0,0,0,0
AUTOLab+9aed6d7a+2023-11-07-15h-18m-36s,246,22008760,24400334,,1.0,1.0,1.0,pointworld,pointworld,0,0,0,25,0,25,28,0,28,32,0,32
AUTOLab+9aed6d7a+2023-11-07-15h-19m-24s,122,22008760,24400334,,1.0,1.0,1.0,pointworld,pointworld,0,0,0,0,0,0,0,0,0,11,0,11
AUTOLab+9aed6d7a+2023-11-07-15h-19m-44s,215,22008760,24400334,,1.0,1.0,1.0,pointworld,pointworld,0,0,0,0,0,0,0,0,0,0,0,0
AUTOLab+9aed6d7a+2023-11-07-15h-37m-14s,157,22008760,24400334,,1.0,1.0,1.0,pointworld,pointworld,0,0,0,0,0,0,0,0,0,0,0,0
AUTOLab+9aed6d7a+2023-11-07-15h-53m-37s,195,22008760,24400334,,1.0,1.0,0.8974358974358975,pointworld,pointworld,0,0,0,0,0,0,0,0,0,0,0,0
AUTOLab+9aed6d7a+2023-11-07-16h-33m-19s,254,22008760,24400334,,1.0,1.0,0.9448818897637795,pointworld,pointworld,0,0,0,0,0,0,0,0,0,0,0,0
AUTOLab+9aed6d7a+2023-11-07-16h-39m-35s,155,22008760,24400334,,1.0,1.0,1.0,pointworld,pointworld,0,0,0,0,0,0,0,0,0,0,0,0
AUTOLab+9aed6d7a+2023-11-07-17h-02m-26s,319,22008760,24400334,,1.0,1.0,1.0,pointworld,pointworld,0,0,0,0,0,0,0,0,0,14,0,14
AUTOLab+9aed6d7a+2023-11-07-17h-10m-08s,95,22008760,24400334,,1.0,1.0,1.0,pointworld,pointworld,0,0,0,13,0,13,16,0,16,20,0,20
AUTOLab+9aed6d7a+2023-11-07-17h-12m-50s,279,22008760,24400334,,1.0,1.0,1.0,pointworld,pointworld,0,0,0,0,0,0,0,0,0,14,0,14
AUTOLab+9aed6d7a+2023-11-07-17h-14m-19s,231,22008760,24400334,,1.0,1.0,0.9696969696969697,pointworld,pointworld,0,0,0,0,0,0,14,0,14,17,0,17
AUTOLab+9aed6d7a+2023-11-07-17h-17m-00s,405,22008760,24400334,,1.0,1.0,1.0,pointworld,pointworld,0,0,0,0,0,0,0,0,0,0,0,0
AUTOLab+9aed6d7a+2023-11-07-17h-20m-29s,605,22008760,24400334,,1.0,1.0,0.9289256198347108,pointworld,pointworld,0,0,0,0,0,0,0,0,0,0,0,0
AUTOLab+9aed6d7a+2023-11-07-17h-21m-18s,230,22008760,24400334,,1.0,1.0,0.7347826086956522,pointworld,pointworld,0,0,0,0,0,0,11,0,11,16,0,16
AUTOLab+9aed6d7a+2023-11-07-17h-24m-50s,121,22008760,24400334,,1.0,1.0,1.0,pointworld,pointworld,0,0,0,0,0,0,0,0,0,0,0,0
AUTOLab+9aed6d7a+2023-11-09-17h-41m-34s,111,22008760,24400334,,1.0,1.0,1.0,pointworld,pointworld,0,0,0,0,0,0,0,0,0,36,0,36
AUTOLab+9aed6d7a+2023-11-09-17h-56m-28s,261,22008760,24400334,,1.0,1.0,1.0,pointworld,pointworld,0,0,0,0,0,0,12,0,12,19,0,19
AUTOLab+9aed6d7a+2023-11-09-18h-32m-52s,240,22008760,24400334,,1.0,1.0,1.0,pointworld,pointworld,0,0,0,0,0,0,0,0,0,115,115,0
AUTOLab+9aed6d7a+2023-11-11-17h-19m-00s,573,22008760,24400334,,1.0,1.0,1.0,pointworld,pointworld,0,0,0,0,0,0,0,0,0,17,0,17
AUTOLab+9aed6d7a+2023-11-11-17h-50m-40s,356,22008760,24400334,,1.0,1.0,1.0,pointworld,pointworld,0,0,0,0,0,0,0,0,0,15,0,15
AUTOLab+9aed6d7a+2023-11-11-17h-51m-35s,573,22008760,24400334,,1.0,1.0,1.0,pointworld,pointworld,0,0,0,0,0,0,0,0,0,0,0,0
AUTOLab+9aed6d7a+2023-11-13-16h-09m-33s,73,22008760,24400334,,1.0,1.0,1.0,pointworld,pointworld,0,0,0,41,0,41,44,0,44,48,0,48
AUTOLab+9aed6d7a+2023-11-16-12h-25m-59s,780,22008760,24400334,,1.0,1.0,0.9923076923076923,pointworld,pointworld,0,0,0,0,0,0,14,0,14,17,0,17
AUTOLab+9aed6d7a+2023-11-16-12h-43m-02s,1190,22008760,24400334,,1.0,1.0,1.0,pointworld,pointworld,0,0,0,0,0,0,0,0,0,13,0,13
AUTOLab+9aed6d7a+2023-11-16-13h-04m-31s,520,22008760,24400334,,1.0,1.0,1.0,pointworld,pointworld,0,0,0,0,0,0,0,0,0,0,0,0
AUTOLab+9aed6d7a+2023-11-16-13h-24m-20s,731,22008760,24400334,,1.0,1.0,1.0,pointworld,pointworld,0,0,0,0,0,0,0,0,0,12,0,12
AUTOLab+9aed6d7a+2023-11-16-13h-32m-13s,676,22008760,24400334,,1.0,1.0,0.9924357034795764,pointworld,pointworld,12,0,12,15,0,15,20,0,20,23,0,23
AUTOLab+9aed6d7a+2023-11-16-13h-51m-11s,710,22008760,24400334,,1.0,1.0,1.0,pointworld,pointworld,0,0,0,0,0,0,13,0,13,18,0,18
AUTOLab+9aed6d7a+2023-11-16-13h-57m-43s,903,22008760,24400334,,1.0,1.0,0.9767441860465116,pointworld,pointworld,0,0,0,0,0,0,0,0,0,13,0,13
AUTOLab+9aed6d7a+2023-11-16-14h-04m-52s,893,22008760,24400334,,1.0,1.0,1.0,pointworld,pointworld,0,0,0,0,0,0,0,0,0,14,0,14
AUTOLab+9aed6d7a+2023-11-16-14h-15m-39s,666,22008760,24400334,,1.0,1.0,0.9674418604651163,pointworld,pointworld,0,0,0,21,0,21,26,0,26,29,0,29
AUTOLab+9aed6d7a+2023-11-16-14h-23m-27s,262,22008760,24400334,,1.0,1.0,1.0,pointworld,pointworld,0,0,0,0,0,0,0,0,0,11,0,11
AUTOLab+9aed6d7a+2023-11-16-14h-26m-27s,529,22008760,24400334,,1.0,1.0,0.9709302325581395,pointworld,pointworld,0,0,0,13,0,13,18,0,18,22,0,22
AUTOLab+9aed6d7a+2023-11-16-14h-36m-32s,581,22008760,24400334,,1.0,1.0,0.9328743545611016,pointworld,pointworld,0,0,0,0,0,0,13,0,13,15,0,15
AUTOLab+9aed6d7a+2023-11-16-14h-45m-17s,534,22008760,24400334,,1.0,1.0,0.9868913857677902,pointworld,pointworld,0,0,0,0,0,0,14,0,14,17,0,17
AUTOLab+9aed6d7a+2023-11-16-15h-38m-38s,152,22008760,24400334,,1.0,1.0,0.8223684210526315,pointworld,pointworld,0,0,0,0,0,0,0,0,0,0,0,0
AUTOLab+9aed6d7a+2023-11-16-15h-39m-00s,190,22008760,24400334,,1.0,1.0,0.5947368421052631,pointworld,pointworld,0,0,0,0,0,0,0,0,0,0,0,0
AUTOLab+9aed6d7a+2023-11-16-15h-41m-42s,201,22008760,24400334,,1.0,1.0,0.6965174129353234,pointworld,pointworld,0,0,0,0,0,0,0,0,0,12,0,12
AUTOLab+9aed6d7a+2023-11-16-15h-46m-25s,135,22008760,24400334,,1.0,1.0,0.7407407407407407,pointworld,pointworld,0,0,0,0,0,0,12,0,12,16,0,16
AUTOLab+9aed6d7a+2023-11-16-15h-46m-57s,196,22008760,24400334,,1.0,1.0,0.7193877551020408,pointworld,pointworld,0,0,0,0,0,0,0,0,0,0,0,0
AUTOLab+9aed6d7a+2023-11-16-15h-52m-16s,157,22008760,24400334,,1.0,1.0,0.802547770700637,pointworld,pointworld,0,0,0,0,0,0,0,0,0,0,0,0
AUTOLab+9aed6d7a+2023-11-16-15h-54m-26s,207,22008760,24400334,,1.0,1.0,0.4057971014492754,pointworld,pointworld,0,0,0,0,0,0,0,0,0,0,0,0
AUTOLab+9aed6d7a+2023-11-16-16h-15m-06s,161,22008760,24400334,,1.0,1.0,0.8344827586206897,pointworld,pointworld,0,0,0,16,0,16,36,0,36,107,0,107
AUTOLab+9aed6d7a+2023-11-16-16h-18m-41s,99,22008760,24400334,,1.0,1.0,1.0,pointworld,pointworld,0,0,0,0,0,0,14,0,14,20,0,20
AUTOLab+9aed6d7a+2023-11-16-16h-24m-31s,306,22008760,24400334,,1.0,1.0,0.8865979381443299,pointworld,pointworld,0,0,0,15,0,15,19,0,19,22,0,22
AUTOLab+9aed6d7a+2023-11-16-16h-29m-52s,356,22008760,24400334,,1.0,1.0,0.8702064896755162,pointworld,pointworld,14,0,14,17,0,17,20,0,20,23,0,23
AUTOLab+9aed6d7a+2023-11-16-16h-31m-25s,218,22008760,24400334,,1.0,1.0,1.0,pointworld,pointworld,0,0,0,0,0,0,13,0,13,19,0,19
AUTOLab+9aed6d7a+2023-11-16-16h-35m-48s,258,22008760,24400334,,1.0,1.0,0.9418604651162791,pointworld,pointworld,0,0,0,0,0,0,0,0,0,14,0,14
AUTOLab+9aed6d7a+2023-11-16-16h-50m-11s,239,22008760,24400334,,1.0,1.0,0.9539748953974896,pointworld,pointworld,0,0,0,0,0,0,0,0,0,10,0,10
AUTOLab+9aed6d7a+2023-11-16-16h-52m-07s,159,22008760,24400334,,1.0,1.0,1.0,pointworld,pointworld,0,0,0,0,0,0,0,0,0,16,0,16
AUTOLab+9aed6d7a+2023-11-21-14h-36m-22s,139,22008760,24400334,,1.0,1.0,1.0,pointworld,pointworld,0,0,0,0,0,0,0,0,0,0,0,0
AUTOLab+9aed6d7a+2023-11-21-14h-48m-04s,697,22008760,24400334,,1.0,1.0,0.975609756097561,pointworld,pointworld,0,0,0,0,0,0,0,0,0,0,0,0
AUTOLab+9aed6d7a+2023-11-21-14h-56m-17s,126,22008760,24400334,,1.0,1.0,1.0,pointworld,pointworld,0,0,0,0,0,0,13,0,13,16,0,16
AUTOLab+9aed6d7a+2023-11-21-15h-33m-18s,266,22008760,24400334,,1.0,1.0,0.8233082706766918,pointworld,pointworld,0,0,0,0,0,0,0,0,0,0,0,0
AUTOLab+9aed6d7a+2023-11-21-15h-52m-19s,384,22008760,24400334,,1.0,1.0,0.938337801608579,pointworld,pointworld,0,0,0,11,0,11,15,0,15,18,0,18
AUTOLab+9aed6d7a+2023-11-21-16h-09m-11s,111,22008760,24400334,,1.0,1.0,1.0,pointworld,pointworld,0,0,0,0,0,0,0,0,0,12,0,12
AUTOLab+9aed6d7a+2023-11-21-16h-13m-16s,488,22008760,24400334,,1.0,1.0,0.9282786885245902,pointworld,pointworld,0,0,0,0,0,0,0,0,0,0,0,0
AUTOLab+9aed6d7a+2023-11-21-16h-14m-05s,576,22008760,24400334,,1.0,1.0,0.8419182948490231,pointworld,pointworld,9,0,9,13,0,13,15,0,15,17,0,17
AUTOLab+9aed6d7a+2023-11-22-14h-11m-35s,580,22008760,24400334,,1.0,1.0,0.9775862068965517,pointworld,pointworld,0,0,0,0,0,0,0,0,0,0,0,0
AUTOLab+9aed6d7a+2023-11-22-14h-12m-52s,438,22008760,24400334,,1.0,1.0,0.8812785388127854,pointworld,pointworld,0,0,0,0,0,0,0,0,0,0,0,0
AUTOLab+9aed6d7a+2023-11-22-14h-20m-20s,350,22008760,24400334,,1.0,1.0,1.0,pointworld,pointworld,0,0,0,0,0,0,0,0,0,0,0,0
AUTOLab+9aed6d7a+2023-11-30-12h-45m-40s,318,22008760,24400334,,1.0,1.0,1.0,pointworld,pointworld,22,16,22,26,18,26,32,20,32,36,25,36
AUTOLab+9aed6d7a+2023-11-30-12h-49m-39s,99,22008760,24400334,,1.0,1.0,1.0,pointworld,pointworld,0,0,0,0,0,0,26,0,26,34,0,34
AUTOLab+9aed6d7a+2023-11-30-12h-51m-36s,572,22008760,24400334,,1.0,1.0,0.9616788321167883,pointworld,pointworld,20,0,20,24,0,24,29,0,29,32,17,32
AUTOLab+9aed6d7a+2023-11-30-12h-55m-34s,289,22008760,24400334,,1.0,1.0,0.9739776951672863,pointworld,pointworld,0,0,0,20,0,20,27,0,27,30,0,30
AUTOLab+9aed6d7a+2023-11-30-13h-00m-43s,516,22008760,24400334,,1.0,1.0,1.0,pointworld,pointworld,16,0,16,19,0,19,22,0,22,26,18,26
AUTOLab+9aed6d7a+2023-11-30-13h-28m-17s,395,22008760,24400334,,1.0,1.0,1.0,pointworld,pointworld,0,0,0,18,0,18,24,0,24,29,13,29
AUTOLab+9aed6d7a+2023-11-30-13h-31m-45s,515,22008760,24400334,,1.0,1.0,0.9757575757575757,pointworld,pointworld,16,0,16,20,0,20,24,0,24,27,15,27
AUTOLab+9aed6d7a+2023-11-30-13h-38m-23s,815,22008760,24400334,,1.0,1.0,0.9749058971141782,pointworld,pointworld,14,0,14,18,0,18,22,0,22,25,13,25
AUTOLab+9aed6d7a+2023-11-30-13h-40m-23s,807,22008760,24400334,,1.0,1.0,0.9823008849557522,pointworld,pointworld,12,0,12,16,0,16,20,0,20,23,0,23
AUTOLab+9aed6d7a+2023-11-30-13h-45m-48s,651,22008760,24400334,,1.0,1.0,0.9872611464968153,pointworld,pointworld,21,0,21,23,0,23,28,13,28,32,19,32
AUTOLab+9aed6d7a+2023-11-30-13h-47m-02s,621,22008760,24400334,,1.0,1.0,0.9833610648918469,pointworld,pointworld,16,0,16,20,0,20,23,0,23,27,16,27
AUTOLab+9aed6d7a+2023-11-30-13h-47m-57s,846,22008760,24400334,,1.0,1.0,0.9929078014184397,pointworld,pointworld,0,0,0,0,0,0,19,0,19,25,0,25
AUTOLab+9aed6d7a+2023-11-30-14h-03m-49s,1068,22008760,24400334,,1.0,1.0,0.9850187265917603,pointworld,pointworld,0,0,0,0,0,0,0,0,0,18,0,18
AUTOLab+9aed6d7a+2023-11-30-14h-19m-01s,998,22008760,24400334,,1.0,1.0,0.9829659318637275,pointworld,pointworld,0,0,0,0,0,0,13,0,13,19,0,19
AUTOLab+9aed6d7a+2023-11-30-14h-48m-00s,1076,22008760,24400334,,1.0,1.0,1.0,pointworld,pointworld,0,0,0,0,0,0,14,0,14,19,0,19
AUTOLab+9aed6d7a+2023-11-30-16h-09m-51s,559,22008760,24400334,,1.0,1.0,1.0,pointworld,pointworld,0,0,0,0,0,0,14,0,14,16,0,16
AUTOLab+9aed6d7a+2023-11-30-16h-19m-53s,926,22008760,24400334,,1.0,1.0,0.9802631578947368,pointworld,pointworld,11,0,11,14,0,14,29,0,29,34,9,34
AUTOLab+9aed6d7a+2023-11-30-16h-29m-48s,1124,22008760,24400334,,1.0,1.0,0.978319783197832,pointworld,pointworld,11,0,11,17,0,17,22,0,22,27,10,27
AUTOLab+9aed6d7a+2023-12-02-16h-24m-32s,167,22008760,24400334,,1.0,1.0,1.0,pointworld,pointworld,0,0,0,0,0,0,0,0,0,0,0,0
AUTOLab+9aed6d7a+2023-12-02-16h-29m-38s,149,22008760,24400334,,1.0,1.0,1.0,pointworld,pointworld,0,0,0,0,0,0,0,0,0,0,0,0
AUTOLab+9aed6d7a+2023-12-02-17h-29m-15s,132,22008760,24400334,,1.0,1.0,1.0,pointworld,pointworld,0,0,0,0,0,0,0,0,0,0,0,0
AUTOLab+9aed6d7a+2023-12-02-17h-34m-34s,118,22008760,24400334,,1.0,1.0,1.0,pointworld,pointworld,0,0,0,0,0,0,0,0,0,0,0,0
AUTOLab+9aed6d7a+2023-12-02-17h-46m-11s,125,22008760,24400334,,1.0,1.0,1.0,pointworld,pointworld,0,0,0,0,0,0,0,0,0,8,8,0
AUTOLab+9aed6d7a+2023-12-02-17h-57m-27s,136,22008760,24400334,,1.0,1.0,1.0,pointworld,pointworld,0,0,0,0,0,0,0,0,0,0,0,0
AUTOLab+9aed6d7a+2023-12-09-15h-58m-59s,510,20521388,24259877,,1.0,1.0,0.9510204081632653,pointworld,pointworld,18,14,18,20,17,20,21,21,21,27,27,24
AUTOLab+cf2a60c6+2023-11-05-10h-16m-29s,137,22008760,24400334,,1.0,1.0,1.0,pointworld,pointworld,0,0,0,0,0,0,0,0,0,0,0,0
AUTOLab+cf2a60c6+2023-11-05-10h-45m-46s,134,22008760,24400334,,1.0,1.0,1.0,pointworld,pointworld,0,0,0,0,0,0,0,0,0,0,0,0
AUTOLab+cf2a60c6+2023-11-05-11h-33m-32s,165,22008760,24400334,,1.0,1.0,1.0,pointworld,pointworld,0,0,0,0,0,0,0,0,0,14,0,14
AUTOLab+cf2a60c6+2023-11-18-17h-29m-55s,185,22008760,24400334,,1.0,1.0,0.9513513513513514,pointworld,pointworld,0,0,0,0,0,0,0,0,0,0,0,0
AUTOLab+cf2a60c6+2023-11-18-17h-39m-44s,258,22008760,24400334,,1.0,1.0,1.0,pointworld,pointworld,0,0,0,0,0,0,0,0,0,51,51,31
AUTOLab+cf2a60c6+2023-11-18-17h-40m-29s,167,22008760,24400334,,1.0,1.0,1.0,pointworld,pointworld,0,0,0,0,0,0,0,0,0,0,0,0
AUTOLab+cf2a60c6+2023-11-18-17h-44m-14s,87,22008760,24400334,,1.0,1.0,1.0,pointworld,pointworld,0,0,0,0,0,0,0,0,0,0,0,0
AUTOLab+cf2a60c6+2023-11-18-17h-55m-48s,203,22008760,24400334,,1.0,1.0,1.0,pointworld,pointworld,0,0,0,0,0,0,0,0,0,0,0,0
AUTOLab+cf2a60c6+2023-11-18-17h-56m-17s,167,22008760,24400334,,1.0,1.0,1.0,pointworld,pointworld,0,0,0,0,0,0,0,0,0,32,32,0
AUTOLab+cf2a60c6+2023-11-18-17h-59m-35s,229,22008760,24400334,,1.0,1.0,1.0,pointworld,pointworld,0,0,0,0,0,0,0,0,0,39,39,38
AUTOLab+cf2a60c6+2023-11-18-18h-16m-50s,361,22008760,24400334,,1.0,1.0,1.0,pointworld,pointworld,0,0,0,0,0,0,0,0,0,0,0,0
AUTOLab+cf2a60c6+2023-11-18-18h-24m-34s,595,22008760,24400334,,1.0,1.0,1.0,pointworld,pointworld,0,0,0,0,0,0,0,0,0,0,0,0
AUTOLab+cf2a60c6+2023-11-18-18h-27m-29s,512,22008760,24400334,,1.0,1.0,1.0,pointworld,pointworld,0,0,0,0,0,0,0,0,0,52,52,0
AUTOLab+cf2a60c6+2023-11-18-18h-34m-53s,292,22008760,24400334,,1.0,1.0,1.0,pointworld,pointworld,0,0,0,0,0,0,0,0,0,0,0,0
AUTOLab+cf2a60c6+2023-11-18-18h-43m-44s,597,22008760,24400334,,1.0,1.0,1.0,pointworld,pointworld,0,0,0,0,0,0,0,0,0,36,36,0
AUTOLab+cf2a60c6+2023-11-18-18h-44m-44s,413,22008760,24400334,,1.0,1.0,1.0,pointworld,pointworld,0,0,0,0,0,0,0,0,0,92,92,0
AUTOLab+cf2a60c6+2023-11-18-18h-56m-57s,360,22008760,24400334,,1.0,1.0,1.0,pointworld,pointworld,0,0,0,0,0,0,50,50,0,54,54,50
AUTOLab+cf2a60c6+2023-11-18-19h-01m-37s,290,22008760,24400334,,1.0,1.0,1.0,pointworld,pointworld,0,0,0,0,0,0,87,87,0,92,92,0
AUTOLab+cf2a60c6+2023-11-18-19h-22m-34s,244,22008760,24400334,,1.0,1.0,1.0,pointworld,pointworld,0,0,0,0,0,0,0,0,0,0,0,0
AUTOLab+cf2a60c6+2023-11-18-19h-31m-51s,477,22008760,24400334,,1.0,1.0,1.0,pointworld,pointworld,0,0,0,0,0,0,0,0,0,0,0,0
AUTOLab+cf2a60c6+2023-11-19-22h-25m-22s,110,22008760,24400334,,1.0,1.0,1.0,pointworld,pointworld,0,0,0,0,0,0,0,0,0,30,0,30
AUTOLab+cf2a60c6+2023-11-19-22h-47m-07s,347,22008760,24400334,,1.0,1.0,1.0,pointworld,pointworld,0,0,0,0,0,0,0,0,0,0,0,0
AUTOLab+cf2a60c6+2023-11-20-09h-03m-56s,453,22008760,24400334,,1.0,1.0,0.9713024282560706,pointworld,pointworld,0,0,0,0,0,0,42,0,42,50,0,50
AUTOLab+cf2a60c6+2023-11-20-09h-12m-01s,902,22008760,24400334,,1.0,1.0,1.0,pointworld,pointworld,0,0,0,75,0,75,95,0,95,103,0,103
AUTOLab+cf2a60c6+2023-11-20-09h-21m-37s,683,22008760,24400334,,1.0,1.0,1.0,pointworld,pointworld,0,0,0,20,0,20,36,0,36,39,0,39
AUTOLab+cf2a60c6+2023-11-20-09h-28m-02s,410,22008760,24400334,,1.0,1.0,1.0,pointworld,pointworld,0,0,0,0,0,0,0,0,0,0,0,0
AUTOLab+cf2a60c6+2023-11-20-09h-44m-27s,605,22008760,24400334,,1.0,1.0,1.0,pointworld,pointworld,0,0,0,0,0,0,29,0,29,43,0,43
AUTOLab+cf2a60c6+2023-11-20-09h-46m-33s,413,22008760,24400334,,1.0,1.0,1.0,pointworld,pointworld,0,0,0,13,0,13,20,0,20,27,16,27
AUTOLab+cf2a60c6+2023-11-20-09h-49m-08s,459,22008760,24400334,,1.0,1.0,1.0,pointworld,pointworld,0,0,0,0,0,0,0,0,0,15,0,15
AUTOLab+cf2a60c6+2023-11-20-09h-52m-01s,429,22008760,24400334,,1.0,1.0,1.0,pointworld,pointworld,0,0,0,0,0,0,0,0,0,0,0,0
AUTOLab+cf2a60c6+2023-11-20-10h-09m-02s,301,22008760,24400334,,1.0,1.0,1.0,pointworld,pointworld,0,0,0,0,0,0,0,0,0,0,0,0
AUTOLab+cf2a60c6+2023-11-20-10h-14m-48s,436,22008760,24400334,,1.0,1.0,1.0,pointworld,pointworld,0,0,0,0,0,0,0,0,0,0,0,0
AUTOLab+cf2a60c6+2023-11-20-10h-38m-38s,138,22008760,24400334,,1.0,1.0,1.0,pointworld,pointworld,0,0,0,0,0,0,0,0,0,0,0,0
AUTOLab+cf2a60c6+2023-11-20-11h-08m-20s,414,22008760,24400334,,1.0,1.0,1.0,pointworld,pointworld,0,0,0,0,0,0,0,0,0,43,0,43
AUTOLab+cf2a60c6+2023-11-20-11h-17m-48s,481,22008760,24400334,,1.0,1.0,1.0,pointworld,pointworld,0,0,0,0,0,0,28,0,28,32,0,32
AUTOLab+cf2a60c6+2023-11-20-11h-29m-16s,164,22008760,24400334,,1.0,1.0,1.0,pointworld,pointworld,0,0,0,0,0,0,0,0,0,28,0,28
AUTOLab+cf2a60c6+2023-11-20-11h-36m-03s,77,22008760,24400334,,1.0,1.0,1.0,pointworld,pointworld,0,0,0,31,0,31,34,0,34,36,0,36
AUTOLab+cf2a60c6+2023-11-20-15h-41m-38s,338,22008760,24400334,,1.0,1.0,1.0,pointworld,pointworld,0,0,0,0,0,0,0,0,0,35,0,35
AUTOLab+cf2a60c6+2023-11-21-08h-52m-49s,223,22008760,24400334,,1.0,1.0,1.0,pointworld,pointworld,0,0,0,0,0,0,0,0,0,24,0,24
AUTOLab+cf2a60c6+2023-11-21-09h-58m-42s,395,22008760,24400334,,1.0,1.0,1.0,pointworld,pointworld,0,0,0,35,0,35,45,0,45,52,27,52
AUTOLab+cf2a60c6+2023-11-21-10h-28m-47s,293,22008760,24400334,,1.0,1.0,1.0,pointworld,pointworld,0,0,0,0,0,0,0,0,0,0,0,0
AUTOLab+cf2a60c6+2023-11-21-11h-20m-49s,84,22008760,24400334,,1.0,1.0,1.0,pointworld,pointworld,0,0,0,0,0,0,0,0,0,16,13,16
AUTOLab+cf2a60c6+2023-11-21-11h-36m-00s,667,22008760,24400334,,1.0,1.0,1.0,pointworld,pointworld,0,0,0,0,0,0,0,0,0,0,0,0
AUTOLab+cf2a60c6+2023-11-27-08h-52m-26s,1063,22008760,24400334,,1.0,1.0,1.0,pointworld,pointworld,0,0,0,0,0,0,0,0,0,0,0,0
AUTOLab+cf2a60c6+2023-11-27-08h-55m-59s,473,22008760,24400334,,1.0,1.0,0.9302325581395349,pointworld,pointworld,0,0,0,0,0,0,0,0,0,0,0,0
AUTOLab+cf2a60c6+2023-11-27-08h-59m-00s,171,22008760,24400334,,1.0,1.0,1.0,pointworld,pointworld,0,0,0,0,0,0,0,0,0,0,0,0
AUTOLab+cf2a60c6+2023-11-27-09h-23m-09s,969,22008760,24400334,,1.0,1.0,1.0,pointworld,pointworld,0,0,0,0,0,0,0,0,0,0,0,0
AUTOLab+cf2a60c6+2023-11-27-09h-38m-37s,1130,22008760,24400334,,1.0,1.0,1.0,pointworld,pointworld,0,0,0,0,0,0,0,0,0,0,0,0
AUTOLab+cf2a60c6+2023-11-27-10h-07m-19s,558,22008760,24400334,,1.0,1.0,1.0,pointworld,pointworld,0,0,0,0,0,0,0,0,0,0,0,0
AUTOLab+cf2a60c6+2023-11-27-10h-10m-25s,502,22008760,24400334,,1.0,1.0,1.0,pointworld,pointworld,0,0,0,0,0,0,0,0,0,0,0,0
AUTOLab+cf2a60c6+2023-11-27-10h-18m-58s,462,22008760,24400334,,1.0,1.0,1.0,pointworld,pointworld,0,0,0,0,0,0,0,0,0,0,0,0
AUTOLab+cf2a60c6+2023-11-27-10h-23m-29s,123,22008760,24400334,,1.0,1.0,1.0,pointworld,pointworld,0,0,0,0,0,0,0,0,0,23,0,23
AUTOLab+cf2a60c6+2023-12-16-17h-16m-01s,419,20521388,24259877,,1.0,1.0,0.8538681948424068,pointworld,pointworld,68,0,68,70,0,70,72,0,72,79,64,79
AUTOLab+cf2a60c6+2023-12-16-17h-20m-16s,443,20521388,24259877,,1.0,1.0,0.9718670076726342,pointworld,pointworld,50,0,50,52,45,52,55,49,55,57,51,57
AUTOLab+cf2a60c6+2023-12-16-17h-36m-21s,97,20521388,24259877,,1.0,1.0,1.0,pointworld,pointworld,0,0,0,0,0,0,0,0,0,17,0,17
AUTOLab+cf2a60c6+2023-12-16-17h-41m-35s,274,20521388,24259877,,1.0,1.0,1.0,pointworld,pointworld,0,0,0,22,22,0,27,27,0,29,29,0
AUTOLab+cf2a60c6+2023-12-16-17h-50m-12s,575,20521388,24259877,,1.0,1.0,1.0,pointworld,pointworld,0,0,0,0,0,0,0,0,0,0,0,0
AUTOLab+cf2a60c6+2023-12-16-17h-53m-09s,249,20521388,24259877,,1.0,1.0,0.9156626506024096,pointworld,pointworld,0,0,0,0,0,0,0,0,0,31,31,0
AUTOLab+cf2a60c6+2023-12-17-15h-52m-26s,591,20521388,24259877,,1.0,1.0,1.0,pointworld,pointworld,0,0,0,0,0,0,149,149,0,158,158,0
AUTOLab+cf2a60c6+2023-12-18-10h-49m-04s,533,20521388,24259877,,1.0,1.0,0.849906191369606,pointworld,pointworld,0,0,0,0,0,0,17,0,17,24,0,24
AUTOLab+cf2a60c6+2023-12-18-11h-01m-10s,926,20521388,24259877,,1.0,1.0,0.875,pointworld,pointworld,26,0,26,30,0,30,33,0,33,37,0,37
AUTOLab+cf2a60c6+2023-12-18-11h-26m-08s,833,20521388,24259877,,1.0,1.0,0.9021329987452948,pointworld,pointworld,33,0,33,36,0,36,38,0,38,44,13,44
AUTOLab+cf2a60c6+2023-12-18-11h-32m-14s,1262,20521388,24259877,,1.0,1.0,0.9603559870550162,pointworld,pointworld,24,0,24,26,0,26,28,0,28,30,0,30
AUTOLab+cf2a60c6+2023-12-18-11h-42m-44s,712,20521388,24259877,,1.0,1.0,0.9525862068965517,pointworld,pointworld,14,0,14,16,0,16,18,0,18,21,10,21
AUTOLab+cf2a60c6+2023-12-18-12h-12m-12s,340,20521388,24259877,,1.0,1.0,0.8881789137380192,pointworld,pointworld,25,0,25,27,0,27,29,0,29,32,0,32
AUTOLab+cf2a60c6+2023-12-18-12h-19m-01s,290,20521388,24259877,,1.0,1.0,0.9458483754512635,pointworld,pointworld,10,0,10,13,0,13,15,0,15,18,9,18
AUTOLab+cf2a60c6+2023-12-18-12h-25m-14s,676,20521388,24259877,,1.0,1.0,0.9497041420118343,pointworld,pointworld,0,0,0,0,0,0,0,0,0,28,0,28
AUTOLab+cf2a60c6+2023-12-18-12h-39m-32s,297,20521388,24259877,,1.0,1.0,0.8047138047138047,pointworld,pointworld,0,0,0,0,0,0,0,0,0,44,0,44
AUTOLab+cf2a60c6+2023-12-18-12h-41m-06s,1123,20521388,24259877,,1.0,1.0,0.7660550458715596,pointworld,pointworld,31,0,31,33,0,33,35,0,35,38,0,38
AUTOLab+cf2a60c6+2023-12-18-12h-42m-39s,1221,20521388,24259877,,1.0,1.0,0.8275,pointworld,pointworld,18,0,18,21,0,21,27,0,27,31,0,31
AUTOLab+cf2a60c6+2023-12-18-16h-40m-01s,178,20521388,24259877,,1.0,1.0,1.0,pointworld,pointworld,0,0,0,0,0,0,0,0,0,61,0,61
AUTOLab+cf2a60c6+2023-12-18-17h-14m-40s,568,20521388,24259877,,1.0,1.0,0.714859437751004,pointworld,pointworld,65,0,65,70,0,70,167,0,167,169,0,169
AUTOLab+cf2a60c6+2023-12-19-10h-26m-30s,550,20521388,24259877,,1.0,1.0,1.0,pointworld,pointworld,0,0,0,0,0,0,0,0,0,29,0,29
AUTOLab+cf2a60c6+2023-12-19-12h-04m-58s,132,20521388,24259877,,1.0,1.0,1.0,pointworld,pointworld,25,25,0,27,27,0,29,29,0,34,34,26
AUTOLab+t3d58310+2023-08-12-13h-03m-32s,1562,22008760,24400334,,1.0,1.0,1.0,pointworld,pointworld,0,0,0,0,0,0,31,0,31,36,2,36
AUTOLab+t3d58310+2023-08-12-18h-05m-38s,1197,22008760,24400334,,1.0,1.0,1.0,pointworld,pointworld,0,0,0,12,0,12,17,16,17,19,19,19
AUTOLab+t3d58310+2023-08-12-18h-25m-49s,1431,22008760,24400334,,1.0,1.0,1.0,pointworld,pointworld,0,0,0,0,0,0,8,6,8,10,10,10
AUTOLab+t3d58310+2023-08-12-18h-37m-05s,813,22008760,24400334,,1.0,1.0,1.0,pointworld,pointworld,12,12,0,16,16,11,18,18,16,21,21,18
AUTOLab+t3d58310+2023-08-12-18h-39m-38s,901,22008760,24400334,,1.0,1.0,1.0,pointworld,pointworld,0,0,0,0,0,0,12,12,0,15,15,14
AUTOLab+t3d58310+2023-08-12-18h-42m-00s,1113,22008760,24400334,,1.0,1.0,1.0,pointworld,pointworld,5,5,0,9,9,5,11,11,9,13,13,11
AUTOLab+t3d58310+2023-08-19-17h-40m-34s,771,22008760,24400334,,1.0,1.0,0.9961089494163424,pointworld,pointworld,0,0,0,0,0,0,34,34,0,39,38,39
AUTOLab+t3d58310+2023-08-19-17h-41m-40s,1221,22008760,24400334,,1.0,1.0,0.9028475711892797,pointworld,pointworld,0,0,0,27,0,27,40,38,40,44,44,43
AUTOLab+t3d58310+2023-09-02-13h-33m-34s,949,22008760,24400334,,1.0,1.0,0.8026905829596412,pointworld,pointworld,53,53,0,57,57,0,60,60,54,75,75,57
AUTOLab+t3d58310+2023-09-02-14h-27m-35s,933,22008760,24400334,,1.0,1.0,0.5467869222096956,pointworld,pointworld,42,42,0,46,46,28,62,62,34,71,71,44
AUTOLab+t3d58310+2023-09-02-15h-15m-44s,972,22008760,24400334,,1.0,1.0,0.5552731893265566,pointworld,pointworld,53,53,0,185,185,0,290,290,46,448,448,50
CLVR+13759f6e+2023-05-15-00h-57m-17s,184,20103212,20655732,,1.0,1.0,1.0,pointworld,pointworld,37,37,26,39,39,31,44,44,35,49,49,38
CLVR+13759f6e+2023-05-15-01h-03m-33s,235,20103212,20655732,,1.0,1.0,1.0,pointworld,pointworld,75,75,0,80,80,0,99,99,0,107,107,77
CLVR+13759f6e+2023-05-15-22h-10m-46s,224,20103212,20655732,,1.0,1.0,1.0,pointworld,pointworld,33,33,33,48,48,40,64,64,62,70,70,66
CLVR+13759f6e+2023-05-15-22h-25m-23s,289,20103212,20655732,,1.0,1.0,1.0,pointworld,pointworld,38,38,34,43,43,39,47,47,44,51,51,48
CLVR+13759f6e+2023-05-15-22h-32m-57s,228,20103212,20655732,,1.0,1.0,1.0,pointworld,pointworld,30,30,0,35,35,30,61,61,60,64,64,63
CLVR+13759f6e+2023-05-15-22h-33m-22s,213,20103212,20655732,,1.0,1.0,1.0,pointworld,pointworld,58,58,20,61,61,60,68,68,66,73,73,72
CLVR+13759f6e+2023-05-15-22h-36m-52s,194,20103212,20655732,,1.0,1.0,1.0,pointworld,pointworld,37,37,30,42,42,40,49,49,46,70,70,67
CLVR+13759f6e+2023-05-15-22h-39m-19s,412,20103212,20655732,,1.0,1.0,1.0,pointworld,pointworld,20,20,0,23,23,0,27,27,24,43,43,31
CLVR+13759f6e+2023-05-15-22h-46m-15s,286,20103212,20655732,,1.0,1.0,1.0,pointworld,pointworld,12,12,0,17,17,11,49,49,17,54,54,51
CLVR+13759f6e+2023-05-15-23h-24m-03s,236,20103212,20655732,,1.0,1.0,1.0,pointworld,pointworld,34,34,0,38,38,0,44,44,0,49,49,0
CLVR+13759f6e+2023-05-15-23h-26m-52s,224,20103212,20655732,,1.0,1.0,1.0,pointworld,pointworld,23,23,0,33,33,0,46,46,0,70,70,0
CLVR+13759f6e+2023-05-15-23h-41m-47s,288,20103212,20655732,,1.0,1.0,1.0,pointworld,pointworld,67,67,0,72,72,0,90,90,0,119,119,0
CLVR+13759f6e+2023-05-16-13h-58m-29s,264,20103212,20655732,,1.0,1.0,1.0,pointworld,pointworld,35,35,0,39,39,0,41,41,29,46,46,34
CLVR+13759f6e+2023-05-16-14h-00m-56s,243,20103212,20655732,,1.0,1.0,1.0,pointworld,pointworld,26,26,0,29,29,0,33,33,0,39,39,20
CLVR+13759f6e+2023-05-16-14h-48m-00s,274,20103212,20655732,,1.0,1.0,1.0,pointworld,pointworld,15,15,0,19,19,0,22,22,16,27,27,20
CLVR+13759f6e+2023-05-16-21h-52m-56s,301,20103212,20655732,,1.0,1.0,0.9324324324324325,pointworld,pointworld,50,50,0,79,79,20,91,91,25,269,269,28
CLVR+13759f6e+2023-05-16-22h-07m-43s,173,20103212,20655732,,1.0,1.0,1.0,pointworld,pointworld,19,19,0,22,22,0,25,25,16,28,28,25
CLVR+13759f6e+2023-05-16-22h-12m-26s,197,20103212,20655732,,1.0,1.0,1.0,pointworld,pointworld,0,0,0,20,20,0,26,26,18,34,34,22
CLVR+13759f6e+2023-05-16-22h-23m-59s,171,20103212,20655732,,1.0,1.0,1.0,pointworld,pointworld,13,0,13,42,0,16,48,48,18,58,58,21
CLVR+13759f6e+2023-05-17-17h-06m-19s,150,20103212,20655732,,1.0,1.0,1.0,pointworld,pointworld,7,0,7,9,0,9,12,11,12,19,19,19
CLVR+13759f6e+2023-05-17-17h-10m-15s,222,20103212,20655732,,1.0,1.0,1.0,pointworld,pointworld,21,21,0,25,25,0,28,28,20,30,30,25
CLVR+13759f6e+2023-05-17-17h-35m-09s,202,20103212,20655732,,1.0,1.0,1.0,pointworld,pointworld,27,27,0,29,29,0,46,46,0,59,59,0
CLVR+13759f6e+2023-05-17-17h-38m-15s,300,20103212,20655732,,1.0,1.0,1.0,pointworld,pointworld,31,31,20,40,40,24,48,48,27,66,66,31
CLVR+13759f6e+2023-05-17-17h-41m-40s,237,20103212,20655732,,1.0,1.0,1.0,pointworld,pointworld,43,43,0,46,46,30,48,48,33,54,54,36
CLVR+13759f6e+2023-05-17-17h-52m-31s,227,20103212,20655732,,1.0,1.0,1.0,pointworld,pointworld,44,44,0,55,55,0,74,74,0,79,79,0
CLVR+13759f6e+2023-05-17-18h-07m-41s,341,20103212,20655732,,1.0,1.0,1.0,pointworld,pointworld,129,129,0,137,137,0,149,149,0,158,158,0
CLVR+13759f6e+2023-05-17-18h-11m-21s,189,20103212,20655732,,1.0,1.0,1.0,pointworld,pointworld,56,56,0,72,72,0,77,77,0,82,82,0
CLVR+13759f6e+2023-05-17-21h-25m-32s,146,20103212,20655732,,1.0,1.0,1.0,pointworld,pointworld,0,0,0,0,0,0,0,0,0,24,0,24
CLVR+13759f6e+2023-05-17-21h-29m-10s,289,20103212,20655732,,1.0,1.0,1.0,pointworld,pointworld,35,0,35,39,0,39,43,36,43,50,43,50
CLVR+13759f6e+2023-05-17-21h-32m-36s,257,20103212,20655732,,1.0,1.0,1.0,pointworld,pointworld,27,0,27,35,0,35,41,0,41,46,33,46
CLVR+13759f6e+2023-05-17-21h-35m-23s,232,20103212,20655732,,1.0,1.0,1.0,pointworld,pointworld,36,0,36,41,0,41,46,38,46,49,43,49
CLVR+13759f6e+2023-05-17-21h-44m-08s,183,20103212,20655732,,1.0,1.0,1.0,pointworld,pointworld,0,0,0,18,0,18,21,16,21,24,21,24
CLVR+13759f6e+2023-05-17-21h-53m-35s,257,20103212,20655732,,1.0,1.0,1.0,pointworld,pointworld,18,18,0,26,26,0,32,32,19,40,40,25
CLVR+13759f6e+2023-05-17-21h-54m-27s,436,20103212,20655732,,1.0,1.0,1.0,pointworld,pointworld,20,20,0,25,25,0,30,30,18,37,37,24
CLVR+13759f6e+2023-05-17-21h-57m-56s,131,20103212,20655732,,1.0,1.0,1.0,pointworld,pointworld,24,24,17,27,27,20,30,30,24,33,33,26
CLVR+13759f6e+2023-05-17-22h-12m-16s,153,20103212,20655732,,1.0,1.0,1.0,pointworld,pointworld,25,25,15,28,28,20,31,31,24,33,33,26
CLVR+13759f6e+2023-05-18-15h-10m-32s,187,20103212,20655732,,1.0,1.0,1.0,pointworld,pointworld,25,25,0,34,34,0,43,43,0,53,53,32
CLVR+13759f6e+2023-05-18-15h-17m-02s,141,20103212,20655732,,1.0,1.0,1.0,pointworld,pointworld,30,30,0,36,36,0,40,40,27,46,46,34
CLVR+13759f6e+2023-05-18-15h-27m-56s,205,20103212,20655732,,1.0,1.0,1.0,pointworld,pointworld,34,34,0,38,38,27,43,43,33,47,47,38
CLVR+13759f6e+2023-05-18-15h-32m-26s,212,20103212,20655732,,1.0,1.0,1.0,pointworld,pointworld,93,93,0,95,95,0,97,97,0,100,100,90
CLVR+13759f6e+2023-05-18-15h-33m-15s,262,20103212,20655732,,1.0,1.0,1.0,pointworld,pointworld,0,0,0,0,0,0,46,46,0,55,55,0
CLVR+13759f6e+2023-05-18-16h-53m-28s,227,20103212,20655732,,1.0,1.0,1.0,pointworld,pointworld,0,0,0,41,41,0,49,49,0,62,62,0
CLVR+13759f6e+2023-05-18-16h-55m-13s,327,20103212,20655732,,1.0,1.0,1.0,pointworld,pointworld,46,46,28,52,52,34,57,57,38,65,65,43
CLVR+13759f6e+2023-05-18-16h-56m-47s,175,20103212,20655732,,1.0,1.0,1.0,pointworld,pointworld,0,0,0,0,0,0,24,24,0,27,27,0
CLVR+13759f6e+2023-05-18-17h-00m-50s,208,20103212,20655732,,1.0,1.0,1.0,pointworld,pointworld,33,33,0,39,39,0,45,45,28,64,64,34
CLVR+13759f6e+2023-05-18-17h-44m-10s,233,20103212,20655732,,1.0,1.0,1.0,pointworld,pointworld,29,29,23,34,34,27,38,38,31,43,43,34
CLVR+13759f6e+2023-05-18-17h-45m-18s,323,20103212,20655732,,1.0,1.0,1.0,pointworld,pointworld,0,0,0,0,0,0,19,19,0,23,23,18
CLVR+13759f6e+2023-05-18-17h-54m-32s,140,20103212,20655732,,1.0,1.0,1.0,pointworld,pointworld,20,20,0,29,29,17,48,48,23,53,53,33
CLVR+13759f6e+2023-05-18-17h-54m-49s,182,20103212,20655732,,1.0,1.0,1.0,pointworld,pointworld,0,0,0,20,20,0,47,47,19,50,50,26
CLVR+13759f6e+2023-05-18-18h-04m-33s,236,20103212,20655732,,1.0,1.0,1.0,pointworld,pointworld,48,48,24,51,51,28,55,55,47,68,68,51
CLVR+13759f6e+2023-05-18-19h-11m-18s,236,20103212,20655732,,1.0,1.0,1.0,pointworld,pointworld,20,20,0,25,25,0,43,43,0,48,48,43
CLVR+13759f6e+2023-05-18-19h-15m-45s,186,20103212,20655732,,1.0,1.0,1.0,pointworld,pointworld,21,21,0,23,23,16,25,25,20,29,29,23
CLVR+13759f6e+2023-05-18-19h-16m-14s,151,20103212,20655732,,1.0,1.0,1.0,pointworld,pointworld,32,32,0,37,37,0,51,51,0,57,57,39
CLVR+13759f6e+2023-05-19-20h-52m-07s,161,20103212,20655732,,1.0,1.0,1.0,pointworld,pointworld,17,17,0,22,22,0,28,28,0,31,31,16
CLVR+13759f6e+2023-05-19-21h-51m-05s,201,20103212,20655732,,1.0,1.0,1.0,pointworld,pointworld,47,47,17,53,53,20,66,66,23,89,89,27
CLVR+13759f6e+2023-05-19-21h-52m-54s,199,20103212,20655732,,1.0,1.0,1.0,pointworld,pointworld,18,18,0,21,21,0,24,24,16,37,37,22
CLVR+13759f6e+2023-05-19-21h-54m-55s,223,20103212,20655732,,1.0,1.0,1.0,pointworld,pointworld,0,0,0,12,0,12,16,0,16,29,29,22
CLVR+13759f6e+2023-05-19-21h-56m-36s,256,20103212,20655732,,1.0,1.0,1.0,pointworld,pointworld,0,0,0,24,24,0,37,37,16,88,88,21
CLVR+13759f6e+2023-05-19-22h-01m-34s,265,20103212,20655732,,1.0,1.0,0.9017857142857143,pointworld,pointworld,39,39,0,41,41,16,43,43,40,45,45,41
CLVR+13759f6e+2023-05-19-22h-15m-53s,177,20103212,20655732,,1.0,1.0,1.0,pointworld,pointworld,0,0,0,0,0,0,0,0,0,21,21,13
CLVR+13759f6e+2023-05-19-22h-43m-05s,156,20103212,20655732,,1.0,1.0,1.0,pointworld,pointworld,27,27,0,36,36,17,47,47,23,130,130,32
CLVR+13759f6e+2023-05-19-23h-16m-50s,119,20103212,20655732,,1.0,1.0,1.0,pointworld,pointworld,0,0,0,21,21,0,26,26,0,31,31,0
CLVR+13759f6e+2023-05-20-15h-22m-44s,227,20103212,20655732,,0.9444444444444444,1.0,0.3968253968253968,pointworld,pointworld,160,160,0,164,164,0,170,170,25,-1,-1,30
CLVR+13759f6e+2023-05-20-15h-25m-34s,180,20103212,20655732,,1.0,1.0,0.8835616438356164,pointworld,pointworld,30,30,17,34,34,20,62,62,22,87,87,25
CLVR+13759f6e+2023-05-20-15h-25m-58s,179,20103212,20655732,,1.0,1.0,0.4122137404580153,pointworld,pointworld,46,46,14,48,48,17,50,50,47,53,53,50
CLVR+13759f6e+2023-05-20-17h-19m-08s,204,20103212,20655732,,1.0,1.0,1.0,pointworld,pointworld,30,30,0,32,32,0,37,37,0,58,58,20
CLVR+13759f6e+2023-05-20-17h-30m-46s,146,20103212,20655732,,1.0,1.0,1.0,pointworld,pointworld,0,0,0,16,16,0,19,19,0,23,23,0
CLVR+13759f6e+2023-05-20-17h-31m-06s,118,20103212,20655732,,1.0,1.0,1.0,pointworld,pointworld,27,27,0,31,31,0,35,35,0,48,48,0
CLVR+13759f6e+2023-05-20-17h-33m-35s,170,20103212,20655732,,1.0,1.0,0.8923076923076924,pointworld,pointworld,24,24,0,40,40,0,44,44,0,48,48,0
CLVR+13759f6e+2023-06-03-00h-01m-15s,113,20103212,20655732,,0.8518518518518519,1.0,0.7619047619047619,pointworld,pointworld,32,32,11,50,50,15,83,83,16,-1,-1,19
CLVR+13759f6e+2023-06-03-00h-37m-51s,197,20103212,20655732,,1.0,1.0,1.0,pointworld,pointworld,0,0,0,0,0,0,0,0,0,0,0,0
CLVR+13759f6e+2023-06-03-00h-38m-37s,227,20103212,20655732,,1.0,1.0,1.0,pointworld,pointworld,21,21,0,24,24,0,27,27,0,32,32,17
CLVR+13759f6e+2023-06-03-00h-51m-46s,290,20103212,20655732,,1.0,1.0,1.0,pointworld,pointworld,30,30,0,35,35,0,60,60,0,66,66,33
CLVR+13759f6e+2023-06-03-17h-19m-53s,300,20103212,20655732,,1.0,1.0,1.0,pointworld,pointworld,61,61,0,66,66,0,75,75,0,126,126,0
CLVR+13759f6e+2023-06-03-17h-24m-42s,193,20103212,20655732,,0.9444444444444444,1.0,1.0,pointworld,pointworld,55,55,0,60,60,0,89,89,0,-1,-1,0
CLVR+13759f6e+2023-06-03-17h-47m-31s,249,20103212,20655732,,1.0,1.0,1.0,pointworld,pointworld,97,97,0,108,108,0,133,133,0,155,155,0
CLVR+13759f6e+2023-06-03-22h-12m-07s,309,20103212,20655732,,1.0,1.0,1.0,pointworld,pointworld,18,18,0,21,21,0,29,29,0,35,35,0
CLVR+13759f6e+2023-06-03-22h-54m-58s,283,20103212,20655732,,1.0,1.0,0.5776892430278885,pointworld,pointworld,23,23,0,32,32,0,40,40,0,61,61,0
CLVR+13759f6e+2023-06-03-23h-57m-50s,210,20103212,20655732,,1.0,1.0,1.0,pointworld,pointworld,0,0,0,13,0,13,16,0,16,20,16,20
CLVR+13759f6e+2023-06-04-00h-00m-11s,166,20103212,20655732,,1.0,1.0,1.0,pointworld,pointworld,0,0,0,16,0,16,20,0,20,27,0,27
CLVR+13759f6e+2023-06-04-00h-01m-00s,230,20103212,20655732,,1.0,1.0,1.0,pointworld,pointworld,25,0,25,28,0,28,30,0,30,56,0,56
CLVR+13759f6e+2023-06-04-00h-10m-42s,198,20103212,20655732,,1.0,1.0,1.0,pointworld,pointworld,0,0,0,14,0,14,32,0,32,158,14,158
CLVR+13759f6e+2023-06-04-15h-06m-37s,154,20103212,20655732,,1.0,1.0,1.0,pointworld,pointworld,22,0,22,23,0,23,25,0,25,28,0,28
CLVR+13759f6e+2023-06-04-15h-12m-26s,174,20103212,20655732,,1.0,1.0,1.0,pointworld,pointworld,33,0,33,35,0,35,36,0,36,38,32,38
CLVR+13759f6e+2023-06-04-15h-23m-28s,236,20103212,20655732,,1.0,1.0,1.0,pointworld,pointworld,0,0,0,0,0,0,0,0,0,0,0,0
CLVR+13759f6e+2023-06-04-15h-23m-55s,238,20103212,20655732,,1.0,1.0,1.0,pointworld,pointworld,0,0,0,0,0,0,0,0,0,17,0,17
CLVR+13759f6e+2023-06-04-15h-53m-35s,137,20103212,20655732,,1.0,1.0,1.0,pointworld,pointworld,0,0,0,0,0,0,0,0,0,0,0,0
CLVR+13759f6e+2023-06-04-16h-13m-57s,229,20103212,20655732,,1.0,1.0,1.0,pointworld,pointworld,0,0,0,0,0,0,0,0,0,0,0,0
CLVR+13759f6e+2023-06-04-16h-15m-21s,397,20103212,20655732,,1.0,1.0,1.0,pointworld,pointworld,0,0,0,0,0,0,16,16,0,24,24,0
CLVR+13759f6e+2023-06-04-16h-30m-57s,234,20103212,20655732,,1.0,1.0,1.0,pointworld,pointworld,0,0,0,0,0,0,0,0,0,21,0,21
CLVR+13759f6e+2023-06-04-17h-22m-49s,182,20103212,20655732,,1.0,1.0,1.0,pointworld,pointworld,0,0,0,0,0,0,0,0,0,0,0,0
CLVR+13759f6e+2023-06-04-17h-23m-13s,186,20103212,20655732,,1.0,1.0,1.0,pointworld,pointworld,0,0,0,0,0,0,0,0,0,0,0,0
CLVR+13759f6e+2023-06-04-18h-02m-43s,235,20103212,20655732,,1.0,1.0,1.0,pointworld,pointworld,0,0,0,0,0,0,0,0,0,35,0,35
CLVR+13759f6e+2023-06-04-18h-05m-10s,137,20103212,20655732,,1.0,1.0,1.0,pointworld,pointworld,35,0,35,41,0,41,47,0,47,67,21,67
CLVR+13759f6e+2023-06-05-23h-03m-10s,134,20103212,20655732,,1.0,1.0,1.0,pointworld,pointworld,0,0,0,0,0,0,0,0,0,15,15,0
CLVR+13759f6e+2023-06-05-23h-06m-09s,171,20103212,20655732,,1.0,1.0,1.0,pointworld,pointworld,0,0,0,0,0,0,0,0,0,0,0,0
CLVR+13759f6e+2023-06-05-23h-13m-49s,177,20103212,20655732,,1.0,1.0,1.0,pointworld,pointworld,0,0,0,0,0,0,14,14,0,19,19,16
CLVR+13759f6e+2023-06-05-23h-14m-28s,168,20103212,20655732,,1.0,1.0,1.0,pointworld,pointworld,0,0,0,0,0,0,0,0,0,21,21,18
CLVR+13759f6e+2023-06-05-23h-17m-30s,133,20103212,20655732,,1.0,1.0,1.0,pointworld,pointworld,0,0,0,0,0,0,0,0,0,14,14,0
CLVR+13759f6e+2023-06-05-23h-41m-18s,119,20103212,20655732,,1.0,1.0,1.0,pointworld,pointworld,18,0,18,20,19,20,24,23,24,49,25,49
CLVR+13759f6e+2023-06-05-23h-44m-21s,160,20103212,20655732,,1.0,1.0,1.0,pointworld,pointworld,15,0,15,16,11,16,17,15,17,18,18,18
CLVR+13759f6e+2023-06-05-23h-46m-37s,249,20103212,20655732,,1.0,1.0,1.0,pointworld,pointworld,0,0,0,13,13,0,18,18,0,20,20,0
CLVR+13759f6e+2023-06-05-23h-53m-19s,190,20103212,20655732,,1.0,1.0,1.0,pointworld,pointworld,0,0,0,0,0,0,0,0,0,21,21,16
CLVR+13759f6e+2023-06-05-23h-53m-41s,126,20103212,20655732,,1.0,1.0,1.0,pointworld,pointworld,0,0,0,0,0,0,14,14,0,20,20,0
CLVR+13759f6e+2023-06-05-23h-56m-24s,199,20103212,20655732,,1.0,1.0,1.0,pointworld,pointworld,0,0,0,0,0,0,0,0,0,14,14,14
CLVR+13759f6e+2023-06-06-00h-02m-01s,177,20103212,20655732,,1.0,1.0,1.0,pointworld,pointworld,0,0,0,0,0,0,15,15,0,20,20,0
CLVR+13759f6e+2023-06-09-11h-23m-32s,118,20103212,20655732,,1.0,1.0,0.8823529411764706,pointworld,pointworld,19,16,19,33,18,33,36,20,36,39,34,39
CLVR+13759f6e+2023-06-13-01h-12m-42s,113,20103212,20655732,,1.0,0.7407407407407407,0.7121212121212122,pointworld,pointworld,42,30,42,47,43,47,-1,48,-1,-1,61,-1
CLVR+13759f6e+2023-06-13-01h-33m-52s,142,20103212,20655732,,1.0,1.0,0.8169014084507042,pointworld,pointworld,0,0,0,0,0,0,51,51,0,58,58,0
CLVR+13759f6e+2023-06-13-01h-43m-49s,32,20103212,20655732,,1.0,1.0,1.0,pointworld,pointworld,0,0,0,17,17,0,20,20,0,22,22,0
CLVR+13759f6e+2023-06-13-02h-29m-03s,168,20103212,20655732,,1.0,1.0,1.0,pointworld,pointworld,17,17,0,19,19,0,21,21,0,41,41,0
CLVR+13759f6e+2023-06-13-02h-29m-24s,126,20103212,20655732,,0.8888888888888888,1.0,0.875,pointworld,pointworld,34,34,0,38,38,0,43,43,0,-1,-1,0
CLVR+13759f6e+2023-06-19-16h-56m-15s,255,20103212,20655732,,1.0,1.0,0.9130434782608695,pointworld,pointworld,135,135,59,140,140,64,146,146,71,163,163,78
CLVR+13759f6e+2023-06-19-17h-10m-34s,159,20103212,20655732,,1.0,1.0,1.0,pointworld,pointworld,47,47,0,49,49,46,52,52,49,56,56,51
CLVR+13759f6e+2023-06-19-17h-31m-46s,181,20103212,20655732,,1.0,1.0,1.0,pointworld,pointworld,0,0,0,0,0,0,0,0,0,0,0,0
CLVR+13759f6e+2023-06-19-17h-38m-19s,256,20103212,20655732,,1.0,1.0,1.0,pointworld,pointworld,0,0,0,0,0,0,0,0,0,20,20,0
CLVR+13759f6e+2023-06-19-17h-46m-00s,163,20103212,20655732,,1.0,1.0,1.0,pointworld,pointworld,0,0,0,0,0,0,0,0,0,27,27,0
CLVR+13759f6e+2023-06-19-17h-47m-51s,236,20103212,20655732,,1.0,1.0,1.0,pointworld,pointworld,17,17,0,21,21,0,23,23,22,54,25,54
CLVR+13759f6e+2023-06-19-23h-20m-53s,161,20103212,20655732,,1.0,1.0,1.0,pointworld,pointworld,0,0,0,0,0,0,0,0,0,0,0,0
CLVR+13759f6e+2023-06-19-23h-26m-21s,333,20103212,20655732,,1.0,1.0,1.0,pointworld,pointworld,0,0,0,0,0,0,0,0,0,22,0,22
CLVR+13759f6e+2023-06-19-23h-30m-07s,81,20103212,20655732,,1.0,1.0,1.0,pointworld,pointworld,0,0,0,0,0,0,0,0,0,15,0,15
CLVR+13759f6e+2023-06-19-23h-59m-53s,136,20103212,20655732,,1.0,1.0,1.0,pointworld,pointworld,0,0,0,0,0,0,0,0,0,13,0,13
CLVR+13759f6e+2023-06-20-00h-05m-04s,126,20103212,20655732,,1.0,1.0,1.0,pointworld,pointworld,0,0,0,0,0,0,0,0,0,0,0,0
CLVR+13759f6e+2023-06-20-00h-12m-20s,215,20103212,20655732,,1.0,1.0,1.0,pointworld,pointworld,0,0,0,0,0,0,0,0,0,0,0,0
CLVR+13759f6e+2023-06-20-00h-19m-48s,197,20103212,20655732,,1.0,1.0,1.0,pointworld,pointworld,10,0,10,12,0,12,14,0,14,16,0,16
CLVR+13759f6e+2023-06-20-00h-24m-22s,243,20103212,20655732,,1.0,1.0,1.0,pointworld,pointworld,11,0,11,14,0,14,18,0,18,19,0,19
CLVR+13759f6e+2023-06-20-00h-46m-44s,125,20103212,20655732,,1.0,1.0,1.0,pointworld,pointworld,0,0,0,0,0,0,0,0,0,12,0,12
CLVR+13759f6e+2023-06-27-00h-49m-21s,163,20103212,20655732,,1.0,1.0,1.0,pointworld,pointworld,0,0,0,0,0,0,0,0,0,13,0,13
CLVR+13759f6e+2023-06-27-00h-59m-54s,190,20103212,20655732,,1.0,1.0,1.0,pointworld,pointworld,0,0,0,13,13,0,18,16,18,23,19,23
CLVR+13759f6e+2023-06-27-01h-04m-31s,119,20103212,20655732,,1.0,1.0,1.0,pointworld,pointworld,0,0,0,15,0,15,17,0,17,20,16,20
CLVR+13759f6e+2023-06-27-01h-04m-54s,131,20103212,20655732,,1.0,1.0,1.0,pointworld,pointworld,35,35,0,37,37,36,39,39,39,42,41,42
CLVR+13759f6e+2023-06-27-01h-12m-56s,103,20103212,20655732,,1.0,1.0,1.0,pointworld,pointworld,0,0,0,16,0,16,20,14,20,34,17,34
CLVR+13759f6e+2023-06-27-01h-23m-41s,94,20103212,20655732,,1.0,1.0,1.0,pointworld,pointworld,20,20,0,23,23,0,36,36,0,39,39,21
CLVR+13759f6e+2023-06-27-01h-24m-15s,213,20103212,20655732,,1.0,1.0,1.0,pointworld,pointworld,41,41,0,44,44,0,49,49,0,62,62,43
CLVR+13759f6e+2023-06-27-01h-24m-53s,106,20103212,20655732,,1.0,1.0,1.0,pointworld,pointworld,20,20,0,22,22,0,36,36,0,39,39,0
CLVR+13759f6e+2023-06-27-01h-28m-43s,137,20103212,20655732,,1.0,1.0,1.0,pointworld,pointworld,22,22,0,27,27,0,42,42,0,47,47,0
CLVR+13759f6e+2023-06-27-01h-29m-00s,133,20103212,20655732,,1.0,1.0,1.0,pointworld,pointworld,20,20,0,24,24,0,43,43,0,119,119,0
CLVR+13759f6e+2023-06-27-01h-29m-36s,175,20103212,20655732,,1.0,1.0,1.0,pointworld,pointworld,15,15,0,18,18,0,21,21,0,26,26,13
CLVR+13759f6e+2023-06-27-01h-37m-34s,246,20103212,20655732,,1.0,1.0,1.0,pointworld,pointworld,20,20,0,23,23,0,25,25,16,29,29,18
CLVR+13759f6e+2023-06-27-01h-44m-18s,101,20103212,20655732,,1.0,1.0,1.0,pointworld,pointworld,17,17,0,19,19,0,22,22,0,25,25,14
CLVR+13759f6e+2023-06-27-01h-45m-44s,101,20103212,20655732,,1.0,1.0,1.0,pointworld,pointworld,19,19,0,22,22,0,25,25,13,40,40,16
CLVR+236539bc+2023-05-09-02h-07m-26s,147,20103212,20655732,,1.0,1.0,1.0,pointworld,pointworld,0,0,0,21,21,18,25,25,23,28,28,26
CLVR+236539bc+2023-05-09-03h-30m-39s,190,20103212,20655732,,1.0,1.0,1.0,pointworld,pointworld,24,24,0,27,27,0,30,30,25,41,41,28
CLVR+236539bc+2023-05-09-03h-34m-28s,150,20103212,20655732,,1.0,1.0,1.0,pointworld,pointworld,20,20,0,24,24,0,33,33,20,38,38,24
CLVR+236539bc+2023-05-09-03h-37m-25s,148,20103212,20655732,,1.0,1.0,1.0,pointworld,pointworld,37,37,0,41,41,0,45,45,38,48,48,41
CLVR+236539bc+2023-05-09-03h-38m-02s,179,20103212,20655732,,1.0,1.0,1.0,pointworld,pointworld,0,0,0,19,19,0,24,24,0,27,27,21
CLVR+236539bc+2023-05-09-03h-38m-23s,148,20103212,20655732,,1.0,1.0,1.0,pointworld,pointworld,18,18,0,24,24,0,28,28,23,31,31,26
CLVR+236539bc+2023-05-09-03h-38m-44s,138,20103212,20655732,,1.0,1.0,1.0,pointworld,pointworld,0,0,0,0,0,0,22,22,0,35,35,0
CLVR+236539bc+2023-05-09-03h-39m-28s,194,20103212,20655732,,1.0,1.0,1.0,pointworld,pointworld,19,19,0,22,22,15,25,25,19,36,36,21
CLVR+236539bc+2023-05-09-03h-40m-54s,190,20103212,20655732,,1.0,1.0,1.0,pointworld,pointworld,0,0,0,18,18,0,24,24,0,28,28,19
CLVR+236539bc+2023-05-09-03h-44m-37s,169,20103212,20655732,,1.0,1.0,1.0,pointworld,pointworld,25,25,0,28,28,17,30,30,26,33,33,28
CLVR+236539bc+2023-05-09-03h-45m-06s,174,20103212,20655732,,1.0,1.0,1.0,pointworld,pointworld,0,0,0,0,0,0,0,0,0,26,26,0
CLVR+236539bc+2023-05-09-03h-58m-00s,150,20103212,20655732,,1.0,1.0,1.0,pointworld,pointworld,46,46,0,49,49,0,60,60,0,68,68,0
CLVR+236539bc+2023-05-09-04h-00m-03s,162,20103212,20655732,,1.0,1.0,1.0,pointworld,pointworld,34,34,0,48,48,0,62,62,27,72,72,31
CLVR+236539bc+2023-05-09-04h-07m-08s,154,20103212,20655732,,1.0,1.0,1.0,pointworld,pointworld,30,30,0,33,33,0,36,36,24,47,47,28
CLVR+236539bc+2023-05-09-04h-23m-06s,138,20103212,20655732,,1.0,1.0,1.0,pointworld,pointworld,26,26,0,29,29,0,36,36,0,42,42,23
CLVR+236539bc+2023-05-09-04h-34m-43s,148,20103212,20655732,,1.0,1.0,1.0,pointworld,pointworld,29,29,0,34,34,0,46,46,20,49,49,25
CLVR+236539bc+2023-05-09-04h-42m-25s,156,20103212,20655732,,1.0,1.0,1.0,pointworld,pointworld,27,27,0,39,39,0,46,46,0,48,48,19
CLVR+236539bc+2023-05-09-04h-55m-16s,195,20103212,20655732,,1.0,1.0,1.0,pointworld,pointworld,43,43,0,48,48,0,54,54,0,65,65,24
CLVR+236539bc+2023-05-16-19h-24m-38s,280,20103212,20655732,,1.0,1.0,0.957983193277311,pointworld,pointworld,39,39,34,42,42,37,52,52,40,57,57,42
CLVR+236539bc+2023-05-16-19h-40m-53s,183,20103212,20655732,,1.0,1.0,0.9746835443037974,pointworld,pointworld,23,23,19,25,25,21,28,28,24,40,40,25
CLVR+236539bc+2023-05-16-19h-53m-56s,210,20103212,20655732,,1.0,1.0,0.5905511811023622,pointworld,pointworld,76,76,0,83,83,0,87,87,66,89,89,70
CLVR+236539bc+2023-05-16-20h-03m-58s,141,20103212,20655732,,1.0,1.0,0.9363636363636364,pointworld,pointworld,24,24,0,31,31,12,45,45,19,50,50,23
CLVR+236539bc+2023-05-17-19h-01m-33s,160,20103212,20655732,,1.0,1.0,1.0,pointworld,pointworld,0,0,0,0,0,0,0,0,0,0,0,0
CLVR+236539bc+2023-05-17-19h-03m-58s,142,20103212,20655732,,1.0,1.0,1.0,pointworld,pointworld,0,0,0,0,0,0,0,0,0,0,0,0
CLVR+236539bc+2023-05-17-19h-15m-18s,208,20103212,20655732,,1.0,1.0,1.0,pointworld,pointworld,0,0,0,18,0,18,31,0,31,34,27,34
CLVR+236539bc+2023-05-18-20h-21m-20s,164,20103212,20655732,,1.0,1.0,1.0,pointworld,pointworld,25,25,0,29,29,16,42,42,22,45,45,25
CLVR+236539bc+2023-05-18-20h-22m-32s,188,20103212,20655732,,1.0,1.0,1.0,pointworld,pointworld,35,35,0,39,39,22,50,50,34,54,54,37
CLVR+236539bc+2023-05-18-20h-27m-00s,126,20103212,20655732,,1.0,1.0,1.0,pointworld,pointworld,24,24,0,27,27,14,33,33,22,38,38,25
CLVR+236539bc+2023-05-18-20h-27m-23s,135,20103212,20655732,,1.0,1.0,1.0,pointworld,pointworld,29,29,0,32,32,23,46,46,27,52,52,30
CLVR+236539bc+2023-05-18-20h-28m-11s,112,20103212,20655732,,1.0,1.0,1.0,pointworld,pointworld,20,20,0,22,22,16,26,26,20,30,30,23
CLVR+236539bc+2023-05-18-20h-31m-56s,143,20103212,20655732,,1.0,1.0,1.0,pointworld,pointworld,17,17,0,25,25,0,38,38,21,45,45,26
CLVR+236539bc+2023-05-18-20h-47m-11s,128,20103212,20655732,,1.0,1.0,1.0,pointworld,pointworld,26,26,20,35,35,24,41,41,29,45,45,38
CLVR+236539bc+2023-05-18-20h-51m-22s,210,20103212,20655732,,1.0,1.0,1.0,pointworld,pointworld,41,41,23,44,44,26,48,48,40,52,52,43
CLVR+236539bc+2023-05-18-20h-51m-44s,128,20103212,20655732,,1.0,1.0,1.0,pointworld,pointworld,16,16,0,20,20,0,23,23,19,26,26,21
CLVR+236539bc+2023-05-18-20h-55m-09s,198,20103212,20655732,,1.0,1.0,1.0,pointworld,pointworld,46,46,0,50,50,0,64,64,48,68,68,53
CLVR+236539bc+2023-05-21-19h-26m-30s,148,20103212,20655732,,1.0,1.0,1.0,pointworld,pointworld,49,49,0,52,52,0,58,58,28,67,67,36
CLVR+236539bc+2023-05-21-19h-47m-57s,121,20103212,20655732,,1.0,1.0,1.0,pointworld,pointworld,24,24,0,26,26,0,29,29,16,39,39,20
CLVR+236539bc+2023-05-21-19h-50m-36s,117,20103212,20655732,,1.0,1.0,1.0,pointworld,pointworld,25,25,0,28,28,0,31,31,0,35,35,17
CLVR+236539bc+2023-05-21-19h-53m-24s,110,20103212,20655732,,1.0,1.0,1.0,pointworld,pointworld,0,0,0,17,17,0,26,26,0,30,30,0
CLVR+236539bc+2023-05-21-19h-53m-53s,123,20103212,20655732,,1.0,1.0,1.0,pointworld,pointworld,33,33,0,36,36,0,40,40,0,43,43,0
CLVR+236539bc+2023-05-21-19h-54m-23s,109,20103212,20655732,,1.0,1.0,1.0,pointworld,pointworld,25,25,0,27,27,0,37,37,19,41,41,21
CLVR+236539bc+2023-05-21-19h-55m-00s,146,20103212,20655732,,1.0,1.0,1.0,pointworld,pointworld,22,22,0,26,26,0,31,31,0,40,40,0
CLVR+236539bc+2023-05-22-11h-49m-49s,284,20103212,20655732,,1.0,1.0,1.0,pointworld,pointworld,28,28,0,31,31,0,43,43,0,52,52,0
CLVR+236539bc+2023-05-22-11h-51m-02s,199,20103212,20655732,,1.0,1.0,1.0,pointworld,pointworld,27,27,0,32,32,0,39,39,0,56,56,17
CLVR+236539bc+2023-05-22-11h-51m-47s,141,20103212,20655732,,1.0,1.0,1.0,pointworld,pointworld,27,27,0,30,30,0,34,34,0,49,49,0
CLVR+236539bc+2023-05-22-11h-55m-01s,163,20103212,20655732,,1.0,1.0,1.0,pointworld,pointworld,30,30,0,34,34,0,47,47,0,53,53,0
CLVR+236539bc+2023-05-22-11h-59m-35s,147,20103212,20655732,,1.0,1.0,1.0,pointworld,pointworld,28,28,0,30,30,0,32,32,0,45,45,23
CLVR+236539bc+2023-05-22-12h-04m-00s,162,20103212,20655732,,1.0,1.0,1.0,pointworld,pointworld,44,44,0,54,54,0,58,58,33,60,60,36
CLVR+236539bc+2023-05-22-12h-13m-31s,143,20103212,20655732,,1.0,1.0,1.0,pointworld,pointworld,40,40,18,45,45,20,48,48,22,52,52,26
CLVR+236539bc+2023-05-22-12h-15m-38s,115,20103212,20655732,,1.0,1.0,1.0,pointworld,pointworld,22,22,0,25,25,0,29,29,0,42,42,0
CLVR+236539bc+2023-05-22-12h-21m-42s,119,20103212,20655732,,1.0,1.0,1.0,pointworld,pointworld,38,38,19,42,42,23,47,47,36,51,51,40
CLVR+236539bc+2023-05-22-12h-22m-59s,116,20103212,20655732,,1.0,1.0,1.0,pointworld,pointworld,0,0,0,23,23,0,36,36,0,40,40,18
CLVR+236539bc+2023-05-29-21h-59m-48s,126,20103212,20655732,,1.0,0.9074074074074074,1.0,pointworld,pointworld,57,0,57,101,0,101,107,96,107,-1,100,-1
CLVR+236539bc+2023-05-29-22h-15m-11s,175,20103212,20655732,,1.0,1.0,0.45614035087719296,pointworld,pointworld,58,45,58,61,56,61,69,60,69,74,68,74
CLVR+236539bc+2023-05-29-22h-18m-18s,163,20103212,20655732,,1.0,1.0,0.3787878787878788,pointworld,pointworld,25,20,25,31,23,31,38,27,38,53,31,53
CLVR+236539bc+2023-05-29-22h-24m-17s,159,20103212,20655732,,1.0,0.7222222222222222,0.6785714285714286,pointworld,pointworld,47,47,38,131,121,131,-1,125,-1,-1,128,-1
CLVR+236539bc+2023-05-29-22h-25m-28s,173,20103212,20655732,,1.0,1.0,0.3787878787878788,pointworld,pointworld,29,28,29,41,32,41,48,46,48,53,52,53
CLVR+236539bc+2023-05-29-22h-34m-38s,375,20103212,20655732,,1.0,1.0,0.3590504451038576,pointworld,pointworld,26,17,26,38,22,38,43,25,43,47,27,47
CLVR+236539bc+2023-05-29-22h-37m-34s,101,20103212,20655732,,1.0,0.8518518518518519,1.0,pointworld,pointworld,0,0,0,72,0,72,80,0,80,-1,48,-1
CLVR+236539bc+2023-05-29-22h-39m-00s,145,20103212,20655732,,1.0,1.0,0.375,pointworld,pointworld,23,0,23,25,17,25,28,20,28,32,23,32
CLVR+236539bc+2023-05-29-23h-20m-35s,280,20103212,20655732,,1.0,1.0,0.3438735177865613,pointworld,pointworld,24,0,24,27,17,27,32,20,32,37,22,37
CLVR+236539bc+2023-05-29-23h-24m-06s,153,20103212,20655732,,1.0,1.0,0.391304347826087,pointworld,pointworld,32,0,32,38,0,38,43,21,43,46,32,46
CLVR+236539bc+2023-05-29-23h-42m-29s,150,20103212,20655732,,1.0,0.8333333333333334,0.3069306930693069,pointworld,pointworld,44,0,44,49,0,49,62,23,62,-1,35,-1
CLVR+236539bc+2023-05-29-23h-43m-03s,248,20103212,20655732,,1.0,0.7222222222222222,0.1488095238095238,pointworld,pointworld,74,0,74,80,39,80,-1,66,-1,-1,70,-1
CLVR+236539bc+2023-05-29-23h-45m-34s,143,20103212,20655732,,1.0,1.0,0.51,pointworld,pointworld,29,0,29,43,17,43,59,23,59,75,25,75
CLVR+236539bc+2023-05-29-23h-46m-10s,193,20103212,20655732,,1.0,0.8518518518518519,0.29838709677419356,pointworld,pointworld,48,0,48,69,18,69,79,22,79,-1,26,-1
CLVR+236539bc+2023-05-29-23h-54m-53s,559,20103212,20655732,,1.0,1.0,0.448210922787194,pointworld,pointworld,23,0,23,28,0,28,33,20,33,38,22,38
CLVR+236539bc+2023-05-30-00h-17m-53s,167,20103212,20655732,,1.0,1.0,0.6492537313432836,pointworld,pointworld,29,16,29,33,22,33,60,26,60,68,32,68
CLVR+236539bc+2023-05-30-00h-39m-16s,157,20103212,20655732,,1.0,1.0,1.0,pointworld,pointworld,41,27,41,46,38,46,60,44,60,64,49,64
CLVR+236539bc+2023-05-30-00h-41m-43s,124,20103212,20655732,,1.0,1.0,1.0,pointworld,pointworld,24,18,24,27,21,27,31,23,31,39,27,39
CLVR+236539bc+2023-05-30-00h-52m-44s,127,20103212,20655732,,1.0,1.0,1.0,pointworld,pointworld,20,0,20,26,0,26,33,22,33,42,27,42
CLVR+236539bc+2023-05-30-00h-57m-21s,130,20103212,20655732,,1.0,1.0,1.0,pointworld,pointworld,30,24,30,44,27,44,50,31,50,55,45,55
CLVR+236539bc+2023-05-30-00h-59m-09s,143,20103212,20655732,,1.0,1.0,1.0,pointworld,pointworld,29,19,29,41,24,41,48,31,48,53,44,53
CLVR+236539bc+2023-05-30-01h-00m-01s,125,20103212,20655732,,1.0,1.0,1.0,pointworld,pointworld,40,24,40,43,28,43,48,43,48,53,46,53
CLVR+236539bc+2023-05-30-01h-01m-07s,152,20103212,20655732,,1.0,1.0,1.0,pointworld,pointworld,30,23,30,45,27,45,49,33,49,54,46,54
CLVR+236539bc+2023-05-30-01h-15m-45s,198,20103212,20655732,,1.0,1.0,1.0,pointworld,pointworld,31,24,31,34,27,34,48,33,48,51,37,51
CLVR+236539bc+2023-05-30-01h-38m-26s,110,20103212,20655732,,1.0,1.0,1.0,pointworld,pointworld,0,0,0,21,17,21,25,23,25,33,31,33
CLVR+236539bc+2023-05-30-01h-39m-29s,194,20103212,20655732,,1.0,1.0,0.9058823529411765,pointworld,pointworld,21,20,21,24,23,24,27,25,27,30,28,30
CLVR+236539bc+2023-05-31-13h-29m-18s,216,20103212,20655732,,1.0,1.0,0.7597765363128491,pointworld,pointworld,25,0,25,37,0,37,41,21,41,47,25,47
CLVR+236539bc+2023-06-06-00h-43m-50s,134,20103212,20655732,,1.0,1.0,1.0,pointworld,pointworld,0,0,0,0,0,0,21,21,21,25,25,23
CLVR+236539bc+2023-06-06-01h-07m-40s,316,20103212,20655732,,1.0,1.0,0.9835390946502057,pointworld,pointworld,59,59,53,73,73,57,87,87,71,96,96,83
CLVR+236539bc+2023-06-06-01h-20m-51s,159,20103212,20655732,,1.0,1.0,1.0,pointworld,pointworld,0,0,0,0,0,0,0,0,0,21,21,0
CLVR+236539bc+2023-06-06-01h-27m-28s,166,20103212,20655732,,1.0,1.0,1.0,pointworld,pointworld,0,0,0,0,0,0,23,23,17,28,28,23
CLVR+236539bc+2023-06-06-01h-33m-08s,150,20103212,20655732,,1.0,1.0,1.0,pointworld,pointworld,22,22,0,25,25,0,28,28,15,30,30,24
CLVR+236539bc+2023-06-06-01h-37m-02s,155,20103212,20655732,,1.0,1.0,1.0,pointworld,pointworld,0,0,0,24,24,0,30,30,0,35,35,31
CLVR+236539bc+2023-06-06-01h-37m-40s,114,20103212,20655732,,1.0,1.0,1.0,pointworld,pointworld,15,15,0,19,19,0,23,23,19,26,26,26
CLVR+236539bc+2023-06-06-01h-42m-34s,176,20103212,20655732,,1.0,1.0,1.0,pointworld,pointworld,0,0,0,0,0,0,0,0,0,22,20,22
CLVR+236539bc+2023-06-06-01h-49m-08s,158,20103212,20655732,,1.0,1.0,1.0,pointworld,pointworld,14,14,0,21,21,0,26,26,15,29,29,22
CLVR+236539bc+2023-06-06-01h-49m-40s,129,20103212,20655732,,1.0,1.0,1.0,pointworld,pointworld,0,0,0,18,18,0,23,23,0,27,27,15
CLVR+236539bc+2023-06-06-01h-51m-04s,138,20103212,20655732,,1.0,1.0,1.0,pointworld,pointworld,0,0,0,18,18,0,24,24,0,27,27,26
CLVR+236539bc+2023-06-06-01h-52m-42s,171,20103212,20655732,,1.0,1.0,1.0,pointworld,pointworld,0,0,0,21,21,15,27,27,19,37,37,23
CLVR+236539bc+2023-06-06-02h-06m-40s,112,20103212,20655732,,1.0,1.0,1.0,pointworld,pointworld,19,19,0,22,22,0,25,25,0,28,28,20
CLVR+236539bc+2023-06-20-02h-57m-02s,156,20103212,20655732,,1.0,1.0,1.0,pointworld,pointworld,0,0,0,0,0,0,0,0,0,23,0,23
CLVR+236539bc+2023-06-20-03h-01m-57s,118,20103212,20655732,,1.0,1.0,1.0,pointworld,pointworld,0,0,0,0,0,0,0,0,0,19,0,19
CLVR+236539bc+2023-06-20-03h-03m-53s,143,20103212,20655732,,1.0,1.0,1.0,pointworld,pointworld,0,0,0,0,0,0,0,0,0,0,0,0
CLVR+236539bc+2023-06-20-03h-06m-56s,144,20103212,20655732,,1.0,1.0,1.0,pointworld,pointworld,24,0,24,28,0,28,31,0,31,35,18,35
CLVR+236539bc+2023-06-20-03h-12m-40s,130,20103212,20655732,,1.0,1.0,1.0,pointworld,pointworld,0,0,0,23,0,23,27,0,27,30,19,30
CLVR+236539bc+2023-06-20-03h-31m-05s,109,20103212,20655732,,1.0,1.0,1.0,pointworld,pointworld,0,0,0,0,0,0,0,0,0,0,0,0
CLVR+236539bc+2023-06-20-03h-32m-39s,120,20103212,20655732,,1.0,1.0,1.0,pointworld,pointworld,0,0,0,0,0,0,0,0,0,0,0,0
CLVR+236539bc+2023-06-20-03h-32m-54s,188,20103212,20655732,,1.0,1.0,1.0,pointworld,pointworld,0,0,0,0,0,0,21,0,21,27,0,27
CLVR+236539bc+2023-06-20-03h-35m-17s,153,20103212,20655732,,1.0,1.0,1.0,pointworld,pointworld,0,0,0,0,0,0,23,0,23,26,0,26
CLVR+236539bc+2023-06-20-03h-36m-09s,121,20103212,20655732,,1.0,1.0,1.0,pointworld,pointworld,0,0,0,0,0,0,0,0,0,0,0,0
CLVR+236539bc+2023-06-20-03h-36m-50s,116,20103212,20655732,,1.0,1.0,1.0,pointworld,pointworld,0,0,0,0,0,0,0,0,0,25,0,25
CLVR+236539bc+2023-06-20-03h-47m-31s,108,20103212,20655732,,1.0,1.0,1.0,pointworld,pointworld,0,0,0,17,0,17,23,0,23,28,0,28
CLVR+236539bc+2023-06-20-04h-19m-27s,141,20103212,20655732,,1.0,1.0,0.9320388349514563,pointworld,pointworld,35,26,35,38,29,38,55,34,55,59,53,59
CLVR+236539bc+2023-06-20-04h-20m-11s,118,20103212,20655732,,1.0,1.0,1.0,pointworld,pointworld,27,24,27,29,26,29,32,28,32,35,31,35
CLVR+236539bc+2023-06-20-04h-25m-14s,194,20103212,20655732,,1.0,1.0,1.0,pointworld,pointworld,18,18,15,22,22,18,29,29,21,44,44,25
CLVR+236539bc+2023-06-20-04h-26m-04s,195,20103212,20655732,,1.0,1.0,1.0,pointworld,pointworld,13,13,0,20,20,17,26,26,25,31,31,31
CLVR+236539bc+2023-06-25-04h-35m-11s,340,20103212,20655732,,1.0,1.0,1.0,pointworld,pointworld,18,0,18,42,42,22,47,47,44,64,64,48
CLVR+236539bc+2023-06-25-04h-46m-33s,93,20103212,20655732,,1.0,1.0,1.0,pointworld,pointworld,23,23,23,26,26,25,30,30,28,35,35,32
CLVR+236539bc+2023-06-25-04h-51m-51s,139,20103212,20655732,,1.0,1.0,1.0,pointworld,pointworld,28,23,28,32,28,32,38,38,38,47,47,43
CLVR+236539bc+2023-06-25-17h-27m-37s,364,20103212,20655732,,1.0,1.0,1.0,pointworld,pointworld,0,0,0,16,0,16,20,17,20,23,20,23
CLVR+236539bc+2023-06-25-17h-30m-33s,156,20103212,20655732,,1.0,1.0,0.9,pointworld,pointworld,0,0,0,16,0,16,18,0,18,21,14,21
CLVR+236539bc+2023-06-25-17h-31m-26s,163,20103212,20655732,,1.0,1.0,1.0,pointworld,pointworld,0,0,0,16,0,16,19,15,19,23,20,23
CLVR+236539bc+2023-06-25-17h-33m-47s,128,20103212,20655732,,1.0,1.0,1.0,pointworld,pointworld,0,0,0,0,0,0,20,0,20,26,21,26
CLVR+236539bc+2023-06-25-17h-34m-45s,139,20103212,20655732,,1.0,1.0,1.0,pointworld,pointworld,22,0,22,24,18,24,26,22,26,28,25,28
CLVR+236539bc+2023-06-25-17h-52m-04s,153,20103212,20655732,,1.0,1.0,1.0,pointworld,pointworld,0,0,0,0,0,0,0,0,0,0,0,0
CLVR+236539bc+2023-06-25-18h-05m-13s,220,20103212,20655732,,1.0,1.0,1.0,pointworld,pointworld,0,0,0,13,13,0,19,19,0,24,24,19
CLVR+236539bc+2023-06-25-18h-05m-38s,89,20103212,20655732,,1.0,1.0,1.0,pointworld,pointworld,0,0,0,0,0,0,0,0,0,0,0,0
CLVR+236539bc+2023-06-25-18h-10m-23s,157,20103212,20655732,,1.0,1.0,1.0,pointworld,pointworld,0,0,0,0,0,0,17,0,17,21,16,21
CLVR+236539bc+2023-06-25-18h-13m-08s,106,20103212,20655732,,1.0,1.0,1.0,pointworld,pointworld,0,0,0,0,0,0,0,0,0,18,0,18
CLVR+236539bc+2023-06-25-18h-13m-22s,179,20103212,20655732,,1.0,1.0,1.0,pointworld,pointworld,0,0,0,0,0,0,15,0,15,23,17,23
CLVR+236539bc+2023-06-25-18h-14m-50s,154,20103212,20655732,,1.0,1.0,1.0,pointworld,pointworld,0,0,0,0,0,0,0,0,0,0,0,0
CLVR+236539bc+2023-06-25-18h-24m-07s,298,20103212,20655732,,1.0,1.0,0.9363957597173145,pointworld,pointworld,0,0,0,15,15,0,20,20,18,24,23,24
CLVR+236539bc+2023-06-25-18h-47m-26s,192,20103212,20655732,,1.0,1.0,0.8177083333333334,pointworld,pointworld,0,0,0,0,0,0,0,0,0,15,0,15
CLVR+236539bc+2023-06-25-18h-49m-54s,98,20103212,20655732,,1.0,1.0,1.0,pointworld,pointworld,0,0,0,0,0,0,17,17,0,32,32,20
CLVR+236539bc+2023-06-25-18h-51m-25s,336,20103212,20655732,,1.0,1.0,1.0,pointworld,pointworld,0,0,0,0,0,0,19,19,0,25,25,0
CLVR+236539bc+2023-06-25-18h-53m-33s,143,20103212,20655732,,1.0,1.0,1.0,pointworld,pointworld,0,0,0,0,0,0,0,0,0,15,0,15
CLVR+236539bc+2023-08-06-19h-27m-40s,197,20103212,20655732,,0.9814814814814815,1.0,0.3561643835616438,pointworld,pointworld,49,49,0,51,51,0,156,156,0,-1,-1,0
CLVR+236539bc+2023-08-06-19h-44m-31s,208,20103212,20655732,,1.0,1.0,1.0,pointworld,pointworld,0,0,0,0,0,0,46,46,0,68,68,0
CLVR+236539bc+2023-08-06-20h-39m-47s,205,20103212,20655732,,1.0,1.0,1.0,pointworld,pointworld,21,21,0,23,23,0,27,27,0,37,37,23
CLVR+236539bc+2023-08-06-22h-27m-42s,204,20103212,20655732,,1.0,1.0,1.0,pointworld,pointworld,36,36,0,40,40,0,43,43,0,49,49,0
CLVR+236539bc+2023-08-06-22h-38m-05s,149,20103212,20655732,,1.0,1.0,1.0,pointworld,pointworld,0,0,0,0,0,0,0,0,0,0,0,0
CLVR+236539bc+2023-08-06-22h-44m-45s,153,20103212,20655732,,1.0,1.0,1.0,pointworld,pointworld,88,88,0,91,91,0,95,95,1,105,105,30
GuptaLab+553d1bd5+2023-04-20-12h-45m-08s,185,22246076,26638268,,1.0,1.0,1.0,pointworld,pointworld,0,0,0,0,0,0,0,0,0,0,0,0
GuptaLab+553d1bd5+2023-04-20-12h-56m-47s,251,22246076,26638268,,1.0,1.0,1.0,pointworld,pointworld,0,0,0,0,0,0,0,0,0,0,0,0
GuptaLab+553d1bd5+2023-04-20-13h-00m-56s,164,22246076,26638268,,1.0,1.0,1.0,pointworld,pointworld,0,0,0,0,0,0,0,0,0,0,0,0
GuptaLab+553d1bd5+2023-04-20-13h-08m-59s,178,22246076,26638268,,1.0,1.0,1.0,pointworld,pointworld,0,0,0,0,0,0,0,0,0,0,0,0
GuptaLab+553d1bd5+2023-04-20-13h-12m-56s,133,22246076,26638268,,1.0,1.0,1.0,pointworld,pointworld,0,0,0,0,0,0,0,0,0,0,0,0
GuptaLab+553d1bd5+2023-04-20-13h-13m-40s,150,22246076,26638268,,1.0,1.0,1.0,pointworld,pointworld,0,0,0,0,0,0,0,0,0,0,0,0
GuptaLab+553d1bd5+2023-04-20-13h-15m-01s,171,22246076,26638268,,1.0,1.0,1.0,pointworld,pointworld,0,0,0,0,0,0,0,0,0,0,0,0
GuptaLab+553d1bd5+2023-04-20-13h-16m-00s,145,22246076,26638268,,1.0,1.0,1.0,pointworld,pointworld,0,0,0,0,0,0,0,0,0,0,0,0
GuptaLab+553d1bd5+2023-04-20-14h-18m-53s,162,22246076,26638268,,1.0,1.0,1.0,pointworld,pointworld,0,0,0,0,0,0,0,0,0,0,0,0
GuptaLab+553d1bd5+2023-04-20-14h-22m-58s,191,22246076,26638268,,1.0,1.0,1.0,pointworld,pointworld,0,0,0,0,0,0,0,0,0,0,0,0
GuptaLab+553d1bd5+2023-04-20-14h-32m-32s,293,22246076,26638268,,1.0,1.0,1.0,pointworld,pointworld,0,0,0,0,0,0,0,0,0,0,0,0
GuptaLab+553d1bd5+2023-04-20-14h-38m-52s,163,22246076,26638268,,1.0,1.0,1.0,pointworld,pointworld,0,0,0,0,0,0,0,0,0,0,0,0
GuptaLab+553d1bd5+2023-04-20-14h-46m-15s,179,22246076,26638268,,1.0,1.0,1.0,pointworld,pointworld,0,0,0,0,0,0,0,0,0,0,0,0
GuptaLab+553d1bd5+2023-04-20-14h-49m-31s,180,22246076,26638268,,1.0,1.0,1.0,pointworld,pointworld,0,0,0,0,0,0,0,0,0,0,0,0
GuptaLab+553d1bd5+2023-04-20-14h-52m-45s,172,22246076,26638268,,1.0,1.0,1.0,pointworld,pointworld,0,0,0,0,0,0,0,0,0,0,0,0
GuptaLab+553d1bd5+2023-04-20-14h-55m-05s,143,22246076,26638268,,1.0,1.0,1.0,pointworld,pointworld,0,0,0,0,0,0,0,0,0,0,0,0
GuptaLab+553d1bd5+2023-04-20-14h-57m-42s,164,22246076,26638268,,1.0,1.0,1.0,pointworld,pointworld,0,0,0,0,0,0,0,0,0,0,0,0
GuptaLab+553d1bd5+2023-04-30-12h-41m-09s,113,22246076,26638268,,1.0,1.0,1.0,pointworld,pointworld,0,0,0,0,0,0,0,0,0,0,0,0
GuptaLab+553d1bd5+2023-04-30-12h-41m-53s,146,22246076,26638268,,1.0,1.0,1.0,pointworld,pointworld,0,0,0,0,0,0,0,0,0,0,0,0
GuptaLab+553d1bd5+2023-04-30-12h-42m-23s,202,22246076,26638268,,1.0,1.0,1.0,pointworld,pointworld,0,0,0,0,0,0,0,0,0,0,0,0
GuptaLab+553d1bd5+2023-04-30-12h-56m-54s,122,22246076,26638268,,1.0,1.0,1.0,pointworld,pointworld,0,0,0,0,0,0,0,0,0,0,0,0
GuptaLab+553d1bd5+2023-04-30-12h-59m-43s,123,22246076,26638268,,1.0,1.0,1.0,pointworld,pointworld,0,0,0,0,0,0,0,0,0,0,0,0
GuptaLab+553d1bd5+2023-04-30-13h-14m-39s,113,22246076,26638268,,1.0,1.0,1.0,pointworld,pointworld,0,0,0,0,0,0,0,0,0,0,0,0
GuptaLab+553d1bd5+2023-04-30-14h-24m-53s,187,22246076,26638268,,1.0,1.0,1.0,pointworld,pointworld,0,0,0,0,0,0,0,0,0,0,0,0
GuptaLab+553d1bd5+2023-04-30-14h-38m-12s,164,22246076,26638268,,1.0,1.0,1.0,pointworld,pointworld,0,0,0,0,0,0,0,0,0,0,0,0
GuptaLab+553d1bd5+2023-04-30-14h-40m-59s,204,22246076,26638268,,1.0,1.0,1.0,pointworld,pointworld,0,0,0,0,0,0,0,0,0,0,0,0
GuptaLab+553d1bd5+2023-04-30-14h-46m-15s,214,22246076,26638268,,1.0,1.0,1.0,pointworld,pointworld,0,0,0,0,0,0,0,0,0,0,0,0
GuptaLab+553d1bd5+2023-04-30-14h-50m-41s,287,22246076,26638268,,1.0,1.0,1.0,pointworld,pointworld,0,0,0,0,0,0,0,0,0,0,0,0
GuptaLab+553d1bd5+2023-04-30-14h-57m-19s,149,22246076,26638268,,1.0,1.0,1.0,pointworld,pointworld,0,0,0,0,0,0,0,0,0,0,0,0
GuptaLab+553d1bd5+2023-04-30-14h-58m-45s,142,22246076,26638268,,1.0,1.0,1.0,pointworld,pointworld,0,0,0,0,0,0,0,0,0,0,0,0
GuptaLab+553d1bd5+2023-04-30-14h-59m-15s,141,22246076,26638268,,1.0,1.0,1.0,pointworld,pointworld,0,0,0,0,0,0,0,0,0,0,0,0
GuptaLab+553d1bd5+2023-04-30-15h-04m-28s,125,22246076,26638268,,1.0,1.0,1.0,pointworld,pointworld,0,0,0,0,0,0,0,0,0,0,0,0
GuptaLab+553d1bd5+2023-04-30-15h-43m-36s,188,22246076,26638268,,1.0,1.0,1.0,pointworld,pointworld,0,0,0,0,0,0,0,0,0,0,0,0
GuptaLab+553d1bd5+2023-04-30-15h-46m-41s,290,22246076,26638268,,1.0,1.0,1.0,pointworld,pointworld,0,0,0,0,0,0,0,0,0,0,0,0
GuptaLab+553d1bd5+2023-04-30-16h-00m-24s,153,22246076,26638268,,1.0,1.0,1.0,pointworld,pointworld,0,0,0,0,0,0,0,0,0,0,0,0
GuptaLab+553d1bd5+2023-04-30-16h-10m-56s,149,22246076,26638268,,1.0,1.0,1.0,pointworld,pointworld,0,0,0,0,0,0,0,0,0,0,0,0
GuptaLab+553d1bd5+2023-04-30-16h-18m-25s,108,22246076,26638268,,1.0,1.0,1.0,pointworld,pointworld,0,0,0,0,0,0,0,0,0,0,0,0
GuptaLab+553d1bd5+2023-04-30-16h-27m-49s,127,22246076,26638268,,1.0,1.0,1.0,pointworld,pointworld,0,0,0,0,0,0,0,0,0,0,0,0
GuptaLab+553d1bd5+2023-04-30-17h-57m-30s,173,22246076,26638268,,1.0,1.0,1.0,pointworld,pointworld,0,0,0,0,0,0,0,0,0,0,0,0
GuptaLab+553d1bd5+2023-04-30-18h-01m-08s,181,22246076,26638268,,1.0,1.0,1.0,pointworld,pointworld,0,0,0,0,0,0,0,0,0,0,0,0
GuptaLab+553d1bd5+2023-04-30-18h-03m-40s,123,22246076,26638268,,1.0,1.0,1.0,pointworld,pointworld,0,0,0,0,0,0,0,0,0,0,0,0
GuptaLab+553d1bd5+2023-04-30-18h-04m-14s,126,22246076,26638268,,1.0,1.0,1.0,pointworld,pointworld,0,0,0,0,0,0,0,0,0,0,0,0
GuptaLab+553d1bd5+2023-04-30-18h-14m-48s,116,22246076,26638268,,1.0,1.0,1.0,pointworld,pointworld,0,0,0,0,0,0,0,0,0,0,0,0
GuptaLab+553d1bd5+2023-04-30-18h-28m-50s,138,22246076,26638268,,1.0,1.0,1.0,pointworld,pointworld,0,0,0,0,0,0,0,0,0,0,0,0
GuptaLab+553d1bd5+2023-04-30-18h-58m-50s,137,22246076,26638268,,1.0,1.0,1.0,pointworld,pointworld,0,0,0,0,0,0,0,0,0,0,0,0
GuptaLab+553d1bd5+2023-04-30-19h-11m-16s,177,22246076,26638268,,1.0,1.0,1.0,pointworld,pointworld,0,0,0,0,0,0,0,0,0,0,0,0
GuptaLab+553d1bd5+2023-04-30-19h-17m-10s,184,22246076,26638268,,1.0,1.0,1.0,pointworld,pointworld,0,0,0,0,0,0,0,0,0,0,0,0
GuptaLab+553d1bd5+2023-04-30-19h-27m-43s,135,22246076,26638268,,1.0,1.0,1.0,pointworld,pointworld,0,0,0,0,0,0,0,0,0,0,0,0
GuptaLab+553d1bd5+2023-04-30-19h-32m-09s,107,22246076,26638268,,1.0,1.0,1.0,pointworld,pointworld,0,0,0,0,0,0,0,0,0,0,0,0
GuptaLab+553d1bd5+2023-05-19-10h-51m-36s,102,22246076,26638268,,1.0,1.0,1.0,pointworld,pointworld,0,0,0,0,0,0,0,0,0,0,0,0
GuptaLab+553d1bd5+2023-05-19-10h-55m-09s,93,22246076,26638268,,1.0,1.0,1.0,pointworld,pointworld,0,0,0,0,0,0,0,0,0,0,0,0
GuptaLab+553d1bd5+2023-05-19-11h-06m-55s,103,22246076,26638268,,1.0,1.0,1.0,pointworld,pointworld,0,0,0,0,0,0,0,0,0,0,0,0
GuptaLab+553d1bd5+2023-05-28-15h-37m-38s,326,22246076,26638268,,1.0,1.0,1.0,pointworld,pointworld,0,0,0,0,0,0,0,0,0,0,0,0
GuptaLab+553d1bd5+2023-05-28-15h-38m-14s,307,22246076,26638268,,1.0,1.0,1.0,pointworld,pointworld,0,0,0,0,0,0,0,0,0,0,0,0
GuptaLab+553d1bd5+2023-05-28-15h-56m-14s,191,22246076,26638268,,1.0,1.0,1.0,pointworld,pointworld,0,0,0,0,0,0,22,22,0,30,30,0
GuptaLab+553d1bd5+2023-05-28-15h-59m-01s,196,22246076,26638268,,1.0,1.0,1.0,pointworld,pointworld,0,0,0,0,0,0,19,19,0,24,24,0
GuptaLab+553d1bd5+2023-05-28-16h-00m-17s,176,22246076,26638268,,1.0,1.0,1.0,pointworld,pointworld,0,0,0,0,0,0,0,0,0,26,26,0
GuptaLab+553d1bd5+2023-05-28-16h-17m-58s,311,22246076,26638268,,1.0,1.0,1.0,pointworld,pointworld,0,0,0,0,0,0,0,0,0,0,0,0
GuptaLab+553d1bd5+2023-05-28-16h-25m-17s,186,22246076,26638268,,1.0,1.0,1.0,pointworld,pointworld,0,0,0,0,0,0,0,0,0,0,0,0
GuptaLab+553d1bd5+2023-05-28-16h-33m-02s,162,22246076,26638268,,1.0,1.0,1.0,pointworld,pointworld,0,0,0,0,0,0,0,0,0,24,24,0
GuptaLab+553d1bd5+2023-05-28-16h-46m-39s,201,22246076,26638268,,1.0,1.0,1.0,pointworld,pointworld,0,0,0,0,0,0,0,0,0,0,0,0
GuptaLab+553d1bd5+2023-05-28-16h-52m-13s,196,22246076,26638268,,1.0,1.0,1.0,pointworld,pointworld,16,16,0,22,22,0,25,25,0,28,28,0
GuptaLab+553d1bd5+2023-05-28-16h-58m-59s,244,22246076,26638268,,1.0,1.0,1.0,pointworld,pointworld,0,0,0,0,0,0,0,0,0,0,0,0
GuptaLab+553d1bd5+2023-05-28-17h-04m-35s,401,22246076,26638268,,1.0,1.0,1.0,pointworld,pointworld,0,0,0,0,0,0,0,0,0,0,0,0
GuptaLab+553d1bd5+2023-05-28-17h-06m-33s,203,22246076,26638268,,1.0,1.0,1.0,pointworld,pointworld,0,0,0,0,0,0,0,0,0,16,16,0
GuptaLab+553d1bd5+2023-05-28-17h-13m-21s,138,22246076,26638268,,1.0,1.0,1.0,pointworld,pointworld,0,0,0,0,0,0,0,0,0,25,25,0
GuptaLab+553d1bd5+2023-05-28-17h-51m-54s,262,22246076,26638268,,1.0,1.0,1.0,pointworld,pointworld,0,0,0,0,0,0,0,0,0,0,0,0
GuptaLab+553d1bd5+2023-05-28-18h-13m-43s,159,22246076,26638268,,1.0,1.0,1.0,pointworld,pointworld,0,0,0,0,0,0,0,0,0,0,0,0
GuptaLab+553d1bd5+2023-06-18-16h-45m-57s,65,22246076,26638268,,1.0,1.0,1.0,pointworld,pointworld,0,0,0,0,0,0,0,0,0,0,0,0
GuptaLab+553d1bd5+2023-06-18-16h-46m-29s,96,22246076,26638268,,1.0,1.0,1.0,pointworld,pointworld,0,0,0,33,33,0,38,38,0,43,43,0
GuptaLab+553d1bd5+2023-06-18-16h-53m-13s,82,22246076,26638268,,1.0,1.0,1.0,pointworld,pointworld,33,33,0,36,36,0,39,39,0,46,46,0
GuptaLab+553d1bd5+2023-06-18-16h-53m-29s,95,22246076,26638268,,1.0,1.0,1.0,pointworld,pointworld,22,22,0,26,26,0,29,29,0,34,34,0
GuptaLab+553d1bd5+2023-06-18-17h-17m-33s,68,22246076,26638268,,1.0,1.0,1.0,pointworld,pointworld,0,0,0,0,0,0,0,0,0,30,30,0
GuptaLab+553d1bd5+2023-06-18-17h-18m-22s,79,22246076,26638268,,1.0,1.0,1.0,pointworld,pointworld,0,0,0,0,0,0,21,21,0,29,29,0
GuptaLab+553d1bd5+2023-06-18-17h-27m-15s,105,22246076,26638268,,1.0,1.0,1.0,pointworld,pointworld,0,0,0,0,0,0,0,0,0,30,30,0
GuptaLab+553d1bd5+2023-06-18-18h-00m-03s,76,22246076,26638268,,1.0,1.0,1.0,pointworld,pointworld,0,0,0,0,0,0,16,16,0,49,49,0
GuptaLab+553d1bd5+2023-06-18-18h-02m-29s,181,22246076,26638268,,1.0,1.0,1.0,pointworld,pointworld,0,0,0,0,0,0,0,0,0,64,64,0
GuptaLab+553d1bd5+2023-06-18-18h-13m-03s,90,22246076,26638268,,1.0,1.0,1.0,pointworld,pointworld,0,0,0,0,0,0,0,0,0,0,0,0
GuptaLab+553d1bd5+2023-06-18-18h-36m-24s,75,22246076,26638268,,1.0,1.0,1.0,pointworld,pointworld,0,0,0,0,0,0,15,15,0,26,26,0
GuptaLab+553d1bd5+2023-06-18-18h-36m-43s,226,22246076,26638268,,1.0,1.0,1.0,pointworld,pointworld,0,0,0,26,26,0,33,33,0,39,39,0
GuptaLab+553d1bd5+2023-06-18-18h-37m-39s,68,22246076,26638268,,0.9814814814814815,1.0,1.0,pointworld,pointworld,0,0,0,0,0,0,23,23,0,-1,-1,0
GuptaLab+553d1bd5+2023-06-18-18h-37m-52s,64,22246076,26638268,,1.0,1.0,1.0,pointworld,pointworld,0,0,0,0,0,0,0,0,0,0,0,0
GuptaLab+553d1bd5+2023-06-18-18h-44m-05s,85,22246076,26638268,,1.0,1.0,1.0,pointworld,pointworld,0,0,0,17,17,0,22,22,0,28,28,0
GuptaLab+553d1bd5+2023-06-18-18h-44m-24s,71,22246076,26638268,,1.0,1.0,1.0,pointworld,pointworld,0,0,0,0,0,0,18,18,0,23,23,0
GuptaLab+553d1bd5+2023-06-18-18h-44m-39s,65,22246076,26638268,,1.0,1.0,1.0,pointworld,pointworld,0,0,0,0,0,0,0,0,0,0,0,0
GuptaLab+553d1bd5+2023-06-18-18h-54m-02s,76,22246076,26638268,,1.0,1.0,1.0,pointworld,pointworld,0,0,0,15,15,0,20,20,0,25,25,0
GuptaLab+553d1bd5+2023-06-18-18h-54m-30s,69,22246076,26638268,,1.0,1.0,1.0,pointworld,pointworld,0,0,0,0,0,0,0,0,0,0,0,0
GuptaLab+553d1bd5+2023-06-18-18h-55m-42s,70,22246076,26638268,,1.0,1.0,1.0,pointworld,pointworld,0,0,0,0,0,0,0,0,0,23,23,0
GuptaLab+553d1bd5+2023-06-18-18h-55m-56s,78,22246076,26638268,,1.0,1.0,1.0,pointworld,pointworld,0,0,0,0,0,0,0,0,0,0,0,0
GuptaLab+553d1bd5+2023-06-18-18h-56m-48s,97,22246076,26638268,,1.0,1.0,0.8969072164948454,pointworld,pointworld,0,0,0,0,0,0,31,31,0,37,37,0
GuptaLab+553d1bd5+2023-06-18-19h-48m-56s,71,22246076,26638268,,1.0,1.0,1.0,pointworld,pointworld,0,0,0,0,0,0,0,0,0,0,0,0
GuptaLab+553d1bd5+2023-06-18-19h-50m-37s,130,22246076,26638268,,1.0,1.0,1.0,pointworld,pointworld,0,0,0,0,0,0,25,25,0,34,34,0
GuptaLab+553d1bd5+2023-06-18-19h-53m-43s,118,22246076,26638268,,1.0,1.0,1.0,pointworld,pointworld,0,0,0,0,0,0,0,0,0,18,18,0
GuptaLab+553d1bd5+2023-06-18-19h-55m-48s,95,22246076,26638268,,1.0,1.0,1.0,pointworld,pointworld,0,0,0,0,0,0,0,0,0,25,25,0
GuptaLab+553d1bd5+2023-06-18-20h-18m-58s,97,22246076,26638268,,1.0,1.0,1.0,pointworld,pointworld,0,0,0,0,0,0,0,0,0,0,0,0
GuptaLab+553d1bd5+2023-06-18-21h-02m-22s,170,22246076,26638268,,1.0,1.0,1.0,pointworld,pointworld,0,0,0,0,0,0,0,0,0,26,26,0
GuptaLab+553d1bd5+2023-06-18-21h-04m-13s,113,22246076,26638268,,1.0,1.0,1.0,pointworld,pointworld,0,0,0,34,34,0,39,39,0,47,47,0
GuptaLab+553d1bd5+2023-06-18-21h-07m-50s,93,22246076,26638268,,1.0,1.0,1.0,pointworld,pointworld,0,0,0,0,0,0,15,15,0,23,23,0
GuptaLab+553d1bd5+2023-06-18-21h-08m-11s,100,22246076,26638268,,1.0,1.0,1.0,pointworld,pointworld,19,19,0,24,24,0,28,28,0,34,34,0
GuptaLab+553d1bd5+2023-06-18-21h-11m-30s,91,22246076,26638268,,1.0,1.0,1.0,pointworld,pointworld,0,0,0,0,0,0,24,24,0,32,32,0
GuptaLab+553d1bd5+2023-06-18-21h-13m-40s,94,22246076,26638268,,1.0,1.0,1.0,pointworld,pointworld,0,0,0,0,0,0,13,13,0,18,18,0
GuptaLab+553d1bd5+2023-06-18-21h-19m-42s,84,22246076,26638268,,1.0,1.0,1.0,pointworld,pointworld,0,0,0,0,0,0,14,14,0,20,20,0
GuptaLab+553d1bd5+2023-06-18-21h-20m-42s,75,22246076,26638268,,1.0,1.0,1.0,pointworld,pointworld,0,0,0,0,0,0,0,0,0,0,0,0
GuptaLab+553d1bd5+2023-06-18-21h-23m-16s,192,22246076,26638268,,1.0,1.0,1.0,pointworld,pointworld,0,0,0,0,0,0,22,22,0,29,29,0
GuptaLab+553d1bd5+2023-06-18-21h-28m-57s,144,22246076,26638268,,1.0,1.0,1.0,pointworld,pointworld,0,0,0,10,10,0,18,18,0,33,33,0
GuptaLab+553d1bd5+2023-06-18-21h-47m-29s,62,22246076,26638268,,1.0,1.0,1.0,pointworld,pointworld,0,0,0,0,0,0,0,0,0,16,16,0
GuptaLab+553d1bd5+2023-06-18-21h-50m-33s,118,22246076,26638268,,1.0,1.0,1.0,pointworld,pointworld,0,0,0,0,0,0,16,16,0,24,24,0
ILIAD+50aee79f+2023-07-12-21h-10m-53s,502,23897859,27904255,,1.0,1.0,1.0,pointworld,pointworld,89,70,89,91,85,91,104,89,104,109,93,109
ILIAD+50aee79f+2023-08-15-22h-47m-28s,418,23897859,27904255,,1.0,1.0,1.0,pointworld,pointworld,42,42,0,65,65,0,72,72,27,91,91,50
ILIAD+50aee79f+2023-08-15-23h-14m-07s,286,23897859,27904255,,1.0,1.0,1.0,pointworld,pointworld,0,0,0,13,13,0,16,16,0,31,31,0
ILIAD+50aee79f+2023-08-15-23h-31m-50s,267,23897859,27904255,,1.0,1.0,0.9809523809523809,pointworld,pointworld,50,50,0,57,57,0,80,80,47,93,93,55
ILIAD+50aee79f+2023-08-15-23h-43m-26s,449,23897859,27904255,,1.0,1.0,1.0,pointworld,pointworld,75,75,0,92,92,51,98,98,75,140,140,92
ILIAD+50aee79f+2023-08-17-15h-08m-06s,121,23897859,27904255,,1.0,1.0,1.0,pointworld,pointworld,20,20,0,30,30,5,34,34,14,37,37,26
ILIAD+50aee79f+2023-08-17-15h-32m-21s,430,23897859,27904255,,1.0,1.0,0.9872773536895675,pointworld,pointworld,25,25,0,37,37,4,43,43,11,49,49,17
ILIAD+50aee79f+2023-08-17-19h-27m-06s,193,23897859,27904255,,1.0,1.0,0.9672131147540983,pointworld,pointworld,60,60,0,71,71,23,79,79,43,170,170,51
ILIAD+50aee79f+2023-08-17-21h-04m-24s,372,23897859,27904255,,1.0,1.0,1.0,pointworld,pointworld,43,43,0,47,47,8,52,52,15,66,66,25
ILIAD+50aee79f+2023-08-19-11h-09m-48s,267,23897859,27904255,,1.0,1.0,0.7865168539325843,pointworld,pointworld,66,66,63,89,89,76,93,93,87,114,114,91
ILIAD+50aee79f+2023-08-19-11h-18m-42s,225,23897859,27904255,,0.9814814814814815,1.0,0.5238095238095238,pointworld,pointworld,6,0,6,15,15,10,122,122,15,-1,-1,104
ILIAD+50aee79f+2023-08-19-11h-23m-10s,245,23897859,27904255,,1.0,1.0,0.7941176470588235,pointworld,pointworld,81,81,20,109,109,56,189,189,76,197,197,105
ILIAD+50aee79f+2023-08-20-10h-51m-32s,395,23897859,27904255,,1.0,1.0,1.0,pointworld,pointworld,11,11,0,21,21,16,33,33,22,53,53,30
ILIAD+50aee79f+2023-08-20-11h-02m-04s,262,23897859,27904255,,1.0,1.0,1.0,pointworld,pointworld,35,22,35,39,38,39,42,42,42,48,47,48
ILIAD+50aee79f+2023-08-20-11h-03m-01s,469,23897859,27904255,,1.0,1.0,1.0,pointworld,pointworld,23,12,23,25,15,25,28,27,28,46,41,46
ILIAD+50aee79f+2023-08-20-11h-15m-17s,389,23897859,27904255,,1.0,1.0,1.0,pointworld,pointworld,0,0,0,21,21,15,27,27,21,51,51,24
ILIAD+50aee79f+2023-08-20-11h-35m-55s,294,23897859,27904255,,1.0,1.0,0.9512195121951219,pointworld,pointworld,39,39,23,48,48,35,55,55,40,75,75,48
ILIAD+50aee79f+2023-08-20-11h-46m-04s,281,23897859,27904255,,1.0,1.0,1.0,pointworld,pointworld,19,19,19,34,34,21,40,40,27,44,44,37
ILIAD+50aee79f+2023-08-20-11h-57m-59s,260,23897859,27904255,,1.0,1.0,1.0,pointworld,pointworld,28,28,23,33,33,28,39,39,32,59,59,36
ILIAD+50aee79f+2023-08-20-12h-14m-06s,158,23897859,27904255,,1.0,1.0,1.0,pointworld,pointworld,15,15,13,18,18,15,21,21,17,32,32,20
ILIAD+50aee79f+2023-08-20-12h-14m-30s,271,23897859,27904255,,1.0,1.0,1.0,pointworld,pointworld,15,15,0,21,21,18,26,26,22,40,40,25
ILIAD+50aee79f+2023-08-26-20h-57m-35s,493,23897859,27904255,,1.0,1.0,1.0,pointworld,pointworld,109,109,59,113,113,62,128,128,75,132,132,94
ILIAD+50aee79f+2023-08-27-22h-59m-00s,119,23897859,27904255,,1.0,1.0,1.0,pointworld,pointworld,88,88,61,90,90,65,94,94,69,110,110,82
ILIAD+50aee79f+2023-08-29-20h-08m-00s,275,23897859,27904255,,1.0,1.0,1.0,pointworld,pointworld,76,76,48,80,80,51,92,92,55,101,101,69
ILIAD+50aee79f+2023-09-01-23h-14m-14s,313,23897859,27904255,,1.0,1.0,1.0,pointworld,pointworld,21,19,21,31,31,30,68,68,37,78,78,69
ILIAD+50aee79f+2023-09-02-00h-09m-55s,239,23897859,27904255,,1.0,1.0,1.0,pointworld,pointworld,16,16,15,22,22,21,41,39,41,50,50,50
ILIAD+50aee79f+2023-09-02-20h-04m-55s,735,23897859,27904255,,1.0,1.0,1.0,pointworld,pointworld,115,114,115,139,139,129,168,168,148,185,185,170
ILIAD+50aee79f+2023-09-02-20h-15m-57s,604,23897859,27904255,,1.0,1.0,0.9912587412587412,pointworld,pointworld,10,10,10,32,31,32,52,52,50,69,69,67
ILIAD+50aee79f+2023-09-02-20h-38m-50s,628,23897859,27904255,,1.0,1.0,1.0,pointworld,pointworld,0,0,0,21,21,14,36,36,26,65,65,37
ILIAD+50aee79f+2023-09-02-21h-29m-26s,305,23897859,27904255,,1.0,1.0,1.0,pointworld,pointworld,0,0,0,21,21,14,33,33,23,50,50,32
ILIAD+50aee79f+2023-09-03-20h-53m-38s,377,23897859,27904255,,1.0,1.0,0.6048951048951049,pointworld,pointworld,86,86,72,91,91,82,106,106,87,114,114,92
ILIAD+5e938e3b+2023-07-17-11h-21m-46s,333,23897859,27904255,,1.0,1.0,0.8708708708708709,pointworld,pointworld,0,0,0,0,0,0,69,69,0,71,71,0
ILIAD+5e938e3b+2023-07-17-11h-31m-36s,268,23897859,27904255,,1.0,1.0,0.8470149253731343,pointworld,pointworld,0,0,0,0,0,0,0,0,0,114,114,0
ILIAD+5e938e3b+2023-07-17-11h-51m-13s,234,23897859,27904255,,1.0,1.0,0.8080357142857143,pointworld,pointworld,0,0,0,10,10,0,20,20,0,138,70,0
ILIAD+5e938e3b+2023-07-18-13h-01m-22s,176,23897859,27904255,,1.0,1.0,0.5909090909090909,pointworld,pointworld,0,0,0,0,0,0,0,0,0,6,0,6
ILIAD+5e938e3b+2023-07-18-13h-20m-37s,287,23897859,27904255,,1.0,1.0,0.9128919860627178,pointworld,pointworld,0,0,0,0,0,0,0,0,0,11,0,11
ILIAD+5e938e3b+2023-07-19-11h-56m-36s,689,23897859,27904255,,1.0,1.0,0.6226415094339622,pointworld,pointworld,0,0,0,0,0,0,0,0,0,0,0,0
ILIAD+5e938e3b+2023-07-19-12h-56m-56s,140,23897859,27904255,,1.0,1.0,0.36428571428571427,pointworld,pointworld,0,0,0,0,0,0,0,0,0,0,0,0
ILIAD+5e938e3b+2023-07-19-13h-15m-57s,247,23897859,27904255,,1.0,1.0,1.0,pointworld,pointworld,0,0,0,0,0,0,0,0,0,0,0,0
ILIAD+5e938e3b+2023-07-19-13h-39m-49s,135,23897859,27904255,,0.7592592592592593,1.0,0.9042553191489362,pointworld,pointworld,26,26,0,41,41,0,74,74,0,-1,-1,0
ILIAD+5e938e3b+2023-07-19-13h-40m-32s,177,23897859,27904255,,1.0,1.0,1.0,pointworld,pointworld,51,51,0,55,55,0,60,60,0,76,76,0
ILIAD+5e938e3b+2023-07-19-13h-52m-00s,137,23897859,27904255,,0.7222222222222222,1.0,0.6715328467153284,pointworld,pointworld,0,0,0,0,0,0,-1,-1,0,-1,-1,0
ILIAD+5e938e3b+2023-07-19-17h-54m-22s,199,23897859,27904255,,1.0,1.0,0.46733668341708545,pointworld,pointworld,0,0,0,0,0,0,81,81,0,87,87,0
ILIAD+5e938e3b+2023-07-19-17h-58m-50s,273,23897859,27904255,,1.0,1.0,0.9377289377289377,pointworld,pointworld,0,0,0,0,0,0,26,26,0,54,54,0
ILIAD+5e938e3b+2023-07-19-18h-08m-59s,195,23897859,27904255,,1.0,1.0,0.8291139240506329,pointworld,pointworld,32,32,0,37,37,0,51,51,0,58,58,0
ILIAD+5e938e3b+2023-07-19-18h-13m-07s,311,23897859,27904255,,0.7962962962962963,1.0,0.40514469453376206,pointworld,pointworld,0,0,0,0,0,0,303,303,0,-1,-1,0
ILIAD+5e938e3b+2023-07-19-18h-15m-33s,135,23897859,27904255,,1.0,1.0,0.7926829268292683,pointworld,pointworld,39,39,0,53,53,0,55,55,0,58,58,0
ILIAD+5e938e3b+2023-07-19-19h-29m-10s,130,23897859,27904255,,0.5555555555555556,1.0,0.36363636363636365,pointworld,pointworld,70,70,0,97,97,0,-1,-1,0,-1,-1,0
ILIAD+5e938e3b+2023-07-19-19h-29m-30s,262,23897859,27904255,,1.0,1.0,0.4351145038167939,pointworld,pointworld,0,0,0,0,0,0,65,65,0,82,82,0
ILIAD+5e938e3b+2023-07-19-19h-31m-31s,539,23897859,27904255,,1.0,1.0,0.49907235621521334,pointworld,pointworld,0,0,0,0,0,0,166,166,0,170,170,0
ILIAD+5e938e3b+2023-07-19-19h-35m-58s,230,23897859,27904255,,0.7592592592592593,1.0,0.1956521739130435,pointworld,pointworld,0,0,0,0,0,0,73,73,0,-1,-1,0
ILIAD+5e938e3b+2023-07-19-19h-40m-43s,83,23897859,27904255,,0.8888888888888888,1.0,0.8,pointworld,pointworld,35,35,0,38,38,0,50,50,0,-1,-1,0
ILIAD+5e938e3b+2023-07-19-19h-43m-13s,349,23897859,27904255,,1.0,1.0,0.9230769230769231,pointworld,pointworld,48,48,0,50,50,0,54,54,0,157,157,0
ILIAD+5e938e3b+2023-07-19-19h-46m-15s,197,23897859,27904255,,0.9814814814814815,1.0,0.6351351351351351,pointworld,pointworld,38,38,0,49,49,0,54,54,0,-1,-1,0
ILIAD+5e938e3b+2023-07-19-19h-57m-53s,293,23897859,27904255,,0.6111111111111112,1.0,0.31092436974789917,pointworld,pointworld,49,49,0,55,55,0,-1,-1,0,-1,-1,0
ILIAD+5e938e3b+2023-07-19-20h-03m-27s,1082,23897859,27904255,,1.0,1.0,0.4454713493530499,pointworld,pointworld,0,0,0,0,0,0,150,150,0,153,153,0
ILIAD+5e938e3b+2023-07-19-20h-24m-49s,347,23897859,27904255,,1.0,1.0,0.6223776223776224,pointworld,pointworld,51,51,0,61,61,0,66,66,0,194,194,0
ILIAD+5e938e3b+2023-07-19-20h-34m-04s,187,23897859,27904255,,0.6851851851851852,1.0,0.06321839080459771,pointworld,pointworld,10,10,0,13,13,0,-1,-1,0,-1,-1,0
ILIAD+5e938e3b+2023-07-19-20h-37m-36s,152,23897859,27904255,,0.7222222222222222,1.0,0.8681318681318682,pointworld,pointworld,55,55,0,61,61,0,-1,-1,0,-1,-1,0
ILIAD+5e938e3b+2023-07-19-20h-41m-49s,120,23897859,27904255,,1.0,1.0,0.7666666666666667,pointworld,pointworld,0,0,0,0,0,0,47,47,0,56,56,0
ILIAD+5e938e3b+2023-07-19-20h-56m-25s,170,23897859,27904255,,1.0,1.0,0.6060606060606061,pointworld,pointworld,32,32,0,38,38,0,50,50,0,53,53,0
ILIAD+5e938e3b+2023-07-20-10h-30m-56s,1034,23897859,27904255,,1.0,1.0,0.98046875,pointworld,pointworld,8,8,0,10,10,0,17,17,0,30,30,0
ILIAD+5e938e3b+2023-07-20-10h-35m-53s,147,23897859,27904255,,1.0,1.0,1.0,pointworld,pointworld,20,20,0,22,22,0,32,32,0,34,34,0
ILIAD+5e938e3b+2023-07-20-10h-42m-16s,182,23897859,27904255,,1.0,1.0,1.0,pointworld,pointworld,17,17,0,28,28,0,41,41,0,58,58,0
ILIAD+5e938e3b+2023-07-20-10h-43m-02s,248,23897859,27904255,,1.0,1.0,1.0,pointworld,pointworld,9,9,0,11,11,0,15,15,0,31,31,0
ILIAD+5e938e3b+2023-07-20-10h-43m-29s,192,23897859,27904255,,1.0,1.0,0.7777777777777778,pointworld,pointworld,63,63,0,75,75,0,91,91,0,101,101,0
ILIAD+5e938e3b+2023-07-20-11h-50m-51s,120,23897859,27904255,,1.0,1.0,1.0,pointworld,pointworld,10,10,0,12,12,0,15,15,0,17,17,0
ILIAD+5e938e3b+2023-07-20-11h-53m-46s,136,23897859,27904255,,1.0,1.0,1.0,pointworld,pointworld,21,21,0,23,23,0,25,25,0,27,27,0
ILIAD+5e938e3b+2023-07-20-11h-56m-28s,565,23897859,27904255,,1.0,1.0,0.9296028880866426,pointworld,pointworld,0,0,0,11,11,0,14,14,0,16,16,0
ILIAD+5e938e3b+2023-07-20-12h-24m-32s,227,23897859,27904255,,1.0,1.0,0.9947916666666666,pointworld,pointworld,25,25,0,35,35,0,49,49,0,51,51,0
ILIAD+5e938e3b+2023-07-20-12h-28m-58s,365,23897859,27904255,,1.0,1.0,0.8628571428571429,pointworld,pointworld,11,11,0,15,15,0,27,27,0,29,29,0
ILIAD+5e938e3b+2023-07-20-12h-34m-18s,290,23897859,27904255,,1.0,1.0,1.0,pointworld,pointworld,22,22,0,24,24,0,26,26,0,36,36,0
ILIAD+5e938e3b+2023-07-20-12h-37m-16s,155,23897859,27904255,,0.9259259259259259,1.0,0.7741935483870968,pointworld,pointworld,51,51,0,62,62,0,74,74,0,-1,-1,0
ILIAD+5e938e3b+2023-07-20-12h-43m-49s,258,23897859,27904255,,1.0,1.0,1.0,pointworld,pointworld,18,18,0,30,30,0,32,32,0,34,34,0
ILIAD+5e938e3b+2023-07-20-12h-48m-15s,642,23897859,27904255,,1.0,1.0,0.8378378378378378,pointworld,pointworld,10,10,0,13,13,0,17,17,0,20,20,0
ILIAD+5e938e3b+2023-07-20-14h-10m-10s,184,23897859,27904255,,1.0,1.0,1.0,pointworld,pointworld,6,6,0,8,8,0,10,10,0,12,12,0
ILIAD+5e938e3b+2023-07-20-14h-29m-48s,210,23897859,27904255,,1.0,1.0,0.9550561797752809,pointworld,pointworld,29,29,0,32,32,0,43,43,0,77,77,0
ILIAD+5e938e3b+2023-07-20-14h-32m-24s,421,23897859,27904255,,1.0,1.0,1.0,pointworld,pointworld,0,0,0,17,17,0,20,20,0,29,29,0
ILIAD+5e938e3b+2023-07-21-09h-40m-43s,193,23897859,27904255,,1.0,1.0,1.0,pointworld,pointworld,0,0,0,0,0,0,7,7,5,9,9,7
ILIAD+5e938e3b+2023-07-21-22h-16m-04s,148,23897859,27904255,,1.0,1.0,0.7905405405405406,pointworld,pointworld,0,0,0,0,0,0,53,53,0,63,63,0
ILIAD+5e938e3b+2023-07-27-22h-49m-38s,292,23897859,27904255,,1.0,1.0,1.0,pointworld,pointworld,0,0,0,0,0,0,0,0,0,0,0,0
ILIAD+5e938e3b+2023-07-27-23h-23m-02s,318,23897859,27904255,,1.0,1.0,0.5408805031446541,pointworld,pointworld,0,0,0,0,0,0,0,0,0,0,0,0
ILIAD+5e938e3b+2023-07-27-23h-31m-22s,272,23897859,27904255,,1.0,1.0,0.8566176470588235,pointworld,pointworld,0,0,0,0,0,0,0,0,0,11,0,11
ILIAD+5e938e3b+2023-07-28-10h-27m-15s,446,23897859,27904255,,1.0,1.0,0.9730941704035875,pointworld,pointworld,0,0,0,0,0,0,0,0,0,0,0,0
ILIAD+5e938e3b+2023-07-28-10h-41m-54s,460,23897859,27904255,,1.0,1.0,1.0,pointworld,pointworld,0,0,0,0,0,0,0,0,0,0,0,0
ILIAD+5e938e3b+2023-07-28-10h-44m-04s,274,23897859,27904255,,1.0,1.0,1.0,pointworld,pointworld,0,0,0,0,0,0,0,0,0,0,0,0
ILIAD+5e938e3b+2023-07-28-10h-49m-28s,155,23897859,27904255,,1.0,1.0,1.0,pointworld,pointworld,20,20,0,30,30,0,78,78,0,81,81,0
ILIAD+5e938e3b+2023-07-28-11h-21m-45s,378,23897859,27904255,,1.0,1.0,1.0,pointworld,pointworld,0,0,0,0,0,0,0,0,0,42,42,6
ILIAD+5e938e3b+2023-07-29-20h-45m-56s,574,23897859,27904255,,1.0,1.0,0.22262773722627738,pointworld,pointworld,13,13,0,26,26,0,39,39,0,49,49,14
ILIAD+5e938e3b+2023-07-29-20h-53m-58s,114,23897859,27904255,,1.0,1.0,1.0,pointworld,pointworld,0,0,0,0,0,0,5,5,0,17,17,0
ILIAD+7ae1bcff+2023-05-12-16h-44m-32s,1619,23897859,27904255,,1.0,1.0,1.0,pointworld,pointworld,0,0,0,0,0,0,0,0,0,49,49,0
ILIAD+7ae1bcff+2023-05-12-17h-36m-34s,370,23897859,27904255,,1.0,1.0,1.0,pointworld,pointworld,0,0,0,0,0,0,47,47,0,54,54,0
ILIAD+7ae1bcff+2023-05-19-12h-18m-06s,274,23897859,27904255,,1.0,1.0,1.0,pointworld,pointworld,83,0,83,117,0,117,135,0,135,255,0,255
ILIAD+7ae1bcff+2023-05-19-12h-55m-57s,409,23897859,27904255,,1.0,1.0,0.5232974910394266,pointworld,pointworld,127,0,127,130,0,130,135,0,135,157,0,157
ILIAD+7ae1bcff+2023-05-22-17h-14m-25s,210,23897859,27904255,,1.0,1.0,1.0,pointworld,pointworld,33,0,33,77,21,77,99,33,99,105,55,105
ILIAD+7ae1bcff+2023-05-23-19h-10m-01s,375,23897859,27904255,,1.0,1.0,1.0,pointworld,pointworld,0,0,0,29,0,29,71,0,71,107,0,107
ILIAD+7ae1bcff+2023-05-23-19h-18m-52s,326,23897859,27904255,,1.0,1.0,1.0,pointworld,pointworld,81,0,81,87,0,87,116,19,116,124,26,124
ILIAD+7ae1bcff+2023-05-23-19h-25m-22s,369,23897859,27904255,,1.0,1.0,0.7777777777777778,pointworld,pointworld,85,0,85,117,0,117,148,0,148,318,45,318
ILIAD+7ae1bcff+2023-05-24-18h-47m-07s,348,23897859,27904255,,1.0,1.0,0.9380165289256198,pointworld,pointworld,78,78,60,106,106,104,157,154,157,182,179,182
ILIAD+7ae1bcff+2023-05-24-19h-01m-26s,421,23897859,27904255,,1.0,1.0,1.0,pointworld,pointworld,0,0,0,0,0,0,0,0,0,87,87,0
ILIAD+7ae1bcff+2023-05-24-19h-03m-14s,318,23897859,27904255,,1.0,1.0,1.0,pointworld,pointworld,0,0,0,57,57,0,78,78,61,82,82,79
ILIAD+7ae1bcff+2023-05-24-19h-07m-50s,245,23897859,27904255,,1.0,1.0,1.0,pointworld,pointworld,21,21,0,42,42,18,63,63,43,68,68,64
ILIAD+7ae1bcff+2023-05-25-19h-20m-45s,213,23897859,27904255,,1.0,1.0,1.0,pointworld,pointworld,35,35,0,51,51,36,59,59,54,74,74,60
ILIAD+7ae1bcff+2023-05-26-17h-55m-04s,338,23897859,27904255,,1.0,1.0,1.0,pointworld,pointworld,0,0,0,0,0,0,0,0,0,244,203,244
ILIAD+7ae1bcff+2023-05-29-19h-46m-07s,183,23897859,27904255,,1.0,1.0,1.0,pointworld,pointworld,32,32,0,35,35,0,65,65,31,94,94,38
ILIAD+7ae1bcff+2023-05-29-20h-20m-04s,386,23897859,27904255,,1.0,1.0,1.0,pointworld,pointworld,37,35,37,40,38,40,63,41,63,263,106,263
ILIAD+7ae1bcff+2023-05-30-16h-45m-45s,387,23897859,27904255,,1.0,1.0,0.9043927648578811,pointworld,pointworld,0,0,0,0,0,0,0,0,0,0,0,0
ILIAD+7ae1bcff+2023-05-30-17h-00m-22s,200,23897859,27904255,,1.0,1.0,1.0,pointworld,pointworld,0,0,0,0,0,0,0,0,0,0,0,0
ILIAD+7ae1bcff+2023-05-30-18h-44m-47s,410,23897859,27904255,,1.0,1.0,0.5292682926829269,pointworld,pointworld,0,0,0,0,0,0,0,0,0,0,0,0
ILIAD+7ae1bcff+2023-05-30-18h-48m-16s,372,23897859,27904255,,1.0,1.0,0.11021505376344086,pointworld,pointworld,0,0,0,0,0,0,0,0,0,0,0,0
ILIAD+7ae1bcff+2023-05-30-19h-18m-22s,433,23897859,27904255,,1.0,1.0,1.0,pointworld,pointworld,0,0,0,0,0,0,0,0,0,11,11,11
ILIAD+7ae1bcff+2023-05-30-19h-19m-25s,211,23897859,27904255,,1.0,1.0,1.0,pointworld,pointworld,0,0,0,0,0,0,0,0,0,8,8,8
ILIAD+7ae1bcff+2023-05-30-19h-29m-43s,184,23897859,27904255,,1.0,1.0,1.0,pointworld,pointworld,0,0,0,0,0,0,0,0,0,0,0,0
ILIAD+7ae1bcff+2023-05-30-19h-48m-30s,142,23897859,27904255,,1.0,1.0,1.0,pointworld,pointworld,0,0,0,0,0,0,0,0,0,0,0,0
ILIAD+7ae1bcff+2023-05-31-17h-49m-48s,200,23897859,27904255,,1.0,1.0,0.82,pointworld,pointworld,0,0,0,0,0,0,0,0,0,0,0,0
ILIAD+7ae1bcff+2023-05-31-17h-51m-50s,326,23897859,27904255,,1.0,1.0,1.0,pointworld,pointworld,0,0,0,0,0,0,0,0,0,39,39,0
ILIAD+7ae1bcff+2023-05-31-17h-56m-05s,185,23897859,27904255,,1.0,1.0,0.8810810810810811,pointworld,pointworld,0,0,0,0,0,0,8,8,0,10,10,0
ILIAD+7ae1bcff+2023-05-31-18h-15m-27s,401,23897859,27904255,,1.0,1.0,1.0,pointworld,pointworld,0,0,0,0,0,0,0,0,0,0,0,0
ILIAD+7ae1bcff+2023-05-31-19h-24m-49s,288,23897859,27904255,,1.0,1.0,1.0,pointworld,pointworld,47,47,0,51,51,0,54,54,0,69,69,45
ILIAD+7ae1bcff+2023-06-03-18h-51m-01s,374,23897859,27904255,,1.0,1.0,1.0,pointworld,pointworld,38,38,0,42,42,0,61,61,0,63,63,15
ILIAD+7ae1bcff+2023-06-03-19h-05m-51s,252,23897859,27904255,,1.0,1.0,0.9722222222222222,pointworld,pointworld,0,0,0,0,0,0,64,64,0,84,84,0
ILIAD+7ae1bcff+2023-06-04-18h-46m-27s,458,23897859,27904255,,1.0,1.0,0.9606986899563319,pointworld,pointworld,0,0,0,0,0,0,0,0,0,10,9,10
ILIAD+7ae1bcff+2023-06-04-19h-59m-28s,169,23897859,27904255,,1.0,1.0,1.0,pointworld,pointworld,18,13,18,21,18,21,25,22,25,41,24,41
ILIAD+7ae1bcff+2023-06-04-20h-00m-59s,151,23897859,27904255,,1.0,1.0,1.0,pointworld,pointworld,50,25,50,52,30,52,54,46,54,59,49,59
ILIAD+7ae1bcff+2023-06-04-20h-19m-40s,218,23897859,27904255,,1.0,1.0,1.0,pointworld,pointworld,41,0,41,45,15,45,46,23,46,49,46,49
ILIAD+7ae1bcff+2023-06-04-20h-25m-47s,398,23897859,27904255,,1.0,1.0,0.7675438596491229,pointworld,pointworld,167,0,167,170,0,170,174,34,174,181,38,181
ILIAD+7ae1bcff+2023-06-04-20h-38m-36s,229,23897859,27904255,,1.0,1.0,1.0,pointworld,pointworld,46,11,46,71,17,71,79,20,79,94,41,94
ILIAD+j807b3f8+2023-04-19-16h-49m-15s,960,23897859,27904255,,1.0,1.0,1.0,pointworld,pointworld,25,0,25,30,0,30,35,0,35,45,24,45
ILIAD+j807b3f8+2023-04-19-17h-01m-03s,425,23897859,27904255,,1.0,1.0,1.0,pointworld,pointworld,0,0,0,0,0,0,68,0,68,77,0,77
ILIAD+j807b3f8+2023-04-19-17h-01m-57s,376,23897859,27904255,,1.0,1.0,1.0,pointworld,pointworld,0,0,0,0,0,0,12,0,12,22,0,22
ILIAD+j807b3f8+2023-04-19-17h-10m-49s,370,23897859,27904255,,1.0,1.0,1.0,pointworld,pointworld,0,0,0,56,0,56,60,0,60,66,0,66
ILIAD+j807b3f8+2023-05-11-16h-56m-10s,203,23897859,27904255,,1.0,1.0,0.9244186046511628,pointworld,pointworld,28,28,24,31,31,27,35,35,30,39,39,34
ILIAD+j807b3f8+2023-05-11-17h-34m-39s,328,23897859,27904255,,1.0,1.0,1.0,pointworld,pointworld,0,0,0,0,0,0,12,12,0,16,16,1
ILIAD+j807b3f8+2023-05-11-17h-36m-49s,208,23897859,27904255,,1.0,1.0,1.0,pointworld,pointworld,0,0,0,20,20,0,27,27,19,31,31,23
ILIAD+j807b3f8+2023-05-11-17h-40m-08s,338,23897859,27904255,,1.0,1.0,1.0,pointworld,pointworld,61,61,0,64,64,60,67,67,63,70,70,66
ILIAD+j807b3f8+2023-05-11-17h-55m-19s,215,23897859,27904255,,1.0,1.0,0.9767441860465116,pointworld,pointworld,0,0,0,0,0,0,0,0,0,13,13,0
ILIAD+j807b3f8+2023-05-11-17h-55m-46s,293,23897859,27904255,,1.0,1.0,1.0,pointworld,pointworld,0,0,0,39,39,0,46,46,41,50,50,46
ILIAD+j807b3f8+2023-06-11-14h-56m-46s,360,23897859,27904255,,1.0,1.0,1.0,pointworld,pointworld,0,0,0,0,0,0,0,0,0,0,0,0
ILIAD+j807b3f8+2023-06-11-15h-21m-07s,453,23897859,27904255,,1.0,1.0,0.977924944812362,pointworld,pointworld,0,0,0,0,0,0,0,0,0,0,0,0
ILIAD+j807b3f8+2023-06-11-15h-23m-00s,347,23897859,27904255,,1.0,1.0,1.0,pointworld,pointworld,0,0,0,0,0,0,0,0,0,20,20,0
ILIAD+j807b3f8+2023-06-11-15h-59m-47s,526,23897859,27904255,,1.0,1.0,1.0,pointworld,pointworld,0,0,0,0,0,0,0,0,0,0,0,0
ILIAD+j807b3f8+2023-06-11-16h-15m-56s,292,23897859,27904255,,1.0,1.0,1.0,pointworld,pointworld,0,0,0,0,0,0,0,0,0,0,0,0
ILIAD+j807b3f8+2023-06-11-16h-39m-07s,548,23897859,27904255,,1.0,1.0,1.0,pointworld,pointworld,0,0,0,0,0,0,0,0,0,0,0,0
ILIAD+j807b3f8+2023-06-11-16h-41m-00s,388,23897859,27904255,,1.0,1.0,1.0,pointworld,pointworld,0,0,0,0,0,0,0,0,0,0,0,0
ILIAD+j807b3f8+2023-06-11-17h-19m-09s,426,23897859,27904255,,1.0,1.0,1.0,pointworld,pointworld,0,0,0,0,0,0,0,0,0,0,0,0
ILIAD+j807b3f8+2023-06-11-17h-23m-53s,432,23897859,27904255,,1.0,1.0,1.0,pointworld,pointworld,0,0,0,0,0,0,0,0,0,0,0,0
ILIAD+j807b3f8+2023-06-11-17h-34m-34s,597,23897859,27904255,,1.0,1.0,1.0,pointworld,pointworld,0,0,0,0,0,0,0,0,0,0,0,0
ILIAD+j807b3f8+2023-06-12-18h-31m-10s,340,23897859,27904255,,1.0,1.0,1.0,pointworld,pointworld,0,0,0,0,0,0,45,45,0,54,54,0
ILIAD+j807b3f8+2023-06-12-18h-32m-21s,314,23897859,27904255,,1.0,1.0,1.0,pointworld,pointworld,21,21,0,51,51,0,56,56,0,61,61,0
ILIAD+j807b3f8+2023-06-12-18h-41m-54s,416,23897859,27904255,,1.0,1.0,1.0,pointworld,pointworld,69,69,0,74,74,0,78,78,0,83,83,0
ILIAD+j807b3f8+2023-06-12-18h-44m-46s,548,23897859,27904255,,1.0,1.0,1.0,pointworld,pointworld,0,0,0,16,16,0,21,21,0,28,28,0
ILIAD+j807b3f8+2023-06-12-19h-31m-05s,453,23897859,27904255,,1.0,1.0,1.0,pointworld,pointworld,0,0,0,0,0,0,28,28,0,34,34,25
ILIAD+j807b3f8+2023-06-12-19h-43m-07s,327,23897859,27904255,,1.0,1.0,1.0,pointworld,pointworld,0,0,0,0,0,0,18,18,0,27,27,0
ILIAD+j807b3f8+2023-06-12-19h-43m-41s,291,23897859,27904255,,1.0,1.0,1.0,pointworld,pointworld,36,36,0,39,39,0,42,42,35,57,57,38
ILIAD+j807b3f8+2023-06-12-19h-51m-00s,480,23897859,27904255,,1.0,1.0,1.0,pointworld,pointworld,0,0,0,0,0,0,22,22,0,27,27,0
ILIAD+j807b3f8+2023-06-12-19h-51m-43s,421,23897859,27904255,,1.0,1.0,1.0,pointworld,pointworld,0,0,0,0,0,0,0,0,0,26,26,0
ILIAD+j807b3f8+2023-06-14-16h-26m-20s,149,23897859,27904255,,1.0,1.0,1.0,pointworld,pointworld,0,0,0,0,0,0,0,0,0,0,0,0
ILIAD+j807b3f8+2023-06-15-11h-36m-19s,301,23897859,27904255,,1.0,1.0,1.0,pointworld,pointworld,18,18,0,20,20,0,23,23,0,25,25,18
ILIAD+j807b3f8+2023-06-15-12h-04m-34s,381,23897859,27904255,,1.0,1.0,1.0,pointworld,pointworld,0,0,0,0,0,0,0,0,0,9,0,9
ILIAD+j807b3f8+2023-06-15-12h-12m-32s,274,23897859,27904255,,1.0,1.0,1.0,pointworld,pointworld,16,16,0,17,17,15,20,20,18,26,25,26
ILIAD+j807b3f8+2023-06-15-13h-38m-27s,167,23897859,27904255,,1.0,1.0,1.0,pointworld,pointworld,14,0,14,18,15,18,23,18,23,47,26,47
ILIAD+j807b3f8+2023-06-15-14h-15m-44s,215,23897859,27904255,,1.0,1.0,1.0,pointworld,pointworld,0,0,0,0,0,0,29,0,29,40,21,40
ILIAD+sbd7d2c6+2023-05-07-16h-37m-49s,135,23897859,27904255,,1.0,1.0,1.0,pointworld,pointworld,19,17,19,21,20,21,26,25,26,28,28,28
ILIAD+sbd7d2c6+2023-05-07-16h-54m-37s,643,23897859,27904255,,1.0,1.0,1.0,pointworld,pointworld,0,0,0,10,10,0,13,13,13,15,15,15
ILIAD+sbd7d2c6+2023-05-07-17h-16m-15s,283,23897859,27904255,,1.0,1.0,1.0,pointworld,pointworld,0,0,0,0,0,0,33,33,33,40,40,39
ILIAD+sbd7d2c6+2023-05-07-17h-19m-28s,282,23897859,27904255,,1.0,1.0,1.0,pointworld,pointworld,21,21,0,25,25,24,30,30,30,36,36,35
ILIAD+sbd7d2c6+2023-05-17-17h-46m-49s,293,23897859,27904255,,1.0,1.0,0.3593073593073593,pointworld,pointworld,55,0,55,62,0,62,83,0,83,89,0,89
ILIAD+sbd7d2c6+2023-12-24-15h-51m-25s,277,23897859,27904255,,1.0,1.0,1.0,pointworld,pointworld,19,19,0,22,22,0,26,26,0,47,47,0
ILIAD+sbd7d2c6+2023-12-24-16h-10m-24s,491,23897859,27904255,,1.0,1.0,0.9918533604887984,pointworld,pointworld,0,0,0,0,0,0,0,0,0,131,131,0
ILIAD+sbd7d2c6+2023-12-24-16h-14m-37s,195,23897859,27904255,,1.0,1.0,1.0,pointworld,pointworld,0,0,0,0,0,0,30,0,30,46,22,46
ILIAD+sbd7d2c6+2023-12-24-16h-22m-00s,195,23897859,27904255,,1.0,1.0,1.0,pointworld,pointworld,0,0,0,0,0,0,12,12,0,20,20,15
ILIAD+sbd7d2c6+2023-12-24-16h-23m-03s,206,23897859,27904255,,1.0,1.0,1.0,pointworld,pointworld,54,54,0,60,60,0,81,81,0,87,87,0
ILIAD+sbd7d2c6+2023-12-24-16h-26m-01s,304,23897859,27904255,,1.0,1.0,1.0,pointworld,pointworld,0,0,0,0,0,0,0,0,0,68,68,0
ILIAD+sbd7d2c6+2023-12-24-16h-30m-15s,269,23897859,27904255,,1.0,1.0,1.0,pointworld,pointworld,76,76,0,80,80,0,83,83,0,94,94,81
ILIAD+sbd7d2c6+2023-12-24-16h-44m-15s,175,23897859,27904255,,1.0,1.0,1.0,pointworld,pointworld,0,0,0,0,0,0,10,0,10,26,26,18
ILIAD+sbd7d2c6+2023-12-24-16h-45m-59s,235,23897859,27904255,,1.0,1.0,1.0,pointworld,pointworld,0,0,0,0,0,0,32,0,32,45,45,43
ILIAD+sbd7d2c6+2023-12-24-16h-49m-15s,173,23897859,27904255,,1.0,1.0,1.0,pointworld,pointworld,23,23,0,25,25,0,28,28,0,35,35,30
ILIAD+sbd7d2c6+2023-12-24-17h-00m-39s,314,23897859,27904255,,1.0,1.0,1.0,pointworld,pointworld,26,26,0,37,37,0,52,52,29,61,61,48
ILIAD+sbd7d2c6+2023-12-24-17h-02m-47s,188,23897859,27904255,,1.0,1.0,1.0,pointworld,pointworld,0,0,0,0,0,0,12,0,12,20,0,20
ILIAD+sbd7d2c6+2023-12-24-17h-09m-08s,278,23897859,27904255,,1.0,1.0,1.0,pointworld,pointworld,0,0,0,0,0,0,0,0,0,8,8,0
ILIAD+sbd7d2c6+2023-12-24-17h-10m-15s,201,23897859,27904255,,1.0,1.0,1.0,pointworld,pointworld,0,0,0,0,0,0,0,0,0,0,0,0
ILIAD+sbd7d2c6+2023-12-24-17h-13m-11s,282,23897859,27904255,,1.0,1.0,0.9893617021276596,pointworld,pointworld,0,0,0,0,0,0,29,9,29,45,20,45
ILIAD+sbd7d2c6+2023-12-24-17h-27m-48s,210,23897859,27904255,,1.0,1.0,1.0,pointworld,pointworld,23,23,0,25,25,0,27,27,0,33,33,22
ILIAD+sbd7d2c6+2023-12-24-17h-31m-41s,390,23897859,27904255,,1.0,1.0,1.0,pointworld,pointworld,0,0,0,0,0,0,0,0,0,95,95,0
ILIAD+sbd7d2c6+2023-12-24-17h-39m-22s,138,23897859,27904255,,1.0,1.0,1.0,pointworld,pointworld,0,0,0,0,0,0,0,0,0,11,11,0
ILIAD+sbd7d2c6+2023-12-24-18h-00m-38s,462,23897859,27904255,,1.0,1.0,1.0,pointworld,pointworld,0,0,0,0,0,0,45,45,0,51,51,46
ILIAD+sbd7d2c6+2023-12-24-18h-08m-03s,180,23897859,27904255,,1.0,1.0,1.0,pointworld,pointworld,39,39,0,43,43,0,49,49,19,86,86,39
ILIAD+sbd7d2c6+2023-12-24-18h-12m-29s,188,23897859,27904255,,1.0,1.0,1.0,pointworld,pointworld,0,0,0,33,33,0,38,36,38,52,39,52
ILIAD+sbd7d2c6+2023-12-24-18h-21m-27s,156,23897859,27904255,,1.0,1.0,1.0,pointworld,pointworld,0,0,0,0,0,0,0,0,0,16,14,16
ILIAD+sbd7d2c6+2023-12-24-18h-23m-07s,179,23897859,27904255,,1.0,1.0,1.0,pointworld,pointworld,0,0,0,23,0,23,41,27,41,48,48,45
ILIAD+sbd7d2c6+2023-12-24-18h-35m-37s,254,23897859,27904255,,1.0,1.0,1.0,pointworld,pointworld,0,0,0,0,0,0,0,0,0,84,62,84
ILIAD+sbd7d2c6+2023-12-24-18h-39m-11s,163,23897859,27904255,,1.0,1.0,1.0,pointworld,pointworld,0,0,0,0,0,0,14,13,14,17,16,17
ILIAD+sbd7d2c6+2023-12-24-18h-44m-03s,188,23897859,27904255,,1.0,1.0,1.0,pointworld,pointworld,0,0,0,0,0,0,36,0,36,42,0,42
ILIAD+sbd7d2c6+2023-12-24-18h-50m-23s,599,23897859,27904255,,1.0,1.0,1.0,pointworld,pointworld,0,0,0,0,0,0,102,102,0,108,108,0
ILIAD+sbd7d2c6+2023-12-24-19h-01m-05s,168,23897859,27904255,,1.0,1.0,1.0,pointworld,pointworld,21,21,0,40,24,0,46,30,46,50,45,50
ILIAD+sbd7d2c6+2023-12-24-19h-02m-07s,156,23897859,27904255,,1.0,1.0,1.0,pointworld,pointworld,0,0,0,0,0,0,0,0,0,25,7,25
ILIAD+sbd7d2c6+2023-12-24-19h-02m-55s,370,23897859,27904255,,1.0,1.0,1.0,pointworld,pointworld,0,0,0,74,0,74,103,53,103,106,78,106
ILIAD+sbd7d2c6+2023-12-24-19h-04m-45s,174,23897859,27904255,,1.0,1.0,1.0,pointworld,pointworld,30,30,0,33,33,0,38,38,0,52,52,33
IPRL+2fe9715d+2023-08-21-12h-14m-59s,438,25916956,27432424,,1.0,1.0,1.0,pointworld,pointworld,0,0,0,0,0,0,0,0,0,24,10,24
IPRL+2fe9715d+2023-08-21-16h-52m-39s,355,25916956,27432424,,1.0,1.0,1.0,pointworld,pointworld,0,0,0,0,0,0,47,0,47,100,29,100
IPRL+2fe9715d+2023-08-21-17h-35m-33s,348,25916956,27432424,,1.0,1.0,0.9166666666666666,pointworld,pointworld,0,0,0,0,0,0,78,0,78,89,0,89
IPRL+2fe9715d+2023-08-21-17h-37m-07s,339,25916956,27432424,,1.0,1.0,1.0,pointworld,pointworld,0,0,0,35,0,35,39,29,39,44,34,44
IPRL+2fe9715d+2023-08-21-18h-28m-50s,344,25916956,27432424,,1.0,1.0,1.0,pointworld,pointworld,0,0,0,0,0,0,24,0,24,44,0,44
IPRL+2fe9715d+2023-08-21-20h-57m-38s,256,25916956,27432424,,1.0,1.0,1.0,pointworld,pointworld,40,0,40,43,0,43,48,0,48,60,0,60
IPRL+2fe9715d+2023-08-21-21h-03m-17s,597,25916956,27432424,,1.0,1.0,1.0,pointworld,pointworld,0,0,0,20,0,20,37,0,37,45,0,45
IPRL+2fe9715d+2023-08-21-21h-08m-47s,576,25916956,27432424,,1.0,1.0,1.0,pointworld,pointworld,0,0,0,0,0,0,0,0,0,8,0,8
IPRL+2fe9715d+2023-08-21-21h-17m-46s,428,25916956,27432424,,1.0,1.0,1.0,pointworld,pointworld,0,0,0,0,0,0,0,0,0,12,0,12
IPRL+2fe9715d+2023-08-21-21h-42m-31s,370,25916956,27432424,,1.0,1.0,0.9375,pointworld,pointworld,15,0,15,18,0,18,21,0,21,47,0,47
IPRL+2fe9715d+2023-08-21-21h-49m-09s,376,25916956,27432424,,1.0,1.0,1.0,pointworld,pointworld,17,0,17,20,0,20,29,0,29,32,0,32
IPRL+2fe9715d+2023-08-21-22h-20m-24s,255,25916956,27432424,,1.0,1.0,1.0,pointworld,pointworld,0,0,0,20,0,20,42,0,42,67,0,67
IPRL+2fe9715d+2023-08-21-22h-54m-01s,234,25916956,27432424,,1.0,1.0,0.7873303167420814,pointworld,pointworld,0,0,0,13,0,13,19,0,19,27,0,27
IPRL+2fe9715d+2023-08-21-23h-10m-12s,311,25916956,27432424,,1.0,1.0,1.0,pointworld,pointworld,47,0,47,53,0,53,58,0,58,65,0,65
IPRL+2fe9715d+2023-08-21-23h-41m-44s,246,25916956,27432424,,1.0,1.0,0.983739837398374,pointworld,pointworld,0,0,0,0,0,0,0,0,0,16,0,16
IPRL+2fe9715d+2023-08-22-00h-02m-59s,342,25916956,27432424,,1.0,1.0,1.0,pointworld,pointworld,14,0,14,16,0,16,18,0,18,22,0,22
IPRL+2fe9715d+2023-08-22-00h-08m-29s,228,25916956,27432424,,1.0,1.0,0.6527777777777778,pointworld,pointworld,11,0,11,12,0,12,14,0,14,16,0,16
IPRL+2fe9715d+2023-08-22-11h-46m-59s,221,25916956,27432424,,0.9259259259259259,1.0,0.40271493212669685,pointworld,pointworld,0,0,0,0,0,0,0,0,0,-1,-1,0
IPRL+2fe9715d+2023-08-22-12h-37m-25s,125,25916956,27432424,,1.0,1.0,0.816,pointworld,pointworld,0,0,0,0,0,0,0,0,0,0,0,0
IPRL+2fe9715d+2023-08-22-20h-50m-51s,241,25916956,27432424,,1.0,1.0,0.991701244813278,pointworld,pointworld,0,0,0,0,0,0,21,21,0,27,27,0
IPRL+2fe9715d+2023-08-22-21h-22m-00s,674,25916956,27432424,,1.0,1.0,0.9821958456973294,pointworld,pointworld,0,0,0,0,0,0,12,12,0,18,18,0
IPRL+2fe9715d+2023-08-22-21h-23m-29s,399,25916956,27432424,,1.0,1.0,0.8871391076115486,pointworld,pointworld,10,10,0,18,18,0,21,21,0,24,24,0
IPRL+2fe9715d+2023-08-22-21h-51m-34s,209,25916956,27432424,,1.0,1.0,0.4784688995215311,pointworld,pointworld,0,0,0,0,0,0,0,0,0,0,0,0
IPRL+2fe9715d+2023-08-22-23h-36m-17s,323,25916956,27432424,,1.0,1.0,0.18587360594795538,pointworld,pointworld,52,52,0,54,54,0,57,57,0,67,67,0
IPRL+2fe9715d+2023-08-23-12h-16m-57s,157,25916956,27432424,,1.0,1.0,1.0,pointworld,pointworld,0,0,0,0,0,0,0,0,0,0,0,0
IPRL+2fe9715d+2023-08-23-12h-35m-46s,330,25916956,27432424,,1.0,1.0,1.0,pointworld,pointworld,0,0,0,0,0,0,15,0,15,21,0,21
IPRL+2fe9715d+2023-08-23-12h-40m-07s,421,25916956,27432424,,1.0,1.0,1.0,pointworld,pointworld,0,0,0,0,0,0,0,0,0,0,0,0
IPRL+2fe9715d+2023-08-24-12h-34m-31s,307,25916956,27432424,,1.0,1.0,0.8892508143322475,pointworld,pointworld,0,0,0,0,0,0,9,0,9,11,0,11
IPRL+2fe9715d+2023-08-24-12h-39m-35s,265,25916956,27432424,,1.0,1.0,1.0,pointworld,pointworld,0,0,0,0,0,0,0,0,0,0,0,0
IPRL+2fe9715d+2023-08-24-13h-21m-32s,521,25916956,27432424,,1.0,1.0,0.9500959692898272,pointworld,pointworld,0,0,0,0,0,0,0,0,0,0,0,0
IPRL+2fe9715d+2023-08-24-18h-43m-40s,528,25916956,27432424,,1.0,1.0,1.0,pointworld,pointworld,0,0,0,0,0,0,0,0,0,0,0,0
IPRL+2fe9715d+2023-08-24-19h-11m-15s,358,25916956,27432424,,1.0,1.0,1.0,pointworld,pointworld,0,0,0,0,0,0,0,0,0,10,10,0
IPRL+2fe9715d+2023-08-24-20h-29m-28s,410,25916956,27432424,,1.0,1.0,0.7926829268292683,pointworld,pointworld,0,0,0,0,0,0,0,0,0,0,0,0
IPRL+2fe9715d+2023-08-24-21h-29m-53s,401,25916956,27432424,,1.0,1.0,0.2344139650872818,pointworld,pointworld,0,0,0,0,0,0,0,0,0,0,0,0
IPRL+2fe9715d+2023-08-24-21h-40m-58s,183,25916956,27432424,,1.0,1.0,0.8415300546448088,pointworld,pointworld,0,0,0,0,0,0,0,0,0,0,0,0
IPRL+2fe9715d+2023-08-24-22h-10m-30s,400,25916956,27432424,,1.0,1.0,1.0,pointworld,pointworld,0,0,0,0,0,0,0,0,0,0,0,0
IPRL+2fe9715d+2023-08-24-22h-11m-19s,152,25916956,27432424,,1.0,1.0,1.0,pointworld,pointworld,0,0,0,0,0,0,0,0,0,0,0,0
IPRL+2fe9715d+2023-08-24-22h-24m-04s,222,25916956,27432424,,1.0,1.0,1.0,pointworld,pointworld,0,0,0,0,0,0,0,0,0,0,0,0
IPRL+2fe9715d+2023-08-24-22h-31m-35s,172,25916956,27432424,,1.0,1.0,1.0,pointworld,pointworld,0,0,0,0,0,0,0,0,0,0,0,0
IPRL+2fe9715d+2023-08-24-22h-40m-55s,300,25916956,27432424,,1.0,1.0,1.0,pointworld,pointworld,0,0,0,0,0,0,0,0,0,0,0,0
IPRL+2fe9715d+2023-08-24-22h-57m-47s,522,25916956,27432424,,1.0,1.0,1.0,pointworld,pointworld,0,0,0,0,0,0,6,0,6,8,0,8
IPRL+2fe9715d+2023-08-25-14h-15m-17s,282,25916956,27432424,,1.0,1.0,0.6595744680851063,pointworld,pointworld,0,0,0,0,0,0,0,0,0,0,0,0
IPRL+2fe9715d+2023-08-25-14h-24m-22s,337,25916956,27432424,,1.0,1.0,0.2522255192878338,pointworld,pointworld,0,0,0,0,0,0,0,0,0,0,0,0
IPRL+2fe9715d+2023-08-25-14h-34m-17s,148,25916956,27432424,,1.0,1.0,1.0,pointworld,pointworld,0,0,0,0,0,0,0,0,0,13,0,13
IPRL+2fe9715d+2023-08-25-15h-47m-53s,216,25916956,27432424,,1.0,1.0,0.9259259259259259,pointworld,pointworld,0,0,0,0,0,0,0,0,0,0,0,0
IPRL+2fe9715d+2023-08-25-15h-57m-51s,211,25916956,27432424,,1.0,1.0,1.0,pointworld,pointworld,0,0,0,0,0,0,0,0,0,0,0,0
IPRL+2fe9715d+2023-08-25-16h-03m-40s,526,25916956,27432424,,1.0,1.0,1.0,pointworld,pointworld,0,0,0,0,0,0,8,0,8,10,0,10
IPRL+2fe9715d+2023-08-25-16h-07m-12s,170,25916956,27432424,,1.0,1.0,1.0,pointworld,pointworld,0,0,0,0,0,0,13,0,13,17,12,17
IPRL+41a1536a+2023-10-26-23h-37m-56s,710,27432424,28221883,,1.0,1.0,1.0,pointworld,pointworld,0,0,0,0,0,0,0,0,0,65,65,0
IPRL+41a1536a+2023-10-30-18h-34m-52s,300,27432424,28221883,,1.0,1.0,1.0,pointworld,pointworld,0,0,0,0,0,0,0,0,0,0,0,0
IPRL+41a1536a+2023-10-30-18h-39m-58s,287,27432424,28221883,,1.0,1.0,1.0,pointworld,pointworld,0,0,0,0,0,0,0,0,0,0,0,0
IPRL+41a1536a+2023-10-30-18h-46m-09s,485,27432424,28221883,,1.0,1.0,1.0,pointworld,pointworld,0,0,0,0,0,0,0,0,0,0,0,0
IPRL+41a1536a+2023-11-01-22h-11m-26s,344,27432424,28221883,,1.0,1.0,1.0,pointworld,pointworld,0,0,0,0,0,0,0,0,0,0,0,0
IPRL+41a1536a+2023-11-02-17h-07m-34s,313,27432424,28221883,,0.8333333333333334,1.0,0.05750798722044728,pointworld,pointworld,0,0,0,0,0,0,0,0,0,-1,-1,0
IPRL+41a1536a+2023-11-02-17h-11m-31s,244,27432424,28221883,,1.0,1.0,0.15163934426229508,pointworld,pointworld,0,0,0,0,0,0,0,0,0,0,0,0
IPRL+41a1536a+2023-11-02-21h-12m-49s,263,27432424,28221883,,1.0,1.0,1.0,pointworld,pointworld,0,0,0,0,0,0,0,0,0,0,0,0
IPRL+41a1536a+2023-11-02-21h-14m-21s,240,27432424,28221883,,1.0,1.0,1.0,pointworld,pointworld,0,0,0,11,11,0,15,15,0,24,24,0
IPRL+41a1536a+2023-11-02-21h-19m-04s,214,27432424,28221883,,1.0,1.0,1.0,pointworld,pointworld,0,0,0,0,0,0,0,0,0,0,0,0
IPRL+41a1536a+2023-11-02-21h-24m-01s,208,27432424,28221883,,1.0,1.0,1.0,pointworld,pointworld,0,0,0,0,0,0,0,0,0,0,0,0
IPRL+41a1536a+2023-11-02-21h-24m-25s,543,27432424,28221883,,1.0,1.0,1.0,pointworld,pointworld,0,0,0,0,0,0,13,13,0,18,18,0
IPRL+41a1536a+2023-11-02-21h-38m-00s,283,27432424,28221883,,1.0,1.0,1.0,pointworld,pointworld,0,0,0,0,0,0,0,0,0,0,0,0
IPRL+41a1536a+2023-11-02-22h-09m-31s,393,27432424,28221883,,1.0,1.0,1.0,pointworld,pointworld,0,0,0,0,0,0,0,0,0,0,0,0
IPRL+41a1536a+2023-11-02-22h-40m-19s,210,27432424,28221883,,1.0,1.0,1.0,pointworld,pointworld,0,0,0,0,0,0,0,0,0,0,0,0
IPRL+41a1536a+2023-11-08-23h-17m-09s,541,27432424,28221883,,1.0,1.0,0.9870609981515711,pointworld,pointworld,0,0,0,0,0,0,0,0,0,0,0,0
IPRL+41a1536a+2023-11-08-23h-18m-54s,883,27432424,28221883,,1.0,1.0,1.0,pointworld,pointworld,0,0,0,0,0,0,0,0,0,0,0,0
IPRL+41a1536a+2023-11-08-23h-26m-23s,296,27432424,28221883,,1.0,1.0,1.0,pointworld,pointworld,0,0,0,0,0,0,0,0,0,0,0,0
IPRL+41a1536a+2023-11-08-23h-27m-01s,245,27432424,28221883,,1.0,1.0,1.0,pointworld,pointworld,0,0,0,0,0,0,0,0,0,0,0,0
IPRL+41a1536a+2023-11-08-23h-33m-16s,408,27432424,28221883,,1.0,1.0,0.49754901960784315,pointworld,pointworld,0,0,0,0,0,0,0,0,0,0,0,0
IPRL+41a1536a+2023-11-08-23h-40m-44s,431,27432424,28221883,,1.0,1.0,1.0,pointworld,pointworld,0,0,0,0,0,0,0,0,0,0,0,0
IPRL+41a1536a+2023-11-09-16h-55m-17s,403,27432424,28221883,,1.0,1.0,0.8387096774193549,pointworld,pointworld,0,0,0,0,0,0,0,0,0,10,10,0
IPRL+41a1536a+2023-11-09-17h-27m-17s,255,27432424,28221883,,1.0,1.0,0.9490196078431372,pointworld,pointworld,0,0,0,0,0,0,0,0,0,0,0,0
IPRL+41a1536a+2023-11-09-17h-36m-16s,230,27432424,28221883,,1.0,1.0,0.782608695652174,pointworld,pointworld,0,0,0,0,0,0,0,0,0,0,0,0
IPRL+41a1536a+2023-11-09-18h-11m-36s,371,27432424,28221883,,1.0,1.0,0.9622641509433962,pointworld,pointworld,0,0,0,0,0,0,0,0,0,0,0,0
IPRL+41a1536a+2023-11-09-18h-16m-50s,504,27432424,28221883,,1.0,1.0,1.0,pointworld,pointworld,0,0,0,0,0,0,0,0,0,0,0,0
IPRL+41a1536a+2023-11-09-18h-27m-17s,531,27432424,28221883,,1.0,1.0,0.7928436911487758,pointworld,pointworld,0,0,0,0,0,0,0,0,0,0,0,0
IPRL+41a1536a+2023-11-13-23h-59m-55s,491,27432424,28221883,,1.0,1.0,0.8757637474541752,pointworld,pointworld,0,0,0,0,0,0,0,0,0,0,0,0
IPRL+41a1536a+2023-11-14-00h-06m-08s,581,27432424,28221883,,1.0,1.0,0.955249569707401,pointworld,pointworld,0,0,0,0,0,0,0,0,0,0,0,0
IPRL+41a1536a+2023-11-14-00h-10m-21s,349,27432424,28221883,,1.0,1.0,1.0,pointworld,pointworld,0,0,0,0,0,0,0,0,0,0,0,0
IPRL+41a1536a+2023-11-14-00h-27m-13s,230,27432424,28221883,,1.0,1.0,1.0,pointworld,pointworld,0,0,0,0,0,0,0,0,0,0,0,0
IPRL+41a1536a+2023-11-14-00h-30m-20s,374,27432424,28221883,,1.0,1.0,1.0,pointworld,pointworld,0,0,0,0,0,0,0,0,0,0,0,0
IPRL+41a1536a+2023-11-14-13h-59m-53s,195,27432424,28221883,,1.0,1.0,1.0,pointworld,pointworld,0,0,0,0,0,0,0,0,0,0,0,0
IPRL+41a1536a+2023-11-14-14h-00m-59s,484,27432424,28221883,,1.0,1.0,1.0,pointworld,pointworld,0,0,0,0,0,0,0,0,0,0,0,0
IPRL+41a1536a+2023-11-14-15h-08m-37s,232,27432424,28221883,,1.0,1.0,1.0,pointworld,pointworld,0,0,0,0,0,0,0,0,0,0,0,0
IPRL+41a1536a+2023-11-14-15h-15m-27s,189,27432424,28221883,,1.0,1.0,1.0,pointworld,pointworld,0,0,0,0,0,0,0,0,0,10,10,0
IPRL+5085c3ce+2023-10-08-14h-00m-12s,217,27432424,28221883,,1.0,1.0,0.9032258064516129,pointworld,pointworld,0,0,0,0,0,0,0,0,0,0,0,0
IPRL+5085c3ce+2023-10-11-01h-33m-03s,308,27432424,28221883,,1.0,1.0,1.0,pointworld,pointworld,0,0,0,0,0,0,0,0,0,0,0,0
IPRL+5085c3ce+2023-10-11-02h-10m-59s,248,27432424,28221883,,1.0,1.0,1.0,pointworld,pointworld,0,0,0,0,0,0,0,0,0,0,0,0
IPRL+5085c3ce+2023-10-11-02h-12m-15s,240,27432424,28221883,,1.0,1.0,1.0,pointworld,pointworld,0,0,0,0,0,0,0,0,0,0,0,0
IPRL+5085c3ce+2023-10-11-03h-19m-46s,341,27432424,28221883,,1.0,1.0,1.0,pointworld,pointworld,0,0,0,0,0,0,0,0,0,0,0,0
IPRL+5085c3ce+2023-10-11-22h-38m-54s,179,27432424,28221883,,1.0,1.0,0.888268156424581,pointworld,pointworld,0,0,0,0,0,0,0,0,0,0,0,0
IPRL+5085c3ce+2023-10-11-23h-13m-48s,409,27432424,28221883,,1.0,1.0,1.0,pointworld,pointworld,0,0,0,0,0,0,0,0,0,0,0,0
IPRL+5085c3ce+2023-10-11-23h-19m-58s,494,27432424,28221883,,1.0,1.0,1.0,pointworld,pointworld,0,0,0,0,0,0,0,0,0,0,0,0
IPRL+5085c3ce+2023-10-11-23h-27m-23s,289,27432424,28221883,,1.0,1.0,0.698961937716263,pointworld,pointworld,0,0,0,0,0,0,0,0,0,0,0,0
IPRL+5085c3ce+2023-10-11-23h-34m-56s,373,27432424,28221883,,1.0,1.0,1.0,pointworld,pointworld,0,0,0,0,0,0,0,0,0,0,0,0
IPRL+5085c3ce+2023-10-11-23h-39m-37s,251,27432424,28221883,,1.0,1.0,1.0,pointworld,pointworld,0,0,0,0,0,0,0,0,0,0,0,0
IPRL+5085c3ce+2023-10-11-23h-53m-08s,165,27432424,28221883,,1.0,1.0,1.0,pointworld,pointworld,0,0,0,0,0,0,0,0,0,0,0,0
IPRL+5085c3ce+2023-10-11-23h-53m-50s,238,27432424,28221883,,1.0,1.0,0.4369747899159664,pointworld,pointworld,0,0,0,0,0,0,0,0,0,0,0,0
IPRL+5085c3ce+2023-10-12-01h-25m-40s,698,27432424,28221883,,1.0,1.0,0.7922636103151862,pointworld,pointworld,0,0,0,0,0,0,0,0,0,0,0,0
IPRL+5085c3ce+2023-10-12-23h-26m-03s,181,27432424,28221883,,1.0,1.0,1.0,pointworld,pointworld,0,0,0,0,0,0,0,0,0,0,0,0
IPRL+5085c3ce+2023-10-13-13h-38m-14s,354,27432424,28221883,,1.0,1.0,1.0,pointworld,pointworld,0,0,0,0,0,0,0,0,0,0,0,0
IPRL+5085c3ce+2023-10-13-22h-08m-30s,1045,27432424,28221883,,1.0,1.0,1.0,pointworld,pointworld,0,0,0,0,0,0,0,0,0,0,0,0
IPRL+5085c3ce+2023-10-14-21h-06m-37s,355,27432424,28221883,,1.0,1.0,0.6676056338028169,pointworld,pointworld,0,0,0,0,0,0,0,0,0,0,0,0
IPRL+5085c3ce+2023-10-14-21h-22m-06s,241,27432424,28221883,,1.0,1.0,0.970954356846473,pointworld,pointworld,0,0,0,0,0,0,0,0,0,0,0,0
IPRL+5085c3ce+2023-10-14-21h-33m-59s,238,27432424,28221883,,1.0,1.0,0.8277310924369747,pointworld,pointworld,0,0,0,0,0,0,0,0,0,0,0,0
IPRL+5085c3ce+2023-10-14-22h-05m-10s,1156,27432424,28221883,,1.0,1.0,1.0,pointworld,pointworld,0,0,0,0,0,0,0,0,0,0,0,0
IPRL+5085c3ce+2023-10-14-22h-56m-25s,349,27432424,28221883,,1.0,1.0,0.7908309455587392,pointworld,pointworld,0,0,0,0,0,0,0,0,0,0,0,0
IPRL+5085c3ce+2023-10-16-20h-07m-32s,482,27432424,28221883,,1.0,1.0,1.0,pointworld,pointworld,0,0,0,0,0,0,0,0,0,0,0,0
IPRL+5085c3ce+2023-10-16-20h-20m-19s,214,27432424,28221883,,1.0,1.0,1.0,pointworld,pointworld,0,0,0,0,0,0,0,0,0,0,0,0
IPRL+5085c3ce+2023-10-16-20h-55m-58s,127,27432424,28221883,,1.0,1.0,0.4881889763779528,pointworld,pointworld,0,0,0,0,0,0,0,0,0,0,0,0
IPRL+5085c3ce+2023-10-17-21h-14m-05s,650,27432424,28221883,,1.0,1.0,0.8892307692307693,pointworld,pointworld,0,0,0,0,0,0,0,0,0,0,0,0
IPRL+5085c3ce+2023-10-17-21h-31m-47s,673,27432424,28221883,,1.0,1.0,1.0,pointworld,pointworld,0,0,0,0,0,0,0,0,0,39,0,39
IPRL+5085c3ce+2023-10-17-21h-35m-33s,470,27432424,28221883,,1.0,1.0,1.0,pointworld,pointworld,0,0,0,0,0,0,0,0,0,0,0,0
IPRL+5085c3ce+2023-10-17-21h-41m-05s,431,27432424,28221883,,1.0,1.0,1.0,pointworld,pointworld,0,0,0,0,0,0,0,0,0,0,0,0
IPRL+5085c3ce+2023-10-17-22h-31m-22s,896,27432424,28221883,,1.0,1.0,1.0,pointworld,pointworld,0,0,0,0,0,0,0,0,0,0,0,0
IPRL+5085c3ce+2023-10-17-22h-45m-23s,863,27432424,28221883,,1.0,1.0,1.0,pointworld,pointworld,0,0,0,0,0,0,0,0,0,0,0,0
IPRL+5085c3ce+2023-10-18-21h-12m-27s,170,27432424,28221883,,1.0,1.0,1.0,pointworld,pointworld,0,0,0,0,0,0,0,0,0,0,0,0
IPRL+5085c3ce+2023-10-19-21h-43m-00s,1165,27432424,28221883,,1.0,1.0,0.9124463519313305,pointworld,pointworld,0,0,0,0,0,0,0,0,0,0,0,0
IPRL+5085c3ce+2023-10-19-23h-00m-22s,422,27432424,28221883,,1.0,1.0,0.9170616113744076,pointworld,pointworld,0,0,0,0,0,0,0,0,0,0,0,0
IPRL+5085c3ce+2023-10-19-23h-03m-38s,254,27432424,28221883,,1.0,1.0,0.9330708661417323,pointworld,pointworld,0,0,0,0,0,0,0,0,0,0,0,0
IPRL+5085c3ce+2023-10-19-23h-12m-40s,307,27432424,28221883,,1.0,1.0,0.9771986970684039,pointworld,pointworld,0,0,0,0,0,0,0,0,0,0,0,0
IPRL+5085c3ce+2023-10-19-23h-13m-08s,190,27432424,28221883,,1.0,1.0,1.0,pointworld,pointworld,0,0,0,0,0,0,0,0,0,0,0,0
IPRL+5085c3ce+2023-10-19-23h-49m-40s,423,27432424,28221883,,1.0,1.0,1.0,pointworld,pointworld,0,0,0,0,0,0,0,0,0,21,21,0
IPRL+5085c3ce+2023-10-19-23h-51m-11s,270,27432424,28221883,,1.0,1.0,1.0,pointworld,pointworld,0,0,0,0,0,0,0,0,0,0,0,0
IPRL+5085c3ce+2023-10-21-14h-31m-29s,477,27432424,28221883,,1.0,1.0,0.9748427672955975,pointworld,pointworld,0,0,0,0,0,0,0,0,0,0,0,0
IPRL+5085c3ce+2023-10-21-15h-10m-49s,218,27432424,28221883,,1.0,1.0,0.8715596330275229,pointworld,pointworld,0,0,0,0,0,0,0,0,0,0,0,0
IPRL+5085c3ce+2023-10-21-15h-36m-30s,246,27432424,28221883,,1.0,1.0,0.5934959349593496,pointworld,pointworld,0,0,0,0,0,0,0,0,0,0,0,0
IPRL+5085c3ce+2023-10-21-17h-45m-44s,198,27432424,28221883,,1.0,1.0,0.8787878787878788,pointworld,pointworld,0,0,0,0,0,0,0,0,0,0,0,0
IPRL+5085c3ce+2023-10-21-19h-22m-59s,243,27432424,28221883,,1.0,1.0,0.8148148148148148,pointworld,pointworld,0,0,0,0,0,0,0,0,0,0,0,0
IPRL+5085c3ce+2023-10-21-19h-25m-45s,280,27432424,28221883,,1.0,1.0,1.0,pointworld,pointworld,0,0,0,0,0,0,0,0,0,0,0,0
IPRL+5085c3ce+2023-10-21-19h-29m-24s,198,27432424,28221883,,1.0,1.0,0.8838383838383839,pointworld,pointworld,0,0,0,0,0,0,0,0,0,0,0,0
IPRL+5085c3ce+2023-10-21-19h-46m-56s,202,27432424,28221883,,1.0,1.0,0.8910891089108911,pointworld,pointworld,0,0,0,0,0,0,0,0,0,0,0,0
IPRL+5085c3ce+2023-10-21-19h-47m-18s,192,27432424,28221883,,1.0,1.0,0.53125,pointworld,pointworld,0,0,0,0,0,0,0,0,0,0,0,0
IPRL+5085c3ce+2023-10-21-21h-34m-36s,341,27432424,28221883,,1.0,1.0,0.7008797653958945,pointworld,pointworld,0,0,0,0,0,0,0,0,0,0,0,0
IPRL+5085c3ce+2023-10-22-00h-46m-49s,254,27432424,28221883,,1.0,1.0,1.0,pointworld,pointworld,0,0,0,0,0,0,0,0,0,0,0,0
IPRL+5085c3ce+2023-10-22-00h-59m-27s,241,27432424,28221883,,1.0,1.0,1.0,pointworld,pointworld,0,0,0,0,0,0,0,0,0,0,0,0
IPRL+5085c3ce+2023-10-22-10h-47m-48s,668,27432424,28221883,,1.0,1.0,1.0,pointworld,pointworld,0,0,0,0,0,0,0,0,0,0,0,0
IPRL+5085c3ce+2023-10-22-13h-50m-44s,134,27432424,28221883,,1.0,1.0,1.0,pointworld,pointworld,0,0,0,0,0,0,0,0,0,0,0,0
IPRL+5085c3ce+2023-10-22-14h-49m-04s,309,27432424,28221883,,1.0,1.0,1.0,pointworld,pointworld,0,0,0,0,0,0,0,0,0,0,0,0
IPRL+5085c3ce+2023-10-22-14h-52m-00s,1052,27432424,28221883,,1.0,1.0,0.9600760456273765,pointworld,pointworld,0,0,0,0,0,0,0,0,0,0,0,0
IPRL+5085c3ce+2023-10-22-15h-00m-46s,346,27432424,28221883,,1.0,1.0,1.0,pointworld,pointworld,0,0,0,0,0,0,0,0,0,0,0,0
IPRL+7790ec0a+2023-03-31-16h-23m-48s,318,21582473,28221883,,1.0,1.0,1.0,pointworld,pointworld,0,0,0,163,108,163,195,147,195,250,165,250
IPRL+7790ec0a+2023-04-19-17h-59m-17s,529,21582473,28221883,,1.0,1.0,1.0,pointworld,pointworld,0,0,0,0,0,0,0,0,0,0,0,0
IPRL+7790ec0a+2023-04-19-19h-02m-15s,202,21582473,28221883,,1.0,1.0,1.0,pointworld,pointworld,0,0,0,0,0,0,0,0,0,22,18,22
IPRL+7790ec0a+2023-04-21-20h-44m-25s,243,21582473,28221883,,1.0,1.0,1.0,pointworld,pointworld,0,0,0,0,0,0,17,17,0,23,23,0
IPRL+7790ec0a+2023-04-21-20h-48m-06s,243,21582473,28221883,,1.0,1.0,1.0,pointworld,pointworld,0,0,0,0,0,0,21,21,0,27,27,16
IPRL+7790ec0a+2023-04-21-21h-38m-56s,249,21582473,28221883,,1.0,1.0,1.0,pointworld,pointworld,0,0,0,0,0,0,18,18,0,22,22,0
IPRL+7790ec0a+2023-04-21-21h-50m-00s,185,21582473,28221883,,1.0,1.0,1.0,pointworld,pointworld,0,0,0,0,0,0,0,0,0,0,0,0
IPRL+7790ec0a+2023-04-21-21h-55m-26s,117,21582473,28221883,,1.0,1.0,1.0,pointworld,pointworld,0,0,0,0,0,0,0,0,0,0,0,0
IPRL+7790ec0a+2023-04-21-21h-55m-44s,156,21582473,28221883,,1.0,1.0,1.0,pointworld,pointworld,0,0,0,0,0,0,0,0,0,0,0,0
IPRL+7790ec0a+2023-04-21-21h-58m-01s,152,21582473,28221883,,1.0,1.0,1.0,pointworld,pointworld,0,0,0,0,0,0,0,0,0,0,0,0
IPRL+7790ec0a+2023-04-24-16h-33m-55s,156,21582473,28221883,,1.0,1.0,0.9743589743589743,pointworld,pointworld,0,0,0,0,0,0,0,0,0,0,0,0
IPRL+7790ec0a+2023-04-24-16h-36m-17s,186,21582473,28221883,,1.0,1.0,1.0,pointworld,pointworld,0,0,0,0,0,0,29,29,0,46,46,0
IPRL+7790ec0a+2023-04-24-16h-41m-38s,205,21582473,28221883,,1.0,1.0,1.0,pointworld,pointworld,0,0,0,17,17,0,27,27,0,35,35,14
IPRL+7790ec0a+2023-04-24-16h-58m-11s,252,21582473,28221883,,1.0,1.0,1.0,pointworld,pointworld,0,0,0,0,0,0,0,0,0,0,0,0
IPRL+7790ec0a+2023-04-24-16h-58m-51s,243,21582473,28221883,,1.0,1.0,1.0,pointworld,pointworld,0,0,0,0,0,0,0,0,0,0,0,0
IPRL+7790ec0a+2023-04-24-17h-00m-49s,167,21582473,28221883,,1.0,1.0,1.0,pointworld,pointworld,0,0,0,0,0,0,0,0,0,0,0,0
IPRL+7790ec0a+2023-04-30-18h-17m-27s,240,21582473,28221883,,1.0,1.0,1.0,pointworld,pointworld,0,0,0,0,0,0,0,0,0,0,0,0
IPRL+7790ec0a+2023-04-30-18h-20m-20s,331,21582473,28221883,,1.0,1.0,1.0,pointworld,pointworld,0,0,0,0,0,0,0,0,0,0,0,0
IPRL+7790ec0a+2023-04-30-18h-22m-00s,233,21582473,28221883,,1.0,1.0,1.0,pointworld,pointworld,0,0,0,0,0,0,0,0,0,0,0,0
IPRL+7790ec0a+2023-04-30-18h-25m-48s,191,21582473,28221883,,1.0,1.0,1.0,pointworld,pointworld,0,0,0,0,0,0,0,0,0,0,0,0
IPRL+7790ec0a+2023-04-30-18h-55m-45s,203,21582473,28221883,,1.0,1.0,1.0,pointworld,pointworld,0,0,0,0,0,0,0,0,0,0,0,0
IPRL+7790ec0a+2023-04-30-19h-04m-53s,237,21582473,28221883,,1.0,1.0,1.0,pointworld,pointworld,0,0,0,0,0,0,0,0,0,0,0,0
IPRL+7790ec0a+2023-04-30-19h-05m-45s,377,21582473,28221883,,1.0,1.0,0.9761273209549072,pointworld,pointworld,0,0,0,0,0,0,0,0,0,17,17,0
IPRL+7790ec0a+2023-04-30-19h-24m-22s,196,21582473,28221883,,1.0,1.0,1.0,pointworld,pointworld,0,0,0,0,0,0,0,0,0,25,0,25
IPRL+7790ec0a+2023-04-30-19h-24m-44s,208,21582473,28221883,,1.0,1.0,1.0,pointworld,pointworld,0,0,0,0,0,0,0,0,0,0,0,0
IPRL+7790ec0a+2023-04-30-19h-39m-02s,138,21582473,28221883,,1.0,1.0,1.0,pointworld,pointworld,0,0,0,0,0,0,0,0,0,0,0,0
IPRL+7790ec0a+2023-04-30-19h-40m-24s,119,21582473,28221883,,1.0,1.0,1.0,pointworld,pointworld,0,0,0,0,0,0,0,0,0,0,0,0
IPRL+7790ec0a+2023-04-30-19h-42m-21s,151,21582473,28221883,,1.0,1.0,1.0,pointworld,pointworld,0,0,0,0,0,0,0,0,0,14,0,14
IPRL+7790ec0a+2023-05-05-15h-57m-21s,151,21582473,28221883,,1.0,1.0,1.0,pointworld,pointworld,0,0,0,0,0,0,0,0,0,0,0,0
IPRL+7790ec0a+2023-05-05-16h-09m-59s,128,21582473,28221883,,1.0,1.0,1.0,pointworld,pointworld,0,0,0,0,0,0,0,0,0,0,0,0
IPRL+7790ec0a+2023-05-05-16h-19m-59s,119,21582473,28221883,,1.0,1.0,1.0,pointworld,pointworld,0,0,0,0,0,0,0,0,0,0,0,0
IPRL+7790ec0a+2023-05-05-16h-31m-19s,155,21582473,28221883,,1.0,1.0,1.0,pointworld,pointworld,0,0,0,0,0,0,0,0,0,22,22,0
IPRL+7790ec0a+2023-05-05-16h-34m-59s,182,21582473,28221883,,1.0,1.0,1.0,pointworld,pointworld,0,0,0,0,0,0,0,0,0,0,0,0
IPRL+7790ec0a+2023-05-05-16h-51m-15s,112,21582473,28221883,,1.0,1.0,1.0,pointworld,pointworld,0,0,0,0,0,0,0,0,0,0,0,0
IPRL+7790ec0a+2023-05-05-16h-54m-53s,183,21582473,28221883,,1.0,1.0,1.0,pointworld,pointworld,0,0,0,0,0,0,0,0,0,0,0,0
IPRL+7790ec0a+2023-05-05-17h-09m-49s,202,21582473,28221883,,1.0,1.0,1.0,pointworld,pointworld,0,0,0,0,0,0,0,0,0,0,0,0
IPRL+7790ec0a+2023-05-05-17h-18m-21s,169,21582473,28221883,,1.0,1.0,1.0,pointworld,pointworld,0,0,0,0,0,0,0,0,0,26,26,0
IPRL+7790ec0a+2023-05-05-17h-22m-13s,188,21582473,28221883,,1.0,1.0,1.0,pointworld,pointworld,0,0,0,0,0,0,0,0,0,12,12,0
IPRL+7790ec0a+2023-05-05-17h-37m-50s,102,21582473,28221883,,1.0,1.0,1.0,pointworld,pointworld,0,0,0,0,0,0,0,0,0,0,0,0
IPRL+7790ec0a+2023-05-05-17h-44m-38s,137,21582473,28221883,,1.0,1.0,1.0,pointworld,pointworld,0,0,0,0,0,0,0,0,0,0,0,0
IPRL+7790ec0a+2023-05-05-17h-46m-21s,161,21582473,28221883,,1.0,1.0,1.0,pointworld,pointworld,0,0,0,0,0,0,0,0,0,0,0,0
IPRL+7790ec0a+2023-06-19-22h-56m-28s,481,21582473,28221883,,1.0,1.0,1.0,pointworld,pointworld,57,56,57,60,58,60,62,60,62,82,64,82
IPRL+7790ec0a+2023-06-19-22h-58m-35s,770,21582473,28221883,,1.0,1.0,1.0,pointworld,pointworld,0,0,0,0,0,0,22,0,22,31,25,31
IPRL+7790ec0a+2023-06-19-23h-18m-53s,262,21582473,28221883,,1.0,1.0,1.0,pointworld,pointworld,20,17,20,33,20,33,38,33,38,43,38,43
IPRL+7790ec0a+2023-06-26-23h-24m-08s,147,21582473,28221883,,1.0,1.0,1.0,pointworld,pointworld,20,20,0,23,23,0,27,27,0,46,46,0
IPRL+7790ec0a+2023-06-27-20h-37m-26s,143,21582473,28221883,,1.0,1.0,1.0,pointworld,pointworld,30,16,30,36,22,36,71,27,58,108,108,76
IPRL+7790ec0a+2023-06-27-20h-42m-35s,140,21582473,28221883,,1.0,1.0,1.0,pointworld,pointworld,42,0,42,47,0,47,52,36,52,72,41,72
IPRL+7790ec0a+2023-06-27-20h-57m-09s,105,21582473,28221883,,1.0,1.0,1.0,pointworld,pointworld,19,12,19,22,17,22,24,19,24,29,27,29
IPRL+7790ec0a+2023-06-30-17h-15m-06s,259,21582473,28221883,,1.0,1.0,1.0,pointworld,pointworld,0,0,0,0,0,0,0,0,0,0,0,0
IPRL+7790ec0a+2023-06-30-17h-19m-02s,219,21582473,28221883,,1.0,1.0,1.0,pointworld,pointworld,0,0,0,0,0,0,0,0,0,0,0,0
IPRL+7790ec0a+2023-06-30-17h-28m-48s,243,21582473,28221883,,1.0,1.0,1.0,pointworld,pointworld,0,0,0,0,0,0,0,0,0,0,0,0
IPRL+7790ec0a+2023-06-30-17h-51m-29s,587,21582473,28221883,,1.0,1.0,1.0,pointworld,pointworld,0,0,0,0,0,0,0,0,0,0,0,0
IPRL+7790ec0a+2023-06-30-18h-04m-49s,348,21582473,28221883,,1.0,1.0,1.0,pointworld,pointworld,0,0,0,0,0,0,0,0,0,0,0,0
IPRL+7790ec0a+2023-06-30-18h-51m-44s,204,21582473,28221883,,1.0,1.0,1.0,pointworld,pointworld,0,0,0,0,0,0,0,0,0,0,0,0
IPRL+7790ec0a+2023-06-30-18h-53m-25s,165,21582473,28221883,,1.0,1.0,1.0,pointworld,pointworld,0,0,0,0,0,0,0,0,0,0,0,0
IPRL+7790ec0a+2023-06-30-18h-58m-00s,94,21582473,28221883,,1.0,1.0,1.0,pointworld,pointworld,0,0,0,0,0,0,0,0,0,14,0,14
IPRL+7790ec0a+2023-06-30-19h-19m-56s,200,21582473,28221883,,1.0,1.0,1.0,pointworld,pointworld,0,0,0,0,0,0,0,0,0,19,19,0
IPRL+7790ec0a+2023-06-30-19h-21m-57s,143,21582473,28221883,,1.0,1.0,1.0,pointworld,pointworld,0,0,0,0,0,0,0,0,0,0,0,0
IPRL+7790ec0a+2023-06-30-20h-19m-16s,133,21582473,28221883,,1.0,1.0,1.0,pointworld,pointworld,0,0,0,0,0,0,0,0,0,0,0,0
IPRL+7790ec0a+2023-06-30-20h-20m-44s,412,21582473,28221883,,1.0,1.0,0.9587378640776699,pointworld,pointworld,0,0,0,0,0,0,0,0,0,0,0,0
IPRL+7790ec0a+2023-06-30-21h-25m-20s,153,21582473,28221883,,1.0,1.0,1.0,pointworld,pointworld,0,0,0,0,0,0,0,0,0,0,0,0
IPRL+7790ec0a+2023-06-30-21h-29m-26s,183,21582473,28221883,,1.0,1.0,1.0,pointworld,pointworld,0,0,0,0,0,0,0,0,0,0,0,0
IPRL+7790ec0a+2023-06-30-21h-29m-45s,181,21582473,28221883,,1.0,1.0,1.0,pointworld,pointworld,0,0,0,0,0,0,0,0,0,0,0,0
IPRL+7790ec0a+2023-06-30-21h-30m-06s,182,21582473,28221883,,1.0,1.0,1.0,pointworld,pointworld,0,0,0,0,0,0,0,0,0,10,0,10
IPRL+7790ec0a+2023-06-30-21h-37m-23s,692,21582473,28221883,,1.0,1.0,1.0,pointworld,pointworld,0,0,0,0,0,0,0,0,0,0,0,0
IPRL+7790ec0a+2023-06-30-22h-03m-28s,213,21582473,28221883,,1.0,1.0,0.9906103286384976,pointworld,pointworld,0,0,0,0,0,0,0,0,0,0,0,0
IPRL+7790ec0a+2023-06-30-22h-08m-05s,156,21582473,28221883,,1.0,1.0,1.0,pointworld,pointworld,0,0,0,0,0,0,0,0,0,0,0,0
IPRL+7790ec0a+2023-06-30-22h-12m-02s,236,21582473,28221883,,1.0,1.0,1.0,pointworld,pointworld,0,0,0,0,0,0,0,0,0,17,0,17
IPRL+7790ec0a+2023-07-01-09h-42m-14s,172,21582473,28221883,,1.0,1.0,1.0,pointworld,pointworld,0,0,0,0,0,0,14,0,14,19,12,19
IPRL+7790ec0a+2023-07-01-09h-53m-06s,857,21582473,28221883,,1.0,1.0,1.0,pointworld,pointworld,0,0,0,0,0,0,0,0,0,17,17,0
IPRL+7790ec0a+2023-07-01-10h-15m-22s,718,21582473,28221883,,1.0,1.0,1.0,pointworld,pointworld,0,0,0,0,0,0,0,0,0,0,0,0
IPRL+7790ec0a+2023-07-01-10h-19m-16s,550,21582473,28221883,,1.0,1.0,1.0,pointworld,pointworld,0,0,0,0,0,0,0,0,0,0,0,0
IPRL+7790ec0a+2023-07-01-10h-26m-31s,372,21582473,28221883,,1.0,1.0,1.0,pointworld,pointworld,0,0,0,0,0,0,13,13,0,18,18,0
IPRL+7790ec0a+2023-07-01-10h-27m-05s,420,21582473,28221883,,1.0,1.0,1.0,pointworld,pointworld,0,0,0,0,0,0,20,16,20,24,21,24
IPRL+7790ec0a+2023-07-01-10h-33m-09s,342,21582473,28221883,,1.0,1.0,1.0,pointworld,pointworld,0,0,0,0,0,0,0,0,0,15,14,15
IPRL+7790ec0a+2023-07-01-11h-36m-05s,163,21582473,28221883,,1.0,1.0,1.0,pointworld,pointworld,0,0,0,0,0,0,0,0,0,13,13,0
IPRL+7790ec0a+2023-10-07-15h-41m-14s,338,27432424,28221883,,1.0,1.0,1.0,pointworld,pointworld,0,0,0,0,0,0,0,0,0,0,0,0
IPRL+89b42cd2+2023-11-24-20h-19m-51s,346,27432424,28221883,,1.0,1.0,1.0,pointworld,pointworld,0,0,0,0,0,0,0,0,0,0,0,0
IPRL+89b42cd2+2023-11-24-20h-28m-40s,622,27432424,28221883,,1.0,1.0,1.0,pointworld,pointworld,0,0,0,0,0,0,0,0,0,0,0,0
IPRL+89b42cd2+2023-11-24-21h-06m-16s,470,27432424,28221883,,1.0,1.0,1.0,pointworld,pointworld,0,0,0,0,0,0,0,0,0,0,0,0
IPRL+89b42cd2+2023-11-24-21h-09m-27s,1189,27432424,28221883,,1.0,1.0,0.9730866274179983,pointworld,pointworld,0,0,0,0,0,0,0,0,0,0,0,0
IPRL+89b42cd2+2023-11-24-21h-21m-26s,311,27432424,28221883,,1.0,1.0,0.15755627009646303,pointworld,pointworld,0,0,0,0,0,0,0,0,0,0,0,0
IPRL+89b42cd2+2023-11-24-22h-18m-29s,505,27432424,28221883,,1.0,1.0,1.0,pointworld,pointworld,0,0,0,0,0,0,0,0,0,0,0,0
IPRL+89b42cd2+2023-11-27-17h-00m-44s,485,27432424,28221883,,1.0,1.0,0.7072164948453609,pointworld,pointworld,0,0,0,0,0,0,14,0,14,18,0,18
IPRL+89b42cd2+2023-11-27-17h-15m-46s,947,27432424,28221883,,1.0,1.0,1.0,pointworld,pointworld,0,0,0,0,0,0,0,0,0,25,0,25
IPRL+89b42cd2+2023-11-27-18h-11m-33s,407,27432424,28221883,,1.0,1.0,1.0,pointworld,pointworld,0,0,0,0,0,0,0,0,0,0,0,0
IPRL+89b42cd2+2023-11-27-19h-56m-05s,472,27432424,28221883,,1.0,1.0,1.0,pointworld,pointworld,0,0,0,0,0,0,131,0,131,142,0,142
IPRL+89b42cd2+2023-11-27-19h-58m-59s,247,27432424,28221883,,1.0,1.0,1.0,pointworld,pointworld,0,0,0,0,0,0,0,0,0,49,0,49
IPRL+89b42cd2+2023-11-27-20h-01m-41s,331,27432424,28221883,,1.0,1.0,1.0,pointworld,pointworld,0,0,0,0,0,0,0,0,0,0,0,0
IPRL+89b42cd2+2023-11-27-20h-13m-46s,554,27432424,28221883,,1.0,1.0,1.0,pointworld,pointworld,49,0,49,53,0,53,76,0,76,112,39,112
IPRL+c850f181+2023-07-01-16h-30m-41s,681,21582473,28221883,,1.0,1.0,1.0,pointworld,pointworld,0,0,0,0,0,0,0,0,0,13,13,0
IPRL+edf28ef3+2023-04-23-10h-42m-26s,508,21582473,28221883,,1.0,1.0,1.0,pointworld,pointworld,0,0,0,0,0,0,0,0,0,0,0,0
IPRL+edf28ef3+2023-04-23-11h-01m-16s,264,21582473,28221883,,1.0,1.0,1.0,pointworld,pointworld,0,0,0,0,0,0,28,28,0,33,33,0
IPRL+edf28ef3+2023-04-23-11h-04m-04s,341,21582473,28221883,,1.0,1.0,1.0,pointworld,pointworld,0,0,0,0,0,0,0,0,0,0,0,0
IPRL+edf28ef3+2023-04-23-11h-06m-02s,351,21582473,28221883,,1.0,1.0,1.0,pointworld,pointworld,0,0,0,0,0,0,0,0,0,0,0,0
IPRL+edf28ef3+2023-05-12-15h-33m-28s,409,21582473,28221883,,1.0,1.0,0.9266503667481663,pointworld,pointworld,0,0,0,0,0,0,0,0,0,28,28,0
IPRL+edf28ef3+2023-05-12-15h-35m-38s,167,21582473,28221883,,1.0,1.0,1.0,pointworld,pointworld,0,0,0,0,0,0,0,0,0,0,0,0
IPRL+edf28ef3+2023-05-12-16h-06m-57s,278,21582473,28221883,,1.0,1.0,1.0,pointworld,pointworld,28,28,0,32,32,0,37,37,0,40,40,0
IPRL+edf28ef3+2023-05-12-16h-35m-59s,542,21582473,28221883,,1.0,1.0,1.0,pointworld,pointworld,33,33,0,35,35,0,38,38,0,41,41,0
IPRL+edf28ef3+2023-12-18-15h-42m-35s,150,27432424,28221883,,1.0,1.0,1.0,pointworld,pointworld,0,0,0,0,0,0,0,0,0,0,0,0
IPRL+edf28ef3+2023-12-18-15h-46m-44s,215,27432424,28221883,,1.0,1.0,1.0,pointworld,pointworld,0,0,0,0,0,0,0,0,0,0,0,0
IPRL+edf28ef3+2023-12-18-15h-52m-44s,114,27432424,28221883,,1.0,1.0,1.0,pointworld,pointworld,0,0,0,0,0,0,0,0,0,0,0,0
IPRL+edf28ef3+2023-12-18-15h-54m-46s,169,27432424,28221883,,1.0,1.0,1.0,pointworld,pointworld,0,0,0,0,0,0,0,0,0,0,0,0
IPRL+edf28ef3+2023-12-18-16h-00m-46s,116,27432424,28221883,,1.0,1.0,1.0,pointworld,pointworld,0,0,0,0,0,0,0,0,0,0,0,0
IPRL+edf28ef3+2023-12-18-16h-05m-10s,130,27432424,28221883,,1.0,1.0,1.0,pointworld,pointworld,0,0,0,0,0,0,0,0,0,0,0,0
IPRL+edf28ef3+2023-12-18-16h-05m-46s,106,27432424,28221883,,1.0,1.0,1.0,pointworld,pointworld,0,0,0,0,0,0,0,0,0,0,0,0
IPRL+edf28ef3+2023-12-18-16h-07m-26s,101,27432424,28221883,,1.0,1.0,1.0,pointworld,pointworld,0,0,0,0,0,0,0,0,0,0,0,0
IPRL+edf28ef3+2023-12-18-16h-09m-03s,96,27432424,28221883,,1.0,1.0,1.0,pointworld,pointworld,0,0,0,0,0,0,0,0,0,0,0,0
IPRL+edf28ef3+2023-12-18-16h-14m-21s,98,27432424,28221883,,1.0,1.0,1.0,pointworld,pointworld,0,0,0,0,0,0,0,0,0,0,0,0
IPRL+edf28ef3+2023-12-18-16h-16m-08s,89,27432424,28221883,,1.0,1.0,1.0,pointworld,pointworld,0,0,0,0,0,0,0,0,0,0,0,0
IPRL+edf28ef3+2023-12-18-16h-24m-51s,315,27432424,28221883,,1.0,1.0,1.0,pointworld,pointworld,0,0,0,0,0,0,0,0,0,0,0,0
IPRL+edf28ef3+2023-12-18-16h-25m-59s,125,27432424,28221883,,1.0,1.0,1.0,pointworld,pointworld,0,0,0,0,0,0,0,0,0,0,0,0
IPRL+edf28ef3+2023-12-18-16h-39m-28s,115,27432424,28221883,,1.0,1.0,1.0,pointworld,pointworld,0,0,0,0,0,0,0,0,0,0,0,0
IPRL+edf28ef3+2023-12-18-16h-40m-46s,122,27432424,28221883,,1.0,1.0,1.0,pointworld,pointworld,0,0,0,0,0,0,0,0,0,0,0,0
IPRL+edf28ef3+2023-12-18-17h-02m-47s,137,27432424,28221883,,1.0,1.0,1.0,pointworld,pointworld,0,0,0,0,0,0,0,0,0,0,0,0
IPRL+edf28ef3+2023-12-18-17h-07m-44s,138,27432424,28221883,,1.0,1.0,1.0,pointworld,pointworld,0,0,0,0,0,0,0,0,0,0,0,0
IPRL+edf28ef3+2023-12-18-17h-08m-02s,217,27432424,28221883,,1.0,1.0,1.0,pointworld,pointworld,0,0,0,0,0,0,0,0,0,0,0,0
IPRL+edf28ef3+2023-12-18-17h-11m-15s,116,27432424,28221883,,1.0,1.0,1.0,pointworld,pointworld,0,0,0,0,0,0,0,0,0,0,0,0
IPRL+edf28ef3+2023-12-18-17h-14m-34s,97,27432424,28221883,,1.0,1.0,1.0,pointworld,pointworld,0,0,0,0,0,0,0,0,0,0,0,0
IPRL+edf28ef3+2023-12-18-17h-25m-01s,106,27432424,28221883,,1.0,1.0,1.0,pointworld,pointworld,0,0,0,0,0,0,0,0,0,0,0,0
IPRL+edf28ef3+2023-12-18-17h-25m-49s,101,27432424,28221883,,1.0,1.0,1.0,pointworld,pointworld,0,0,0,0,0,0,0,0,0,0,0,0
IPRL+edf28ef3+2023-12-18-17h-26m-04s,114,27432424,28221883,,1.0,1.0,1.0,pointworld,pointworld,0,0,0,0,0,0,0,0,0,0,0,0
IPRL+edf28ef3+2023-12-18-17h-27m-12s,93,27432424,28221883,,1.0,1.0,1.0,pointworld,pointworld,0,0,0,0,0,0,0,0,0,0,0,0
IPRL+edf28ef3+2023-12-18-17h-54m-06s,296,27432424,28221883,,1.0,1.0,1.0,pointworld,pointworld,0,0,0,0,0,0,0,0,0,0,0,0
IPRL+edf28ef3+2023-12-18-18h-29m-51s,243,27432424,28221883,,1.0,1.0,1.0,pointworld,pointworld,0,0,0,0,0,0,0,0,0,0,0,0
IPRL+edf28ef3+2023-12-18-18h-52m-57s,218,27432424,28221883,,1.0,1.0,1.0,pointworld,pointworld,0,0,0,0,0,0,0,0,0,0,0,0
IPRL+edf28ef3+2023-12-18-19h-06m-50s,158,27432424,28221883,,1.0,1.0,1.0,pointworld,pointworld,0,0,0,0,0,0,83,0,83,102,0,102
IPRL+edf28ef3+2023-12-18-19h-14m-43s,256,27432424,28221883,,1.0,1.0,1.0,pointworld,pointworld,0,0,0,0,0,0,0,0,0,74,0,74
IPRL+edf28ef3+2023-12-18-19h-15m-28s,229,27432424,28221883,,1.0,1.0,1.0,pointworld,pointworld,0,0,0,0,0,0,74,0,74,90,0,90
IPRL+edf28ef3+2023-12-18-20h-24m-09s,288,27432424,28221883,,1.0,1.0,1.0,pointworld,pointworld,0,0,0,0,0,0,0,0,0,50,0,50
IPRL+edf28ef3+2023-12-18-20h-41m-14s,304,27432424,28221883,,1.0,1.0,1.0,pointworld,pointworld,0,0,0,0,0,0,0,0,0,74,0,74
IPRL+edf28ef3+2023-12-18-21h-03m-16s,850,27432424,28221883,,1.0,1.0,1.0,pointworld,pointworld,0,0,0,0,0,0,0,0,0,0,0,0
IPRL+edf28ef3+2023-12-18-22h-42m-31s,329,27432424,28221883,,1.0,1.0,0.8297872340425532,pointworld,pointworld,0,0,0,0,0,0,0,0,0,0,0,0
IPRL+edf28ef3+2023-12-18-22h-58m-35s,325,27432424,28221883,,1.0,1.0,1.0,pointworld,pointworld,0,0,0,0,0,0,0,0,0,0,0,0
IPRL+edf28ef3+2023-12-18-23h-54m-47s,261,27432424,28221883,,1.0,1.0,1.0,pointworld,pointworld,0,0,0,0,0,0,0,0,0,0,0,0
IPRL+edf28ef3+2023-12-19-11h-08m-56s,288,27432424,28221883,,1.0,1.0,0.9375,pointworld,pointworld,0,0,0,0,0,0,0,0,0,0,0,0
IPRL+edf28ef3+2023-12-19-21h-15m-45s,523,27432424,28221883,,1.0,1.0,0.9389763779527559,pointworld,pointworld,12,12,0,15,15,0,17,17,0,32,32,0
IPRL+edf28ef3+2023-12-19-22h-17m-20s,146,27432424,28221883,,1.0,1.0,1.0,pointworld,pointworld,30,30,0,33,33,0,36,36,26,40,40,29
IPRL+edf28ef3+2023-12-19-22h-26m-56s,189,27432424,28221883,,1.0,1.0,1.0,pointworld,pointworld,0,0,0,10,10,0,15,15,0,17,17,0
IPRL+edf28ef3+2023-12-19-22h-57m-34s,151,27432424,28221883,,1.0,1.0,1.0,pointworld,pointworld,9,9,0,12,12,0,15,15,0,17,17,0
IPRL+edf28ef3+2023-12-19-23h-04m-44s,141,27432424,28221883,,1.0,1.0,1.0,pointworld,pointworld,29,29,0,31,31,0,33,33,0,35,35,29
IPRL+edf28ef3+2023-12-20-12h-04m-47s,429,27432424,28221883,,1.0,1.0,1.0,pointworld,pointworld,25,25,0,30,30,0,36,36,0,43,43,0
IPRL+edf28ef3+2023-12-20-12h-28m-16s,485,27432424,28221883,,1.0,1.0,0.6745689655172413,pointworld,pointworld,17,17,0,21,21,0,27,27,0,35,35,0
IPRL+edf28ef3+2023-12-20-12h-46m-02s,326,27432424,28221883,,1.0,1.0,0.9846625766871165,pointworld,pointworld,0,0,0,0,0,0,38,38,0,59,59,0
IPRL+edf28ef3+2023-12-20-12h-49m-22s,730,27432424,28221883,,1.0,1.0,1.0,pointworld,pointworld,0,0,0,0,0,0,23,23,0,33,33,0
IPRL+edf28ef3+2023-12-20-13h-11m-41s,218,27432424,28221883,,1.0,1.0,1.0,pointworld,pointworld,17,17,0,20,20,0,25,25,0,28,28,0
IPRL+edf28ef3+2023-12-20-14h-54m-21s,233,27432424,28221883,,1.0,1.0,1.0,pointworld,pointworld,26,26,0,33,33,0,52,52,0,57,57,0
IPRL+edf28ef3+2023-12-20-14h-56m-03s,561,27432424,28221883,,1.0,1.0,1.0,pointworld,pointworld,22,22,0,26,26,0,40,40,0,45,45,0
IPRL+edf28ef3+2023-12-20-15h-37m-25s,172,27432424,28221883,,1.0,1.0,1.0,pointworld,pointworld,17,17,0,20,20,0,23,23,0,25,25,0
IPRL+edf28ef3+2024-01-01-10h-24m-59s,191,27432424,28221883,,1.0,1.0,1.0,pointworld,pointworld,0,0,0,0,0,0,0,0,0,0,0,0
IPRL+edf28ef3+2024-01-01-10h-34m-34s,149,27432424,28221883,,1.0,1.0,1.0,pointworld,pointworld,0,0,0,0,0,0,0,0,0,0,0,0
IPRL+edf28ef3+2024-01-01-10h-46m-29s,150,27432424,28221883,,1.0,1.0,1.0,pointworld,pointworld,0,0,0,0,0,0,0,0,0,0,0,0
IPRL+edf28ef3+2024-01-01-10h-46m-51s,154,27432424,28221883,,1.0,1.0,1.0,pointworld,pointworld,0,0,0,0,0,0,0,0,0,0,0,0
IPRL+edf28ef3+2024-01-01-10h-49m-15s,122,27432424,28221883,,1.0,1.0,1.0,pointworld,pointworld,0,0,0,0,0,0,0,0,0,0,0,0
IPRL+edf28ef3+2024-01-01-10h-59m-47s,273,27432424,28221883,,1.0,1.0,1.0,pointworld,pointworld,0,0,0,0,0,0,0,0,0,0,0,0
IPRL+edf28ef3+2024-01-01-11h-05m-23s,195,27432424,28221883,,1.0,1.0,1.0,pointworld,pointworld,0,0,0,0,0,0,0,0,0,0,0,0
IPRL+edf28ef3+2024-01-01-11h-06m-52s,255,27432424,28221883,,1.0,1.0,1.0,pointworld,pointworld,0,0,0,0,0,0,0,0,0,0,0,0
IPRL+edf28ef3+2024-01-01-11h-11m-30s,187,27432424,28221883,,1.0,1.0,1.0,pointworld,pointworld,0,0,0,0,0,0,0,0,0,0,0,0
IPRL+edf28ef3+2024-01-01-11h-14m-54s,326,27432424,28221883,,1.0,1.0,1.0,pointworld,pointworld,0,0,0,0,0,0,0,0,0,0,0,0
IPRL+edf28ef3+2024-01-01-11h-28m-05s,205,27432424,28221883,,1.0,1.0,1.0,pointworld,pointworld,0,0,0,0,0,0,0,0,0,0,0,0
IPRL+edf28ef3+2024-01-01-11h-38m-26s,231,27432424,28221883,,1.0,1.0,1.0,pointworld,pointworld,0,0,0,0,0,0,0,0,0,0,0,0
IPRL+edf28ef3+2024-01-01-12h-02m-26s,162,27432424,28221883,,1.0,1.0,1.0,pointworld,pointworld,0,0,0,0,0,0,0,0,0,0,0,0
IPRL+edf28ef3+2024-01-01-12h-17m-01s,362,27432424,28221883,,1.0,1.0,1.0,pointworld,pointworld,0,0,0,0,0,0,0,0,0,0,0,0
IPRL+edf28ef3+2024-01-01-12h-23m-27s,293,27432424,28221883,,1.0,1.0,1.0,pointworld,pointworld,0,0,0,0,0,0,0,0,0,0,0,0
IPRL+edf28ef3+2024-01-01-12h-32m-17s,256,27432424,28221883,,1.0,1.0,1.0,pointworld,pointworld,0,0,0,0,0,0,0,0,0,0,0,0
IPRL+edf28ef3+2024-01-01-12h-37m-15s,211,27432424,28221883,,1.0,1.0,1.0,pointworld,pointworld,0,0,0,0,0,0,0,0,0,0,0,0
IPRL+edf28ef3+2024-01-01-17h-53m-19s,195,27432424,28221883,,1.0,1.0,1.0,pointworld,pointworld,0,0,0,0,0,0,0,0,0,0,0,0
IPRL+edf28ef3+2024-01-01-17h-54m-33s,255,27432424,28221883,,1.0,1.0,1.0,pointworld,pointworld,0,0,0,0,0,0,0,0,0,0,0,0
IPRL+edf28ef3+2024-01-01-18h-07m-51s,171,27432424,28221883,,1.0,1.0,1.0,pointworld,pointworld,0,0,0,0,0,0,0,0,0,0,0,0
IPRL+edf28ef3+2024-01-01-18h-08m-13s,134,27432424,28221883,,1.0,1.0,1.0,pointworld,pointworld,0,0,0,0,0,0,0,0,0,0,0,0
IPRL+edf28ef3+2024-01-02-10h-22m-08s,1360,27432424,28221883,,1.0,1.0,1.0,pointworld,pointworld,0,0,0,25,25,0,37,37,0,50,50,0
IPRL+edf28ef3+2024-01-02-10h-39m-13s,2016,27432424,28221883,,1.0,1.0,1.0,pointworld,pointworld,14,14,0,17,17,0,23,23,0,37,37,0
IPRL+edf28ef3+2024-01-02-10h-50m-10s,1806,27432424,28221883,,1.0,1.0,0.9994385176866929,pointworld,pointworld,22,22,0,25,25,0,40,40,0,42,42,0
IPRL+edf28ef3+2024-01-02-10h-54m-10s,1338,27432424,28221883,,1.0,1.0,1.0,pointworld,pointworld,17,17,0,20,20,0,23,23,0,36,36,0
IPRL+edf28ef3+2024-01-02-10h-58m-33s,1001,27432424,28221883,,1.0,1.0,1.0,pointworld,pointworld,26,26,0,30,30,0,46,46,0,50,50,0
IPRL+edf28ef3+2024-01-02-12h-14m-54s,94,27432424,28221883,,0.8888888888888888,1.0,1.0,pointworld,pointworld,14,14,0,24,24,0,48,48,0,-1,-1,0
IPRL+edf28ef3+2024-01-02-13h-02m-06s,1458,27432424,28221883,,0.6296296296296297,1.0,0.05678793256433008,pointworld,pointworld,0,0,0,331,331,0,-1,-1,0,-1,-1,0
IPRL+edf28ef3+2024-01-02-15h-21m-01s,2437,27432424,28221883,,1.0,1.0,0.9521996615905245,pointworld,pointworld,0,0,0,73,73,0,76,76,0,79,79,0
IPRL+edf28ef3+2024-01-02-20h-28m-23s,295,27432424,28221883,,1.0,1.0,1.0,pointworld,pointworld,0,0,0,0,0,0,0,0,0,0,0,0
IPRL+edf28ef3+2024-01-02-20h-59m-43s,776,27432424,28221883,,1.0,1.0,1.0,pointworld,pointworld,0,0,0,0,0,0,0,0,0,0,0,0
IPRL+edf28ef3+2024-01-02-21h-03m-31s,404,27432424,28221883,,1.0,1.0,1.0,pointworld,pointworld,0,0,0,0,0,0,0,0,0,0,0,0
IPRL+edf28ef3+2024-01-02-21h-13m-34s,499,27432424,28221883,,1.0,1.0,1.0,pointworld,pointworld,0,0,0,0,0,0,0,0,0,0,0,0
IPRL+edf28ef3+2024-01-02-22h-27m-04s,1310,27432424,28221883,,1.0,1.0,1.0,pointworld,pointworld,0,0,0,0,0,0,0,0,0,0,0,0
IPRL+w026bb9b+2023-04-20-23h-02m-05s,214,21582473,28221883,,1.0,1.0,0.5337837837837838,pointworld,pointworld,62,0,62,66,0,66,75,64,75,81,69,81
IPRL+w026bb9b+2023-04-20-23h-08m-29s,349,21582473,28221883,,1.0,1.0,0.5056603773584906,pointworld,pointworld,80,65,80,84,80,84,88,84,88,109,87,109
IPRL+w026bb9b+2023-04-20-23h-22m-49s,153,21582473,28221883,,1.0,1.0,0.8048780487804879,pointworld,pointworld,18,0,18,30,0,30,49,0,49,69,21,69
IPRL+w026bb9b+2023-04-20-23h-33m-44s,180,21582473,28221883,,1.0,1.0,1.0,pointworld,pointworld,40,0,40,43,0,43,50,42,50,64,46,64
IPRL+w026bb9b+2023-04-20-23h-46m-13s,421,21582473,28221883,,1.0,1.0,1.0,pointworld,pointworld,0,0,0,0,0,0,22,0,22,27,0,27
IPRL+w026bb9b+2023-04-21-00h-10m-46s,190,21582473,28221883,,1.0,0.9074074074074074,0.8657718120805369,pointworld,pointworld,34,0,34,41,0,41,54,0,54,-1,0,-1
IPRL+w026bb9b+2023-04-21-00h-27m-34s,135,21582473,28221883,,1.0,0.8518518518518519,0.8611111111111112,pointworld,pointworld,22,0,22,27,0,27,37,10,37,-1,19,-1
IPRL+w026bb9b+2023-04-21-00h-28m-25s,66,21582473,28221883,,1.0,1.0,1.0,pointworld,pointworld,19,0,19,23,0,23,27,8,27,30,15,30
IPRL+w026bb9b+2023-04-21-00h-35m-57s,219,21582473,28221883,,1.0,1.0,1.0,pointworld,pointworld,42,0,42,47,22,47,60,33,60,68,38,68
IPRL+w026bb9b+2023-04-21-00h-48m-34s,163,21582473,28221883,,1.0,1.0,0.40875912408759124,pointworld,pointworld,19,0,19,26,0,26,43,0,43,54,16,54
IPRL+w026bb9b+2023-09-22-17h-41m-52s,336,27432424,28221883,,1.0,1.0,1.0,pointworld,pointworld,0,0,0,0,0,0,0,0,0,0,0,0
IPRL+w026bb9b+2023-09-22-17h-53m-21s,322,27432424,28221883,,1.0,1.0,1.0,pointworld,pointworld,0,0,0,0,0,0,0,0,0,0,0,0
IPRL+w026bb9b+2023-09-22-18h-05m-40s,268,27432424,28221883,,1.0,1.0,0.9514925373134329,pointworld,pointworld,0,0,0,0,0,0,0,0,0,0,0,0
IPRL+w026bb9b+2023-09-22-18h-14m-54s,326,27432424,28221883,,1.0,1.0,1.0,pointworld,pointworld,0,0,0,0,0,0,0,0,0,0,0,0
IPRL+w026bb9b+2023-09-22-18h-19m-29s,332,27432424,28221883,,1.0,1.0,1.0,pointworld,pointworld,0,0,0,0,0,0,0,0,0,0,0,0
IPRL+w026bb9b+2023-09-22-18h-29m-49s,223,27432424,28221883,,1.0,1.0,1.0,pointworld,pointworld,0,0,0,0,0,0,15,15,0,23,23,0
IPRL+w026bb9b+2023-09-22-18h-40m-41s,1095,27432424,28221883,,1.0,1.0,1.0,pointworld,pointworld,0,0,0,0,0,0,0,0,0,12,12,0
IPRL+w026bb9b+2023-09-22-19h-06m-41s,202,27432424,28221883,,1.0,1.0,1.0,pointworld,pointworld,0,0,0,0,0,0,0,0,0,0,0,0
IPRL+w026bb9b+2023-09-22-19h-18m-58s,273,27432424,28221883,,1.0,1.0,1.0,pointworld,pointworld,0,0,0,0,0,0,0,0,0,26,26,0
IPRL+w026bb9b+2023-09-22-19h-30m-08s,168,27432424,28221883,,1.0,1.0,1.0,pointworld,pointworld,0,0,0,0,0,0,0,0,0,0,0,0
IPRL+w026bb9b+2023-09-22-19h-43m-58s,157,27432424,28221883,,1.0,1.0,1.0,pointworld,pointworld,0,0,0,0,0,0,0,0,0,0,0,0
IPRL+w026bb9b+2023-09-22-19h-51m-11s,84,27432424,28221883,,1.0,1.0,1.0,pointworld,pointworld,0,0,0,0,0,0,0,0,0,0,0,0
IPRL+w026bb9b+2023-09-22-19h-51m-50s,94,27432424,28221883,,1.0,1.0,1.0,pointworld,pointworld,0,0,0,0,0,0,0,0,0,0,0,0
IPRL+w026bb9b+2023-09-22-19h-52m-33s,124,27432424,28221883,,1.0,1.0,1.0,pointworld,pointworld,0,0,0,0,0,0,0,0,0,0,0,0
IPRL+w026bb9b+2023-09-22-19h-54m-19s,195,27432424,28221883,,1.0,1.0,1.0,pointworld,pointworld,0,0,0,0,0,0,24,24,0,27,27,0
IPRL+w026bb9b+2023-09-22-19h-58m-25s,154,27432424,28221883,,1.0,1.0,1.0,pointworld,pointworld,0,0,0,0,0,0,0,0,0,21,21,0
IPRL+w026bb9b+2023-09-22-20h-07m-26s,242,27432424,28221883,,1.0,1.0,0.8636363636363636,pointworld,pointworld,0,0,0,0,0,0,0,0,0,0,0,0
IPRL+w026bb9b+2023-09-22-20h-12m-31s,124,27432424,28221883,,1.0,1.0,1.0,pointworld,pointworld,0,0,0,0,0,0,0,0,0,0,0,0
IPRL+w026bb9b+2023-09-22-20h-50m-19s,157,27432424,28221883,,1.0,1.0,1.0,pointworld,pointworld,0,0,0,0,0,0,0,0,0,28,26,28
IPRL+w026bb9b+2023-09-22-22h-26m-35s,164,27432424,28221883,,1.0,1.0,1.0,pointworld,pointworld,0,0,0,0,0,0,0,0,0,0,0,0
IPRL+w026bb9b+2023-09-22-22h-57m-01s,145,27432424,28221883,,1.0,1.0,1.0,pointworld,pointworld,0,0,0,0,0,0,0,0,0,22,22,20
IPRL+w026bb9b+2023-09-22-23h-19m-14s,267,27432424,28221883,,1.0,1.0,1.0,pointworld,pointworld,0,0,0,0,0,0,0,0,0,0,0,0
IPRL+w026bb9b+2023-09-22-23h-46m-18s,149,27432424,28221883,,1.0,1.0,1.0,pointworld,pointworld,0,0,0,0,0,0,20,20,0,30,30,16
IPRL+w026bb9b+2023-09-23-03h-00m-36s,104,27432424,28221883,,1.0,1.0,1.0,pointworld,pointworld,0,0,0,0,0,0,0,0,0,0,0,0
IRIS+0db32f7c+2023-12-07-14h-06m-52s,808,23404442,29838012,,1.0,1.0,1.0,pointworld,pointworld,0,0,0,0,0,0,0,0,0,23,0,23
IRIS+226b9f35+2023-07-10-19h-43m-13s,413,23404442,29838012,,1.0,1.0,1.0,pointworld,pointworld,0,0,0,37,0,37,42,0,42,78,54,74
IRIS+226b9f35+2023-07-10-20h-00m-45s,468,23404442,29838012,,1.0,1.0,1.0,pointworld,pointworld,0,0,0,0,0,0,0,0,0,49,49,48
IRIS+226b9f35+2023-07-11-11h-46m-06s,312,23404442,29838012,,0.8333333333333334,0.16666666666666666,0.0,pointworld,pointworld,-1,0,-1,-1,0,-1,-1,0,-1,-1,-1,-1
IRIS+226b9f35+2023-07-11-12h-47m-47s,218,23404442,29838012,,1.0,1.0,0.9678899082568807,pointworld,pointworld,0,0,0,0,0,0,0,0,0,0,0,0
IRIS+226b9f35+2023-07-11-12h-51m-21s,453,23404442,29838012,,1.0,1.0,1.0,pointworld,pointworld,0,0,0,0,0,0,0,0,0,0,0,0
IRIS+226b9f35+2023-07-11-13h-00m-50s,582,23404442,29838012,,1.0,1.0,0.8109965635738832,pointworld,pointworld,0,0,0,0,0,0,0,0,0,0,0,0
IRIS+226b9f35+2023-07-11-13h-15m-33s,367,23404442,29838012,,1.0,1.0,1.0,pointworld,pointworld,0,0,0,0,0,0,0,0,0,0,0,0
IRIS+226b9f35+2023-07-11-13h-22m-48s,276,23404442,29838012,,1.0,1.0,1.0,pointworld,pointworld,0,0,0,0,0,0,0,0,0,0,0,0
IRIS+226b9f35+2023-07-11-13h-35m-43s,294,23404442,29838012,,1.0,1.0,1.0,pointworld,pointworld,0,0,0,0,0,0,0,0,0,0,0,0
IRIS+226b9f35+2023-07-11-21h-57m-23s,294,23404442,29838012,,1.0,1.0,1.0,pointworld,pointworld,0,0,0,0,0,0,0,0,0,0,0,0
IRIS+226b9f35+2023-07-11-22h-02m-09s,188,23404442,29838012,,1.0,1.0,1.0,pointworld,pointworld,0,0,0,0,0,0,0,0,0,0,0,0
IRIS+226b9f35+2023-07-11-22h-22m-39s,583,23404442,29838012,,1.0,1.0,1.0,pointworld,pointworld,0,0,0,0,0,0,0,0,0,0,0,0
IRIS+226b9f35+2023-07-11-23h-31m-57s,291,23404442,29838012,,1.0,1.0,1.0,pointworld,pointworld,0,0,0,0,0,0,0,0,0,0,0,0
IRIS+226b9f35+2023-07-11-23h-35m-51s,349,23404442,29838012,,1.0,1.0,1.0,pointworld,pointworld,0,0,0,0,0,0,0,0,0,0,0,0
IRIS+226b9f35+2023-07-11-23h-36m-55s,300,23404442,29838012,,1.0,1.0,1.0,pointworld,pointworld,0,0,0,0,0,0,0,0,0,0,0,0
IRIS+226b9f35+2023-07-11-23h-56m-04s,205,23404442,29838012,,1.0,1.0,1.0,pointworld,pointworld,0,0,0,0,0,0,0,0,0,0,0,0
IRIS+226b9f35+2023-07-16-15h-35m-06s,364,23404442,29838012,,1.0,1.0,1.0,pointworld,pointworld,0,0,0,0,0,0,0,0,0,0,0,0
IRIS+226b9f35+2023-07-16-16h-44m-16s,202,23404442,29838012,,1.0,1.0,1.0,pointworld,pointworld,0,0,0,0,0,0,0,0,0,0,0,0
IRIS+226b9f35+2023-07-16-17h-28m-13s,414,23404442,29838012,,1.0,1.0,0.7995169082125604,pointworld,pointworld,0,0,0,0,0,0,0,0,0,15,0,15
IRIS+226b9f35+2023-07-16-17h-30m-15s,245,23404442,29838012,,1.0,1.0,1.0,pointworld,pointworld,0,0,0,0,0,0,0,0,0,0,0,0
IRIS+226b9f35+2023-07-18-21h-57m-46s,391,23404442,29838012,,1.0,1.0,1.0,pointworld,pointworld,0,0,0,0,0,0,0,0,0,0,0,0
IRIS+226b9f35+2023-07-18-22h-08m-23s,554,23404442,29838012,,1.0,1.0,1.0,pointworld,pointworld,0,0,0,0,0,0,0,0,0,0,0,0
IRIS+226b9f35+2023-07-18-22h-10m-38s,204,23404442,29838012,,1.0,1.0,0.8823529411764706,pointworld,pointworld,0,0,0,0,0,0,0,0,0,0,0,0
IRIS+226b9f35+2023-07-18-22h-25m-35s,439,23404442,29838012,,1.0,1.0,1.0,pointworld,pointworld,0,0,0,0,0,0,0,0,0,0,0,0
IRIS+226b9f35+2023-07-18-22h-28m-20s,1194,23404442,29838012,,1.0,1.0,0.9731993299832495,pointworld,pointworld,0,0,0,0,0,0,0,0,0,0,0,0
IRIS+226b9f35+2023-07-18-22h-38m-05s,570,23404442,29838012,,1.0,1.0,0.7912280701754386,pointworld,pointworld,0,0,0,0,0,0,0,0,0,0,0,0
IRIS+226b9f35+2023-07-18-22h-45m-45s,397,23404442,29838012,,1.0,1.0,1.0,pointworld,pointworld,0,0,0,0,0,0,0,0,0,0,0,0
IRIS+226b9f35+2023-07-18-22h-56m-18s,494,23404442,29838012,,1.0,1.0,1.0,pointworld,pointworld,0,0,0,0,0,0,0,0,0,0,0,0
IRIS+226b9f35+2023-10-31-18h-40m-41s,124,23404442,29838012,,1.0,1.0,1.0,pointworld,pointworld,0,0,0,0,0,0,0,0,0,11,11,0
IRIS+7dfa2da3+2023-04-13-15h-04m-58s,246,23404442,29838012,,1.0,1.0,1.0,pointworld,pointworld,42,0,42,47,0,47,57,0,57,63,0,63
IRIS+7dfa2da3+2023-04-13-15h-12m-56s,243,23404442,29838012,,1.0,1.0,1.0,pointworld,pointworld,0,0,0,0,0,0,0,0,0,0,0,0
IRIS+7dfa2da3+2023-04-13-15h-24m-31s,283,23404442,29838012,,1.0,1.0,1.0,pointworld,pointworld,0,0,0,0,0,0,0,0,0,0,0,0
IRIS+7dfa2da3+2023-04-17-15h-42m-53s,259,23404442,29838012,,1.0,1.0,1.0,pointworld,pointworld,0,0,0,0,0,0,0,0,0,54,0,54
IRIS+7dfa2da3+2023-04-17-15h-47m-31s,284,23404442,29838012,,1.0,1.0,1.0,pointworld,pointworld,0,0,0,22,0,22,36,0,36,45,0,45
IRIS+7dfa2da3+2023-04-17-15h-52m-19s,224,23404442,29838012,,1.0,1.0,1.0,pointworld,pointworld,0,0,0,0,0,0,0,0,0,55,0,55
IRIS+7dfa2da3+2023-04-17-15h-53m-42s,225,23404442,29838012,,1.0,1.0,1.0,pointworld,pointworld,0,0,0,0,0,0,0,0,0,0,0,0
IRIS+7dfa2da3+2023-04-17-15h-56m-36s,468,23404442,29838012,,1.0,1.0,1.0,pointworld,pointworld,0,0,0,0,0,0,0,0,0,31,0,31
IRIS+7dfa2da3+2023-04-18-10h-47m-59s,223,23404442,29838012,,1.0,1.0,0.9775784753363229,pointworld,pointworld,0,0,0,0,0,0,27,27,0,36,36,25
IRIS+7dfa2da3+2023-04-18-10h-48m-25s,293,23404442,29838012,,1.0,1.0,1.0,pointworld,pointworld,22,22,0,28,28,16,34,34,23,38,38,30
IRIS+7dfa2da3+2023-04-18-11h-30m-20s,174,23404442,29838012,,1.0,1.0,0.9056603773584906,pointworld,pointworld,0,0,0,15,0,15,35,0,35,56,0,56
IRIS+7dfa2da3+2023-04-18-11h-56m-29s,377,23404442,29838012,,1.0,1.0,0.939799331103679,pointworld,pointworld,66,66,0,78,78,0,106,106,0,119,119,0
IRIS+7dfa2da3+2023-04-19-10h-09m-32s,249,23404442,29838012,,1.0,1.0,1.0,pointworld,pointworld,0,0,0,25,0,25,40,0,40,48,0,48
IRIS+7dfa2da3+2023-04-26-09h-52m-21s,267,23404442,29838012,,1.0,1.0,1.0,pointworld,pointworld,42,42,0,50,50,0,69,69,0,84,84,44
IRIS+7dfa2da3+2023-04-26-10h-12m-33s,228,23404442,29838012,,1.0,1.0,0.9646464646464646,pointworld,pointworld,0,0,0,30,30,25,37,37,31,43,43,36
IRIS+7dfa2da3+2023-04-26-10h-13m-10s,245,23404442,29838012,,1.0,1.0,0.9646464646464646,pointworld,pointworld,42,42,23,47,47,36,57,57,40,86,86,46
IRIS+7dfa2da3+2023-04-26-10h-14m-27s,206,23404442,29838012,,1.0,1.0,1.0,pointworld,pointworld,0,0,0,33,33,0,38,38,19,68,68,29
IRIS+7dfa2da3+2023-04-27-14h-58m-52s,225,23404442,29838012,,1.0,1.0,1.0,pointworld,pointworld,29,29,0,32,32,18,35,35,24,41,41,30
IRIS+7dfa2da3+2023-04-27-15h-04m-15s,218,23404442,29838012,,1.0,1.0,1.0,pointworld,pointworld,28,28,0,32,32,0,35,35,20,39,39,26
IRIS+7dfa2da3+2023-04-27-15h-10m-30s,369,23404442,29838012,,1.0,1.0,1.0,pointworld,pointworld,37,37,21,55,55,27,65,65,35,203,203,52
IRIS+7dfa2da3+2023-04-27-15h-12m-20s,229,23404442,29838012,,1.0,1.0,1.0,pointworld,pointworld,0,0,0,40,40,0,62,62,0,71,71,0
IRIS+7dfa2da3+2023-04-27-15h-40m-48s,252,23404442,29838012,,1.0,1.0,1.0,pointworld,pointworld,0,0,0,25,23,25,29,27,29,32,30,32
IRIS+7dfa2da3+2023-05-03-09h-35m-38s,198,23404442,29838012,,1.0,1.0,1.0,pointworld,pointworld,26,26,0,29,29,0,34,34,0,37,37,15
IRIS+7dfa2da3+2023-05-03-09h-52m-20s,234,23404442,29838012,,1.0,1.0,1.0,pointworld,pointworld,16,16,0,22,22,0,30,30,0,36,36,0
IRIS+7dfa2da3+2023-05-03-09h-52m-51s,286,23404442,29838012,,1.0,1.0,1.0,pointworld,pointworld,0,0,0,0,0,0,0,0,0,14,14,0
IRIS+7dfa2da3+2023-05-03-09h-55m-32s,186,23404442,29838012,,1.0,1.0,1.0,pointworld,pointworld,0,0,0,0,0,0,0,0,0,14,14,0
IRIS+7dfa2da3+2023-05-05-10h-14m-39s,153,23404442,29838012,,1.0,1.0,1.0,pointworld,pointworld,11,0,11,17,0,17,25,0,25,31,21,31
IRIS+7dfa2da3+2023-05-05-10h-19m-44s,182,23404442,29838012,,1.0,1.0,1.0,pointworld,pointworld,23,0,23,31,27,31,36,31,36,41,34,41
IRIS+7dfa2da3+2023-05-05-10h-22m-47s,162,23404442,29838012,,1.0,1.0,0.9382716049382716,pointworld,pointworld,0,0,0,0,0,0,29,0,29,37,23,37
IRIS+7dfa2da3+2023-05-05-10h-25m-03s,126,23404442,29838012,,1.0,1.0,1.0,pointworld,pointworld,13,13,13,16,16,16,19,19,18,21,21,21
IRIS+7dfa2da3+2023-05-05-10h-29m-21s,137,23404442,29838012,,1.0,1.0,1.0,pointworld,pointworld,18,18,16,24,24,22,30,29,30,37,34,37
IRIS+7dfa2da3+2023-05-05-10h-32m-20s,154,23404442,29838012,,1.0,1.0,1.0,pointworld,pointworld,34,16,34,41,18,41,62,23,62,75,30,75
IRIS+7dfa2da3+2023-05-05-10h-43m-22s,103,23404442,29838012,,1.0,1.0,1.0,pointworld,pointworld,0,0,0,11,0,11,18,12,18,23,17,23
IRIS+7dfa2da3+2023-05-05-10h-47m-40s,161,23404442,29838012,,1.0,1.0,1.0,pointworld,pointworld,14,14,14,27,17,27,37,26,37,42,34,42
IRIS+7dfa2da3+2023-05-05-10h-49m-34s,128,23404442,29838012,,1.0,1.0,1.0,pointworld,pointworld,0,0,0,0,0,0,15,14,15,20,20,20
IRIS+7dfa2da3+2023-05-05-10h-59m-22s,123,23404442,29838012,,1.0,1.0,1.0,pointworld,pointworld,12,12,12,16,16,15,19,19,19,25,22,25
IRIS+7dfa2da3+2023-05-05-11h-00m-57s,169,23404442,29838012,,1.0,1.0,1.0,pointworld,pointworld,32,0,32,50,22,50,58,31,58,70,37,70
IRIS+7dfa2da3+2023-05-05-11h-13m-19s,221,23404442,29838012,,1.0,1.0,0.9479768786127167,pointworld,pointworld,40,27,40,48,34,48,77,40,77,86,45,86
IRIS+7dfa2da3+2023-05-05-11h-14m-21s,175,23404442,29838012,,1.0,1.0,1.0,pointworld,pointworld,33,25,33,38,28,38,60,32,60,68,36,68
IRIS+7dfa2da3+2023-05-05-11h-15m-43s,137,23404442,29838012,,1.0,1.0,1.0,pointworld,pointworld,18,18,17,21,21,20,23,23,23,27,27,26
IRIS+7dfa2da3+2023-05-05-11h-22m-24s,153,23404442,29838012,,1.0,1.0,0.8990825688073395,pointworld,pointworld,42,37,42,44,40,44,47,44,47,50,47,50
IRIS+7dfa2da3+2023-05-05-11h-24m-25s,115,23404442,29838012,,1.0,1.0,0.8539325842696629,pointworld,pointworld,23,0,23,26,10,26,31,17,31,37,22,37
IRIS+7dfa2da3+2023-05-05-11h-27m-51s,247,23404442,29838012,,1.0,1.0,1.0,pointworld,pointworld,0,0,0,14,0,14,19,17,19,22,20,22
IRIS+7dfa2da3+2023-05-05-11h-28m-43s,178,23404442,29838012,,1.0,1.0,1.0,pointworld,pointworld,0,0,0,27,0,27,38,22,38,61,29,61
IRIS+7dfa2da3+2023-05-05-11h-46m-45s,148,23404442,29838012,,1.0,1.0,1.0,pointworld,pointworld,0,0,0,27,0,27,35,11,35,43,18,43
IRIS+7dfa2da3+2023-05-05-11h-47m-08s,114,23404442,29838012,,1.0,1.0,1.0,pointworld,pointworld,20,0,20,23,15,23,26,18,26,32,21,32
IRIS+7dfa2da3+2023-05-05-11h-53m-05s,265,23404442,29838012,,1.0,1.0,1.0,pointworld,pointworld,22,22,20,25,25,24,30,30,27,34,34,32
IRIS+7dfa2da3+2023-05-05-11h-57m-40s,122,23404442,29838012,,1.0,1.0,1.0,pointworld,pointworld,0,0,0,19,16,19,26,23,26,30,26,30
IRIS+7dfa2da3+2023-05-08-14h-35m-09s,171,23404442,29838012,,1.0,1.0,0.8819444444444444,pointworld,pointworld,20,0,20,27,0,27,47,0,47,61,0,61
IRIS+7dfa2da3+2023-05-08-14h-36m-35s,180,23404442,29838012,,1.0,1.0,1.0,pointworld,pointworld,0,0,0,33,0,33,50,0,50,54,0,54
IRIS+7dfa2da3+2023-05-08-15h-29m-33s,173,23404442,29838012,,1.0,1.0,1.0,pointworld,pointworld,0,0,0,0,0,0,32,16,32,52,24,52
IRIS+7dfa2da3+2023-05-08-15h-58m-24s,196,23404442,29838012,,1.0,1.0,1.0,pointworld,pointworld,0,0,0,0,0,0,0,0,0,0,0,0
IRIS+7dfa2da3+2023-05-08-16h-13m-44s,187,23404442,29838012,,1.0,1.0,1.0,pointworld,pointworld,0,0,0,0,0,0,0,0,0,13,13,0
IRIS+7dfa2da3+2023-05-08-16h-15m-17s,257,23404442,29838012,,1.0,1.0,1.0,pointworld,pointworld,0,0,0,0,0,0,0,0,0,0,0,0
IRIS+7dfa2da3+2023-05-11-14h-07m-32s,149,23404442,29838012,,1.0,1.0,1.0,pointworld,pointworld,0,0,0,0,0,0,0,0,0,0,0,0
IRIS+7dfa2da3+2023-05-11-14h-13m-53s,179,23404442,29838012,,1.0,1.0,1.0,pointworld,pointworld,0,0,0,0,0,0,0,0,0,0,0,0
IRIS+7dfa2da3+2023-05-11-14h-27m-22s,159,23404442,29838012,,1.0,1.0,1.0,pointworld,pointworld,15,0,15,27,0,27,32,0,32,36,0,36
IRIS+7dfa2da3+2023-05-11-14h-56m-58s,243,23404442,29838012,,1.0,1.0,1.0,pointworld,pointworld,61,0,61,72,63,72,88,83,88,95,90,95
IRIS+7dfa2da3+2023-05-11-15h-14m-30s,205,23404442,29838012,,1.0,1.0,1.0,pointworld,pointworld,24,24,0,30,30,0,36,36,0,50,50,26
IRIS+7dfa2da3+2023-05-11-15h-14m-54s,169,23404442,29838012,,1.0,1.0,1.0,pointworld,pointworld,20,20,0,25,25,0,31,31,0,37,37,0
IRIS+7dfa2da3+2023-05-11-15h-16m-40s,202,23404442,29838012,,1.0,1.0,1.0,pointworld,pointworld,31,31,0,40,40,0,60,60,0,73,73,0
IRIS+7dfa2da3+2023-05-11-15h-17m-03s,254,23404442,29838012,,1.0,1.0,0.905511811023622,pointworld,pointworld,0,0,0,0,0,0,27,27,0,55,55,0
IRIS+7dfa2da3+2023-05-11-15h-27m-22s,260,23404442,29838012,,1.0,1.0,1.0,pointworld,pointworld,0,0,0,25,25,0,54,54,0,60,60,0
IRIS+7dfa2da3+2023-05-11-15h-27m-53s,173,23404442,29838012,,1.0,1.0,1.0,pointworld,pointworld,22,22,0,27,27,0,42,42,0,48,48,0
IRIS+7dfa2da3+2023-05-11-15h-32m-38s,172,23404442,29838012,,1.0,1.0,1.0,pointworld,pointworld,0,0,0,0,0,0,56,56,0,93,69,0
IRIS+7dfa2da3+2023-05-11-15h-33m-05s,197,23404442,29838012,,1.0,1.0,1.0,pointworld,pointworld,0,0,0,12,12,0,18,18,0,23,23,0
IRIS+7dfa2da3+2023-05-11-15h-37m-39s,176,23404442,29838012,,1.0,1.0,1.0,pointworld,pointworld,15,15,0,19,19,0,23,23,0,28,28,13
IRIS+7dfa2da3+2023-05-11-15h-49m-17s,389,23404442,29838012,,1.0,1.0,0.8575757575757575,pointworld,pointworld,50,50,0,59,59,0,71,71,0,95,95,0
IRIS+7dfa2da3+2023-05-11-15h-51m-30s,137,23404442,29838012,,1.0,1.0,0.9690721649484536,pointworld,pointworld,25,25,0,40,40,0,46,46,0,55,55,0
IRIS+7dfa2da3+2023-05-11-15h-54m-04s,137,23404442,29838012,,1.0,1.0,1.0,pointworld,pointworld,30,30,0,35,35,0,50,50,0,55,55,18
IRIS+7dfa2da3+2023-05-12-10h-43m-19s,170,23404442,29838012,,1.0,1.0,1.0,pointworld,pointworld,0,0,0,0,0,0,0,0,0,20,16,20
IRIS+7dfa2da3+2023-05-12-10h-50m-12s,129,23404442,29838012,,1.0,1.0,1.0,pointworld,pointworld,0,0,0,0,0,0,19,0,19,23,0,23
IRIS+7dfa2da3+2023-05-12-10h-54m-37s,157,23404442,29838012,,1.0,1.0,1.0,pointworld,pointworld,0,0,0,15,0,15,21,0,21,30,0,30
IRIS+7dfa2da3+2023-05-12-10h-55m-51s,191,23404442,29838012,,1.0,1.0,1.0,pointworld,pointworld,0,0,0,31,0,31,38,0,38,63,39,63
IRIS+7dfa2da3+2023-05-12-10h-58m-20s,214,23404442,29838012,,1.0,1.0,1.0,pointworld,pointworld,0,0,0,0,0,0,0,0,0,31,0,31
IRIS+7dfa2da3+2023-05-12-11h-28m-17s,202,23404442,29838012,,1.0,1.0,0.695364238410596,pointworld,pointworld,45,45,14,51,51,17,58,58,20,90,90,24
IRIS+7dfa2da3+2023-05-12-11h-29m-25s,177,23404442,29838012,,1.0,1.0,0.868421052631579,pointworld,pointworld,57,57,0,63,63,21,76,76,27,156,156,34
IRIS+7dfa2da3+2023-05-12-11h-29m-48s,225,23404442,29838012,,1.0,1.0,0.5953757225433526,pointworld,pointworld,33,33,0,52,52,0,59,59,0,68,68,20
IRIS+7dfa2da3+2023-05-12-11h-30m-18s,517,23404442,29838012,,1.0,1.0,0.8487584650112867,pointworld,pointworld,58,58,22,74,74,26,87,87,30,178,178,47
IRIS+7dfa2da3+2023-05-12-11h-41m-10s,171,23404442,29838012,,1.0,1.0,0.75,pointworld,pointworld,56,0,56,59,0,59,65,0,65,73,28,73
IRIS+7dfa2da3+2023-05-12-11h-54m-03s,166,23404442,29838012,,1.0,1.0,1.0,pointworld,pointworld,55,0,55,61,0,61,66,0,66,71,0,71
IRIS+7dfa2da3+2023-05-15-15h-32m-30s,196,23404442,29838012,,1.0,1.0,1.0,pointworld,pointworld,0,0,0,0,0,0,13,0,13,22,0,22
IRIS+7dfa2da3+2023-05-15-16h-01m-18s,140,23404442,29838012,,1.0,1.0,1.0,pointworld,pointworld,0,0,0,0,0,0,11,0,11,19,0,19
IRIS+7dfa2da3+2023-05-15-16h-07m-54s,185,23404442,29838012,,1.0,1.0,1.0,pointworld,pointworld,0,0,0,0,0,0,0,0,0,0,0,0
IRIS+7dfa2da3+2023-05-15-16h-08m-19s,113,23404442,29838012,,1.0,1.0,1.0,pointworld,pointworld,0,0,0,0,0,0,0,0,0,0,0,0
IRIS+7dfa2da3+2023-05-15-16h-11m-33s,310,23404442,29838012,,1.0,1.0,1.0,pointworld,pointworld,0,0,0,0,0,0,0,0,0,0,0,0
IRIS+7dfa2da3+2023-05-15-16h-20m-25s,137,23404442,29838012,,1.0,1.0,1.0,pointworld,pointworld,0,0,0,0,0,0,0,0,0,0,0,0
IRIS+7dfa2da3+2023-05-17-09h-31m-48s,137,23404442,29838012,,1.0,1.0,1.0,pointworld,pointworld,0,0,0,0,0,0,0,0,0,0,0,0
IRIS+7dfa2da3+2023-05-17-09h-35m-21s,182,23404442,29838012,,1.0,1.0,1.0,pointworld,pointworld,0,0,0,0,0,0,0,0,0,0,0,0
IRIS+7dfa2da3+2023-05-18-13h-57m-15s,161,23404442,29838012,,1.0,1.0,1.0,pointworld,pointworld,14,0,14,18,0,18,23,0,23,120,0,120
IRIS+7dfa2da3+2023-05-18-14h-04m-35s,173,23404442,29838012,,1.0,1.0,0.9132947976878613,pointworld,pointworld,0,0,0,0,0,0,0,0,0,10,0,10
IRIS+7dfa2da3+2023-05-18-14h-16m-19s,141,23404442,29838012,,1.0,1.0,1.0,pointworld,pointworld,0,0,0,0,0,0,0,0,0,0,0,0
IRIS+7dfa2da3+2023-05-18-14h-49m-06s,163,23404442,29838012,,1.0,1.0,1.0,pointworld,pointworld,0,0,0,0,0,0,0,0,0,0,0,0
IRIS+7dfa2da3+2023-05-18-15h-12m-08s,102,23404442,29838012,,1.0,1.0,1.0,pointworld,pointworld,0,0,0,0,0,0,0,0,0,0,0,0
IRIS+7dfa2da3+2023-05-18-15h-18m-42s,215,23404442,29838012,,1.0,1.0,1.0,pointworld,pointworld,0,0,0,0,0,0,0,0,0,0,0,0
IRIS+7dfa2da3+2023-05-19-10h-25m-10s,277,23404442,29838012,,1.0,1.0,1.0,pointworld,pointworld,0,0,0,0,0,0,0,0,0,0,0,0
IRIS+7dfa2da3+2023-05-19-10h-28m-14s,237,23404442,29838012,,1.0,1.0,1.0,pointworld,pointworld,0,0,0,0,0,0,0,0,0,0,0,0
IRIS+7dfa2da3+2023-05-19-10h-46m-07s,150,23404442,29838012,,1.0,1.0,1.0,pointworld,pointworld,0,0,0,0,0,0,0,0,0,0,0,0
IRIS+7dfa2da3+2023-05-22-15h-05m-42s,404,23404442,29838012,,1.0,1.0,1.0,pointworld,pointworld,0,0,0,0,0,0,0,0,0,0,0,0
IRIS+7dfa2da3+2023-05-22-15h-07m-51s,213,23404442,29838012,,1.0,1.0,1.0,pointworld,pointworld,0,0,0,0,0,0,0,0,0,0,0,0
IRIS+7dfa2da3+2023-05-23-10h-58m-26s,297,23404442,29838012,,1.0,1.0,1.0,pointworld,pointworld,18,0,18,20,0,20,24,0,24,39,0,39
IRIS+7dfa2da3+2023-05-24-09h-27m-45s,221,23404442,29838012,,1.0,1.0,1.0,pointworld,pointworld,0,0,0,0,0,0,0,0,0,0,0,0
IRIS+7dfa2da3+2023-05-24-09h-34m-02s,158,23404442,29838012,,1.0,1.0,1.0,pointworld,pointworld,0,0,0,12,0,12,16,0,16,21,0,21
IRIS+7dfa2da3+2023-05-24-09h-34m-50s,263,23404442,29838012,,1.0,1.0,1.0,pointworld,pointworld,0,0,0,0,0,0,22,0,22,43,0,43
IRIS+7dfa2da3+2023-05-24-09h-49m-28s,234,23404442,29838012,,1.0,1.0,1.0,pointworld,pointworld,0,0,0,0,0,0,0,0,0,23,0,23
IRIS+7dfa2da3+2023-05-25-13h-49m-00s,315,23404442,29838012,,1.0,1.0,0.8984126984126984,pointworld,pointworld,0,0,0,0,0,0,0,0,0,0,0,0
IRIS+7dfa2da3+2023-05-25-14h-00m-19s,231,23404442,29838012,,1.0,1.0,0.8571428571428571,pointworld,pointworld,0,0,0,0,0,0,0,0,0,0,0,0
IRIS+7dfa2da3+2023-05-25-14h-09m-30s,219,23404442,29838012,,1.0,1.0,0.6575342465753424,pointworld,pointworld,0,0,0,0,0,0,0,0,0,0,0,0
IRIS+7dfa2da3+2023-05-25-15h-03m-33s,149,23404442,29838012,,1.0,1.0,1.0,pointworld,pointworld,0,0,0,0,0,0,0,0,0,12,0,12
IRIS+7dfa2da3+2023-05-25-15h-31m-42s,591,23404442,29838012,,1.0,1.0,0.9964093357271095,pointworld,pointworld,24,0,24,34,0,34,38,0,38,41,0,41
IRIS+7dfa2da3+2023-06-01-13h-35m-56s,137,23404442,29838012,,1.0,1.0,0.8321167883211679,pointworld,pointworld,0,0,0,0,0,0,40,40,37,102,102,41
IRIS+7dfa2da3+2023-06-01-14h-17m-25s,182,23404442,29838012,,1.0,1.0,1.0,pointworld,pointworld,35,0,35,38,0,38,40,0,40,43,15,43
IRIS+7dfa2da3+2023-06-01-14h-51m-09s,148,23404442,29838012,,1.0,1.0,1.0,pointworld,pointworld,20,0,20,22,0,22,25,0,25,27,0,27
IRIS+7dfa2da3+2023-06-01-15h-12m-24s,113,23404442,29838012,,1.0,1.0,1.0,pointworld,pointworld,0,0,0,0,0,0,0,0,0,22,0,22
IRIS+7dfa2da3+2023-06-01-15h-13m-28s,190,23404442,29838012,,1.0,1.0,1.0,pointworld,pointworld,0,0,0,0,0,0,0,0,0,0,0,0
IRIS+7dfa2da3+2023-06-01-15h-22m-47s,138,23404442,29838012,,1.0,1.0,1.0,pointworld,pointworld,0,0,0,0,0,0,23,0,23,29,0,29
IRIS+7dfa2da3+2023-06-02-10h-53m-00s,194,23404442,29838012,,1.0,1.0,0.868421052631579,pointworld,pointworld,62,0,62,80,0,80,142,0,142,153,0,153
IRIS+7dfa2da3+2023-06-02-10h-53m-58s,223,23404442,29838012,,1.0,1.0,0.8834080717488789,pointworld,pointworld,0,0,0,0,0,0,48,0,48,51,0,51
IRIS+7dfa2da3+2023-06-02-10h-56m-44s,297,23404442,29838012,,1.0,1.0,0.7045454545454546,pointworld,pointworld,18,0,18,33,0,33,38,0,38,42,0,42
IRIS+7dfa2da3+2023-06-02-11h-01m-46s,462,23404442,29838012,,1.0,1.0,1.0,pointworld,pointworld,0,0,0,0,0,0,0,0,0,41,0,41
IRIS+7dfa2da3+2023-06-02-11h-21m-20s,211,23404442,29838012,,1.0,1.0,1.0,pointworld,pointworld,0,0,0,0,0,0,0,0,0,0,0,0
IRIS+7dfa2da3+2023-06-05-14h-40m-17s,193,23404442,29838012,,1.0,1.0,1.0,pointworld,pointworld,0,0,0,0,0,0,0,0,0,0,0,0
IRIS+7dfa2da3+2023-06-05-16h-06m-09s,143,23404442,29838012,,1.0,1.0,1.0,pointworld,pointworld,0,0,0,0,0,0,0,0,0,0,0,0
IRIS+7dfa2da3+2023-06-06-10h-56m-29s,122,23404442,29838012,,1.0,1.0,1.0,pointworld,pointworld,0,0,0,0,0,0,0,0,0,0,0,0
IRIS+7dfa2da3+2023-06-06-11h-08m-58s,182,23404442,29838012,,1.0,1.0,0.8571428571428571,pointworld,pointworld,0,0,0,0,0,0,0,0,0,0,0,0
IRIS+7dfa2da3+2023-06-06-11h-15m-44s,233,23404442,29838012,,1.0,1.0,1.0,pointworld,pointworld,0,0,0,0,0,0,13,0,13,18,0,18
IRIS+7dfa2da3+2023-06-06-11h-22m-09s,171,23404442,29838012,,1.0,1.0,1.0,pointworld,pointworld,0,0,0,0,0,0,0,0,0,0,0,0
IRIS+7dfa2da3+2023-06-06-11h-53m-15s,242,23404442,29838012,,1.0,1.0,1.0,pointworld,pointworld,0,0,0,0,0,0,42,0,42,58,0,58
IRIS+7dfa2da3+2023-06-07-09h-49m-14s,168,23404442,29838012,,1.0,1.0,1.0,pointworld,pointworld,0,0,0,15,0,15,20,0,20,26,0,26
IRIS+7dfa2da3+2023-06-07-09h-49m-34s,149,23404442,29838012,,1.0,1.0,1.0,pointworld,pointworld,0,0,0,0,0,0,10,0,10,13,0,13
IRIS+7dfa2da3+2023-06-07-09h-52m-11s,198,23404442,29838012,,1.0,1.0,0.9191919191919192,pointworld,pointworld,0,0,0,0,0,0,0,0,0,0,0,0
IRIS+7dfa2da3+2023-06-07-09h-53m-57s,178,23404442,29838012,,1.0,1.0,1.0,pointworld,pointworld,0,0,0,0,0,0,10,0,10,13,0,13
IRIS+7dfa2da3+2023-06-07-10h-10m-39s,127,23404442,29838012,,1.0,1.0,1.0,pointworld,pointworld,0,0,0,0,0,0,0,0,0,0,0,0
IRIS+7dfa2da3+2023-06-08-15h-11m-33s,190,23404442,29838012,,1.0,1.0,0.8732394366197183,pointworld,pointworld,45,0,45,48,17,48,52,22,52,61,27,61
IRIS+7dfa2da3+2023-06-08-15h-43m-52s,200,23404442,29838012,,1.0,1.0,1.0,pointworld,pointworld,0,0,0,0,0,0,0,0,0,14,0,14
IRIS+7dfa2da3+2023-06-08-15h-44m-32s,170,23404442,29838012,,1.0,1.0,1.0,pointworld,pointworld,21,20,21,25,25,25,29,29,29,43,43,34
IRIS+7dfa2da3+2023-06-12-14h-49m-21s,648,23404442,29838012,,1.0,1.0,1.0,pointworld,pointworld,0,0,0,0,0,0,0,0,0,0,0,0
IRIS+7dfa2da3+2023-06-12-14h-54m-18s,156,23404442,29838012,,1.0,1.0,1.0,pointworld,pointworld,0,0,0,0,0,0,0,0,0,0,0,0
IRIS+7dfa2da3+2023-06-12-15h-16m-07s,110,23404442,29838012,,1.0,1.0,0.948051948051948,pointworld,pointworld,30,0,30,33,0,33,37,0,37,42,0,42
IRIS+7dfa2da3+2023-06-12-15h-18m-17s,119,23404442,29838012,,1.0,1.0,1.0,pointworld,pointworld,27,0,27,32,0,32,41,0,41,63,0,63
IRIS+7dfa2da3+2023-06-13-10h-58m-01s,227,23404442,29838012,,1.0,1.0,1.0,pointworld,pointworld,0,0,0,0,0,0,16,0,16,18,0,18
IRIS+7dfa2da3+2023-06-13-11h-00m-01s,148,23404442,29838012,,1.0,1.0,1.0,pointworld,pointworld,0,0,0,0,0,0,0,0,0,0,0,0
IRIS+7dfa2da3+2023-06-13-11h-01m-04s,154,23404442,29838012,,1.0,1.0,1.0,pointworld,pointworld,0,0,0,0,0,0,15,0,15,18,0,18
IRIS+7dfa2da3+2023-11-01-11h-39m-08s,169,23404442,29838012,,1.0,1.0,1.0,pointworld,pointworld,0,0,0,0,0,0,0,0,0,0,0,0
IRIS+7dfa2da3+2023-11-01-11h-41m-32s,207,23404442,29838012,,1.0,1.0,1.0,pointworld,pointworld,0,0,0,0,0,0,0,0,0,0,0,0
IRIS+7dfa2da3+2023-11-01-11h-44m-08s,139,23404442,29838012,,1.0,1.0,0.9928057553956835,pointworld,pointworld,0,0,0,0,0,0,0,0,0,0,0,0
IRIS+7dfa2da3+2023-11-01-11h-44m-40s,246,23404442,29838012,,1.0,1.0,0.6463414634146342,pointworld,pointworld,0,0,0,0,0,0,0,0,0,0,0,0
IRIS+7dfa2da3+2023-11-02-15h-53m-59s,158,23404442,29838012,,1.0,1.0,1.0,pointworld,pointworld,0,0,0,0,0,0,0,0,0,24,24,0
IRIS+7dfa2da3+2023-11-02-15h-58m-17s,263,23404442,29838012,,1.0,1.0,1.0,pointworld,pointworld,0,0,0,0,0,0,18,18,0,23,23,0
IRIS+7dfa2da3+2023-11-02-15h-59m-36s,166,23404442,29838012,,1.0,1.0,1.0,pointworld,pointworld,0,0,0,0,0,0,0,0,0,22,22,0
IRIS+7dfa2da3+2023-11-02-16h-03m-05s,145,23404442,29838012,,1.0,1.0,1.0,pointworld,pointworld,0,0,0,0,0,0,0,0,0,14,14,0
IRIS+7dfa2da3+2023-11-14-11h-31m-21s,153,23404442,29838012,,1.0,1.0,0.9565217391304348,pointworld,pointworld,34,0,34,38,0,38,42,0,42,46,0,46
IRIS+7dfa2da3+2023-11-16-15h-53m-17s,121,23404442,29838012,,1.0,1.0,1.0,pointworld,pointworld,24,0,24,28,0,28,34,0,34,60,0,60
IRIS+7dfa2da3+2023-12-04-16h-15m-50s,122,23404442,29838012,,1.0,1.0,1.0,pointworld,pointworld,0,0,0,0,0,0,25,25,23,41,41,36
IRIS+85a5958f+2023-07-01-01h-32m-19s,285,23404442,29838012,,1.0,1.0,1.0,pointworld,pointworld,0,0,0,0,0,0,0,0,0,0,0,0
IRIS+85a5958f+2023-07-01-01h-35m-04s,364,23404442,29838012,,1.0,1.0,1.0,pointworld,pointworld,0,0,0,0,0,0,0,0,0,0,0,0
IRIS+85a5958f+2023-07-01-01h-39m-09s,194,23404442,29838012,,1.0,1.0,0.8969072164948454,pointworld,pointworld,0,0,0,0,0,0,0,0,0,0,0,0
IRIS+85a5958f+2023-07-01-01h-41m-00s,358,23404442,29838012,,1.0,1.0,1.0,pointworld,pointworld,0,0,0,0,0,0,0,0,0,0,0,0
IRIS+85a5958f+2023-07-01-01h-43m-19s,176,23404442,29838012,,1.0,1.0,1.0,pointworld,pointworld,0,0,0,0,0,0,0,0,0,0,0,0
IRIS+85a5958f+2023-07-01-02h-03m-47s,272,23404442,29838012,,1.0,1.0,1.0,pointworld,pointworld,0,0,0,0,0,0,0,0,0,0,0,0
IRIS+85a5958f+2023-07-04-16h-45m-37s,424,23404442,29838012,,1.0,1.0,0.38443396226415094,pointworld,pointworld,0,0,0,0,0,0,0,0,0,0,0,0
IRIS+85a5958f+2023-07-05-01h-14m-53s,150,23404442,29838012,,1.0,1.0,1.0,pointworld,pointworld,0,0,0,0,0,0,0,0,0,0,0,0
IRIS+85a5958f+2023-07-05-01h-25m-57s,224,23404442,29838012,,1.0,1.0,1.0,pointworld,pointworld,0,0,0,0,0,0,0,0,0,0,0,0
IRIS+85a5958f+2023-07-05-01h-33m-07s,577,23404442,29838012,,1.0,1.0,1.0,pointworld,pointworld,0,0,0,0,0,0,0,0,0,0,0,0
IRIS+85a5958f+2023-07-05-01h-43m-41s,359,23404442,29838012,,1.0,1.0,1.0,pointworld,pointworld,0,0,0,0,0,0,0,0,0,0,0,0
IRIS+85a5958f+2023-07-05-15h-50m-42s,310,23404442,29838012,,1.0,1.0,1.0,pointworld,pointworld,0,0,0,0,0,0,37,0,37,52,0,52
IRIS+85a5958f+2023-07-05-16h-12m-50s,195,23404442,29838012,,1.0,1.0,1.0,pointworld,pointworld,0,0,0,0,0,0,0,0,0,0,0,0
IRIS+89b42cd2+2023-12-02-11h-41m-23s,298,23404442,29838012,,1.0,1.0,1.0,pointworld,pointworld,0,0,0,0,0,0,46,0,46,49,0,49
IRIS+89b42cd2+2023-12-02-11h-53m-15s,541,23404442,29838012,,1.0,1.0,1.0,pointworld,pointworld,0,0,0,0,0,0,0,0,0,0,0,0
IRIS+89b42cd2+2023-12-02-13h-40m-05s,398,23404442,29838012,,1.0,1.0,1.0,pointworld,pointworld,0,0,0,0,0,0,23,0,23,29,0,29
IRIS+89b42cd2+2023-12-02-13h-41m-50s,1162,23404442,29838012,,1.0,1.0,1.0,pointworld,pointworld,0,0,0,0,0,0,0,0,0,39,0,39
IRIS+89b42cd2+2023-12-02-14h-24m-28s,2152,23404442,29838012,,1.0,1.0,1.0,pointworld,pointworld,0,0,0,18,0,18,25,17,25,29,29,29
IRIS+89b42cd2+2023-12-02-14h-58m-08s,577,23404442,29838012,,1.0,1.0,1.0,pointworld,pointworld,0,0,0,0,0,0,6,0,6,12,0,12
IRIS+89b42cd2+2023-12-06-17h-40m-13s,424,23404442,29838012,,1.0,1.0,1.0,pointworld,pointworld,0,0,0,0,0,0,22,0,22,24,19,24
IRIS+938130c4+2023-07-10-15h-57m-13s,339,23404442,29838012,,1.0,1.0,0.967551622418879,pointworld,pointworld,0,0,0,0,0,0,14,14,0,22,22,18
IRIS+938130c4+2023-07-10-16h-29m-44s,209,23404442,29838012,,1.0,1.0,1.0,pointworld,pointworld,0,0,0,0,0,0,0,0,0,0,0,0
IRIS+938130c4+2023-07-14-14h-51m-39s,380,23404442,29838012,,1.0,1.0,1.0,pointworld,pointworld,0,0,0,0,0,0,0,0,0,0,0,0
IRIS+938130c4+2023-07-14-15h-01m-44s,357,23404442,29838012,,1.0,1.0,0.8907563025210085,pointworld,pointworld,0,0,0,0,0,0,0,0,0,0,0,0
IRIS+938130c4+2023-07-14-15h-06m-17s,324,23404442,29838012,,1.0,1.0,1.0,pointworld,pointworld,0,0,0,0,0,0,0,0,0,0,0,0
IRIS+938130c4+2023-07-14-15h-12m-58s,314,23404442,29838012,,1.0,1.0,1.0,pointworld,pointworld,0,0,0,0,0,0,0,0,0,0,0,0
IRIS+938130c4+2023-07-14-15h-14m-29s,210,23404442,29838012,,1.0,1.0,1.0,pointworld,pointworld,0,0,0,0,0,0,0,0,0,0,0,0
IRIS+938130c4+2023-07-14-15h-16m-14s,252,23404442,29838012,,1.0,1.0,1.0,pointworld,pointworld,0,0,0,0,0,0,0,0,0,0,0,0
IRIS+938130c4+2023-07-14-16h-16m-40s,315,23404442,29838012,,1.0,1.0,1.0,pointworld,pointworld,0,0,0,0,0,0,0,0,0,0,0,0
IRIS+938130c4+2023-07-14-16h-19m-48s,148,23404442,29838012,,1.0,1.0,0.4864864864864865,pointworld,pointworld,0,0,0,0,0,0,0,0,0,0,0,0
IRIS+938130c4+2023-07-14-16h-22m-12s,488,23404442,29838012,,1.0,1.0,0.8135245901639344,pointworld,pointworld,0,0,0,0,0,0,0,0,0,0,0,0
IRIS+938130c4+2023-07-14-17h-10m-00s,164,23404442,29838012,,1.0,1.0,0.8963414634146342,pointworld,pointworld,0,0,0,0,0,0,0,0,0,7,0,7
IRIS+938130c4+2023-07-14-17h-12m-22s,119,23404442,29838012,,1.0,1.0,1.0,pointworld,pointworld,0,0,0,0,0,0,0,0,0,0,0,0
IRIS+938130c4+2023-07-14-17h-14m-44s,172,23404442,29838012,,1.0,1.0,1.0,pointworld,pointworld,0,0,0,0,0,0,7,0,7,15,0,15
IRIS+938130c4+2023-07-14-17h-23m-08s,225,23404442,29838012,,1.0,1.0,1.0,pointworld,pointworld,0,0,0,0,0,0,0,0,0,0,0,0
IRIS+938130c4+2023-07-14-17h-24m-37s,191,23404442,29838012,,1.0,1.0,0.837696335078534,pointworld,pointworld,0,0,0,0,0,0,0,0,0,0,0,0
IRIS+938130c4+2023-07-14-17h-27m-24s,175,23404442,29838012,,1.0,1.0,0.8457142857142858,pointworld,pointworld,0,0,0,0,0,0,0,0,0,83,83,7
IRIS+938130c4+2023-07-14-17h-30m-52s,204,23404442,29838012,,1.0,1.0,1.0,pointworld,pointworld,0,0,0,0,0,0,0,0,0,8,0,8
IRIS+938130c4+2023-07-17-11h-27m-36s,220,23404442,29838012,,1.0,1.0,1.0,pointworld,pointworld,0,0,0,0,0,0,0,0,0,0,0,0
IRIS+938130c4+2023-07-17-11h-39m-39s,198,23404442,29838012,,1.0,1.0,1.0,pointworld,pointworld,0,0,0,0,0,0,0,0,0,0,0,0
IRIS+938130c4+2023-07-17-11h-52m-58s,145,23404442,29838012,,1.0,1.0,1.0,pointworld,pointworld,0,0,0,0,0,0,0,0,0,0,0,0
IRIS+938130c4+2023-07-17-11h-53m-15s,144,23404442,29838012,,1.0,1.0,1.0,pointworld,pointworld,0,0,0,0,0,0,0,0,0,0,0,0
IRIS+938130c4+2023-07-17-12h-11m-19s,322,23404442,29838012,,1.0,1.0,1.0,pointworld,pointworld,0,0,0,0,0,0,0,0,0,0,0,0
IRIS+938130c4+2023-07-17-12h-18m-54s,92,23404442,29838012,,1.0,1.0,1.0,pointworld,pointworld,0,0,0,0,0,0,0,0,0,0,0,0
IRIS+938130c4+2023-07-17-12h-22m-59s,141,23404442,29838012,,1.0,1.0,1.0,pointworld,pointworld,0,0,0,0,0,0,0,0,0,0,0,0
IRIS+938130c4+2023-07-17-15h-39m-36s,250,23404442,29838012,,1.0,1.0,0.96,pointworld,pointworld,0,0,0,0,0,0,0,0,0,0,0,0
IRIS+ef107c48+2023-03-02-15h-00m-48s,112,23404442,29838012,,1.0,1.0,1.0,pointworld,pointworld,0,0,0,0,0,0,0,0,0,0,0,0
IRIS+ef107c48+2023-03-02-15h-17m-35s,140,23404442,29838012,,1.0,1.0,1.0,pointworld,pointworld,0,0,0,0,0,0,0,0,0,0,0,0
IRIS+ef107c48+2023-03-02-15h-18m-14s,108,23404442,29838012,,1.0,1.0,1.0,pointworld,pointworld,0,0,0,0,0,0,0,0,0,0,0,0
IRIS+ef107c48+2023-03-02-15h-22m-54s,154,23404442,29838012,,1.0,1.0,1.0,pointworld,pointworld,0,0,0,0,0,0,0,0,0,23,23,0
IRIS+ef107c48+2023-03-02-15h-23m-14s,194,23404442,29838012,,1.0,1.0,1.0,pointworld,pointworld,0,0,0,0,0,0,0,0,0,29,29,0
IRIS+ef107c48+2023-03-02-18h-23m-18s,118,23404442,29838012,,1.0,1.0,1.0,pointworld,pointworld,0,0,0,9,9,0,13,13,0,15,15,11
IRIS+ef107c48+2023-03-02-18h-26m-28s,123,23404442,29838012,,1.0,1.0,1.0,pointworld,pointworld,13,13,0,16,16,0,18,18,0,20,20,16
IRIS+ef107c48+2023-03-02-18h-28m-03s,144,23404442,29838012,,1.0,1.0,1.0,pointworld,pointworld,0,0,0,0,0,0,20,20,0,23,23,19
IRIS+ef107c48+2023-03-02-21h-51m-55s,147,23404442,29838012,,1.0,1.0,1.0,pointworld,pointworld,14,14,0,17,17,0,20,20,9,24,24,15
IRIS+ef107c48+2023-03-02-22h-02m-06s,94,23404442,29838012,,1.0,1.0,1.0,pointworld,pointworld,0,0,0,0,0,0,14,14,0,17,17,10
IRIS+ef107c48+2023-03-02-22h-02m-21s,163,23404442,29838012,,1.0,1.0,1.0,pointworld,pointworld,0,0,0,0,0,0,12,12,0,14,14,0
IRIS+ef107c48+2023-03-02-22h-04m-33s,118,23404442,29838012,,1.0,1.0,1.0,pointworld,pointworld,0,0,0,0,0,0,0,0,0,0,0,0
IRIS+ef107c48+2023-03-02-22h-05m-08s,132,23404442,29838012,,1.0,1.0,1.0,pointworld,pointworld,0,0,0,10,10,0,12,12,0,14,14,0
IRIS+ef107c48+2023-03-03-15h-31m-24s,135,23404442,29838012,,1.0,0.6666666666666666,0.4444444444444444,pointworld,pointworld,47,47,40,108,92,48,-1,97,-1,-1,101,-1
IRIS+ef107c48+2023-03-07-15h-54m-28s,149,23404442,29838012,,1.0,1.0,1.0,pointworld,pointworld,0,0,0,19,0,19,22,17,22,25,22,25
IRIS+ef107c48+2023-03-07-15h-55m-16s,147,23404442,29838012,,1.0,1.0,1.0,pointworld,pointworld,9,0,9,12,8,12,15,13,15,17,15,17
IRIS+ef107c48+2023-03-07-17h-20m-57s,168,23404442,29838012,,1.0,1.0,1.0,pointworld,pointworld,44,44,0,46,46,39,50,50,41,64,64,43
IRIS+ef107c48+2023-03-07-17h-59m-19s,126,23404442,29838012,,1.0,1.0,1.0,pointworld,pointworld,0,0,0,0,0,0,10,0,10,18,0,18
IRIS+ef107c48+2023-03-08-14h-03m-02s,121,23404442,29838012,,1.0,1.0,1.0,pointworld,pointworld,0,0,0,11,0,11,14,0,14,17,0,17
IRIS+ef107c48+2023-03-08-16h-47m-52s,269,23404442,29838012,,1.0,1.0,1.0,pointworld,pointworld,0,0,0,0,0,0,0,0,0,12,0,12
IRIS+ef107c48+2023-03-08-16h-54m-46s,139,23404442,29838012,,1.0,1.0,1.0,pointworld,pointworld,0,0,0,0,0,0,0,0,0,15,15,0
IRIS+ef107c48+2023-03-08-17h-01m-45s,109,23404442,29838012,,1.0,1.0,1.0,pointworld,pointworld,19,0,19,22,0,22,26,19,26,29,21,29
IRIS+ef107c48+2023-03-08-17h-40m-12s,130,23404442,29838012,,1.0,1.0,0.8160919540229885,pointworld,pointworld,25,0,25,43,0,43,48,0,48,55,0,55
IRIS+ef107c48+2023-03-08-17h-41m-10s,152,23404442,29838012,,1.0,1.0,1.0,pointworld,pointworld,0,0,0,12,0,12,18,0,18,24,0,24
IRIS+ef107c48+2023-03-08-18h-50m-19s,117,23404442,29838012,,1.0,1.0,1.0,pointworld,pointworld,17,0,17,20,0,20,25,0,25,32,0,32
IRIS+ef107c48+2023-03-08-18h-52m-42s,172,23404442,29838012,,1.0,1.0,0.4551282051282051,pointworld,pointworld,0,0,0,16,0,16,24,0,24,54,0,54
IRIS+ef107c48+2023-03-08-19h-37m-02s,81,23404442,29838012,,1.0,1.0,1.0,pointworld,pointworld,13,0,13,14,0,14,17,0,17,20,0,20
IRIS+ef107c48+2023-03-08-19h-44m-01s,181,23404442,29838012,,1.0,0.9814814814814815,0.546583850931677,pointworld,pointworld,17,0,17,20,0,20,25,0,25,-1,0,-1
IRIS+ef107c48+2023-03-08-19h-50m-41s,118,23404442,29838012,,1.0,0.9444444444444444,0.55,pointworld,pointworld,11,0,11,18,0,18,27,0,27,-1,0,-1
IRIS+ef107c48+2023-03-08-19h-52m-34s,92,23404442,29838012,,1.0,1.0,0.8513513513513513,pointworld,pointworld,16,0,16,18,0,18,21,0,21,25,0,25
IRIS+ef107c48+2023-03-09-18h-04m-09s,157,23404442,29838012,,1.0,1.0,1.0,pointworld,pointworld,0,0,0,0,0,0,10,10,0,13,13,0
IRIS+ef107c48+2023-03-09-18h-10m-03s,106,23404442,29838012,,1.0,1.0,1.0,pointworld,pointworld,0,0,0,0,0,0,14,14,0,17,17,0
IRIS+ef107c48+2023-03-09-18h-30m-16s,147,23404442,29838012,,1.0,1.0,1.0,pointworld,pointworld,15,0,15,18,0,18,21,0,21,24,16,24
IRIS+ef107c48+2023-03-09-19h-34m-23s,148,23404442,29838012,,1.0,1.0,1.0,pointworld,pointworld,0,0,0,16,16,0,20,20,0,22,22,0
IRIS+ef107c48+2023-03-09-19h-35m-04s,94,23404442,29838012,,1.0,1.0,1.0,pointworld,pointworld,0,0,0,0,0,0,0,0,0,9,9,0
IRIS+ef107c48+2023-03-09-19h-44m-20s,122,23404442,29838012,,1.0,1.0,1.0,pointworld,pointworld,0,0,0,0,0,0,0,0,0,0,0,0
IRIS+ef107c48+2023-04-07-13h-29m-41s,149,23404442,29838012,,1.0,1.0,1.0,pointworld,pointworld,17,17,0,19,19,11,23,23,15,25,25,18
IRIS+ef107c48+2023-04-07-13h-35m-09s,127,23404442,29838012,,1.0,1.0,1.0,pointworld,pointworld,17,17,10,18,18,14,21,21,16,23,23,18
IRIS+ef107c48+2023-04-07-13h-37m-35s,138,23404442,29838012,,1.0,1.0,0.9381443298969072,pointworld,pointworld,25,25,0,41,41,13,45,45,15,57,57,17
IRIS+ef107c48+2023-04-07-13h-40m-32s,138,23404442,29838012,,1.0,1.0,1.0,pointworld,pointworld,16,16,0,18,18,0,20,20,13,23,23,15
IRIS+ef107c48+2023-04-07-13h-40m-49s,94,23404442,29838012,,1.0,1.0,0.935064935064935,pointworld,pointworld,15,15,0,17,17,0,20,20,10,22,22,12
IRIS+ef107c48+2023-04-07-13h-47m-38s,122,23404442,29838012,,1.0,1.0,1.0,pointworld,pointworld,21,21,0,24,24,0,28,28,11,43,43,14
IRIS+ef107c48+2023-05-30-11h-37m-37s,126,23404442,29838012,,1.0,1.0,1.0,pointworld,pointworld,0,0,0,0,0,0,0,0,0,0,0,0
IRIS+ef107c48+2023-05-30-11h-40m-10s,366,23404442,29838012,,1.0,1.0,1.0,pointworld,pointworld,0,0,0,0,0,0,28,0,28,31,0,31
IRIS+ef107c48+2023-05-31-09h-35m-54s,102,23404442,29838012,,1.0,1.0,1.0,pointworld,pointworld,0,0,0,0,0,0,0,0,0,0,0,0
IRIS+ef107c48+2023-05-31-09h-39m-49s,140,23404442,29838012,,1.0,1.0,1.0,pointworld,pointworld,0,0,0,0,0,0,0,0,0,0,0,0
IRIS+ef107c48+2023-05-31-10h-01m-37s,96,23404442,29838012,,1.0,1.0,1.0,pointworld,pointworld,0,0,0,0,0,0,0,0,0,0,0,0
IRIS+ef107c48+2023-05-31-10h-02m-28s,127,23404442,29838012,,1.0,1.0,1.0,pointworld,pointworld,0,0,0,0,0,0,0,0,0,0,0,0
IRIS+ef107c48+2023-11-19-17h-13m-12s,72,23404442,29838012,,1.0,1.0,1.0,pointworld,pointworld,0,0,0,0,0,0,0,0,0,0,0,0
IRIS+f94b8622+2023-12-07-17h-36m-43s,513,23404442,29838012,,1.0,1.0,1.0,pointworld,pointworld,0,0,0,0,0,0,0,0,0,0,0,0
IRIS+f94b8622+2023-12-08-13h-18m-13s,583,23404442,29838012,,1.0,1.0,0.5591766723842195,pointworld,pointworld,0,0,0,0,0,0,0,0,0,0,0,0
IRIS+f94b8622+2023-12-12-17h-28m-56s,283,23404442,29838012,,1.0,1.0,0.9151943462897526,pointworld,pointworld,0,0,0,0,0,0,0,0,0,0,0,0
IRIS+f94b8622+2023-12-12-19h-39m-25s,284,23404442,29838012,,1.0,0.0,0.0,pointworld,pointworld,-1,0,-1,-1,0,-1,-1,0,-1,-1,0,-1
PennPAL+06b0ffa5+2023-04-27-22h-35m-59s,108,23748752,25455306,,1.0,1.0,1.0,pointworld,pointworld,14,1,14,16,10,16,18,12,18,22,14,22
PennPAL+06b0ffa5+2023-04-27-23h-10m-06s,124,23748752,25455306,,1.0,1.0,1.0,pointworld,pointworld,11,0,11,15,0,15,35,10,35,41,16,41
PennPAL+06b0ffa5+2023-04-29-16h-35m-45s,119,23748752,25455306,,1.0,1.0,1.0,pointworld,pointworld,0,0,0,0,0,0,0,0,0,0,0,0
PennPAL+06b0ffa5+2023-04-29-16h-45m-25s,159,23748752,25455306,,1.0,1.0,1.0,pointworld,pointworld,0,0,0,0,0,0,20,0,20,26,0,26
PennPAL+06b0ffa5+2023-04-29-18h-04m-38s,132,23748752,25455306,,1.0,1.0,1.0,pointworld,pointworld,20,20,16,23,23,20,38,38,24,46,46,38
PennPAL+06b0ffa5+2023-04-29-18h-26m-53s,120,23748752,25455306,,1.0,1.0,1.0,pointworld,pointworld,17,17,14,20,20,16,37,37,18,43,43,21
PennPAL+06b0ffa5+2023-04-29-18h-50m-13s,108,23748752,25455306,,1.0,1.0,1.0,pointworld,pointworld,10,0,10,15,15,13,28,28,16,36,36,20
PennPAL+06b0ffa5+2023-04-29-18h-56m-52s,123,23748752,25455306,,1.0,1.0,1.0,pointworld,pointworld,17,16,17,20,19,20,34,33,34,39,37,39
PennPAL+06b0ffa5+2023-04-29-20h-37m-31s,90,23748752,25455306,,1.0,1.0,1.0,pointworld,pointworld,14,11,14,17,13,17,19,15,19,36,16,36
PennPAL+06b0ffa5+2023-04-29-20h-45m-50s,99,23748752,25455306,,1.0,1.0,1.0,pointworld,pointworld,8,8,0,22,15,0,41,20,41,47,22,47
PennPAL+06b0ffa5+2023-04-29-20h-52m-05s,84,23748752,25455306,,1.0,1.0,1.0,pointworld,pointworld,17,14,17,30,15,30,33,19,33,38,29,38
PennPAL+06b0ffa5+2023-04-29-20h-56m-46s,80,23748752,25455306,,1.0,1.0,1.0,pointworld,pointworld,14,14,12,17,17,16,31,21,31,37,33,37
PennPAL+06b0ffa5+2023-04-29-21h-18m-54s,85,23748752,25455306,,1.0,1.0,1.0,pointworld,pointworld,15,12,15,17,14,17,30,16,30,36,28,36
PennPAL+06b0ffa5+2023-04-29-21h-20m-58s,95,23748752,25455306,,1.0,1.0,0.9605263157894737,pointworld,pointworld,15,12,15,19,14,19,30,17,30,34,28,34
PennPAL+06b0ffa5+2023-04-29-21h-22m-54s,76,23748752,25455306,,1.0,1.0,1.0,pointworld,pointworld,10,10,9,14,12,14,28,15,28,34,18,34
PennPAL+06b0ffa5+2023-04-29-21h-24m-34s,90,23748752,25455306,,1.0,1.0,1.0,pointworld,pointworld,0,0,0,9,9,0,32,15,32,43,29,43
PennPAL+06b0ffa5+2023-04-29-21h-51m-55s,144,23748752,25455306,,0.8703703703703703,1.0,0.6811594202898551,pointworld,pointworld,64,64,0,75,75,0,124,124,0,-1,-1,17
PennPAL+06b0ffa5+2023-04-29-23h-12m-19s,116,23748752,25455306,,1.0,1.0,1.0,pointworld,pointworld,14,14,0,16,16,0,19,19,0,22,22,13
PennPAL+06b0ffa5+2023-04-29-23h-18m-24s,130,23748752,25455306,,1.0,1.0,1.0,pointworld,pointworld,22,22,16,33,33,19,37,37,31,40,40,35
PennPAL+06b0ffa5+2023-04-29-23h-30m-30s,138,23748752,25455306,,1.0,1.0,1.0,pointworld,pointworld,29,29,0,32,32,30,36,36,33,52,52,37
PennPAL+06b0ffa5+2023-04-29-23h-38m-42s,94,23748752,25455306,,1.0,1.0,1.0,pointworld,pointworld,5,5,0,9,9,0,22,22,0,32,32,0
PennPAL+acda9df3+2023-06-15-17h-17m-19s,232,25455306,27085680,,1.0,1.0,1.0,pointworld,pointworld,0,0,0,0,0,0,0,0,0,0,0,0
PennPAL+acda9df3+2023-06-15-18h-02m-09s,335,25455306,27085680,,1.0,1.0,1.0,pointworld,pointworld,0,0,0,0,0,0,0,0,0,0,0,0
PennPAL+acda9df3+2023-06-15-18h-39m-46s,235,25455306,27085680,,1.0,1.0,1.0,pointworld,pointworld,0,0,0,0,0,0,52,52,0,59,59,49
PennPAL+acda9df3+2023-06-15-18h-47m-13s,323,25455306,27085680,,1.0,1.0,1.0,pointworld,pointworld,0,0,0,0,0,0,0,0,0,0,0,0
PennPAL+acda9df3+2023-06-15-18h-53m-11s,237,25455306,27085680,,1.0,1.0,1.0,pointworld,pointworld,0,0,0,0,0,0,0,0,0,87,87,0
PennPAL+acda9df3+2023-06-16-17h-32m-24s,279,25455306,27085680,,1.0,1.0,1.0,pointworld,pointworld,0,0,0,0,0,0,37,37,0,45,45,0
PennPAL+acda9df3+2023-06-16-17h-39m-03s,446,25455306,27085680,,1.0,1.0,1.0,pointworld,pointworld,0,0,0,0,0,0,0,0,0,0,0,0
PennPAL+acda9df3+2023-06-16-18h-32m-58s,166,25455306,27085680,,1.0,1.0,1.0,pointworld,pointworld,0,0,0,0,0,0,0,0,0,0,0,0
PennPAL+acda9df3+2023-06-16-19h-07m-01s,262,25455306,27085680,,1.0,1.0,1.0,pointworld,pointworld,0,0,0,0,0,0,70,70,0,77,77,0
PennPAL+acda9df3+2023-06-18-20h-09m-33s,287,25455306,27085680,,0.7962962962962963,1.0,0.7301587301587301,pointworld,pointworld,72,72,0,224,224,0,227,227,0,-1,-1,0
PennPAL+acda9df3+2023-06-18-20h-21m-34s,260,25455306,27085680,,0.5,1.0,0.4230769230769231,pointworld,pointworld,55,55,0,234,234,0,-1,-1,0,-1,-1,0
PennPAL+acda9df3+2023-06-18-21h-02m-25s,430,25455306,27085680,,1.0,1.0,1.0,pointworld,pointworld,108,108,0,114,114,0,123,123,0,146,146,0
PennPAL+acda9df3+2023-06-18-21h-11m-53s,174,25455306,27085680,,1.0,1.0,0.8712121212121212,pointworld,pointworld,37,37,0,42,42,0,51,51,0,62,62,0
PennPAL+acda9df3+2023-06-18-21h-25m-49s,350,25455306,27085680,,1.0,1.0,1.0,pointworld,pointworld,43,43,0,48,48,0,54,54,0,59,59,0
PennPAL+acda9df3+2023-06-20-17h-21m-06s,456,25455306,27085680,,1.0,1.0,1.0,pointworld,pointworld,0,0,0,0,0,0,0,0,0,29,0,29
PennPAL+acda9df3+2023-06-20-17h-24m-21s,708,25455306,27085680,,1.0,1.0,1.0,pointworld,pointworld,0,0,0,0,0,0,0,0,0,0,0,0
PennPAL+acda9df3+2023-06-20-17h-49m-43s,591,25455306,27085680,,1.0,1.0,1.0,pointworld,pointworld,0,0,0,29,29,0,47,47,0,91,91,47
PennPAL+acda9df3+2023-06-20-17h-53m-45s,569,25455306,27085680,,1.0,1.0,0.9876977152899824,pointworld,pointworld,0,0,0,0,0,0,0,0,0,35,35,0
PennPAL+acda9df3+2023-06-20-17h-57m-03s,386,25455306,27085680,,1.0,1.0,1.0,pointworld,pointworld,0,0,0,0,0,0,0,0,0,0,0,0
PennPAL+acda9df3+2023-06-20-18h-27m-06s,393,25455306,27085680,,1.0,1.0,1.0,pointworld,pointworld,0,0,0,0,0,0,37,37,0,53,53,50
PennPAL+acda9df3+2023-06-20-18h-29m-57s,532,25455306,27085680,,1.0,1.0,1.0,pointworld,pointworld,0,0,0,0,0,0,0,0,0,48,48,0
PennPAL+acda9df3+2023-06-20-18h-53m-21s,207,25455306,27085680,,1.0,1.0,1.0,pointworld,pointworld,0,0,0,42,42,0,64,64,0,163,163,47
PennPAL+acda9df3+2023-06-20-18h-57m-27s,350,25455306,27085680,,1.0,1.0,0.8704318936877077,pointworld,pointworld,0,0,0,49,49,0,72,72,68,78,78,78
PennPAL+acda9df3+2023-06-23-19h-39m-11s,184,25455306,27085680,,1.0,1.0,1.0,pointworld,pointworld,28,0,28,34,0,34,39,0,39,45,0,45
PennPAL+acda9df3+2023-06-23-20h-05m-13s,577,25455306,27085680,,1.0,1.0,0.9792027729636048,pointworld,pointworld,0,0,0,0,0,0,36,0,36,43,0,43
PennPAL+acda9df3+2023-06-23-20h-44m-52s,477,25455306,27085680,,1.0,1.0,1.0,pointworld,pointworld,0,0,0,0,0,0,27,0,27,35,20,35
PennPAL+acda9df3+2023-06-23-21h-03m-18s,319,25455306,27085680,,1.0,1.0,1.0,pointworld,pointworld,0,0,0,0,0,0,0,0,0,68,68,66
PennPAL+acda9df3+2023-06-25-18h-39m-15s,440,25455306,27085680,,0.7222222222222222,1.0,0.17272727272727273,pointworld,pointworld,0,0,0,0,0,0,-1,-1,0,-1,-1,0
PennPAL+acda9df3+2023-06-29-19h-02m-43s,272,25455306,27085680,,1.0,1.0,0.4264705882352941,pointworld,pointworld,0,0,0,0,0,0,0,0,0,0,0,0
PennPAL+acda9df3+2023-06-29-20h-32m-25s,202,25455306,27085680,,0.8148148148148148,1.0,0.3564356435643564,pointworld,pointworld,0,0,0,0,0,0,161,161,0,-1,-1,0
PennPAL+acda9df3+2023-06-29-20h-33m-25s,481,25455306,27085680,,1.0,1.0,0.18087318087318088,pointworld,pointworld,0,0,0,0,0,0,0,0,0,0,0,0
PennPAL+acda9df3+2023-06-29-20h-41m-32s,230,25455306,27085680,,1.0,1.0,0.45652173913043476,pointworld,pointworld,0,0,0,0,0,0,0,0,0,0,0,0
PennPAL+acda9df3+2023-06-29-20h-43m-02s,284,25455306,27085680,,1.0,1.0,0.20774647887323944,pointworld,pointworld,0,0,0,0,0,0,0,0,0,0,0,0
PennPAL+acda9df3+2023-06-29-20h-43m-52s,324,25455306,27085680,,1.0,1.0,0.28703703703703703,pointworld,pointworld,0,0,0,0,0,0,0,0,0,0,0,0
PennPAL+acda9df3+2023-07-07-19h-35m-18s,259,25455306,27085680,,1.0,1.0,1.0,pointworld,pointworld,34,34,0,53,53,0,59,59,0,63,63,55
PennPAL+acda9df3+2023-07-07-20h-26m-38s,245,25455306,27085680,,1.0,1.0,0.9306122448979591,pointworld,pointworld,0,0,0,0,0,0,0,0,0,35,35,0
PennPAL+acda9df3+2023-07-07-20h-39m-36s,233,25455306,27085680,,1.0,1.0,0.7639484978540773,pointworld,pointworld,0,0,0,0,0,0,0,0,0,0,0,0
PennPAL+acda9df3+2023-07-07-21h-07m-37s,314,25455306,27085680,,1.0,1.0,0.8885350318471338,pointworld,pointworld,0,0,0,0,0,0,0,0,0,0,0,0
PennPAL+acda9df3+2023-07-07-21h-13m-41s,229,25455306,27085680,,1.0,1.0,0.9301310043668122,pointworld,pointworld,0,0,0,0,0,0,0,0,0,0,0,0
PennPAL+acda9df3+2023-07-07-21h-14m-11s,272,25455306,27085680,,1.0,1.0,0.9264705882352942,pointworld,pointworld,0,0,0,0,0,0,0,0,0,0,0,0
PennPAL+acda9df3+2023-07-07-21h-37m-09s,243,25455306,27085680,,1.0,1.0,0.654320987654321,pointworld,pointworld,0,0,0,0,0,0,0,0,0,18,18,0
PennPAL+acda9df3+2023-07-10-20h-39m-08s,227,25455306,27085680,,0.8333333333333334,1.0,0.6524822695035462,pointworld,pointworld,71,71,0,86,86,0,108,108,0,-1,-1,42
PennPAL+acda9df3+2023-07-10-21h-26m-16s,190,25455306,27085680,,0.7777777777777778,1.0,0.6917293233082706,pointworld,pointworld,0,0,0,57,57,0,113,113,0,-1,-1,0
PennPAL+acda9df3+2023-07-10-21h-36m-23s,387,25455306,27085680,,1.0,1.0,0.6278409090909091,pointworld,pointworld,28,28,0,35,35,0,61,61,0,71,71,0
PennPAL+acda9df3+2023-07-10-21h-39m-35s,350,25455306,27085680,,1.0,1.0,0.3202614379084967,pointworld,pointworld,40,40,0,44,44,0,49,49,0,55,55,31
PennPAL+acda9df3+2023-07-14-16h-42m-21s,202,25455306,27085680,,0.9814814814814815,1.0,1.0,pointworld,pointworld,116,116,0,121,121,0,127,127,0,-1,-1,0
PennPAL+acda9df3+2023-07-14-16h-43m-26s,247,25455306,27085680,,1.0,1.0,1.0,pointworld,pointworld,42,42,0,51,51,0,74,74,0,84,84,0
PennPAL+acda9df3+2023-07-14-16h-47m-43s,560,25455306,27085680,,1.0,1.0,0.9173913043478261,pointworld,pointworld,94,94,0,100,100,0,108,108,0,125,125,0
PennPAL+acda9df3+2023-07-14-16h-49m-23s,446,25455306,27085680,,1.0,1.0,1.0,pointworld,pointworld,81,81,0,85,85,0,88,88,0,112,92,0
PennPAL+acda9df3+2023-07-14-16h-50m-43s,500,25455306,27085680,,1.0,1.0,1.0,pointworld,pointworld,39,39,0,43,43,0,62,62,0,69,69,0
PennPAL+acda9df3+2023-07-14-16h-52m-28s,421,25455306,27085680,,1.0,1.0,1.0,pointworld,pointworld,40,40,0,45,45,0,48,48,0,66,66,0
PennPAL+acda9df3+2023-07-14-16h-54m-33s,346,25455306,27085680,,1.0,1.0,0.9181494661921709,pointworld,pointworld,63,63,0,65,65,0,68,68,0,78,78,0
PennPAL+acda9df3+2023-07-14-17h-07m-42s,264,25455306,27085680,,1.0,1.0,1.0,pointworld,pointworld,77,77,0,81,81,0,83,83,0,113,113,0
PennPAL+acda9df3+2023-07-14-17h-13m-07s,277,25455306,27085680,,1.0,1.0,1.0,pointworld,pointworld,44,44,0,50,50,0,56,56,0,76,76,0
PennPAL+acda9df3+2023-07-15-23h-08m-02s,375,25455306,27085680,,1.0,1.0,0.544,pointworld,pointworld,0,0,0,0,0,0,0,0,0,0,0,0
PennPAL+acda9df3+2023-07-15-23h-14m-43s,326,25455306,27085680,,1.0,1.0,1.0,pointworld,pointworld,0,0,0,0,0,0,0,0,0,58,58,0
PennPAL+acda9df3+2023-07-19-16h-08m-52s,760,25455306,27085680,,1.0,1.0,1.0,pointworld,pointworld,0,0,0,43,43,0,50,50,0,56,56,0
PennPAL+acda9df3+2023-07-19-16h-12m-57s,494,25455306,27085680,,1.0,1.0,1.0,pointworld,pointworld,0,0,0,0,0,0,0,0,0,65,65,0
PennPAL+acda9df3+2023-07-19-16h-13m-46s,660,25455306,27085680,,1.0,1.0,1.0,pointworld,pointworld,0,0,0,0,0,0,59,59,0,63,63,0
PennPAL+acda9df3+2023-07-19-16h-25m-46s,629,25455306,27085680,,1.0,1.0,1.0,pointworld,pointworld,0,0,0,0,0,0,29,29,0,33,33,0
PennPAL+acda9df3+2023-07-19-16h-39m-12s,442,25455306,27085680,,1.0,1.0,1.0,pointworld,pointworld,0,0,0,0,0,0,0,0,0,0,0,0
PennPAL+acda9df3+2023-07-19-16h-41m-53s,488,25455306,27085680,,1.0,1.0,1.0,pointworld,pointworld,0,0,0,0,0,0,0,0,0,56,56,0
PennPAL+acda9df3+2023-07-19-16h-42m-50s,437,25455306,27085680,,1.0,1.0,1.0,pointworld,pointworld,0,0,0,0,0,0,27,27,0,48,48,0
PennPAL+acda9df3+2023-07-19-16h-46m-16s,531,25455306,27085680,,1.0,1.0,1.0,pointworld,pointworld,0,0,0,0,0,0,65,65,0,71,71,0
PennPAL+acda9df3+2023-07-19-16h-53m-20s,420,25455306,27085680,,1.0,1.0,1.0,pointworld,pointworld,0,0,0,0,0,0,74,74,0,79,79,0
PennPAL+acda9df3+2023-07-19-16h-56m-16s,432,25455306,27085680,,1.0,1.0,1.0,pointworld,pointworld,0,0,0,0,0,0,0,0,0,0,0,0
PennPAL+acda9df3+2023-07-19-16h-57m-21s,418,25455306,27085680,,1.0,1.0,1.0,pointworld,pointworld,0,0,0,0,0,0,91,91,0,101,101,0
PennPAL+acda9df3+2023-07-19-17h-01m-23s,402,25455306,27085680,,1.0,1.0,0.9900497512437811,pointworld,pointworld,0,0,0,0,0,0,0,0,0,36,36,0
PennPAL+acda9df3+2023-07-19-17h-15m-05s,783,25455306,27085680,,1.0,1.0,1.0,pointworld,pointworld,0,0,0,0,0,0,0,0,0,0,0,0
PennPAL+acda9df3+2023-07-19-17h-22m-48s,689,25455306,27085680,,1.0,1.0,1.0,pointworld,pointworld,0,0,0,0,0,0,0,0,0,0,0,0
PennPAL+acda9df3+2023-08-16-17h-31m-09s,399,25455306,27085680,,1.0,1.0,0.8914473684210527,pointworld,pointworld,91,91,0,95,95,0,115,115,0,142,142,0
PennPAL+acda9df3+2023-08-16-17h-46m-35s,668,25455306,27085680,,1.0,1.0,0.9742388758782201,pointworld,pointworld,201,201,0,241,241,0,245,245,0,275,275,0
PennPAL+acda9df3+2023-08-16-18h-02m-15s,454,25455306,27085680,,1.0,1.0,1.0,pointworld,pointworld,49,49,0,70,70,0,85,85,0,131,131,0
PennPAL+acda9df3+2023-08-16-18h-04m-55s,308,25455306,27085680,,1.0,1.0,1.0,pointworld,pointworld,56,56,0,62,62,0,79,79,0,89,89,0
PennPAL+acda9df3+2023-08-23-20h-46m-48s,313,25455306,27085680,,1.0,1.0,1.0,pointworld,pointworld,0,0,0,0,0,0,0,0,0,0,0,0
PennPAL+acda9df3+2023-08-23-20h-57m-36s,290,25455306,27085680,,1.0,1.0,1.0,pointworld,pointworld,0,0,0,0,0,0,0,0,0,0,0,0
PennPAL+acda9df3+2023-08-23-21h-28m-53s,447,25455306,27085680,,1.0,1.0,1.0,pointworld,pointworld,0,0,0,0,0,0,0,0,0,0,0,0
PennPAL+acda9df3+2023-08-23-21h-41m-29s,210,25455306,27085680,,1.0,1.0,1.0,pointworld,pointworld,0,0,0,0,0,0,0,0,0,0,0,0
PennPAL+acda9df3+2023-08-23-22h-33m-22s,250,25455306,27085680,,1.0,1.0,1.0,pointworld,pointworld,0,0,0,0,0,0,52,52,0,61,61,0
PennPAL+c5f808b7+2023-06-15-17h-07m-51s,164,25455306,27085680,,1.0,1.0,1.0,pointworld,pointworld,47,47,0,52,52,0,55,55,0,63,63,0
PennPAL+c5f808b7+2023-06-15-17h-10m-02s,153,25455306,27085680,,1.0,1.0,1.0,pointworld,pointworld,0,0,0,0,0,0,34,34,0,45,45,0
PennPAL+c5f808b7+2023-06-16-15h-54m-23s,198,25455306,27085680,,1.0,1.0,1.0,pointworld,pointworld,0,0,0,0,0,0,0,0,0,0,0,0
PennPAL+c5f808b7+2023-06-16-16h-11m-27s,164,25455306,27085680,,1.0,1.0,1.0,pointworld,pointworld,0,0,0,0,0,0,0,0,0,0,0,0
PennPAL+c5f808b7+2023-06-16-16h-35m-10s,189,25455306,27085680,,1.0,1.0,1.0,pointworld,pointworld,0,0,0,0,0,0,0,0,0,25,25,0
PennPAL+c5f808b7+2023-10-01-17h-10m-20s,195,25455306,27085680,,1.0,1.0,0.9090909090909091,pointworld,pointworld,49,49,0,52,52,0,56,56,0,-1,61,25
PennPAL+c5f808b7+2023-10-01-17h-50m-46s,358,25455306,27085680,,1.0,1.0,0.9425981873111783,pointworld,pointworld,24,24,0,27,27,0,41,41,0,45,45,0
PennPAL+c5f808b7+2023-10-01-17h-51m-48s,224,25455306,27085680,,1.0,1.0,1.0,pointworld,pointworld,48,48,0,50,50,0,64,64,0,68,68,44
PennPAL+c5f808b7+2023-10-01-17h-54m-26s,332,25455306,27085680,,1.0,1.0,0.9216867469879518,pointworld,pointworld,0,0,0,0,0,0,21,21,0,24,24,0
PennPAL+c5f808b7+2023-10-01-18h-12m-10s,254,25455306,27085680,,1.0,1.0,1.0,pointworld,pointworld,17,17,0,20,20,0,22,22,0,24,24,0
PennPAL+c5f808b7+2023-10-06-19h-32m-56s,153,25455306,27085680,,1.0,1.0,0.869281045751634,pointworld,pointworld,0,0,0,0,0,0,19,19,0,25,25,0
PennPAL+c5f808b7+2023-10-06-19h-34m-59s,309,25455306,27085680,,1.0,1.0,1.0,pointworld,pointworld,0,0,0,0,0,0,64,64,0,87,87,0
PennPAL+c5f808b7+2023-10-06-19h-46m-29s,252,25455306,27085680,,1.0,1.0,1.0,pointworld,pointworld,0,0,0,0,0,0,0,0,0,0,0,0
PennPAL+c5f808b7+2023-10-06-20h-00m-55s,370,25455306,27085680,,1.0,1.0,1.0,pointworld,pointworld,0,0,0,32,32,0,37,37,0,40,40,0
PennPAL+c5f808b7+2023-10-06-20h-06m-44s,412,25455306,27085680,,1.0,1.0,1.0,pointworld,pointworld,0,0,0,18,18,0,30,30,0,52,52,0
PennPAL+c5f808b7+2023-10-06-20h-51m-05s,226,25455306,27085680,,1.0,1.0,1.0,pointworld,pointworld,0,0,0,56,56,0,60,60,0,77,77,0
PennPAL+c5f808b7+2023-10-09-20h-56m-13s,118,25455306,27085680,,1.0,1.0,1.0,pointworld,pointworld,0,0,0,0,0,0,0,0,0,0,0,0
PennPAL+c5f808b7+2023-10-09-21h-09m-54s,72,25455306,27085680,,1.0,1.0,1.0,pointworld,pointworld,0,0,0,0,0,0,19,19,0,24,24,21
PennPAL+c5f808b7+2023-10-09-21h-12m-33s,102,25455306,27085680,,1.0,1.0,1.0,pointworld,pointworld,0,0,0,0,0,0,0,0,0,0,0,0
PennPAL+c5f808b7+2023-10-09-21h-30m-33s,168,25455306,27085680,,1.0,1.0,1.0,pointworld,pointworld,0,0,0,0,0,0,0,0,0,0,0,0
PennPAL+c5f808b7+2023-10-09-21h-33m-37s,234,25455306,27085680,,1.0,1.0,1.0,pointworld,pointworld,0,0,0,0,0,0,0,0,0,38,38,0
PennPAL+c5f808b7+2023-10-09-21h-53m-21s,142,25455306,27085680,,1.0,1.0,1.0,pointworld,pointworld,0,0,0,0,0,0,0,0,0,0,0,0
PennPAL+c5f808b7+2023-10-09-21h-55m-46s,213,25455306,27085680,,1.0,1.0,1.0,pointworld,pointworld,0,0,0,0,0,0,0,0,0,42,42,0
PennPAL+c5f808b7+2023-10-19-00h-35m-35s,274,25455306,27085680,,1.0,1.0,0.22992700729927007,pointworld,pointworld,0,0,0,0,0,0,0,0,0,0,0,0
PennPAL+c5f808b7+2023-10-19-00h-48m-13s,110,25455306,27085680,,1.0,1.0,1.0,pointworld,pointworld,0,0,0,0,0,0,0,0,0,0,0,0
PennPAL+c5f808b7+2023-10-19-00h-58m-23s,365,25455306,27085680,,1.0,1.0,0.9780821917808219,pointworld,pointworld,0,0,0,0,0,0,0,0,0,0,0,0
PennPAL+c5f808b7+2023-10-24-17h-35m-48s,313,25455306,27085680,,1.0,1.0,1.0,pointworld,pointworld,0,0,0,0,0,0,0,0,0,0,0,0
PennPAL+c5f808b7+2023-10-24-17h-41m-19s,316,25455306,27085680,,1.0,1.0,1.0,pointworld,pointworld,0,0,0,0,0,0,0,0,0,0,0,0
PennPAL+c5f808b7+2023-10-27-17h-54m-07s,283,25455306,27085680,,1.0,1.0,1.0,pointworld,pointworld,0,0,0,0,0,0,0,0,0,0,0,0
PennPAL+c5f808b7+2023-10-27-17h-55m-42s,272,25455306,27085680,,1.0,1.0,1.0,pointworld,pointworld,0,0,0,0,0,0,0,0,0,0,0,0
PennPAL+c5f808b7+2023-10-27-17h-57m-27s,266,25455306,27085680,,1.0,1.0,1.0,pointworld,pointworld,0,0,0,0,0,0,0,0,0,0,0,0
PennPAL+c5f808b7+2023-10-29-20h-43m-25s,491,25455306,27085680,,1.0,1.0,0.28105906313645623,pointworld,pointworld,0,0,0,0,0,0,0,0,0,0,0,0
PennPAL+c5f808b7+2023-10-29-20h-55m-16s,771,25455306,27085680,,1.0,1.0,0.31776913099870296,pointworld,pointworld,0,0,0,0,0,0,0,0,0,0,0,0
PennPAL+c5f808b7+2023-10-30-17h-52m-20s,334,25455306,27085680,,1.0,1.0,1.0,pointworld,pointworld,0,0,0,0,0,0,0,0,0,0,0,0
PennPAL+c5f808b7+2023-10-30-18h-37m-06s,356,25455306,27085680,,1.0,1.0,0.9662921348314607,pointworld,pointworld,0,0,0,0,0,0,0,0,0,0,0,0
PennPAL+c5f808b7+2023-10-30-18h-54m-35s,288,25455306,27085680,,1.0,1.0,0.6597222222222222,pointworld,pointworld,0,0,0,0,0,0,0,0,0,0,0,0
PennPAL+c5f808b7+2023-10-30-19h-04m-26s,186,25455306,27085680,,1.0,1.0,1.0,pointworld,pointworld,0,0,0,0,0,0,20,20,0,23,23,0
PennPAL+c5f808b7+2023-10-30-19h-09m-04s,179,25455306,27085680,,1.0,1.0,1.0,pointworld,pointworld,0,0,0,0,0,0,17,17,0,25,25,0
PennPAL+c5f808b7+2023-10-30-19h-24m-27s,480,25455306,27085680,,1.0,1.0,0.80625,pointworld,pointworld,0,0,0,0,0,0,0,0,0,0,0,0
PennPAL+c5f808b7+2023-10-31-13h-45m-44s,195,25455306,27085680,,1.0,1.0,1.0,pointworld,pointworld,0,0,0,0,0,0,0,0,0,0,0,0
PennPAL+c5f808b7+2023-10-31-13h-53m-12s,275,25455306,27085680,,1.0,1.0,1.0,pointworld,pointworld,0,0,0,0,0,0,15,15,0,19,19,0
PennPAL+c5f808b7+2023-10-31-14h-01m-30s,318,25455306,27085680,,1.0,1.0,1.0,pointworld,pointworld,0,0,0,0,0,0,31,31,0,39,39,30
RAD+62828209+2023-08-31-13h-55m-59s,161,32907025,35215462,,1.0,1.0,1.0,pointworld,pointworld,0,0,0,0,0,0,0,0,0,0,0,0
RAD+62828209+2023-09-09-07h-01m-12s,197,32907025,35215462,,1.0,1.0,1.0,pointworld,pointworld,0,0,0,0,0,0,0,0,0,0,0,0
RAD+62828209+2023-09-09-07h-35m-49s,466,32907025,35215462,,1.0,1.0,1.0,pointworld,pointworld,0,0,0,0,0,0,0,0,0,0,0,0
RAD+62828209+2023-09-09-09h-08m-51s,308,32907025,35215462,,1.0,1.0,1.0,pointworld,pointworld,0,0,0,0,0,0,0,0,0,0,0,0
RAD+62828209+2023-09-09-09h-09m-40s,232,32907025,35215462,,1.0,1.0,1.0,pointworld,pointworld,0,0,0,0,0,0,0,0,0,0,0,0
RAD+62828209+2023-11-26-13h-42m-00s,536,32907025,35215462,,1.0,1.0,1.0,pointworld,pointworld,0,0,0,0,0,0,0,0,0,0,0,0
RAD+62828209+2023-11-26-13h-45m-02s,1347,32907025,35215462,,1.0,1.0,1.0,pointworld,pointworld,0,0,0,0,0,0,0,0,0,0,0,0
RAD+62828209+2023-11-26-15h-58m-29s,207,32907025,35215462,,1.0,1.0,1.0,pointworld,pointworld,0,0,0,0,0,0,0,0,0,0,0,0
RAD+62828209+2023-11-26-16h-03m-49s,210,32907025,35215462,,1.0,1.0,1.0,pointworld,pointworld,0,0,0,0,0,0,0,0,0,0,0,0
RAD+62828209+2023-11-26-16h-04m-34s,284,32907025,35215462,,1.0,1.0,1.0,pointworld,pointworld,0,0,0,0,0,0,0,0,0,0,0,0
RAD+62828209+2023-12-19-10h-48m-06s,380,32907025,35215462,,1.0,1.0,1.0,pointworld,pointworld,0,0,0,0,0,0,0,0,0,0,0,0
RAD+62828209+2023-12-19-11h-26m-09s,224,32907025,35215462,,1.0,1.0,1.0,pointworld,pointworld,0,0,0,0,0,0,0,0,0,0,0,0
RAD+62828209+2023-12-19-11h-26m-58s,245,32907025,35215462,,1.0,1.0,1.0,pointworld,pointworld,0,0,0,0,0,0,0,0,0,0,0,0
RAD+62828209+2023-12-19-11h-30m-49s,342,32907025,35215462,,1.0,1.0,1.0,pointworld,pointworld,0,0,0,0,0,0,0,0,0,0,0,0
RAD+62828209+2023-12-19-11h-40m-17s,425,32907025,35215462,,1.0,1.0,1.0,pointworld,pointworld,0,0,0,0,0,0,0,0,0,0,0,0
RAD+62828209+2023-12-19-12h-01m-58s,212,32907025,35215462,,1.0,1.0,1.0,pointworld,pointworld,0,0,0,0,0,0,0,0,0,0,0,0
RAD+62828209+2023-12-19-12h-02m-24s,938,32907025,35215462,,1.0,1.0,1.0,pointworld,pointworld,0,0,0,0,0,0,0,0,0,0,0,0
RAD+62828209+2023-12-20-11h-32m-09s,504,32907025,35215462,,1.0,1.0,1.0,pointworld,pointworld,0,0,0,0,0,0,0,0,0,0,0,0
RAD+62828209+2023-12-20-11h-36m-14s,337,32907025,35215462,,1.0,1.0,1.0,pointworld,pointworld,0,0,0,0,0,0,0,0,0,0,0,0
RAD+62828209+2023-12-21-12h-04m-35s,165,32907025,35215462,,1.0,1.0,1.0,pointworld,pointworld,0,0,0,0,0,0,0,0,0,0,0,0
RAD+62828209+2023-12-22-14h-38m-21s,200,32907025,35215462,,1.0,1.0,1.0,pointworld,pointworld,0,0,0,0,0,0,8,8,0,11,11,0
RAD+62828209+2023-12-22-14h-43m-08s,198,32907025,35215462,,1.0,1.0,1.0,pointworld,pointworld,0,0,0,9,9,0,13,13,7,15,15,11
RAD+62828209+2023-12-22-15h-01m-20s,972,32907025,35215462,,1.0,1.0,0.9958847736625515,pointworld,pointworld,0,0,0,0,0,0,10,10,0,14,14,9
RAD+c6cf6b42+2023-08-31-16h-20m-36s,279,32907025,35215462,,1.0,1.0,1.0,pointworld,pointworld,0,0,0,0,0,0,0,0,0,0,0,0
RAD+c6cf6b42+2023-08-31-18h-00m-13s,336,32907025,35215462,,1.0,1.0,1.0,pointworld,pointworld,0,0,0,0,0,0,21,0,21,53,0,53
RAD+c6cf6b42+2023-08-31-18h-04m-42s,219,32907025,35215462,,1.0,1.0,1.0,pointworld,pointworld,0,0,0,0,0,0,0,0,0,23,23,19
RAD+c6cf6b42+2023-08-31-18h-05m-14s,257,32907025,35215462,,1.0,1.0,1.0,pointworld,pointworld,0,0,0,0,0,0,0,0,0,11,11,0
RAD+c6cf6b42+2023-08-31-18h-08m-11s,340,32907025,35215462,,1.0,1.0,1.0,pointworld,pointworld,0,0,0,0,0,0,0,0,0,0,0,0
RAD+c6cf6b42+2023-08-31-18h-09m-46s,191,32907025,35215462,,1.0,1.0,1.0,pointworld,pointworld,0,0,0,0,0,0,0,0,0,10,10,0
RAD+c6cf6b42+2023-08-31-18h-10m-08s,427,32907025,35215462,,1.0,1.0,1.0,pointworld,pointworld,0,0,0,0,0,0,0,0,0,0,0,0
RAD+c6cf6b42+2023-08-31-18h-12m-10s,217,32907025,35215462,,1.0,1.0,1.0,pointworld,pointworld,0,0,0,0,0,0,0,0,0,0,0,0
RAD+c6cf6b42+2023-08-31-18h-29m-05s,488,32907025,35215462,,1.0,1.0,1.0,pointworld,pointworld,10,10,0,15,15,0,19,19,0,22,22,13
RAD+c6cf6b42+2023-11-18-16h-14m-44s,999,32907025,35215462,,1.0,1.0,1.0,pointworld,pointworld,0,0,0,0,0,0,0,0,0,0,0,0
RAD+c6cf6b42+2023-11-18-16h-27m-34s,371,32907025,35215462,,1.0,1.0,1.0,pointworld,pointworld,0,0,0,0,0,0,0,0,0,0,0,0
RAD+c6cf6b42+2023-11-18-16h-30m-39s,272,32907025,35215462,,1.0,1.0,1.0,pointworld,pointworld,0,0,0,0,0,0,0,0,0,0,0,0
RAD+c6cf6b42+2023-11-18-16h-34m-15s,362,32907025,35215462,,1.0,1.0,1.0,pointworld,pointworld,0,0,0,0,0,0,0,0,0,0,0,0
RAD+c6cf6b42+2023-11-18-16h-59m-10s,550,32907025,35215462,,1.0,1.0,1.0,pointworld,pointworld,0,0,0,0,0,0,0,0,0,0,0,0
RAD+c6cf6b42+2023-11-18-18h-03m-16s,351,32907025,35215462,,1.0,1.0,1.0,pointworld,pointworld,0,0,0,0,0,0,0,0,0,0,0,0
RAD+c6cf6b42+2023-11-18-18h-08m-48s,322,32907025,35215462,,1.0,1.0,1.0,pointworld,pointworld,0,0,0,0,0,0,0,0,0,0,0,0
RAD+c6cf6b42+2023-11-18-18h-11m-32s,468,32907025,35215462,,1.0,1.0,1.0,pointworld,pointworld,0,0,0,0,0,0,0,0,0,0,0,0
RAD+c6cf6b42+2023-11-18-18h-13m-56s,310,32907025,35215462,,1.0,1.0,1.0,pointworld,pointworld,0,0,0,0,0,0,0,0,0,0,0,0
RAD+c6cf6b42+2023-11-18-18h-14m-55s,385,32907025,35215462,,1.0,1.0,1.0,pointworld,pointworld,0,0,0,0,0,0,0,0,0,0,0,0
RAD+c6cf6b42+2023-11-18-18h-15m-30s,786,32907025,35215462,,1.0,1.0,1.0,pointworld,pointworld,0,0,0,0,0,0,0,0,0,0,0,0
RAD+c6cf6b42+2023-11-18-18h-55m-43s,412,32907025,35215462,,1.0,1.0,1.0,pointworld,pointworld,0,0,0,0,0,0,0,0,0,0,0,0
RAD+c6cf6b42+2023-11-25-18h-45m-33s,378,32907025,35215462,,1.0,1.0,1.0,pointworld,pointworld,0,0,0,0,0,0,0,0,0,0,0,0
RAD+c6cf6b42+2023-11-25-20h-02m-11s,624,32907025,35215462,,1.0,1.0,1.0,pointworld,pointworld,0,0,0,0,0,0,0,0,0,0,0,0
RAD+c6cf6b42+2023-12-17-17h-01m-55s,500,32907025,35215462,,1.0,1.0,1.0,pointworld,pointworld,0,0,0,0,0,0,0,0,0,0,0,0
RAD+c6cf6b42+2023-12-17-17h-07m-07s,629,32907025,35215462,,1.0,1.0,1.0,pointworld,pointworld,0,0,0,0,0,0,0,0,0,0,0,0
RAD+c6cf6b42+2023-12-17-17h-21m-11s,725,32907025,35215462,,1.0,1.0,1.0,pointworld,pointworld,0,0,0,0,0,0,0,0,0,0,0,0
RAD+c6cf6b42+2023-12-17-20h-04m-32s,412,32907025,35215462,,1.0,1.0,1.0,pointworld,pointworld,0,0,0,0,0,0,0,0,0,0,0,0
RAD+c6cf6b42+2023-12-17-20h-08m-17s,1950,32907025,35215462,,1.0,1.0,1.0,pointworld,pointworld,0,0,0,0,0,0,0,0,0,0,0,0
RAIL+80edfcb1+2023-04-12-14h-27m-18s,182,20521388,24259877,,1.0,0.9814814814814815,0.6041666666666666,pointworld,pointworld,31,20,31,38,23,38,48,31,48,-1,37,-1
RAIL+80edfcb1+2023-04-12-14h-28m-45s,234,20521388,24259877,,1.0,1.0,0.8227848101265823,pointworld,pointworld,70,46,70,76,50,76,96,56,96,104,64,104
RAIL+80edfcb1+2023-04-12-16h-14m-56s,171,20521388,24259877,,1.0,1.0,0.84251968503937,pointworld,pointworld,40,29,40,44,36,44,50,42,50,56,45,56
RAIL+80edfcb1+2023-04-12-16h-41m-22s,186,20521388,24259877,,1.0,1.0,0.8954248366013072,pointworld,pointworld,28,20,28,33,26,33,38,32,38,42,38,42
RAIL+80edfcb1+2023-04-17-14h-47m-13s,173,20521388,24259877,,1.0,1.0,1.0,pointworld,pointworld,0,0,0,22,0,22,30,21,30,33,28,33
RAIL+80edfcb1+2023-04-17-14h-48m-05s,166,20521388,24259877,,1.0,1.0,1.0,pointworld,pointworld,18,13,18,21,16,21,25,20,25,28,22,28
RAIL+80edfcb1+2023-04-17-14h-49m-33s,126,20521388,24259877,,1.0,1.0,1.0,pointworld,pointworld,26,20,26,30,25,30,34,31,34,38,35,38
RAIL+80edfcb1+2023-04-17-14h-49m-59s,202,20521388,24259877,,1.0,1.0,0.9482758620689655,pointworld,pointworld,0,0,0,28,0,28,33,0,33,81,31,81
RAIL+80edfcb1+2023-04-17-14h-52m-52s,178,20521388,24259877,,1.0,1.0,1.0,pointworld,pointworld,16,0,16,19,12,19,25,19,25,30,22,30
RAIL+80edfcb1+2023-04-17-15h-02m-04s,195,20521388,24259877,,1.0,1.0,1.0,pointworld,pointworld,23,5,23,28,23,28,34,28,34,38,33,38
RAIL+80edfcb1+2023-04-17-15h-03m-37s,250,20521388,24259877,,1.0,1.0,1.0,pointworld,pointworld,0,0,0,38,0,38,47,37,47,50,44,50
RAIL+80edfcb1+2023-04-17-15h-09m-41s,573,20521388,24259877,,1.0,1.0,1.0,pointworld,pointworld,449,440,449,454,445,454,461,454,461,466,460,466
RAIL+80edfcb1+2023-04-17-15h-10m-58s,181,20521388,24259877,,1.0,1.0,1.0,pointworld,pointworld,56,0,56,59,53,59,65,59,65,71,62,71
RAIL+80edfcb1+2023-04-17-15h-43m-28s,165,20521388,24259877,,1.0,1.0,1.0,pointworld,pointworld,23,18,23,26,22,26,32,26,32,37,30,37
RAIL+80edfcb1+2023-04-17-15h-43m-50s,160,20521388,24259877,,1.0,1.0,1.0,pointworld,pointworld,11,0,11,27,0,27,34,28,34,39,32,39
RAIL+80edfcb1+2023-04-19-13h-24m-24s,184,20521388,24259877,,1.0,1.0,1.0,pointworld,pointworld,29,24,29,32,29,32,35,32,35,39,36,39
RAIL+80edfcb1+2023-04-19-13h-38m-51s,171,20521388,24259877,,1.0,1.0,1.0,pointworld,pointworld,25,0,25,28,23,28,35,28,35,40,32,40
RAIL+80edfcb1+2023-04-19-14h-13m-07s,133,20521388,24259877,,1.0,1.0,1.0,pointworld,pointworld,25,18,25,29,24,29,34,30,34,38,34,38
RAIL+80edfcb1+2023-04-19-14h-14m-16s,180,20521388,24259877,,1.0,1.0,1.0,pointworld,pointworld,53,47,53,59,52,59,65,58,65,73,65,73
RAIL+80edfcb1+2023-04-19-14h-21m-16s,249,20521388,24259877,,1.0,1.0,1.0,pointworld,pointworld,115,109,115,119,115,119,126,121,126,130,125,130
RAIL+80edfcb1+2023-04-19-14h-23m-59s,140,20521388,24259877,,1.0,1.0,1.0,pointworld,pointworld,33,28,33,36,32,36,42,37,42,46,41,46
RAIL+80edfcb1+2023-04-19-14h-35m-28s,151,20521388,24259877,,1.0,1.0,1.0,pointworld,pointworld,31,25,31,35,29,35,39,35,39,45,38,45
RAIL+80edfcb1+2023-04-19-14h-40m-19s,163,20521388,24259877,,1.0,1.0,1.0,pointworld,pointworld,32,26,32,37,31,37,43,37,43,49,42,49
RAIL+80edfcb1+2023-04-19-14h-40m-40s,116,20521388,24259877,,1.0,1.0,1.0,pointworld,pointworld,0,0,0,18,0,18,23,18,23,27,23,27
RAIL+80edfcb1+2023-04-19-15h-12m-23s,245,20521388,24259877,,1.0,1.0,1.0,pointworld,pointworld,47,0,47,52,46,52,57,52,57,62,57,62
RAIL+80edfcb1+2023-04-26-15h-46m-50s,152,20521388,24259877,,1.0,1.0,1.0,pointworld,pointworld,16,9,16,19,14,19,24,18,24,28,21,28
RAIL+80edfcb1+2023-04-26-15h-49m-55s,138,20521388,24259877,,1.0,1.0,1.0,pointworld,pointworld,0,0,0,13,0,13,20,11,20,23,17,23
RAIL+80edfcb1+2023-04-26-15h-57m-29s,221,20521388,24259877,,1.0,1.0,1.0,pointworld,pointworld,0,0,0,39,0,39,47,41,47,50,46,50
RAIL+80edfcb1+2023-04-26-16h-02m-55s,189,20521388,24259877,,1.0,1.0,1.0,pointworld,pointworld,38,24,38,42,36,42,48,42,48,53,48,53
RAIL+80edfcb1+2023-04-26-16h-12m-06s,112,20521388,24259877,,1.0,1.0,1.0,pointworld,pointworld,0,0,0,0,0,0,0,0,0,0,0,0
RAIL+80edfcb1+2023-04-26-16h-22m-57s,319,20521388,24259877,,1.0,1.0,1.0,pointworld,pointworld,232,228,232,235,231,235,239,235,239,242,238,242
RAIL+80edfcb1+2023-04-26-16h-53m-22s,299,20521388,24259877,,1.0,1.0,1.0,pointworld,pointworld,54,0,54,58,51,58,63,58,63,66,62,66
RAIL+80edfcb1+2023-06-21-12h-48m-40s,464,20521388,24259877,,1.0,1.0,1.0,pointworld,pointworld,45,0,45,49,41,49,57,48,57,62,53,62
RAIL+80edfcb1+2023-06-21-12h-55m-12s,205,20521388,24259877,,1.0,1.0,1.0,pointworld,pointworld,69,42,69,75,49,75,81,68,81,86,76,86
RAIL+80edfcb1+2023-06-26-13h-19m-06s,171,20521388,24259877,,1.0,1.0,1.0,pointworld,pointworld,31,31,30,33,33,32,37,37,35,40,40,38
RAIL+80edfcb1+2023-06-26-13h-23m-07s,292,20521388,24259877,,1.0,1.0,1.0,pointworld,pointworld,33,33,32,36,36,35,40,40,39,43,43,42
RAIL+80edfcb1+2023-06-26-13h-44m-01s,136,20521388,24259877,,1.0,1.0,1.0,pointworld,pointworld,24,24,23,27,27,26,31,31,29,34,34,32
RAIL+80edfcb1+2023-06-26-13h-45m-00s,263,20521388,24259877,,1.0,1.0,1.0,pointworld,pointworld,37,37,35,38,38,37,41,41,40,44,44,42
RAIL+80edfcb1+2023-06-26-14h-09m-12s,265,20521388,24259877,,1.0,1.0,1.0,pointworld,pointworld,24,24,23,27,27,25,30,30,28,33,33,31
RAIL+80edfcb1+2023-06-26-14h-13m-04s,165,20521388,24259877,,1.0,1.0,1.0,pointworld,pointworld,50,50,49,53,53,51,58,58,55,61,61,58
RAIL+80edfcb1+2023-06-26-14h-16m-03s,185,20521388,24259877,,1.0,1.0,1.0,pointworld,pointworld,24,24,23,28,28,25,32,32,30,37,37,34
RAIL+80edfcb1+2023-06-26-15h-37m-34s,157,20521388,24259877,,1.0,1.0,1.0,pointworld,pointworld,45,45,45,49,48,49,53,51,53,56,54,56
RAIL+80edfcb1+2023-06-26-15h-49m-47s,181,20521388,24259877,,1.0,1.0,1.0,pointworld,pointworld,19,18,19,21,20,21,24,23,24,27,26,27
RAIL+80edfcb1+2023-06-29-12h-52m-47s,147,20521388,24259877,,1.0,1.0,1.0,pointworld,pointworld,35,35,35,39,39,38,42,42,42,46,46,45
RAIL+80edfcb1+2023-06-29-13h-10m-09s,143,20521388,24259877,,1.0,1.0,1.0,pointworld,pointworld,26,26,25,28,28,27,33,33,31,36,36,35
RAIL+80edfcb1+2023-06-29-13h-10m-31s,137,20521388,24259877,,1.0,1.0,1.0,pointworld,pointworld,23,23,0,27,27,0,31,31,0,36,36,15
RAIL+80edfcb1+2023-06-29-13h-13m-23s,205,20521388,24259877,,1.0,1.0,1.0,pointworld,pointworld,66,66,64,70,70,67,78,78,72,85,85,78
RAIL+80edfcb1+2023-06-29-13h-23m-42s,100,20521388,24259877,,1.0,1.0,1.0,pointworld,pointworld,6,0,6,12,0,12,17,14,17,20,17,20
RAIL+80edfcb1+2023-06-29-13h-25m-27s,225,20521388,24259877,,1.0,1.0,1.0,pointworld,pointworld,27,26,27,29,28,29,32,32,32,35,35,35
RAIL+80edfcb1+2023-06-29-15h-27m-23s,172,20521388,24259877,,1.0,1.0,1.0,pointworld,pointworld,34,34,29,39,39,33,44,44,38,53,53,44
RAIL+80edfcb1+2023-06-29-15h-31m-50s,107,20521388,24259877,,1.0,1.0,1.0,pointworld,pointworld,32,32,28,34,34,30,37,37,33,43,43,36
RAIL+80edfcb1+2023-06-29-15h-40m-59s,152,20521388,24259877,,1.0,1.0,0.9090909090909091,pointworld,pointworld,54,54,48,64,64,52,70,70,60,89,89,67
RAIL+80edfcb1+2023-06-29-15h-43m-06s,160,20521388,24259877,,1.0,1.0,1.0,pointworld,pointworld,28,28,26,30,30,28,33,33,31,35,35,33
RAIL+80edfcb1+2023-06-29-15h-44m-51s,120,20521388,24259877,,0.9814814814814815,1.0,0.9259259259259259,pointworld,pointworld,35,35,29,39,39,32,45,45,36,-1,-1,39
RAIL+80edfcb1+2023-06-29-15h-45m-07s,331,20521388,24259877,,1.0,1.0,1.0,pointworld,pointworld,29,29,29,32,32,31,36,36,33,39,39,36
RAIL+80edfcb1+2023-06-30-13h-24m-58s,336,20521388,24259877,,1.0,1.0,1.0,pointworld,pointworld,30,30,28,32,32,31,36,36,34,42,42,37
RAIL+80edfcb1+2023-06-30-13h-27m-17s,170,20521388,24259877,,1.0,1.0,1.0,pointworld,pointworld,32,32,32,36,36,35,40,40,39,44,43,44
RAIL+80edfcb1+2023-06-30-13h-34m-41s,159,20521388,24259877,,1.0,1.0,1.0,pointworld,pointworld,53,43,53,56,48,56,61,52,61,64,56,64
RAIL+80edfcb1+2023-06-30-13h-39m-26s,141,20521388,24259877,,1.0,1.0,1.0,pointworld,pointworld,37,37,24,45,45,33,52,52,41,59,59,47
RAIL+80edfcb1+2023-06-30-13h-59m-52s,156,20521388,24259877,,1.0,1.0,0.8773584905660378,pointworld,pointworld,45,45,41,50,50,44,55,55,48,60,60,51
RAIL+80edfcb1+2023-06-30-14h-06m-39s,212,20521388,24259877,,1.0,1.0,1.0,pointworld,pointworld,26,26,26,28,28,28,31,31,31,34,34,34
RAIL+80edfcb1+2023-06-30-14h-08m-44s,129,20521388,24259877,,1.0,1.0,1.0,pointworld,pointworld,32,32,29,34,34,32,38,38,35,41,41,38
RAIL+80edfcb1+2023-06-30-14h-46m-15s,156,20521388,24259877,,1.0,1.0,1.0,pointworld,pointworld,28,28,28,30,30,30,33,33,33,37,35,37
RAIL+80edfcb1+2023-06-30-14h-47m-09s,88,20521388,24259877,,1.0,1.0,1.0,pointworld,pointworld,21,7,18,29,29,24,34,34,29,44,44,37
RAIL+80edfcb1+2023-06-30-14h-54m-01s,114,20521388,24259877,,1.0,1.0,1.0,pointworld,pointworld,25,25,24,27,27,27,29,29,29,32,32,32
RAIL+80edfcb1+2023-06-30-15h-01m-35s,113,20521388,24259877,,1.0,1.0,1.0,pointworld,pointworld,20,20,20,23,23,23,26,26,26,29,29,28
RAIL+80edfcb1+2023-06-30-15h-02m-42s,85,20521388,24259877,,1.0,1.0,1.0,pointworld,pointworld,18,18,15,20,20,18,23,23,20,32,32,24
RAIL+80edfcb1+2023-06-30-15h-07m-16s,126,20521388,24259877,,1.0,1.0,1.0,pointworld,pointworld,14,14,13,16,16,16,19,19,19,23,22,23
RAIL+80edfcb1+2023-06-30-15h-31m-18s,145,20521388,24259877,,1.0,1.0,1.0,pointworld,pointworld,44,44,44,46,46,46,48,48,47,51,51,51
RAIL+80edfcb1+2023-06-30-15h-50m-17s,176,20521388,24259877,,1.0,1.0,1.0,pointworld,pointworld,33,33,30,34,34,32,36,36,34,39,39,37
RAIL+80edfcb1+2023-06-30-15h-55m-09s,118,20521388,24259877,,1.0,1.0,1.0,pointworld,pointworld,23,23,23,25,25,25,28,28,27,33,33,32
RAIL+80edfcb1+2023-07-05-18h-03m-50s,136,20521388,24259877,,1.0,1.0,1.0,pointworld,pointworld,18,18,13,21,21,17,24,24,20,28,28,25
RAIL+80edfcb1+2023-07-05-18h-32m-58s,208,20521388,24259877,,1.0,1.0,1.0,pointworld,pointworld,116,116,113,118,118,116,121,121,119,139,139,122
RAIL+80edfcb1+2023-07-05-18h-38m-38s,153,20521388,24259877,,1.0,1.0,1.0,pointworld,pointworld,55,55,39,60,60,54,64,64,59,67,67,63
RAIL+80edfcb1+2023-07-05-18h-40m-16s,85,20521388,24259877,,1.0,1.0,1.0,pointworld,pointworld,16,16,12,19,19,15,23,23,19,25,25,21
RAIL+80edfcb1+2023-07-05-18h-42m-17s,137,20521388,24259877,,1.0,1.0,1.0,pointworld,pointworld,30,30,24,34,34,28,38,38,32,43,43,35
RAIL+80edfcb1+2023-07-05-18h-45m-12s,204,20521388,24259877,,1.0,1.0,1.0,pointworld,pointworld,18,18,15,21,21,17,25,25,21,63,63,24
RAIL+80edfcb1+2023-07-13-20h-19m-30s,100,20521388,24259877,,1.0,1.0,1.0,pointworld,pointworld,32,32,32,35,34,35,38,37,38,41,40,41
RAIL+80edfcb1+2023-07-13-20h-28m-53s,64,20521388,24259877,,1.0,1.0,1.0,pointworld,pointworld,9,8,9,14,14,14,18,18,18,21,21,21
RAIL+80edfcb1+2023-07-13-20h-29m-29s,69,20521388,24259877,,1.0,1.0,1.0,pointworld,pointworld,13,12,13,15,15,15,18,18,18,21,21,21
RAIL+80edfcb1+2023-07-13-20h-53m-43s,146,20521388,24259877,,1.0,1.0,1.0,pointworld,pointworld,26,22,26,28,25,28,30,28,30,33,31,33
RAIL+80edfcb1+2023-07-13-21h-15m-04s,103,20521388,24259877,,1.0,1.0,1.0,pointworld,pointworld,38,38,27,45,45,31,55,55,39,66,66,46
RAIL+80edfcb1+2023-07-13-21h-23m-04s,169,20521388,24259877,,1.0,1.0,1.0,pointworld,pointworld,109,109,85,117,117,99,126,126,107,134,134,115
RAIL+80edfcb1+2023-07-13-21h-25m-37s,123,20521388,24259877,,1.0,1.0,1.0,pointworld,pointworld,61,61,58,64,64,61,69,69,66,73,73,69
RAIL+80edfcb1+2023-07-14-13h-00m-28s,184,20521388,24259877,,1.0,1.0,1.0,pointworld,pointworld,58,57,58,61,60,61,64,63,64,67,66,67
RAIL+80edfcb1+2023-07-14-13h-01m-11s,110,20521388,24259877,,1.0,1.0,1.0,pointworld,pointworld,23,21,23,26,25,26,29,29,29,31,31,31
RAIL+80edfcb1+2023-07-14-13h-05m-54s,89,20521388,24259877,,1.0,1.0,1.0,pointworld,pointworld,23,23,23,26,26,26,30,30,30,35,34,35
RAIL+80edfcb1+2023-07-14-13h-06m-12s,109,20521388,24259877,,1.0,1.0,1.0,pointworld,pointworld,41,40,41,43,43,43,48,48,47,50,50,50
RAIL+80edfcb1+2023-07-14-13h-07m-46s,95,20521388,24259877,,1.0,1.0,1.0,pointworld,pointworld,24,24,24,27,27,27,31,31,31,34,34,34
RAIL+80edfcb1+2023-07-14-13h-09m-38s,120,20521388,24259877,,1.0,1.0,1.0,pointworld,pointworld,27,26,27,30,30,30,35,35,35,38,38,38
RAIL+80edfcb1+2023-07-14-13h-09m-58s,99,20521388,24259877,,1.0,1.0,1.0,pointworld,pointworld,18,17,18,20,20,20,24,23,24,26,26,26
RAIL+80edfcb1+2023-07-14-13h-12m-28s,97,20521388,24259877,,1.0,1.0,1.0,pointworld,pointworld,27,27,27,29,29,29,32,32,32,34,34,34
RAIL+80edfcb1+2023-07-14-13h-12m-46s,90,20521388,24259877,,1.0,1.0,1.0,pointworld,pointworld,19,19,19,22,22,22,26,26,26,29,29,28
RAIL+80edfcb1+2023-07-14-13h-15m-33s,96,20521388,24259877,,1.0,1.0,1.0,pointworld,pointworld,25,24,25,27,26,27,30,29,30,32,31,32
RAIL+80edfcb1+2023-07-14-13h-19m-22s,124,20521388,24259877,,1.0,1.0,1.0,pointworld,pointworld,33,32,33,37,36,37,55,42,55,59,58,59
RAIL+80edfcb1+2023-07-14-14h-28m-45s,128,20521388,24259877,,1.0,1.0,1.0,pointworld,pointworld,38,32,38,41,36,41,44,41,44,47,43,47
RAIL+80edfcb1+2023-07-14-14h-29m-20s,177,20521388,24259877,,1.0,1.0,1.0,pointworld,pointworld,21,17,21,23,20,23,27,23,27,40,25,40
RAIL+80edfcb1+2023-07-14-14h-48m-41s,211,20521388,24259877,,1.0,1.0,1.0,pointworld,pointworld,43,38,43,47,42,47,62,46,62,66,61,66
RAIL+80edfcb1+2023-07-14-14h-49m-22s,143,20521388,24259877,,1.0,1.0,1.0,pointworld,pointworld,28,24,28,31,28,31,35,31,35,39,34,39
RAIL+80edfcb1+2023-07-14-14h-50m-00s,137,20521388,24259877,,1.0,1.0,1.0,pointworld,pointworld,31,27,31,34,30,34,46,34,46,52,37,52
RAIL+80edfcb1+2023-07-14-14h-51m-14s,117,20521388,24259877,,1.0,1.0,1.0,pointworld,pointworld,28,24,28,31,27,31,36,31,36,39,34,39
RAIL+80edfcb1+2023-07-14-15h-00m-33s,128,20521388,24259877,,1.0,1.0,1.0,pointworld,pointworld,25,22,25,28,24,28,32,28,32,36,31,36
RAIL+80edfcb1+2023-07-14-15h-51m-50s,156,20521388,24259877,,1.0,1.0,1.0,pointworld,pointworld,26,23,26,30,27,30,34,32,34,40,35,40
RAIL+80edfcb1+2023-07-14-15h-52m-54s,126,20521388,24259877,,1.0,1.0,1.0,pointworld,pointworld,22,19,22,24,22,24,26,25,26,29,27,29
RAIL+80edfcb1+2023-07-14-15h-55m-55s,112,20521388,24259877,,1.0,1.0,1.0,pointworld,pointworld,12,10,12,15,12,15,19,15,19,24,18,24
RAIL+80edfcb1+2023-07-14-16h-01m-48s,96,20521388,24259877,,1.0,1.0,1.0,pointworld,pointworld,25,23,25,27,24,27,29,27,29,31,29,31
RAIL+80edfcb1+2023-07-14-16h-04m-10s,134,20521388,24259877,,1.0,1.0,1.0,pointworld,pointworld,32,28,32,38,32,38,43,38,43,48,41,48
RAIL+80edfcb1+2023-07-14-16h-07m-12s,113,20521388,24259877,,1.0,1.0,1.0,pointworld,pointworld,13,0,13,19,12,19,26,22,26,29,28,29
RAIL+80edfcb1+2023-07-14-16h-09m-39s,135,20521388,24259877,,1.0,1.0,1.0,pointworld,pointworld,41,40,41,43,41,43,46,45,46,48,47,48
RAIL+80edfcb1+2023-07-14-16h-12m-10s,321,20521388,24259877,,1.0,1.0,1.0,pointworld,pointworld,46,42,46,52,50,52,67,64,67,70,67,70
RAIL+80edfcb1+2023-07-14-16h-18m-11s,117,20521388,24259877,,1.0,1.0,1.0,pointworld,pointworld,14,12,14,17,15,17,21,20,21,24,22,24
RAIL+80edfcb1+2023-07-14-16h-27m-09s,184,20521388,24259877,,1.0,1.0,1.0,pointworld,pointworld,25,19,25,28,24,28,32,28,32,35,32,35
RAIL+80edfcb1+2023-07-14-16h-28m-03s,108,20521388,24259877,,1.0,1.0,1.0,pointworld,pointworld,13,12,13,15,15,15,20,19,20,22,22,22
RAIL+80edfcb1+2023-07-14-17h-04m-18s,126,20521388,24259877,,1.0,1.0,1.0,pointworld,pointworld,21,21,21,23,23,23,26,26,26,29,28,29
RAIL+80edfcb1+2023-07-14-17h-07m-42s,112,20521388,24259877,,1.0,1.0,1.0,pointworld,pointworld,16,0,16,18,14,18,21,18,21,24,21,24
RAIL+80edfcb1+2023-07-14-17h-08m-56s,139,20521388,24259877,,1.0,1.0,1.0,pointworld,pointworld,39,39,39,45,45,43,51,51,49,56,56,52
RAIL+80edfcb1+2023-07-14-17h-13m-16s,438,20521388,24259877,,1.0,1.0,1.0,pointworld,pointworld,14,14,13,19,19,19,23,23,23,26,26,26
RAIL+80edfcb1+2023-07-14-17h-29m-27s,110,20521388,24259877,,1.0,1.0,1.0,pointworld,pointworld,25,24,25,27,27,27,30,29,30,32,31,32
RAIL+80edfcb1+2023-07-14-17h-31m-03s,166,20521388,24259877,,1.0,1.0,1.0,pointworld,pointworld,54,53,54,57,56,57,63,61,63,68,65,68
RAIL+80edfcb1+2023-07-14-17h-34m-46s,112,20521388,24259877,,1.0,1.0,1.0,pointworld,pointworld,13,9,13,16,13,16,19,18,19,22,20,22
RAIL+80edfcb1+2023-07-14-17h-39m-17s,130,20521388,24259877,,1.0,1.0,1.0,pointworld,pointworld,24,21,24,28,26,28,34,31,34,49,47,49
RAIL+80edfcb1+2023-07-14-17h-44m-41s,129,20521388,24259877,,1.0,1.0,1.0,pointworld,pointworld,16,13,16,20,18,20,24,23,24,27,26,27
RAIL+80edfcb1+2023-07-14-17h-45m-17s,86,20521388,24259877,,1.0,1.0,1.0,pointworld,pointworld,16,15,16,18,18,18,21,21,21,24,24,22
RAIL+80edfcb1+2023-07-15-18h-54m-49s,357,20521388,24259877,,1.0,1.0,1.0,pointworld,pointworld,16,8,16,18,14,18,20,17,20,23,20,23
RAIL+80edfcb1+2023-07-15-19h-12m-31s,289,20521388,24259877,,1.0,1.0,1.0,pointworld,pointworld,21,0,21,25,16,25,30,23,30,37,28,37
RAIL+80edfcb1+2023-07-15-19h-13m-26s,127,20521388,24259877,,1.0,1.0,1.0,pointworld,pointworld,29,19,29,33,24,33,36,30,36,43,33,43
RAIL+80edfcb1+2023-07-15-19h-16m-15s,175,20521388,24259877,,1.0,1.0,1.0,pointworld,pointworld,24,21,24,26,23,26,28,25,28,30,27,30
RAIL+80edfcb1+2023-07-21-16h-16m-38s,141,20521388,24259877,,1.0,1.0,1.0,pointworld,pointworld,16,16,15,19,19,19,22,22,22,25,25,25
RAIL+80edfcb1+2023-07-21-16h-25m-10s,91,20521388,24259877,,1.0,1.0,1.0,pointworld,pointworld,16,15,16,19,18,19,25,23,25,30,27,30
RAIL+80edfcb1+2023-07-21-16h-25m-47s,100,20521388,24259877,,1.0,1.0,1.0,pointworld,pointworld,18,18,18,21,21,20,24,24,23,27,27,26
RAIL+80edfcb1+2023-07-21-16h-28m-32s,99,20521388,24259877,,1.0,1.0,1.0,pointworld,pointworld,10,0,10,14,12,14,21,18,21,26,24,26
RAIL+80edfcb1+2023-07-21-16h-39m-33s,126,20521388,24259877,,1.0,1.0,1.0,pointworld,pointworld,28,28,28,31,31,31,35,35,34,40,40,38
RAIL+80edfcb1+2023-07-21-16h-41m-36s,150,20521388,24259877,,1.0,1.0,1.0,pointworld,pointworld,23,23,22,28,28,27,36,36,33,50,50,41
RAIL+80edfcb1+2023-07-21-17h-20m-58s,152,20521388,24259877,,1.0,1.0,1.0,pointworld,pointworld,23,23,23,28,27,28,34,32,34,42,39,42
RAIL+80edfcb1+2023-07-21-17h-26m-45s,118,20521388,24259877,,1.0,1.0,1.0,pointworld,pointworld,28,28,28,32,31,32,36,34,36,39,37,39
RAIL+80edfcb1+2023-07-21-17h-38m-05s,93,20521388,24259877,,1.0,1.0,1.0,pointworld,pointworld,23,22,23,26,26,26,30,30,29,34,34,33
RAIL+80edfcb1+2023-07-21-17h-43m-11s,146,20521388,24259877,,1.0,1.0,1.0,pointworld,pointworld,37,37,35,43,43,43,50,50,50,55,55,55
RAIL+80edfcb1+2023-07-21-17h-44m-00s,137,20521388,24259877,,1.0,1.0,1.0,pointworld,pointworld,25,25,24,30,29,30,35,35,35,39,38,39
RAIL+80edfcb1+2023-07-21-17h-52m-21s,100,20521388,24259877,,1.0,1.0,0.921875,pointworld,pointworld,32,32,26,36,36,29,45,45,32,61,61,35
RAIL+80edfcb1+2023-07-21-17h-55m-26s,171,20521388,24259877,,1.0,1.0,1.0,pointworld,pointworld,25,24,25,28,27,28,32,30,32,38,35,38
RAIL+80edfcb1+2023-07-21-18h-34m-12s,228,20521388,24259877,,1.0,1.0,1.0,pointworld,pointworld,41,39,41,48,41,48,54,50,54,57,54,57
RAIL+80edfcb1+2023-07-21-18h-35m-50s,149,20521388,24259877,,1.0,1.0,1.0,pointworld,pointworld,20,13,20,26,21,26,32,31,32,38,38,38
RAIL+80edfcb1+2023-07-21-18h-50m-29s,99,20521388,24259877,,1.0,1.0,1.0,pointworld,pointworld,26,0,26,31,26,31,34,32,34,37,35,37
RAIL+80edfcb1+2023-07-21-18h-55m-54s,120,20521388,24259877,,1.0,1.0,1.0,pointworld,pointworld,22,19,22,25,23,25,28,27,28,32,30,32
RAIL+80edfcb1+2023-07-21-19h-00m-12s,134,20521388,24259877,,1.0,1.0,1.0,pointworld,pointworld,0,0,0,57,55,57,62,61,62,65,64,65
RAIL+80edfcb1+2023-07-21-19h-03m-28s,127,20521388,24259877,,1.0,1.0,1.0,pointworld,pointworld,14,14,14,17,17,17,20,20,20,23,23,23
RAIL+80edfcb1+2023-07-21-20h-07m-19s,185,20521388,24259877,,1.0,1.0,1.0,pointworld,pointworld,26,16,26,29,22,29,32,28,32,44,44,37
RAIL+80edfcb1+2023-07-21-20h-08m-46s,236,20521388,24259877,,1.0,1.0,1.0,pointworld,pointworld,0,0,0,43,43,43,47,47,46,51,51,50
RAIL+80edfcb1+2023-07-21-20h-13m-36s,135,20521388,24259877,,1.0,1.0,1.0,pointworld,pointworld,19,0,19,22,22,22,29,29,27,37,37,34
RAIL+80edfcb1+2023-07-28-15h-04m-39s,139,20521388,24259877,,1.0,1.0,1.0,pointworld,pointworld,29,29,25,30,30,27,33,33,29,47,47,32
RAIL+80edfcb1+2023-07-28-15h-05m-03s,129,20521388,24259877,,1.0,1.0,1.0,pointworld,pointworld,0,0,0,0,0,0,0,0,0,0,0,0
RAIL+80edfcb1+2023-08-03-19h-57m-52s,86,20521388,24259877,,1.0,1.0,1.0,pointworld,pointworld,15,5,15,18,11,18,21,19,21,24,21,24
RAIL+80edfcb1+2023-08-03-20h-12m-47s,121,20521388,24259877,,1.0,1.0,1.0,pointworld,pointworld,20,17,20,22,20,22,25,23,25,28,26,28
RAIL+80edfcb1+2023-08-03-20h-31m-55s,242,20521388,24259877,,1.0,1.0,1.0,pointworld,pointworld,109,106,109,113,110,113,117,115,117,121,119,121
RAIL+80edfcb1+2023-08-03-20h-32m-31s,172,20521388,24259877,,1.0,1.0,1.0,pointworld,pointworld,27,24,27,30,27,30,35,33,35,37,35,37
RAIL+ah6fcd56+2023-05-31-10h-56m-11s,184,20521388,24259877,,1.0,1.0,1.0,pointworld,pointworld,35,35,30,37,37,33,39,39,36,42,42,37
RAIL+ah6fcd56+2023-05-31-10h-56m-56s,377,20521388,24259877,,1.0,1.0,1.0,pointworld,pointworld,152,152,150,156,156,152,174,174,155,180,180,157
RAIL+ah6fcd56+2023-05-31-11h-06m-24s,215,20521388,24259877,,1.0,1.0,1.0,pointworld,pointworld,38,38,31,40,40,35,43,43,38,45,45,41
RAIL+ah6fcd56+2023-07-18-16h-22m-14s,161,20521388,24259877,,1.0,1.0,1.0,pointworld,pointworld,49,14,49,52,17,52,57,20,57,64,24,64
RAIL+ah6fcd56+2023-07-18-16h-26m-31s,279,20521388,24259877,,1.0,1.0,1.0,pointworld,pointworld,44,12,44,47,15,47,51,17,51,60,19,60
RAIL+ah6fcd56+2023-07-18-16h-46m-14s,134,20521388,24259877,,1.0,1.0,1.0,pointworld,pointworld,48,18,48,67,20,67,73,23,73,80,37,80
RAIL+ah6fcd56+2023-07-18-16h-46m-58s,158,20521388,24259877,,1.0,1.0,0.9848484848484849,pointworld,pointworld,23,16,23,26,21,26,30,25,30,98,30,98
RAIL+ah6fcd56+2023-07-18-16h-48m-38s,254,20521388,24259877,,1.0,1.0,0.961352657004831,pointworld,pointworld,44,25,44,47,26,47,65,28,65,78,32,78
RAIL+ah6fcd56+2023-07-18-16h-54m-43s,180,20521388,24259877,,1.0,0.9814814814814815,0.8,pointworld,pointworld,95,62,95,100,68,100,152,72,152,-1,76,-1
RAIL+ah6fcd56+2023-07-18-17h-05m-42s,199,20521388,24259877,,1.0,1.0,1.0,pointworld,pointworld,26,9,26,29,18,29,32,23,32,40,27,40
RAIL+c3d50939+2023-10-14-11h-14m-02s,731,20521388,24259877,,1.0,1.0,1.0,pointworld,pointworld,287,287,270,321,321,289,367,367,332,387,387,358
RAIL+c3d50939+2023-10-14-11h-28m-01s,792,20521388,24259877,,1.0,1.0,0.8125,pointworld,pointworld,0,0,0,104,91,87,268,268,239,296,296,269
RAIL+c3d50939+2023-10-20-17h-36m-30s,297,20521388,24259877,,0.6481481481481481,1.0,0.3050847457627119,pointworld,pointworld,169,169,139,179,179,145,-1,-1,160,-1,-1,173
RAIL+c3d50939+2023-11-04-10h-45m-38s,1018,20521388,24259877,,1.0,1.0,0.9616895874263262,pointworld,pointworld,0,0,0,0,0,0,0,0,0,108,108,0
RAIL+c3d50939+2023-11-04-11h-06m-54s,586,20521388,24259877,,1.0,1.0,1.0,pointworld,pointworld,0,0,0,0,0,0,0,0,0,246,0,246
RAIL+c3d50939+2023-11-20-17h-05m-00s,226,20521388,24259877,,1.0,1.0,1.0,pointworld,pointworld,17,0,17,21,0,21,32,0,32,40,0,40
RAIL+d027f2ae+2023-05-30-14h-45m-15s,220,20521388,24259877,,1.0,1.0,1.0,pointworld,pointworld,0,0,0,0,0,0,24,24,0,28,28,23
RAIL+d027f2ae+2023-05-30-14h-56m-21s,213,20521388,24259877,,1.0,1.0,1.0,pointworld,pointworld,0,0,0,14,14,0,22,22,0,25,25,19
RAIL+d027f2ae+2023-05-30-15h-02m-19s,99,20521388,24259877,,1.0,1.0,1.0,pointworld,pointworld,0,0,0,0,0,0,0,0,0,22,22,19
RAIL+d027f2ae+2023-05-30-15h-59m-53s,88,20521388,24259877,,0.7962962962962963,1.0,1.0,pointworld,pointworld,42,42,0,49,49,0,58,58,0,-1,-1,37
RAIL+d027f2ae+2023-05-30-16h-27m-03s,222,20521388,24259877,,1.0,1.0,1.0,pointworld,pointworld,36,36,0,37,37,27,40,40,30,43,43,32
RAIL+d027f2ae+2023-05-30-17h-05m-27s,146,20521388,24259877,,1.0,1.0,1.0,pointworld,pointworld,0,0,0,0,0,0,0,0,0,11,0,11
RAIL+d027f2ae+2023-06-02-11h-45m-37s,204,20521388,24259877,,1.0,1.0,1.0,pointworld,pointworld,79,79,0,81,81,0,83,83,76,87,87,80
RAIL+d027f2ae+2023-06-05-16h-04m-34s,98,20521388,24259877,,1.0,1.0,1.0,pointworld,pointworld,26,25,26,31,31,30,46,46,35,59,59,44
RAIL+d027f2ae+2023-06-05-16h-07m-51s,177,20521388,24259877,,1.0,1.0,1.0,pointworld,pointworld,29,0,29,34,34,32,46,46,40,54,54,46
RAIL+d027f2ae+2023-06-05-16h-09m-03s,231,20521388,24259877,,1.0,1.0,1.0,pointworld,pointworld,0,0,0,0,0,0,0,0,0,28,0,28
RAIL+d027f2ae+2023-06-05-17h-08m-47s,70,20521388,24259877,,1.0,0.7407407407407407,0.9285714285714286,pointworld,pointworld,35,0,35,42,0,42,-1,17,-1,-1,25,-1
RAIL+d027f2ae+2023-06-06-14h-20m-40s,127,20521388,24259877,,1.0,1.0,1.0,pointworld,pointworld,36,23,36,39,28,39,41,32,41,44,34,44
RAIL+d027f2ae+2023-06-06-14h-23m-54s,147,20521388,24259877,,1.0,1.0,1.0,pointworld,pointworld,55,0,55,59,0,59,62,46,62,65,50,65
RAIL+d027f2ae+2023-06-06-14h-54m-42s,179,20521388,24259877,,1.0,1.0,0.9461538461538461,pointworld,pointworld,45,0,45,49,0,49,57,28,57,75,32,75
RAIL+d027f2ae+2023-06-06-15h-00m-25s,162,20521388,24259877,,1.0,1.0,1.0,pointworld,pointworld,42,0,42,45,0,45,47,32,47,50,35,50
RAIL+d027f2ae+2023-06-06-15h-08m-34s,177,20521388,24259877,,1.0,1.0,0.8938053097345132,pointworld,pointworld,47,0,47,64,0,64,78,0,78,95,28,95
RAIL+d027f2ae+2023-06-06-15h-54m-46s,279,20521388,24259877,,1.0,1.0,1.0,pointworld,pointworld,34,0,34,35,0,35,38,24,38,43,29,43
RAIL+d027f2ae+2023-06-06-16h-57m-01s,197,20521388,24259877,,1.0,1.0,1.0,pointworld,pointworld,24,0,24,28,19,28,31,22,31,36,27,36
RAIL+d027f2ae+2023-06-06-16h-58m-40s,172,20521388,24259877,,1.0,1.0,1.0,pointworld,pointworld,39,26,39,41,31,41,44,35,44,50,41,50
RAIL+d027f2ae+2023-06-06-17h-03m-57s,140,20521388,24259877,,1.0,1.0,1.0,pointworld,pointworld,30,0,30,31,0,31,33,28,33,36,31,36
RAIL+d027f2ae+2023-06-08-10h-38m-55s,196,20521388,24259877,,1.0,1.0,1.0,pointworld,pointworld,81,0,81,84,0,84,87,71,87,91,76,91
RAIL+d027f2ae+2023-06-08-11h-59m-05s,210,20521388,24259877,,1.0,1.0,1.0,pointworld,pointworld,31,0,31,36,0,36,40,23,40,45,28,45
RAIL+d027f2ae+2023-06-08-12h-26m-18s,71,20521388,24259877,,1.0,1.0,1.0,pointworld,pointworld,42,33,42,47,36,47,51,39,51,58,42,58
RAIL+d027f2ae+2023-06-08-12h-27m-24s,136,20521388,24259877,,1.0,1.0,0.9900990099009901,pointworld,pointworld,30,27,30,35,32,35,47,40,47,53,46,53
RAIL+d027f2ae+2023-06-08-12h-31m-42s,175,20521388,24259877,,1.0,1.0,1.0,pointworld,pointworld,39,35,39,43,37,43,52,40,52,63,42,63
RAIL+d027f2ae+2023-06-08-13h-03m-02s,210,20521388,24259877,,1.0,1.0,1.0,pointworld,pointworld,34,31,34,36,33,36,38,34,38,43,37,43
RAIL+d027f2ae+2023-06-08-13h-04m-33s,212,20521388,24259877,,1.0,1.0,1.0,pointworld,pointworld,32,28,32,35,30,35,39,33,39,47,37,47
RAIL+d027f2ae+2023-06-12-16h-14m-34s,191,20521388,24259877,,1.0,1.0,1.0,pointworld,pointworld,54,42,54,56,54,56,59,57,59,63,62,63
RAIL+d027f2ae+2023-06-20-17h-59m-27s,182,20521388,24259877,,0.8703703703703703,0.7777777777777778,0.6868686868686869,pointworld,pointworld,76,72,76,83,77,83,162,87,162,-1,-1,-1
RAIL+d027f2ae+2023-06-20-19h-06m-10s,185,20521388,24259877,,1.0,1.0,1.0,pointworld,pointworld,42,42,40,49,49,47,62,62,57,134,134,68
RAIL+d027f2ae+2023-06-20-19h-06m-46s,194,20521388,24259877,,1.0,1.0,1.0,pointworld,pointworld,52,52,51,55,55,54,66,66,62,93,93,70
RAIL+d027f2ae+2023-06-20-19h-07m-07s,164,20521388,24259877,,1.0,1.0,1.0,pointworld,pointworld,43,43,42,48,48,46,55,55,53,59,59,57
RAIL+d027f2ae+2023-06-22-16h-44m-46s,134,20521388,24259877,,1.0,1.0,1.0,pointworld,pointworld,26,26,23,29,29,26,34,34,31,38,38,35
RAIL+d027f2ae+2023-06-22-16h-47m-43s,157,20521388,24259877,,1.0,1.0,1.0,pointworld,pointworld,38,38,35,43,43,41,56,56,51,71,71,65
RAIL+d027f2ae+2023-06-22-17h-00m-59s,104,20521388,24259877,,1.0,1.0,0.8732394366197183,pointworld,pointworld,29,26,29,33,28,33,38,32,38,47,36,47
RAIL+d027f2ae+2023-06-22-17h-06m-35s,97,20521388,24259877,,1.0,1.0,1.0,pointworld,pointworld,14,14,13,26,26,24,35,35,33,44,44,40
RAIL+d027f2ae+2023-06-27-21h-07m-03s,98,20521388,24259877,,1.0,1.0,1.0,pointworld,pointworld,28,27,28,30,30,30,37,37,34,45,45,37
RAIL+d027f2ae+2023-08-07-14h-57m-54s,177,20521388,24259877,,1.0,1.0,1.0,pointworld,pointworld,66,58,66,70,63,70,76,68,76,80,72,80
RAIL+d027f2ae+2023-08-07-15h-00m-51s,86,20521388,24259877,,1.0,1.0,1.0,pointworld,pointworld,57,49,57,61,53,61,66,57,66,71,62,71
RAIL+d027f2ae+2023-08-07-15h-14m-31s,148,20521388,24259877,,1.0,1.0,1.0,pointworld,pointworld,35,31,35,37,34,37,40,36,40,43,39,43
RAIL+d027f2ae+2023-08-07-15h-22m-05s,83,20521388,24259877,,1.0,1.0,1.0,pointworld,pointworld,31,24,31,34,27,34,37,31,37,40,35,40
RAIL+d027f2ae+2023-08-07-16h-14m-49s,141,20521388,24259877,,1.0,1.0,1.0,pointworld,pointworld,47,37,47,50,41,50,54,46,54,62,51,62
RAIL+d027f2ae+2023-08-07-17h-03m-04s,115,20521388,24259877,,1.0,1.0,0.9130434782608695,pointworld,pointworld,43,24,43,46,27,46,49,31,49,57,35,57
RAIL+d027f2ae+2023-08-07-17h-33m-30s,131,20521388,24259877,,1.0,1.0,1.0,pointworld,pointworld,42,37,42,46,40,46,50,44,50,70,47,70
RAIL+d027f2ae+2023-08-07-17h-55m-11s,120,20521388,24259877,,1.0,1.0,1.0,pointworld,pointworld,18,12,18,20,16,20,21,19,21,25,22,25
RAIL+d027f2ae+2023-08-07-18h-03m-12s,122,20521388,24259877,,1.0,1.0,1.0,pointworld,pointworld,25,23,25,27,25,27,29,27,29,33,29,33
RAIL+d027f2ae+2023-09-20-18h-02m-09s,184,20521388,24259877,,1.0,1.0,1.0,pointworld,pointworld,52,51,52,53,53,53,56,56,56,58,57,58
RAIL+d027f2ae+2023-09-20-18h-07m-42s,183,20521388,24259877,,1.0,1.0,1.0,pointworld,pointworld,55,52,55,59,56,59,64,61,64,69,64,69
RAIL+d027f2ae+2023-09-20-18h-11m-19s,122,20521388,24259877,,1.0,1.0,0.7849462365591398,pointworld,pointworld,27,25,27,29,28,29,34,31,34,37,34,37
RAIL+d027f2ae+2023-09-21-09h-55m-02s,124,20521388,24259877,,1.0,1.0,1.0,pointworld,pointworld,30,30,27,34,34,29,39,39,33,42,42,36
RAIL+d027f2ae+2023-09-21-09h-55m-22s,132,20521388,24259877,,1.0,1.0,1.0,pointworld,pointworld,35,35,33,38,38,36,41,41,40,44,44,42
RAIL+d027f2ae+2023-09-21-09h-59m-54s,109,20521388,24259877,,1.0,1.0,0.9879518072289156,pointworld,pointworld,24,23,24,26,24,26,28,27,28,30,29,30
RAIL+d027f2ae+2023-09-21-10h-16m-18s,66,20521388,24259877,,1.0,1.0,1.0,pointworld,pointworld,22,21,22,24,23,24,27,26,27,30,28,30
RAIL+d027f2ae+2023-09-21-16h-49m-34s,679,20521388,24259877,,1.0,1.0,1.0,pointworld,pointworld,315,0,315,321,225,321,347,245,347,350,277,350
RAIL+d027f2ae+2023-09-29-10h-58m-24s,127,20521388,24259877,,1.0,1.0,0.8571428571428571,pointworld,pointworld,37,21,37,43,23,43,56,25,56,105,28,105
RAIL+d027f2ae+2023-09-29-11h-03m-11s,139,20521388,24259877,,1.0,1.0,1.0,pointworld,pointworld,28,25,28,33,28,33,40,32,40,48,37,48
RAIL+d027f2ae+2023-09-29-19h-12m-59s,152,20521388,24259877,,1.0,1.0,1.0,pointworld,pointworld,0,0,0,19,19,0,28,28,0,34,34,0
RAIL+d027f2ae+2023-09-29-19h-32m-36s,159,20521388,24259877,,1.0,1.0,1.0,pointworld,pointworld,33,0,33,36,0,36,44,30,44,51,33,51
RAIL+d027f2ae+2023-09-29-19h-49m-21s,126,20521388,24259877,,1.0,1.0,1.0,pointworld,pointworld,21,19,21,24,21,24,26,24,26,29,27,29
RAIL+d027f2ae+2023-09-29-19h-49m-40s,132,20521388,24259877,,1.0,1.0,1.0,pointworld,pointworld,27,22,27,29,25,29,33,28,33,36,31,36
RAIL+d027f2ae+2023-10-03-10h-10m-55s,116,20521388,24259877,,1.0,1.0,1.0,pointworld,pointworld,25,25,23,29,29,26,33,33,30,38,38,33
RAIL+d027f2ae+2023-10-03-11h-08m-39s,110,20521388,24259877,,1.0,1.0,1.0,pointworld,pointworld,19,19,18,23,23,22,28,28,26,31,31,30
RAIL+d027f2ae+2023-10-03-11h-09m-16s,116,20521388,24259877,,1.0,1.0,1.0,pointworld,pointworld,25,21,25,28,24,28,31,27,31,36,33,36
RAIL+d027f2ae+2023-10-04-10h-45m-20s,98,20521388,24259877,,1.0,1.0,1.0,pointworld,pointworld,19,19,18,21,21,20,27,27,23,35,35,29
RAIL+d027f2ae+2023-10-04-10h-52m-54s,118,20521388,24259877,,1.0,1.0,1.0,pointworld,pointworld,25,25,23,31,31,27,37,37,31,41,41,35
RAIL+d027f2ae+2023-10-05-09h-49m-51s,97,20521388,24259877,,1.0,1.0,1.0,pointworld,pointworld,21,21,19,24,24,21,29,29,25,32,32,28
RAIL+d027f2ae+2023-10-05-09h-55m-13s,94,20521388,24259877,,1.0,1.0,1.0,pointworld,pointworld,28,28,28,34,34,33,40,40,37,45,45,41
RAIL+d027f2ae+2023-10-09-09h-58m-13s,122,20521388,24259877,,1.0,1.0,1.0,pointworld,pointworld,24,22,24,28,26,28,33,31,33,38,36,38
RAIL+d027f2ae+2023-10-09-10h-10m-24s,81,20521388,24259877,,1.0,1.0,1.0,pointworld,pointworld,21,19,21,24,22,24,27,25,27,30,28,30
RAIL+d027f2ae+2023-10-09-10h-11m-48s,100,20521388,24259877,,1.0,1.0,1.0,pointworld,pointworld,32,30,32,35,34,35,39,37,39,42,41,42
RAIL+d027f2ae+2023-10-09-10h-22m-09s,143,20521388,24259877,,1.0,1.0,1.0,pointworld,pointworld,20,0,20,30,0,30,37,36,37,41,40,41
RAIL+d027f2ae+2023-10-09-10h-23m-59s,137,20521388,24259877,,1.0,1.0,1.0,pointworld,pointworld,20,0,20,27,22,27,35,33,35,40,38,40
RAIL+d027f2ae+2023-10-09-10h-42m-12s,155,20521388,24259877,,1.0,1.0,0.9477611940298507,pointworld,pointworld,15,0,15,21,18,21,25,24,25,27,26,27
RAIL+d027f2ae+2023-10-09-10h-43m-49s,90,20521388,24259877,,1.0,1.0,1.0,pointworld,pointworld,26,0,26,30,27,30,35,32,35,39,37,39
RAIL+d027f2ae+2023-10-09-10h-46m-41s,122,20521388,24259877,,1.0,1.0,1.0,pointworld,pointworld,24,22,24,26,25,26,29,28,29,33,32,33
RAIL+d027f2ae+2023-10-09-10h-47m-36s,106,20521388,24259877,,1.0,1.0,1.0,pointworld,pointworld,25,22,25,28,26,28,32,30,32,35,34,35
RAIL+d027f2ae+2023-10-09-10h-56m-07s,100,20521388,24259877,,1.0,1.0,1.0,pointworld,pointworld,27,26,27,29,29,29,33,32,33,35,35,35
RAIL+d027f2ae+2023-10-10-09h-59m-07s,152,20521388,24259877,,1.0,1.0,0.8053097345132744,pointworld,pointworld,36,35,36,39,38,39,44,43,44,50,47,50
RAIL+d027f2ae+2023-10-10-10h-01m-46s,118,20521388,24259877,,1.0,1.0,1.0,pointworld,pointworld,31,29,31,35,32,35,39,36,39,43,41,43
RAIL+d027f2ae+2023-10-10-10h-09m-25s,132,20521388,24259877,,1.0,1.0,1.0,pointworld,pointworld,37,35,37,41,40,41,49,47,49,56,54,56
RAIL+d027f2ae+2023-10-10-10h-17m-34s,151,20521388,24259877,,1.0,1.0,0.9380530973451328,pointworld,pointworld,35,32,35,38,36,38,44,40,44,50,46,50
RAIL+d027f2ae+2023-10-10-10h-18m-01s,120,20521388,24259877,,1.0,1.0,1.0,pointworld,pointworld,32,27,32,37,33,37,43,40,43,47,44,47
RAIL+d027f2ae+2023-10-10-10h-22m-19s,143,20521388,24259877,,1.0,1.0,1.0,pointworld,pointworld,48,47,48,51,50,51,54,53,54,58,57,58
RAIL+d027f2ae+2023-10-10-10h-24m-48s,112,20521388,24259877,,1.0,1.0,1.0,pointworld,pointworld,22,17,22,27,24,27,31,29,31,34,32,34
RAIL+d027f2ae+2023-10-10-10h-32m-07s,111,20521388,24259877,,1.0,1.0,0.9540229885057471,pointworld,pointworld,21,20,21,24,23,24,28,27,28,33,31,33
RAIL+d027f2ae+2023-10-11-10h-14m-10s,52,20521388,24259877,,1.0,1.0,1.0,pointworld,pointworld,17,15,17,19,18,19,23,23,23,26,26,26
RAIL+d027f2ae+2023-10-11-10h-34m-09s,111,20521388,24259877,,1.0,1.0,1.0,pointworld,pointworld,13,12,13,15,15,15,19,18,19,22,22,22
RAIL+d027f2ae+2023-10-11-10h-41m-46s,109,20521388,24259877,,1.0,1.0,1.0,pointworld,pointworld,15,13,15,17,15,17,21,19,21,24,22,24
RAIL+d027f2ae+2023-10-11-10h-42m-03s,101,20521388,24259877,,1.0,1.0,1.0,pointworld,pointworld,22,22,22,26,26,25,31,31,29,35,35,34
RAIL+d027f2ae+2023-10-11-10h-46m-27s,100,20521388,24259877,,1.0,1.0,1.0,pointworld,pointworld,21,21,21,23,23,23,26,26,26,29,29,29
RAIL+d027f2ae+2023-10-11-10h-46m-42s,72,20521388,24259877,,1.0,1.0,1.0,pointworld,pointworld,20,13,20,25,24,25,30,30,29,35,35,33
RAIL+d027f2ae+2023-10-16-10h-24m-19s,107,20521388,24259877,,1.0,1.0,1.0,pointworld,pointworld,26,0,26,29,26,29,34,34,34,44,44,40
RAIL+d027f2ae+2023-10-16-10h-57m-45s,97,20521388,24259877,,1.0,1.0,1.0,pointworld,pointworld,28,25,28,34,33,34,37,36,37,41,40,41
RAIL+d027f2ae+2023-10-18-10h-31m-24s,103,20521388,24259877,,1.0,1.0,1.0,pointworld,pointworld,26,26,25,28,28,27,31,31,30,32,32,31
RAIL+d027f2ae+2023-10-19-10h-16m-07s,178,20521388,24259877,,1.0,1.0,1.0,pointworld,pointworld,30,30,27,33,33,31,36,36,34,38,38,37
RAIL+d027f2ae+2023-10-19-10h-16m-49s,98,20521388,24259877,,1.0,1.0,1.0,pointworld,pointworld,27,27,25,29,29,28,31,31,30,33,33,32
RAIL+d027f2ae+2023-10-19-10h-17m-38s,146,20521388,24259877,,1.0,1.0,1.0,pointworld,pointworld,20,20,18,22,22,20,24,24,23,26,26,25
RAIL+d027f2ae+2023-10-19-10h-24m-02s,96,20521388,24259877,,1.0,1.0,1.0,pointworld,pointworld,24,24,23,26,26,25,29,29,28,31,31,30
RAIL+d027f2ae+2023-10-23-09h-57m-09s,102,20521388,24259877,,1.0,1.0,1.0,pointworld,pointworld,21,21,17,24,24,20,27,27,23,30,30,25
RAIL+d027f2ae+2023-10-23-10h-02m-40s,104,20521388,24259877,,1.0,1.0,1.0,pointworld,pointworld,11,11,7,13,13,10,16,16,13,17,17,14
RAIL+d027f2ae+2023-10-23-10h-10m-18s,86,20521388,24259877,,1.0,1.0,1.0,pointworld,pointworld,27,27,24,29,29,25,31,31,28,33,33,30
RAIL+d027f2ae+2023-10-23-10h-13m-24s,116,20521388,24259877,,1.0,1.0,1.0,pointworld,pointworld,29,29,25,32,32,28,35,35,31,36,36,33
RAIL+d027f2ae+2023-10-23-10h-14m-28s,104,20521388,24259877,,1.0,1.0,1.0,pointworld,pointworld,17,17,14,19,19,16,21,21,18,23,23,20
RAIL+d027f2ae+2023-10-23-10h-17m-52s,133,20521388,24259877,,1.0,1.0,1.0,pointworld,pointworld,33,33,30,35,35,32,38,38,35,40,40,36
RAIL+d027f2ae+2023-10-23-10h-52m-02s,112,20521388,24259877,,1.0,1.0,1.0,pointworld,pointworld,33,29,33,35,31,35,38,34,38,40,35,40
RAIL+d027f2ae+2023-10-24-10h-13m-19s,81,20521388,24259877,,1.0,1.0,1.0,pointworld,pointworld,20,17,20,22,19,22,24,21,24,26,23,26
RAIL+d027f2ae+2023-10-24-10h-14m-09s,97,20521388,24259877,,1.0,1.0,1.0,pointworld,pointworld,22,16,22,24,19,24,28,22,28,30,25,30
RAIL+d027f2ae+2023-10-24-10h-20m-54s,99,20521388,24259877,,1.0,1.0,1.0,pointworld,pointworld,26,24,26,28,26,28,30,27,30,32,29,32
RAIL+d027f2ae+2023-10-24-10h-21m-46s,109,20521388,24259877,,1.0,1.0,1.0,pointworld,pointworld,17,17,17,20,18,20,23,20,23,26,24,26
RAIL+d027f2ae+2023-10-26-10h-43m-45s,60,20521388,24259877,,1.0,1.0,1.0,pointworld,pointworld,17,16,17,18,18,18,21,20,21,22,21,22
RAIL+d027f2ae+2023-10-26-10h-45m-11s,147,20521388,24259877,,1.0,1.0,1.0,pointworld,pointworld,25,22,25,28,26,28,32,30,32,35,34,35
RAIL+d027f2ae+2023-10-26-10h-47m-42s,80,20521388,24259877,,1.0,1.0,1.0,pointworld,pointworld,14,13,14,15,15,15,17,16,17,19,18,19
RAIL+d027f2ae+2023-10-26-10h-48m-25s,87,20521388,24259877,,1.0,1.0,1.0,pointworld,pointworld,10,0,10,13,9,13,17,14,17,20,16,20
RAIL+d027f2ae+2023-10-26-10h-49m-05s,64,20521388,24259877,,1.0,1.0,1.0,pointworld,pointworld,14,13,14,16,15,16,19,18,19,22,20,22
RAIL+d027f2ae+2023-10-26-10h-50m-09s,61,20521388,24259877,,1.0,1.0,1.0,pointworld,pointworld,14,9,14,16,13,16,18,16,18,20,18,20
RAIL+d027f2ae+2023-10-26-11h-01m-53s,100,20521388,24259877,,1.0,1.0,1.0,pointworld,pointworld,21,20,21,23,22,23,26,24,26,28,26,28
RAIL+d027f2ae+2023-10-26-18h-22m-17s,69,20521388,24259877,,1.0,1.0,1.0,pointworld,pointworld,21,0,21,25,13,25,30,17,30,33,23,33
RAIL+d027f2ae+2023-10-26-18h-43m-45s,80,20521388,24259877,,1.0,1.0,1.0,pointworld,pointworld,23,0,23,26,0,26,28,19,28,33,24,33
RAIL+d027f2ae+2023-10-27-11h-25m-39s,86,20521388,24259877,,1.0,1.0,1.0,pointworld,pointworld,28,28,25,32,32,28,36,36,32,40,40,36
RAIL+d027f2ae+2023-10-27-11h-26m-09s,105,20521388,24259877,,1.0,1.0,1.0,pointworld,pointworld,22,22,20,24,24,23,26,26,25,29,29,27
RAIL+d027f2ae+2023-11-01-10h-34m-13s,139,20521388,24259877,,1.0,1.0,1.0,pointworld,pointworld,31,31,31,33,33,33,36,36,35,38,37,38
RAIL+d027f2ae+2023-11-01-10h-35m-06s,94,20521388,24259877,,1.0,1.0,1.0,pointworld,pointworld,34,34,33,36,36,34,39,39,38,42,42,40
RAIL+d027f2ae+2023-11-01-10h-53m-37s,121,20521388,24259877,,1.0,1.0,1.0,pointworld,pointworld,25,25,24,28,28,27,30,30,29,33,32,33
RAIL+d027f2ae+2023-11-03-10h-25m-37s,150,20521388,24259877,,1.0,1.0,1.0,pointworld,pointworld,21,17,21,22,19,22,24,20,24,27,22,27
RAIL+d027f2ae+2023-11-03-10h-32m-13s,144,20521388,24259877,,1.0,1.0,1.0,pointworld,pointworld,19,15,19,21,17,21,22,19,22,26,22,26
RAIL+d027f2ae+2023-11-03-10h-36m-17s,90,20521388,24259877,,1.0,1.0,1.0,pointworld,pointworld,31,28,31,33,30,33,34,32,34,38,34,38
RAIL+d027f2ae+2023-11-03-10h-47m-25s,87,20521388,24259877,,1.0,1.0,1.0,pointworld,pointworld,27,24,27,28,27,28,30,28,30,33,31,33
RAIL+d027f2ae+2023-11-03-10h-47m-40s,111,20521388,24259877,,1.0,1.0,1.0,pointworld,pointworld,20,20,20,22,22,22,24,24,24,26,26,26
RAIL+d027f2ae+2023-11-03-10h-48m-23s,113,20521388,24259877,,1.0,1.0,1.0,pointworld,pointworld,23,18,23,25,19,25,27,21,27,30,23,30
RAIL+d027f2ae+2023-11-03-10h-55m-57s,67,20521388,24259877,,1.0,1.0,1.0,pointworld,pointworld,19,14,19,21,17,21,23,19,23,25,24,25
RAIL+d027f2ae+2023-11-03-20h-35m-30s,144,20521388,24259877,,1.0,1.0,1.0,pointworld,pointworld,0,0,0,0,0,0,0,0,0,21,17,21
RAIL+d027f2ae+2023-11-03-20h-40m-04s,101,20521388,24259877,,1.0,1.0,1.0,pointworld,pointworld,0,0,0,14,0,14,18,0,18,23,17,23
RAIL+d027f2ae+2023-11-04-14h-05m-20s,192,20521388,24259877,,1.0,1.0,1.0,pointworld,pointworld,26,0,26,28,0,28,30,0,30,34,18,34
RAIL+d027f2ae+2023-11-04-14h-10m-06s,153,20521388,24259877,,1.0,1.0,1.0,pointworld,pointworld,20,0,20,23,0,23,25,0,25,28,0,28
RAIL+d027f2ae+2023-11-04-14h-19m-59s,105,20521388,24259877,,1.0,1.0,1.0,pointworld,pointworld,18,0,18,20,0,20,24,10,24,32,12,32
RAIL+d027f2ae+2023-11-04-14h-46m-23s,104,20521388,24259877,,1.0,1.0,1.0,pointworld,pointworld,23,0,23,26,0,26,29,19,29,35,23,35
RAIL+d027f2ae+2023-11-06-10h-14m-16s,124,20521388,24259877,,1.0,1.0,1.0,pointworld,pointworld,11,0,11,15,0,15,17,0,17,21,0,21
RAIL+d027f2ae+2023-11-06-10h-17m-47s,76,20521388,24259877,,1.0,1.0,1.0,pointworld,pointworld,0,0,0,11,0,11,13,0,13,16,0,16
RAIL+d027f2ae+2023-11-06-10h-44m-47s,81,20521388,24259877,,1.0,1.0,1.0,pointworld,pointworld,14,0,14,17,0,17,18,0,18,20,0,20
RAIL+d027f2ae+2023-11-06-10h-46m-14s,126,20521388,24259877,,1.0,1.0,1.0,pointworld,pointworld,0,0,0,0,0,0,0,0,0,0,0,0
RAIL+d027f2ae+2023-11-06-10h-46m-34s,110,20521388,24259877,,1.0,1.0,1.0,pointworld,pointworld,0,0,0,20,0,20,23,0,23,27,0,27
RAIL+d027f2ae+2023-11-06-10h-52m-14s,59,20521388,24259877,,1.0,1.0,1.0,pointworld,pointworld,18,0,18,20,0,20,23,0,23,29,0,29
RAIL+d027f2ae+2023-11-06-11h-35m-36s,71,20521388,24259877,,1.0,1.0,1.0,pointworld,pointworld,23,19,23,23,20,23,25,22,25,28,24,28
RAIL+d027f2ae+2023-11-06-11h-35m-52s,107,20521388,24259877,,1.0,1.0,1.0,pointworld,pointworld,23,19,23,24,21,24,26,23,26,30,25,30
RAIL+d027f2ae+2023-11-07-10h-52m-24s,104,20521388,24259877,,1.0,1.0,1.0,pointworld,pointworld,31,31,28,33,33,29,38,38,33,41,41,36
RAIL+d027f2ae+2023-11-14-18h-31m-41s,115,20521388,24259877,,1.0,1.0,1.0,pointworld,pointworld,14,14,0,15,15,0,17,17,0,19,19,11
RAIL+d027f2ae+2023-11-14-18h-38m-04s,162,20521388,24259877,,1.0,1.0,0.7916666666666666,pointworld,pointworld,16,16,0,18,18,0,20,20,0,22,22,0
RAIL+d027f2ae+2023-11-14-18h-41m-13s,138,20521388,24259877,,1.0,1.0,0.9836065573770492,pointworld,pointworld,14,14,0,16,16,0,21,21,0,24,24,0
RAIL+d027f2ae+2023-11-14-18h-45m-00s,110,20521388,24259877,,1.0,1.0,1.0,pointworld,pointworld,21,21,0,22,22,0,25,25,0,27,27,0
RAIL+d027f2ae+2023-11-14-19h-04m-51s,111,20521388,24259877,,1.0,1.0,0.9876543209876543,pointworld,pointworld,29,29,0,30,30,0,32,32,0,34,34,0
RAIL+d027f2ae+2023-11-14-19h-05m-51s,158,20521388,24259877,,1.0,1.0,1.0,pointworld,pointworld,58,58,0,65,65,0,71,71,0,94,94,0
RAIL+d027f2ae+2023-11-14-19h-06m-29s,163,20521388,24259877,,1.0,1.0,1.0,pointworld,pointworld,51,51,0,56,56,0,62,62,0,75,75,16
RAIL+d027f2ae+2023-11-14-19h-16m-12s,81,20521388,24259877,,1.0,1.0,1.0,pointworld,pointworld,0,0,0,41,41,0,51,51,0,59,59,0
RAIL+d027f2ae+2023-11-15-10h-53m-11s,108,20521388,24259877,,1.0,1.0,1.0,pointworld,pointworld,20,0,20,22,0,22,25,0,25,31,0,31
RAIL+d027f2ae+2023-11-16-11h-17m-36s,130,20521388,24259877,,1.0,1.0,1.0,pointworld,pointworld,24,24,23,26,26,25,28,28,26,31,31,29
RAIL+d027f2ae+2023-11-16-11h-20m-44s,114,20521388,24259877,,1.0,1.0,1.0,pointworld,pointworld,18,18,11,20,20,15,23,23,20,26,26,22
RAIL+d027f2ae+2023-11-17-10h-32m-10s,90,20521388,24259877,,1.0,1.0,1.0,pointworld,pointworld,36,36,32,39,39,35,44,44,38,48,48,41
RAIL+d027f2ae+2023-11-17-10h-34m-02s,112,20521388,24259877,,1.0,1.0,1.0,pointworld,pointworld,32,32,27,35,35,30,40,40,34,46,46,37
RAIL+d027f2ae+2023-11-17-10h-51m-11s,123,20521388,24259877,,1.0,1.0,1.0,pointworld,pointworld,25,21,25,28,23,28,30,25,30,35,27,35
RAIL+d027f2ae+2023-11-20-11h-09m-53s,76,20521388,24259877,,0.5185185185185185,1.0,0.5757575757575758,pointworld,pointworld,35,35,18,43,43,21,-1,-1,28,-1,-1,34
RAIL+d027f2ae+2023-11-20-11h-14m-29s,106,20521388,24259877,,1.0,1.0,1.0,pointworld,pointworld,19,16,19,20,18,20,22,21,22,26,23,26
RAIL+d027f2ae+2023-11-20-11h-18m-03s,108,20521388,24259877,,1.0,1.0,1.0,pointworld,pointworld,12,12,0,15,15,7,18,18,12,21,21,15
RAIL+d027f2ae+2023-11-20-11h-18m-18s,80,20521388,24259877,,1.0,1.0,1.0,pointworld,pointworld,17,17,14,18,18,15,21,21,17,24,24,19
RAIL+d027f2ae+2023-11-29-16h-55m-54s,115,20521388,24259877,,1.0,0.9444444444444444,0.7468354430379747,pointworld,pointworld,31,31,31,36,34,36,42,38,42,-1,42,-1
RAIL+d027f2ae+2023-11-29-17h-06m-11s,126,20521388,24259877,,1.0,0.8703703703703703,0.746031746031746,pointworld,pointworld,58,54,58,63,59,63,70,65,70,-1,71,-1
RAIL+d027f2ae+2023-11-30-11h-41m-12s,90,20521388,24259877,,1.0,1.0,1.0,pointworld,pointworld,19,19,18,21,21,20,23,23,21,25,25,23
RAIL+d027f2ae+2023-11-30-11h-44m-14s,110,20521388,24259877,,1.0,1.0,1.0,pointworld,pointworld,44,44,37,46,46,39,52,52,42,59,59,45
RAIL+d027f2ae+2023-11-30-11h-49m-14s,110,20521388,24259877,,1.0,1.0,1.0,pointworld,pointworld,30,29,30,32,31,32,34,33,34,36,35,36
RAIL+d027f2ae+2023-11-30-11h-55m-49s,99,20521388,24259877,,1.0,1.0,1.0,pointworld,pointworld,31,31,27,35,35,31,41,41,36,46,46,39
RAIL+d027f2ae+2023-12-02-16h-31m-06s,104,20521388,24259877,,1.0,1.0,1.0,pointworld,pointworld,28,28,26,32,32,29,36,36,34,39,39,37
RAIL+d027f2ae+2023-12-02-16h-32m-37s,78,20521388,24259877,,1.0,1.0,1.0,pointworld,pointworld,32,32,32,34,34,34,37,37,36,43,39,43
RAIL+d027f2ae+2023-12-02-17h-30m-20s,127,20521388,24259877,,1.0,1.0,1.0,pointworld,pointworld,22,22,20,24,24,21,28,28,26,32,32,29
RAIL+daf8a660+2023-08-29-15h-29m-27s,157,20521388,24259877,,1.0,1.0,1.0,pointworld,pointworld,31,31,19,35,35,23,38,38,26,43,43,29
RAIL+daf8a660+2023-08-31-10h-52m-55s,248,20521388,24259877,,1.0,1.0,1.0,pointworld,pointworld,26,0,26,30,17,30,34,20,34,38,27,38
RAIL+daf8a660+2023-08-31-10h-53m-22s,149,20521388,24259877,,1.0,1.0,1.0,pointworld,pointworld,28,0,28,30,0,30,35,0,35,37,29,37
RAIL+daf8a660+2023-08-31-14h-52m-34s,408,20521388,24259877,,1.0,1.0,0.5233160621761658,pointworld,pointworld,19,12,19,22,15,22,25,19,25,27,22,27
RAIL+daf8a660+2023-08-31-14h-53m-15s,291,20521388,24259877,,1.0,1.0,1.0,pointworld,pointworld,23,18,23,26,21,26,30,22,30,34,25,34
RAIL+daf8a660+2023-08-31-15h-11m-00s,184,20521388,24259877,,1.0,1.0,1.0,pointworld,pointworld,65,0,65,68,61,68,71,64,71,75,67,75
RAIL+daf8a660+2023-08-31-15h-17m-32s,190,20521388,24259877,,1.0,1.0,0.4857142857142857,pointworld,pointworld,12,0,12,15,0,15,19,7,19,21,12,21
RAIL+daf8a660+2023-08-31-15h-19m-28s,144,20521388,24259877,,1.0,1.0,1.0,pointworld,pointworld,17,12,17,18,14,18,22,16,22,26,19,26
RAIL+daf8a660+2023-08-31-15h-41m-52s,99,20521388,24259877,,1.0,1.0,1.0,pointworld,pointworld,29,0,29,33,24,33,36,28,36,40,32,40
RAIL+daf8a660+2023-08-31-15h-43m-39s,157,20521388,24259877,,1.0,1.0,1.0,pointworld,pointworld,29,20,29,34,23,34,39,27,39,44,31,44
RAIL+daf8a660+2023-08-31-15h-52m-46s,174,20521388,24259877,,1.0,1.0,1.0,pointworld,pointworld,22,0,22,24,14,24,27,19,27,32,23,32
RAIL+daf8a660+2023-09-01-15h-30m-43s,121,20521388,24259877,,1.0,1.0,1.0,pointworld,pointworld,49,43,49,53,47,53,58,53,58,64,62,64
RAIL+daf8a660+2023-09-01-15h-32m-04s,101,20521388,24259877,,1.0,1.0,1.0,pointworld,pointworld,19,16,19,22,19,22,29,24,29,36,34,36
RAIL+daf8a660+2023-09-01-15h-42m-09s,180,20521388,24259877,,1.0,1.0,1.0,pointworld,pointworld,29,29,29,31,31,31,35,34,35,38,36,38
RAIL+daf8a660+2023-09-01-15h-48m-29s,180,20521388,24259877,,1.0,1.0,1.0,pointworld,pointworld,18,18,0,20,20,17,22,22,20,25,25,23
RAIL+daf8a660+2023-09-12-10h-38m-39s,201,20521388,24259877,,1.0,1.0,0.9329608938547486,pointworld,pointworld,20,16,20,22,18,22,24,21,24,26,24,26
RAIL+daf8a660+2023-09-12-10h-44m-28s,153,20521388,24259877,,1.0,1.0,1.0,pointworld,pointworld,29,29,25,31,31,27,34,34,30,37,37,33
RAIL+daf8a660+2023-10-13-11h-00m-53s,201,20521388,24259877,,1.0,1.0,1.0,pointworld,pointworld,0,0,0,0,0,0,21,21,15,35,35,25
RAIL+daf8a660+2023-10-13-11h-14m-11s,65,20521388,24259877,,1.0,1.0,1.0,pointworld,pointworld,28,28,24,30,30,27,33,33,30,40,40,34
RAIL+daf8a660+2023-10-13-11h-26m-51s,109,20521388,24259877,,1.0,1.0,1.0,pointworld,pointworld,25,0,25,32,32,30,38,38,35,47,47,41
RAIL+daf8a660+2023-10-13-11h-33m-49s,113,20521388,24259877,,1.0,1.0,0.9823008849557522,pointworld,pointworld,0,0,0,0,0,0,41,41,33,48,48,38
RAIL+daf8a660+2023-11-29-13h-19m-21s,113,20521388,24259877,,1.0,1.0,1.0,pointworld,pointworld,15,15,0,18,18,0,22,22,15,24,24,20
RAIL+daf8a660+2023-11-29-13h-23m-53s,94,20521388,24259877,,1.0,1.0,1.0,pointworld,pointworld,15,15,13,18,18,17,21,21,21,26,24,26
RAIL+daf8a660+2023-11-29-14h-13m-31s,150,20521388,24259877,,1.0,1.0,1.0,pointworld,pointworld,46,46,44,49,49,46,53,53,50,57,57,54
RAIL+daf8a660+2023-11-29-14h-13m-50s,138,20521388,24259877,,1.0,1.0,1.0,pointworld,pointworld,22,20,22,24,23,24,27,25,27,30,27,30
RAIL+daf8a660+2023-11-29-14h-30m-43s,146,20521388,24259877,,1.0,1.0,1.0,pointworld,pointworld,19,19,19,22,22,21,25,25,24,27,27,27
RAIL+daf8a660+2023-11-29-14h-33m-29s,150,20521388,24259877,,1.0,1.0,1.0,pointworld,pointworld,18,18,3,20,20,16,23,23,20,25,25,25
RAIL+eh61f232+2023-04-07-19h-34m-07s,413,20521388,24259877,,1.0,1.0,1.0,pointworld,pointworld,316,306,316,321,314,321,327,320,327,338,325,338
RAIL+eh61f232+2023-05-15-11h-14m-40s,134,20521388,24259877,,1.0,1.0,1.0,pointworld,pointworld,17,0,17,22,14,22,29,22,29,36,26,36
RAIL+eh61f232+2023-05-15-11h-18m-18s,135,20521388,24259877,,1.0,1.0,1.0,pointworld,pointworld,20,2,20,25,17,25,34,26,34,40,32,40
RAIL+eh61f232+2023-05-15-11h-22m-46s,135,20521388,24259877,,1.0,1.0,1.0,pointworld,pointworld,28,0,28,33,25,33,41,33,41,48,39,48
RAIL+eh61f232+2023-10-26-17h-31m-25s,1333,20521388,24259877,,1.0,1.0,1.0,pointworld,pointworld,406,0,406,416,0,416,427,403,427,443,413,443
RAIL+eh61f232+2023-10-26-17h-33m-59s,672,20521388,24259877,,1.0,1.0,0.3371868978805395,pointworld,pointworld,120,0,120,153,0,153,307,106,307,328,128,328
RAIL+eh61f232+2023-10-26-17h-35m-23s,310,20521388,24259877,,1.0,1.0,1.0,pointworld,pointworld,30,0,30,54,0,54,72,0,72,86,39,86
RAIL+t3d58310+2023-05-19-15h-23m-47s,121,20521388,24259877,,1.0,1.0,0.9421487603305785,pointworld,pointworld,0,0,0,0,0,0,32,27,32,37,31,37
RAIL+t3d58310+2023-05-19-15h-33m-06s,132,20521388,24259877,,1.0,1.0,1.0,pointworld,pointworld,0,0,0,0,0,0,30,18,30,34,32,34
RAIL+t3d58310+2023-05-19-15h-40m-50s,114,20521388,24259877,,1.0,1.0,1.0,pointworld,pointworld,22,0,22,25,22,25,29,25,29,34,29,34
RAIL+t3d58310+2023-05-19-15h-43m-29s,117,20521388,24259877,,1.0,1.0,1.0,pointworld,pointworld,25,23,25,27,24,27,41,28,41,45,42,45
RAIL+t3d58310+2023-05-19-16h-51m-01s,124,20521388,24259877,,1.0,1.0,1.0,pointworld,pointworld,40,0,40,43,41,43,46,44,46,50,47,50
RAIL+t3d58310+2023-05-20-14h-10m-35s,179,20521388,24259877,,1.0,1.0,0.9292035398230089,pointworld,pointworld,58,8,58,66,53,66,75,59,75,112,63,112
RAIL+t3d58310+2023-05-20-14h-12m-01s,97,20521388,24259877,,1.0,0.8518518518518519,1.0,pointworld,pointworld,50,38,50,55,41,55,64,44,64,-1,48,-1
RAIL+t3d58310+2023-05-20-14h-39m-06s,155,20521388,24259877,,1.0,1.0,1.0,pointworld,pointworld,0,0,0,22,0,22,31,24,31,56,28,56
RAIL+t3d58310+2023-05-20-14h-39m-25s,129,20521388,24259877,,1.0,1.0,1.0,pointworld,pointworld,28,18,28,48,21,48,54,25,54,65,27,65
RAIL+t3d58310+2023-05-20-14h-40m-53s,143,20521388,24259877,,1.0,1.0,1.0,pointworld,pointworld,36,19,36,38,23,38,42,36,42,51,38,51
RAIL+t3d58310+2023-05-20-14h-46m-25s,134,20521388,24259877,,1.0,1.0,1.0,pointworld,pointworld,14,0,14,16,8,16,31,12,31,38,14,38
RAIL+t3d58310+2023-05-20-14h-51m-12s,214,20521388,24259877,,1.0,1.0,1.0,pointworld,pointworld,18,14,18,20,17,20,33,20,33,36,31,36
RAIL+t3d58310+2023-05-20-15h-03m-11s,130,20521388,24259877,,1.0,1.0,1.0,pointworld,pointworld,24,21,24,36,24,36,38,36,38,41,38,41
RAIL+t3d58310+2023-05-20-15h-05m-40s,95,20521388,24259877,,1.0,1.0,1.0,pointworld,pointworld,35,18,35,38,21,38,40,23,40,44,34,44
RAIL+t3d58310+2023-05-20-15h-06m-37s,127,20521388,24259877,,1.0,1.0,1.0,pointworld,pointworld,27,15,27,29,26,29,32,29,32,34,31,34
RAIL+t3d58310+2023-05-20-15h-07m-17s,134,20521388,24259877,,1.0,1.0,1.0,pointworld,pointworld,20,0,20,23,16,23,38,20,38,42,23,42
RAIL+t3d58310+2023-05-20-15h-09m-46s,205,20521388,24259877,,1.0,1.0,1.0,pointworld,pointworld,24,0,24,28,20,28,40,24,40,43,28,43
RAIL+t3d58310+2023-05-28-14h-51m-43s,197,20521388,24259877,,1.0,1.0,1.0,pointworld,pointworld,15,15,12,20,20,15,34,34,18,55,55,20
RAIL+t3d58310+2023-05-28-15h-01m-40s,144,20521388,24259877,,1.0,1.0,1.0,pointworld,pointworld,8,8,0,11,11,0,13,13,8,16,16,11
RAIL+t3d58310+2023-05-28-15h-03m-45s,227,20521388,24259877,,1.0,1.0,1.0,pointworld,pointworld,15,15,14,17,17,16,20,20,18,22,22,20
RAIL+t3d58310+2023-05-28-15h-08m-56s,158,20521388,24259877,,1.0,1.0,1.0,pointworld,pointworld,16,16,15,18,18,16,21,21,19,24,24,21
RAIL+t3d58310+2023-05-28-15h-47m-49s,160,20521388,24259877,,1.0,1.0,1.0,pointworld,pointworld,15,15,13,18,18,17,21,21,19,24,24,21
RAIL+t3d58310+2023-05-28-16h-02m-44s,163,20521388,24259877,,1.0,1.0,1.0,pointworld,pointworld,13,13,10,14,14,12,17,17,15,19,19,17
RAIL+t3d58310+2023-05-28-16h-45m-01s,187,20521388,24259877,,1.0,1.0,1.0,pointworld,pointworld,24,24,23,27,27,25,32,32,29,58,58,32
RAIL+t3d58310+2023-05-28-16h-45m-41s,170,20521388,24259877,,1.0,1.0,1.0,pointworld,pointworld,7,7,0,10,10,6,13,13,9,15,15,12
RAIL+t3d58310+2023-05-28-16h-47m-28s,242,20521388,24259877,,1.0,1.0,1.0,pointworld,pointworld,20,20,19,22,22,21,25,25,23,30,30,25
RAIL+t3d58310+2023-05-28-16h-57m-06s,359,20521388,24259877,,1.0,1.0,1.0,pointworld,pointworld,36,36,0,39,39,0,42,42,37,45,45,40
RAIL+t3d58310+2023-05-28-17h-01m-52s,176,20521388,24259877,,1.0,1.0,1.0,pointworld,pointworld,19,19,0,37,37,0,40,40,15,43,43,38
RAIL+t3d58310+2023-05-28-17h-06m-06s,155,20521388,24259877,,1.0,1.0,1.0,pointworld,pointworld,32,32,8,34,34,14,36,36,34,39,39,37
RAIL+t3d58310+2023-05-28-17h-11m-52s,128,20521388,24259877,,1.0,1.0,1.0,pointworld,pointworld,6,6,0,8,8,6,10,10,8,12,12,10
RAIL+t3d58310+2023-05-28-17h-24m-18s,110,20521388,24259877,,1.0,1.0,1.0,pointworld,pointworld,16,16,15,18,18,17,21,21,19,23,23,21
RAIL+t3d58310+2023-05-28-17h-44m-07s,112,20521388,24259877,,1.0,1.0,1.0,pointworld,pointworld,14,14,0,16,16,0,18,18,13,21,21,16
RAIL+t3d58310+2023-07-13-15h-50m-45s,289,20521388,24259877,,1.0,1.0,1.0,pointworld,pointworld,125,106,125,131,131,130,160,160,158,165,165,164
RAIL+t3d58310+2023-07-27-15h-54m-57s,549,20521388,24259877,,1.0,1.0,1.0,pointworld,pointworld,61,61,60,64,64,63,79,79,77,82,82,80
RAIL+t3d58310+2023-07-27-17h-11m-43s,212,20521388,24259877,,1.0,1.0,1.0,pointworld,pointworld,38,38,35,49,49,38,70,70,55,73,73,70
RAIL+t3d58310+2023-07-27-17h-17m-43s,497,20521388,24259877,,1.0,1.0,1.0,pointworld,pointworld,38,38,38,51,51,50,65,65,64,70,70,66
RAIL+t3d58310+2023-07-27-17h-22m-46s,405,20521388,24259877,,1.0,1.0,1.0,pointworld,pointworld,56,56,51,80,80,53,83,83,79,86,86,81
RAIL+t3d58310+2023-07-27-17h-28m-55s,380,20521388,24259877,,1.0,1.0,0.978125,pointworld,pointworld,57,56,57,60,60,60,88,88,74,102,102,78
RAIL+t3d58310+2023-07-27-17h-30m-58s,125,20521388,24259877,,1.0,1.0,1.0,pointworld,pointworld,24,24,22,26,26,24,29,29,27,38,38,35
RAIL+t3d58310+2023-07-27-17h-47m-03s,562,20521388,24259877,,1.0,1.0,1.0,pointworld,pointworld,37,37,34,39,39,36,41,41,38,51,51,39
RAIL+t3d58310+2023-07-28-17h-26m-05s,645,20521388,24259877,,1.0,1.0,1.0,pointworld,pointworld,24,15,24,28,17,28,30,27,30,32,32,32
RAIL+t3d58310+2023-07-28-18h-02m-42s,833,20521388,24259877,,1.0,1.0,0.9502551020408163,pointworld,pointworld,47,43,47,49,47,49,132,132,58,179,159,67
RAIL+t3d58310+2023-07-28-18h-10m-28s,765,20521388,24259877,,1.0,1.0,0.998546511627907,pointworld,pointworld,75,75,59,77,77,63,80,80,73,83,83,75
RAIL+t3d58310+2023-07-28-18h-27m-22s,501,20521388,24259877,,1.0,1.0,0.8901869158878505,pointworld,pointworld,57,57,24,73,58,26,86,60,30,162,63,162
RAIL+t3d58310+2023-08-08-17h-00m-30s,684,20521388,24259877,,1.0,1.0,0.9848942598187311,pointworld,pointworld,20,17,20,22,20,22,25,23,25,54,54,51
RAIL+t3d58310+2023-08-08-18h-02m-28s,268,20521388,24259877,,1.0,1.0,1.0,pointworld,pointworld,53,42,53,55,54,55,58,58,57,62,62,59
RAIL+t3d58310+2023-08-12-15h-02m-31s,1352,20521388,24259877,,1.0,1.0,0.9847211611917495,pointworld,pointworld,41,40,41,43,42,43,46,45,46,58,55,58
RAIL+t3d58310+2023-08-12-16h-51m-15s,1464,20521388,24259877,,1.0,1.0,0.5973574408901252,pointworld,pointworld,23,22,23,26,24,26,47,42,47,49,46,49
RAIL+t3d58310+2023-08-12-17h-11m-35s,1283,20521388,24259877,,1.0,1.0,1.0,pointworld,pointworld,19,18,19,21,20,21,44,34,44,47,44,47
REAL+4dbb5646+2023-04-14-16h-31m-52s,572,20540549,23960472,,1.0,1.0,0.9292929292929293,pointworld,pointworld,43,36,43,77,77,72,102,102,78,120,120,95
REAL+4dbb5646+2023-04-17-14h-56m-15s,627,20540549,23960472,,1.0,1.0,0.9633173843700159,pointworld,pointworld,0,0,0,0,0,0,0,0,0,28,28,0
REAL+4dbb5646+2023-04-18-15h-35m-54s,314,20540549,23960472,,1.0,1.0,1.0,pointworld,pointworld,0,0,0,0,0,0,0,0,0,0,0,0
REAL+4dbb5646+2023-04-18-16h-50m-14s,393,20540549,23960472,,1.0,1.0,1.0,pointworld,pointworld,0,0,0,0,0,0,0,0,0,0,0,0
REAL+4dbb5646+2023-04-18-16h-52m-32s,280,20540549,23960472,,1.0,1.0,1.0,pointworld,pointworld,0,0,0,0,0,0,0,0,0,0,0,0
REAL+4dbb5646+2023-05-17-11h-07m-32s,262,20540549,23960472,,1.0,1.0,1.0,pointworld,pointworld,0,0,0,0,0,0,0,0,0,8,6,8
REAL+4dbb5646+2023-05-17-11h-13m-14s,179,20540549,23960472,,1.0,1.0,1.0,pointworld,pointworld,0,0,0,0,0,0,0,0,0,22,15,22
REAL+4dbb5646+2023-05-17-11h-15m-17s,493,20540549,23960472,,1.0,1.0,1.0,pointworld,pointworld,0,0,0,0,0,0,23,23,0,28,28,27
REAL+4dbb5646+2023-05-17-16h-08m-46s,242,20540549,23960472,,1.0,1.0,1.0,pointworld,pointworld,0,0,0,9,0,9,21,18,21,24,22,24
REAL+4dbb5646+2023-05-17-16h-09m-15s,164,20540549,23960472,,1.0,1.0,1.0,pointworld,pointworld,0,0,0,7,7,0,14,14,11,17,17,15
REAL+4dbb5646+2023-05-17-16h-10m-36s,248,20540549,23960472,,1.0,1.0,1.0,pointworld,pointworld,0,0,0,0,0,0,0,0,0,15,0,15
REAL+4dbb5646+2023-05-17-16h-13m-12s,176,20540549,23960472,,1.0,1.0,1.0,pointworld,pointworld,0,0,0,0,0,0,0,0,0,43,0,43
REAL+4dbb5646+2023-05-17-16h-18m-18s,182,20540549,23960472,,1.0,1.0,1.0,pointworld,pointworld,0,0,0,0,0,0,0,0,0,0,0,0
REAL+4dbb5646+2023-05-17-16h-20m-22s,184,20540549,23960472,,1.0,1.0,1.0,pointworld,pointworld,0,0,0,0,0,0,18,12,18,51,21,51
REAL+4dbb5646+2023-05-19-12h-48m-33s,467,20540549,23960472,,1.0,1.0,1.0,pointworld,pointworld,0,0,0,0,0,0,29,29,0,59,59,0
REAL+4dbb5646+2023-05-19-16h-18m-41s,391,20540549,23960472,,1.0,1.0,1.0,pointworld,pointworld,10,0,10,17,15,17,23,21,23,62,28,62
REAL+4dbb5646+2023-05-19-16h-20m-27s,416,20540549,23960472,,1.0,1.0,0.9802955665024631,pointworld,pointworld,4,0,4,10,0,10,14,0,14,52,11,52
REAL+4dbb5646+2023-05-19-16h-21m-41s,429,20540549,23960472,,1.0,1.0,1.0,pointworld,pointworld,9,0,9,13,6,13,39,10,39,43,18,43
REAL+4dbb5646+2023-05-30-16h-08m-42s,159,20540549,23960472,,1.0,1.0,1.0,pointworld,pointworld,16,16,0,18,18,10,22,22,14,25,25,17
REAL+4dbb5646+2023-05-30-16h-15m-06s,134,20540549,23960472,,1.0,1.0,1.0,pointworld,pointworld,0,0,0,7,7,0,12,12,0,15,15,7
REAL+4dbb5646+2023-05-30-16h-17m-25s,214,20540549,23960472,,1.0,1.0,1.0,pointworld,pointworld,12,12,7,14,14,11,17,17,14,30,30,17
REAL+4dbb5646+2023-05-30-16h-41m-21s,174,20540549,23960472,,1.0,1.0,1.0,pointworld,pointworld,8,8,0,11,11,0,13,13,8,16,16,11
REAL+4dbb5646+2023-05-30-16h-42m-23s,321,20540549,23960472,,1.0,1.0,1.0,pointworld,pointworld,10,10,0,13,13,0,16,16,11,20,20,14
REAL+4dbb5646+2023-06-07-11h-33m-32s,285,20540549,23960472,,1.0,1.0,1.0,pointworld,pointworld,0,0,0,0,0,0,0,0,0,9,9,0
REAL+4dbb5646+2023-06-07-11h-40m-00s,189,20540549,23960472,,1.0,1.0,1.0,pointworld,pointworld,0,0,0,0,0,0,9,9,0,14,14,0
REAL+4dbb5646+2023-06-07-11h-41m-40s,245,20540549,23960472,,1.0,1.0,1.0,pointworld,pointworld,8,8,0,10,10,7,13,13,10,28,28,13
REAL+4dbb5646+2023-06-07-11h-46m-04s,202,20540549,23960472,,1.0,1.0,1.0,pointworld,pointworld,7,7,0,10,10,0,13,13,0,30,30,7
REAL+4dbb5646+2023-06-07-11h-56m-17s,404,20540549,23960472,,1.0,1.0,1.0,pointworld,pointworld,19,19,0,23,23,0,28,28,19,42,42,21
REAL+4dbb5646+2023-06-07-11h-57m-41s,216,20540549,23960472,,1.0,1.0,1.0,pointworld,pointworld,0,0,0,14,14,0,17,17,0,20,20,14
REAL+4dbb5646+2023-06-07-11h-59m-09s,189,20540549,23960472,,1.0,1.0,1.0,pointworld,pointworld,17,17,0,20,20,0,24,24,19,28,28,21
REAL+4dbb5646+2023-06-07-12h-01m-04s,207,20540549,23960472,,1.0,1.0,1.0,pointworld,pointworld,0,0,0,9,9,0,13,13,0,18,18,6
REAL+4dbb5646+2023-06-07-12h-01m-28s,191,20540549,23960472,,1.0,1.0,1.0,pointworld,pointworld,22,22,0,26,26,4,30,30,11,45,45,25
REAL+4dbb5646+2023-06-07-12h-10m-31s,508,20540549,23960472,,1.0,1.0,1.0,pointworld,pointworld,0,0,0,15,15,0,19,19,0,61,61,0
REAL+4dbb5646+2023-06-07-12h-26m-40s,151,20540549,23960472,,1.0,1.0,1.0,pointworld,pointworld,8,8,0,11,11,0,15,15,0,29,29,10
REAL+4dbb5646+2023-06-21-15h-42m-14s,277,20540549,23960472,,1.0,1.0,0.5040650406504065,pointworld,pointworld,27,27,19,31,31,24,39,39,28,58,58,31
REAL+4dbb5646+2023-06-21-15h-47m-05s,217,20540549,23960472,,1.0,1.0,0.4154929577464789,pointworld,pointworld,68,68,49,75,75,55,83,83,59,90,90,63
REAL+4dbb5646+2023-06-21-15h-48m-30s,173,20540549,23960472,,1.0,1.0,0.4383561643835616,pointworld,pointworld,23,23,0,27,27,15,34,34,20,41,41,24
REAL+4dbb5646+2023-06-21-15h-51m-08s,257,20540549,23960472,,1.0,1.0,0.5962732919254659,pointworld,pointworld,91,91,0,96,96,0,106,106,15,147,147,21
REAL+4dbb5646+2023-06-21-15h-52m-18s,215,20540549,23960472,,0.5,1.0,0.11538461538461539,pointworld,pointworld,158,158,32,163,163,37,-1,-1,45,-1,-1,50
REAL+4dbb5646+2023-06-21-16h-01m-31s,215,20540549,23960472,,1.0,1.0,0.5851063829787234,pointworld,pointworld,14,14,13,27,27,17,38,38,23,67,67,32
REAL+4dbb5646+2023-06-21-16h-02m-25s,209,20540549,23960472,,1.0,1.0,0.5879120879120879,pointworld,pointworld,23,23,0,27,27,13,31,31,17,47,47,21
REAL+4dbb5646+2023-06-21-16h-07m-02s,195,20540549,23960472,,1.0,1.0,0.5064102564102564,pointworld,pointworld,30,30,0,39,39,27,45,45,31,54,54,35
REAL+4dbb5646+2023-06-21-16h-11m-19s,212,20540549,23960472,,1.0,1.0,0.38219895287958117,pointworld,pointworld,18,18,9,21,21,12,26,26,15,31,31,20
REAL+4dbb5646+2023-06-21-16h-24m-22s,187,20540549,23960472,,0.7592592592592593,1.0,0.32167832167832167,pointworld,pointworld,37,37,11,44,44,14,60,60,23,-1,-1,29
REAL+4dbb5646+2023-06-21-16h-31m-37s,178,20540549,23960472,,1.0,1.0,0.4585987261146497,pointworld,pointworld,15,15,6,21,21,13,30,30,16,36,36,19
REAL+4dbb5646+2023-07-25-14h-22m-55s,166,20540549,23960472,,1.0,1.0,1.0,pointworld,pointworld,18,18,0,21,21,10,25,25,15,29,29,17
REAL+4dbb5646+2023-07-25-14h-23m-42s,174,20540549,23960472,,1.0,1.0,1.0,pointworld,pointworld,0,0,0,17,17,0,21,21,0,26,26,0
REAL+4dbb5646+2023-07-25-14h-24m-24s,118,20540549,23960472,,1.0,1.0,1.0,pointworld,pointworld,18,18,0,21,21,0,24,24,12,28,28,16
REAL+4dbb5646+2023-07-25-14h-26m-22s,191,20540549,23960472,,1.0,1.0,1.0,pointworld,pointworld,21,21,0,25,25,10,30,30,16,33,33,20
REAL+4dbb5646+2023-07-25-14h-32m-51s,170,20540549,23960472,,1.0,1.0,1.0,pointworld,pointworld,18,18,0,20,20,0,23,23,13,26,26,16
REAL+4dbb5646+2023-07-25-14h-33m-56s,208,20540549,23960472,,1.0,1.0,1.0,pointworld,pointworld,22,22,0,27,27,16,31,31,20,36,36,24
REAL+4dbb5646+2023-07-25-14h-37m-38s,172,20540549,23960472,,1.0,1.0,1.0,pointworld,pointworld,26,26,0,29,29,0,32,32,0,35,35,26
REAL+4dbb5646+2023-07-25-14h-38m-35s,184,20540549,23960472,,1.0,1.0,1.0,pointworld,pointworld,25,25,0,31,31,0,36,36,19,39,39,33
REAL+4dbb5646+2023-07-25-14h-39m-14s,105,20540549,23960472,,1.0,1.0,1.0,pointworld,pointworld,16,16,0,20,20,0,24,24,0,27,27,13
REAL+4dbb5646+2023-07-25-14h-39m-34s,162,20540549,23960472,,1.0,1.0,1.0,pointworld,pointworld,14,14,0,17,17,10,20,20,13,25,25,16
REAL+4dbb5646+2023-07-25-14h-47m-36s,171,20540549,23960472,,1.0,1.0,1.0,pointworld,pointworld,17,17,0,20,20,0,23,23,9,27,27,13
REAL+4dbb5646+2023-07-25-14h-55m-22s,130,20540549,23960472,,1.0,1.0,1.0,pointworld,pointworld,0,0,0,0,0,0,11,11,0,16,16,0
REAL+4f8ca688+2023-05-17-10h-45m-52s,275,20540549,23960472,,1.0,1.0,1.0,pointworld,pointworld,25,24,25,28,27,28,32,32,31,45,45,45
REAL+4f8ca688+2023-05-17-10h-54m-25s,124,20540549,23960472,,1.0,1.0,1.0,pointworld,pointworld,15,13,15,18,18,18,21,21,21,23,23,23
REAL+4f8ca688+2023-05-20-11h-45m-27s,284,20540549,23960472,,0.7222222222222222,1.0,0.25,pointworld,pointworld,0,0,0,0,0,0,-1,-1,0,-1,-1,0
REAL+4f8ca688+2023-05-20-11h-50m-07s,525,20540549,23960472,,1.0,1.0,0.7276190476190476,pointworld,pointworld,0,0,0,0,0,0,0,0,0,205,205,0
REAL+4f8ca688+2023-05-21-09h-09m-19s,392,20540549,23960472,,1.0,1.0,0.7729591836734694,pointworld,pointworld,0,0,0,0,0,0,14,14,14,33,23,33
REAL+4f8ca688+2023-05-21-09h-22m-04s,366,20540549,23960472,,1.0,1.0,1.0,pointworld,pointworld,0,0,0,0,0,0,0,0,0,0,0,0
REAL+4f8ca688+2023-05-21-09h-26m-58s,288,20540549,23960472,,1.0,1.0,1.0,pointworld,pointworld,0,0,0,0,0,0,0,0,0,0,0,0
REAL+4f8ca688+2023-05-21-09h-28m-40s,91,20540549,23960472,,1.0,1.0,1.0,pointworld,pointworld,0,0,0,0,0,0,0,0,0,0,0,0
REAL+4f8ca688+2023-05-21-09h-33m-01s,300,20540549,23960472,,1.0,1.0,1.0,pointworld,pointworld,0,0,0,0,0,0,16,0,16,21,0,21
REAL+4f8ca688+2023-05-27-10h-45m-35s,323,20540549,23960472,,1.0,1.0,1.0,pointworld,pointworld,17,0,17,21,0,21,25,0,25,29,0,29
REAL+4f8ca688+2023-05-27-11h-08m-47s,110,20540549,23960472,,1.0,1.0,1.0,pointworld,pointworld,0,0,0,15,0,15,17,0,17,32,0,32
REAL+4f8ca688+2023-05-27-11h-28m-13s,286,20540549,23960472,,1.0,1.0,1.0,pointworld,pointworld,0,0,0,0,0,0,6,0,6,17,0,17
REAL+4f8ca688+2023-05-27-11h-30m-12s,199,20540549,23960472,,1.0,1.0,1.0,pointworld,pointworld,18,0,18,22,0,22,23,21,23,26,23,26
REAL+4f8ca688+2023-05-27-11h-44m-34s,279,20540549,23960472,,1.0,1.0,1.0,pointworld,pointworld,18,0,18,22,0,22,26,0,26,30,0,30
REAL+4f8ca688+2023-05-27-11h-55m-27s,200,20540549,23960472,,1.0,1.0,1.0,pointworld,pointworld,0,0,0,14,0,14,16,0,16,19,0,19
REAL+4f8ca688+2023-05-27-11h-56m-55s,94,20540549,23960472,,1.0,1.0,1.0,pointworld,pointworld,0,0,0,0,0,0,0,0,0,13,0,13
REAL+4f8ca688+2023-05-31-10h-26m-18s,665,20540549,23960472,,1.0,1.0,1.0,pointworld,pointworld,23,23,0,28,28,0,34,34,30,54,53,54
REAL+4f8ca688+2023-05-31-10h-27m-45s,712,20540549,23960472,,1.0,1.0,1.0,pointworld,pointworld,26,26,0,31,31,0,36,36,0,50,50,46
REAL+4f8ca688+2023-05-31-10h-37m-58s,1041,20540549,23960472,,1.0,1.0,1.0,pointworld,pointworld,0,0,0,0,0,0,19,19,0,26,26,15
REAL+4f8ca688+2023-05-31-10h-43m-25s,244,20540549,23960472,,1.0,1.0,1.0,pointworld,pointworld,11,11,0,15,15,0,18,18,16,22,22,19
REAL+4f8ca688+2023-05-31-10h-51m-42s,307,20540549,23960472,,1.0,1.0,1.0,pointworld,pointworld,0,0,0,0,0,0,11,11,0,16,16,15
REAL+4f8ca688+2023-05-31-11h-05m-04s,191,20540549,23960472,,1.0,1.0,1.0,pointworld,pointworld,0,0,0,0,0,0,15,15,0,21,21,0
REAL+4f8ca688+2023-06-08-12h-23m-57s,186,20540549,23960472,,1.0,1.0,1.0,pointworld,pointworld,0,0,0,0,0,0,38,38,0,65,65,16
REAL+4f8ca688+2023-06-08-14h-23m-57s,150,20540549,23960472,,1.0,1.0,0.9777777777777777,pointworld,pointworld,0,0,0,15,0,15,19,0,19,22,17,22
REAL+4f8ca688+2023-06-08-14h-29m-21s,473,20540549,23960472,,1.0,1.0,1.0,pointworld,pointworld,21,14,21,35,16,35,38,19,38,42,22,42
REAL+4f8ca688+2023-06-08-14h-36m-12s,425,20540549,23960472,,1.0,1.0,1.0,pointworld,pointworld,20,18,20,23,20,23,38,23,38,47,40,47
REAL+4f8ca688+2023-06-08-14h-44m-20s,167,20540549,23960472,,1.0,1.0,1.0,pointworld,pointworld,31,0,31,34,0,34,39,31,39,45,34,45
REAL+4f8ca688+2023-06-08-14h-48m-03s,313,20540549,23960472,,1.0,1.0,0.8893280632411067,pointworld,pointworld,55,0,55,60,0,59,66,66,65,86,86,72
REAL+4f8ca688+2023-06-08-14h-51m-50s,193,20540549,23960472,,1.0,1.0,1.0,pointworld,pointworld,21,13,21,24,18,24,28,22,28,31,26,31
REAL+4f8ca688+2023-06-08-14h-52m-35s,267,20540549,23960472,,1.0,1.0,1.0,pointworld,pointworld,19,18,19,21,20,21,24,22,24,29,25,29
REAL+4f8ca688+2023-06-08-15h-00m-30s,402,20540549,23960472,,1.0,1.0,0.9407216494845361,pointworld,pointworld,4,0,4,14,0,14,21,7,21,26,20,26
REAL+4f8ca688+2023-06-15-14h-58m-11s,250,20540549,23960472,,1.0,1.0,1.0,pointworld,pointworld,25,25,12,27,27,17,40,40,21,44,44,22
REAL+4f8ca688+2023-06-15-15h-05m-48s,571,20540549,23960472,,1.0,1.0,1.0,pointworld,pointworld,0,0,0,0,0,0,26,26,24,35,35,29
REAL+4f8ca688+2023-06-15-15h-17m-33s,794,20540549,23960472,,1.0,1.0,1.0,pointworld,pointworld,8,0,8,11,11,11,35,35,17,39,39,32
REAL+4f8ca688+2023-06-15-15h-21m-30s,404,20540549,23960472,,1.0,1.0,1.0,pointworld,pointworld,22,22,18,26,26,22,52,52,27,55,55,50
REAL+4f8ca688+2023-06-27-11h-35m-05s,112,20540549,23960472,,1.0,1.0,1.0,pointworld,pointworld,23,23,23,25,25,25,28,28,28,32,32,31
REAL+4f8ca688+2023-06-27-11h-46m-30s,343,20540549,23960472,,1.0,1.0,1.0,pointworld,pointworld,34,34,34,37,37,36,39,39,38,42,42,41
REAL+4f8ca688+2023-07-04-12h-35m-57s,351,20540549,23960472,,1.0,1.0,1.0,pointworld,pointworld,64,64,56,67,67,63,70,70,68,75,75,71
REAL+4f8ca688+2023-07-04-12h-37m-04s,378,20540549,23960472,,1.0,1.0,0.8852941176470588,pointworld,pointworld,35,31,35,38,34,38,46,37,46,56,40,56
REAL+4f8ca688+2023-07-04-12h-47m-50s,333,20540549,23960472,,1.0,1.0,1.0,pointworld,pointworld,31,31,30,34,34,33,37,37,36,41,41,39
REAL+4f8ca688+2023-07-04-15h-15m-17s,473,20540549,23960472,,1.0,1.0,1.0,pointworld,pointworld,23,0,23,27,15,27,30,24,30,33,28,33
REAL+4f8ca688+2023-07-04-15h-20m-13s,426,20540549,23960472,,1.0,1.0,1.0,pointworld,pointworld,20,16,20,23,18,23,27,21,27,31,24,31
REAL+4f8ca688+2023-07-11-12h-02m-44s,173,20540549,23960472,,0.7407407407407407,1.0,0.5838150289017341,pointworld,pointworld,0,0,0,0,0,0,-1,-1,0,-1,-1,0
REAL+4f8ca688+2023-07-11-12h-42m-31s,263,20540549,23960472,,1.0,1.0,0.889344262295082,pointworld,pointworld,17,14,17,19,19,19,23,23,22,28,28,22
REAL+4f8ca688+2023-07-13-13h-26m-29s,378,20540549,23960472,,1.0,1.0,1.0,pointworld,pointworld,0,0,0,0,0,0,43,0,43,54,32,54
REAL+4f8ca688+2023-07-13-13h-57m-11s,149,20540549,23960472,,1.0,1.0,1.0,pointworld,pointworld,11,0,11,13,0,13,16,9,16,19,12,19
REAL+4f8ca688+2023-07-13-13h-59m-04s,342,20540549,23960472,,1.0,1.0,1.0,pointworld,pointworld,0,0,0,0,0,0,13,8,13,21,18,21
REAL+4f8ca688+2023-07-13-14h-12m-29s,395,20540549,23960472,,1.0,1.0,1.0,pointworld,pointworld,7,0,7,14,12,14,17,15,17,22,18,22
REAL+4f8ca688+2023-07-13-14h-31m-50s,246,20540549,23960472,,1.0,1.0,1.0,pointworld,pointworld,0,0,0,0,0,0,15,0,15,21,0,21
REAL+4f8ca688+2023-07-15-11h-48m-33s,192,20540549,23960472,,1.0,1.0,0.7006369426751592,pointworld,pointworld,31,0,31,35,0,35,39,0,39,43,11,43
REAL+4f8ca688+2023-07-15-11h-58m-22s,214,20540549,23960472,,1.0,1.0,0.5368421052631579,pointworld,pointworld,19,0,19,24,0,24,43,0,43,49,0,49
REAL+4f8ca688+2023-07-15-12h-41m-47s,428,20540549,23960472,,1.0,1.0,1.0,pointworld,pointworld,10,0,10,18,0,18,41,0,41,56,0,56
REAL+4f8ca688+2023-07-15-12h-53m-35s,420,20540549,23960472,,1.0,1.0,0.981081081081081,pointworld,pointworld,46,0,46,50,0,50,58,14,58,63,27,63
REAL+4f8ca688+2023-07-20-13h-10m-12s,261,20540549,23960472,,1.0,1.0,1.0,pointworld,pointworld,30,30,0,38,38,0,44,44,0,52,52,0
REAL+4f8ca688+2023-07-20-13h-19m-43s,152,20540549,23960472,,1.0,1.0,1.0,pointworld,pointworld,0,0,0,0,0,0,13,13,0,19,19,0
REAL+4f8ca688+2023-07-20-13h-20m-35s,272,20540549,23960472,,1.0,1.0,1.0,pointworld,pointworld,0,0,0,0,0,0,31,31,0,36,36,0
REAL+4f8ca688+2023-07-20-15h-06m-47s,46,20540549,23960472,,1.0,1.0,1.0,pointworld,pointworld,0,0,0,0,0,0,20,20,0,23,23,0
REAL+4f8ca688+2023-07-25-12h-52m-10s,115,20540549,23960472,,1.0,1.0,1.0,pointworld,pointworld,19,19,0,22,22,0,26,26,15,29,29,18
REAL+4f8ca688+2023-07-25-13h-46m-36s,248,20540549,23960472,,1.0,1.0,1.0,pointworld,pointworld,0,0,0,6,6,0,15,15,0,21,21,5
REAL+4f8ca688+2023-07-25-13h-47m-01s,491,20540549,23960472,,1.0,1.0,1.0,pointworld,pointworld,0,0,0,0,0,0,11,11,0,15,15,0
REAL+4f8ca688+2023-08-15-12h-56m-12s,125,20540549,23960472,,1.0,1.0,1.0,pointworld,pointworld,14,14,0,18,18,0,32,23,32,49,27,49
REAL+4f8ca688+2023-08-15-13h-05m-52s,217,20540549,23960472,,1.0,1.0,1.0,pointworld,pointworld,31,31,27,34,34,31,38,38,37,42,41,42
REAL+4f8ca688+2023-08-15-14h-24m-05s,588,20540549,23960472,,1.0,1.0,1.0,pointworld,pointworld,21,0,21,23,0,23,27,0,27,30,21,30
REAL+4f8ca688+2023-08-15-14h-25m-49s,128,20540549,23960472,,1.0,1.0,1.0,pointworld,pointworld,17,0,17,20,13,20,23,18,23,25,22,25
REAL+4f8ca688+2023-08-15-14h-35m-30s,93,20540549,23960472,,1.0,1.0,1.0,pointworld,pointworld,0,0,0,0,0,0,0,0,0,48,0,48
REAL+4f8ca688+2023-08-15-14h-55m-57s,82,20540549,23960472,,1.0,1.0,1.0,pointworld,pointworld,28,0,28,32,0,32,40,13,40,49,22,49
REAL+4f8ca688+2023-08-15-15h-00m-43s,157,20540549,23960472,,1.0,1.0,1.0,pointworld,pointworld,0,0,0,14,0,14,18,0,18,21,0,21
REAL+4f8ca688+2023-08-24-14h-23m-28s,510,20540549,23960472,,1.0,1.0,0.9372549019607843,pointworld,pointworld,0,0,0,0,0,0,0,0,0,0,0,0
REAL+4f8ca688+2023-08-24-14h-30m-43s,495,20540549,23960472,,1.0,1.0,0.9895833333333334,pointworld,pointworld,8,8,0,15,15,0,18,18,0,25,25,0
REAL+4f8ca688+2023-08-24-15h-08m-38s,240,20540549,23960472,,1.0,1.0,0.9272727272727272,pointworld,pointworld,0,0,0,20,20,0,23,23,0,27,27,18
REAL+4f8ca688+2023-08-24-15h-16m-22s,636,20540549,23960472,,1.0,1.0,0.9743178170144462,pointworld,pointworld,11,11,0,13,13,0,16,16,0,21,21,0
REAL+4f8ca688+2023-08-24-15h-17m-16s,234,20540549,23960472,,1.0,1.0,0.9244444444444444,pointworld,pointworld,7,7,0,9,9,0,11,11,0,15,15,0
REAL+4f8ca688+2023-08-24-15h-20m-02s,161,20540549,23960472,,1.0,1.0,0.906832298136646,pointworld,pointworld,0,0,0,0,0,0,12,12,0,12,12,0
REAL+4f8ca688+2023-08-24-15h-35m-32s,653,20540549,23960472,,1.0,1.0,0.8769716088328076,pointworld,pointworld,16,16,0,19,19,0,22,22,0,30,30,0
REAL+4f8ca688+2023-08-29-13h-07m-06s,279,20540549,23960472,,1.0,1.0,1.0,pointworld,pointworld,13,13,0,15,15,0,20,20,0,25,25,0
REAL+4f8ca688+2023-08-29-13h-07m-34s,200,20540549,23960472,,1.0,1.0,1.0,pointworld,pointworld,16,16,0,19,19,0,24,24,0,30,30,11
REAL+4f8ca688+2023-08-29-13h-13m-25s,231,20540549,23960472,,1.0,1.0,1.0,pointworld,pointworld,0,0,0,20,20,0,24,24,0,32,32,0
REAL+4f8ca688+2023-08-29-13h-26m-05s,275,20540549,23960472,,1.0,1.0,1.0,pointworld,pointworld,0,0,0,15,15,0,23,23,0,36,36,0
REAL+4f8ca688+2023-08-29-13h-32m-37s,157,20540549,23960472,,1.0,1.0,1.0,pointworld,pointworld,0,0,0,0,0,0,0,0,0,38,38,0
REAL+4f8ca688+2023-08-29-13h-36m-08s,347,20540549,23960472,,1.0,1.0,0.8975903614457831,pointworld,pointworld,0,0,0,15,15,0,18,18,0,23,23,0
REAL+4f8ca688+2023-08-29-14h-11m-41s,252,20540549,23960472,,1.0,1.0,0.9623430962343096,pointworld,pointworld,0,0,0,13,13,0,20,20,0,26,26,0
REAL+4f8ca688+2023-08-29-14h-16m-55s,157,20540549,23960472,,1.0,1.0,0.9296875,pointworld,pointworld,18,18,0,29,29,0,38,38,0,78,78,0
REAL+4f8ca688+2023-08-29-14h-36m-57s,316,20540549,23960472,,1.0,1.0,1.0,pointworld,pointworld,9,9,0,13,13,0,25,25,0,47,47,0
REAL+4f8ca688+2023-08-29-14h-46m-45s,326,20540549,23960472,,1.0,1.0,1.0,pointworld,pointworld,0,0,0,13,13,0,16,16,0,19,19,0
REAL+4f8ca688+2023-08-29-14h-50m-19s,198,20540549,23960472,,1.0,1.0,1.0,pointworld,pointworld,0,0,0,16,16,0,19,19,0,22,22,0
REAL+4f8ca688+2023-08-29-14h-56m-20s,71,20540549,23960472,,1.0,1.0,1.0,pointworld,pointworld,0,0,0,7,7,0,10,10,0,12,12,0
REAL+4f8ca688+2023-08-31-13h-02m-15s,191,20540549,23960472,,1.0,1.0,1.0,pointworld,pointworld,0,0,0,0,0,0,0,0,0,0,0,0
REAL+4f8ca688+2023-08-31-13h-11m-04s,359,20540549,23960472,,1.0,1.0,0.8579387186629527,pointworld,pointworld,0,0,0,0,0,0,0,0,0,0,0,0
REAL+4f8ca688+2023-08-31-13h-50m-38s,141,20540549,23960472,,1.0,1.0,1.0,pointworld,pointworld,0,0,0,0,0,0,0,0,0,0,0,0
REAL+4f8ca688+2023-08-31-13h-59m-53s,183,20540549,23960472,,1.0,1.0,1.0,pointworld,pointworld,0,0,0,0,0,0,0,0,0,0,0,0
REAL+4f8ca688+2023-08-31-14h-03m-08s,158,20540549,23960472,,1.0,1.0,1.0,pointworld,pointworld,0,0,0,0,0,0,0,0,0,0,0,0
REAL+4f8ca688+2023-08-31-14h-07m-56s,114,20540549,23960472,,1.0,1.0,1.0,pointworld,pointworld,0,0,0,0,0,0,0,0,0,0,0,0
REAL+4f8ca688+2023-08-31-15h-08m-29s,380,20540549,23960472,,1.0,1.0,1.0,pointworld,pointworld,0,0,0,57,57,0,65,65,53,88,88,62
REAL+4f8ca688+2023-08-31-15h-20m-30s,197,20540549,23960472,,1.0,1.0,0.9796954314720813,pointworld,pointworld,0,0,0,0,0,0,8,8,0,56,56,0
REAL+4f8ca688+2023-08-31-15h-33m-09s,236,20540549,23960472,,1.0,1.0,0.9688888888888889,pointworld,pointworld,0,0,0,11,11,0,27,27,12,60,60,17
REAL+4f8ca688+2023-08-31-15h-34m-42s,220,20540549,23960472,,1.0,1.0,1.0,pointworld,pointworld,0,0,0,0,0,0,0,0,0,12,12,0
REAL+4f8ca688+2023-09-07-13h-07m-58s,285,20540549,23960472,,1.0,1.0,1.0,pointworld,pointworld,0,0,0,0,0,0,0,0,0,6,0,6
REAL+4f8ca688+2023-09-07-13h-17m-30s,256,20540549,23960472,,1.0,1.0,0.83203125,pointworld,pointworld,0,0,0,0,0,0,0,0,0,9,9,0
REAL+4f8ca688+2023-09-07-13h-38m-28s,165,20540549,23960472,,1.0,1.0,1.0,pointworld,pointworld,0,0,0,0,0,0,0,0,0,0,0,0
REAL+4f8ca688+2023-09-07-13h-42m-00s,232,20540549,23960472,,1.0,1.0,1.0,pointworld,pointworld,0,0,0,0,0,0,0,0,0,14,14,0
REAL+75b7b0f9+2023-06-23-15h-14m-42s,451,20540549,23960472,,1.0,1.0,1.0,pointworld,pointworld,0,0,0,0,0,0,0,0,0,0,0,0
REAL+75b7b0f9+2023-06-23-15h-16m-52s,271,20540549,23960472,,1.0,1.0,1.0,pointworld,pointworld,0,0,0,0,0,0,0,0,0,48,47,48
REAL+75b7b0f9+2023-06-23-15h-22m-18s,357,20540549,23960472,,1.0,1.0,1.0,pointworld,pointworld,0,0,0,0,0,0,0,0,0,44,40,0
REAL+75b7b0f9+2023-06-23-15h-32m-29s,315,20540549,23960472,,1.0,1.0,0.9841269841269841,pointworld,pointworld,0,0,0,0,0,0,0,0,0,27,24,27
REAL+75b7b0f9+2023-06-23-15h-35m-21s,198,20540549,23960472,,1.0,1.0,1.0,pointworld,pointworld,0,0,0,0,0,0,0,0,0,25,25,25
REAL+75b7b0f9+2023-06-23-15h-45m-50s,133,20540549,23960472,,1.0,1.0,1.0,pointworld,pointworld,0,0,0,0,0,0,0,0,0,0,0,0
REAL+75b7b0f9+2023-06-23-16h-00m-36s,204,20540549,23960472,,1.0,1.0,1.0,pointworld,pointworld,0,0,0,0,0,0,33,32,33,40,40,38
REAL+75b7b0f9+2023-06-23-16h-01m-43s,186,20540549,23960472,,1.0,1.0,1.0,pointworld,pointworld,13,13,0,17,17,14,24,24,22,30,30,27
REAL+75b7b0f9+2023-06-23-16h-27m-17s,360,20540549,23960472,,1.0,1.0,1.0,pointworld,pointworld,0,0,0,0,0,0,0,0,0,29,28,29
REAL+75b7b0f9+2023-06-23-16h-44m-23s,124,20540549,23960472,,1.0,1.0,1.0,pointworld,pointworld,0,0,0,10,10,0,18,18,18,22,22,22
REAL+75b7b0f9+2023-06-23-16h-58m-01s,203,20540549,23960472,,1.0,1.0,1.0,pointworld,pointworld,0,0,0,0,0,0,0,0,0,14,14,0
REAL+75b7b0f9+2023-06-23-17h-03m-29s,166,20540549,23960472,,1.0,1.0,1.0,pointworld,pointworld,0,0,0,12,12,0,19,19,16,26,26,25
REAL+75b7b0f9+2023-06-23-17h-04m-08s,332,20540549,23960472,,1.0,1.0,1.0,pointworld,pointworld,0,0,0,0,0,0,0,0,0,116,104,116
REAL+75b7b0f9+2023-09-10-11h-52m-58s,196,20540549,23960472,,1.0,1.0,1.0,pointworld,pointworld,0,0,0,0,0,0,0,0,0,22,20,22
REAL+75b7b0f9+2023-09-10-11h-53m-31s,161,20540549,23960472,,1.0,1.0,1.0,pointworld,pointworld,0,0,0,0,0,0,0,0,0,0,0,0
REAL+75b7b0f9+2023-09-10-11h-54m-36s,171,20540549,23960472,,1.0,1.0,1.0,pointworld,pointworld,0,0,0,0,0,0,12,12,0,16,16,0
REAL+75b7b0f9+2023-09-10-11h-59m-20s,166,20540549,23960472,,1.0,1.0,1.0,pointworld,pointworld,0,0,0,0,0,0,0,0,0,0,0,0
REAL+75b7b0f9+2023-09-10-12h-08m-29s,67,20540549,23960472,,1.0,1.0,1.0,pointworld,pointworld,0,0,0,0,0,0,0,0,0,0,0,0
REAL+75b7b0f9+2023-09-10-12h-17m-17s,89,20540549,23960472,,1.0,1.0,1.0,pointworld,pointworld,0,0,0,16,16,0,19,19,0,23,23,0
REAL+75b7b0f9+2023-09-10-12h-17m-53s,81,20540549,23960472,,1.0,1.0,1.0,pointworld,pointworld,0,0,0,0,0,0,0,0,0,0,0,0
REAL+9f2719b2+2023-05-12-14h-24m-04s,221,20540549,23960472,,1.0,1.0,1.0,pointworld,pointworld,23,23,21,29,29,25,33,33,28,47,47,43
REAL+a73643bb+2023-05-30-17h-14m-18s,265,20540549,23960472,,1.0,1.0,1.0,pointworld,pointworld,0,0,0,17,17,0,24,24,0,29,29,0
REAL+a73643bb+2023-06-06-17h-33m-11s,674,20540549,23960472,,1.0,1.0,1.0,pointworld,pointworld,32,0,32,37,25,37,42,32,42,48,36,48
REAL+b04f2af4+2023-05-21-14h-13m-27s,1306,20540549,23960472,,1.0,1.0,1.0,pointworld,pointworld,0,0,0,0,0,0,0,0,0,0,0,0
REAL+b04f2af4+2023-05-21-14h-21m-26s,1093,20540549,23960472,,1.0,1.0,1.0,pointworld,pointworld,0,0,0,0,0,0,0,0,0,0,0,0
REAL+b04f2af4+2023-06-01-18h-56m-59s,258,20540549,23960472,,1.0,1.0,0.9779735682819384,pointworld,pointworld,27,27,0,31,31,0,36,36,0,40,40,0
REAL+b04f2af4+2023-06-11-15h-49m-55s,238,20540549,23960472,,1.0,1.0,0.96875,pointworld,pointworld,10,10,0,14,14,0,18,18,0,22,22,0
REAL+b04f2af4+2023-07-15-13h-51m-44s,270,20540549,23960472,,1.0,1.0,0.9796747967479674,pointworld,pointworld,22,0,22,24,0,24,27,0,27,31,19,31
REAL+b04f2af4+2023-07-15-13h-56m-24s,392,20540549,23960472,,1.0,1.0,1.0,pointworld,pointworld,10,0,10,15,0,15,32,0,32,43,12,43
REAL+b04f2af4+2023-07-15-14h-06m-25s,140,20540549,23960472,,1.0,1.0,0.9448818897637795,pointworld,pointworld,10,0,10,13,0,13,29,8,29,35,14,35
REAL+b04f2af4+2023-07-15-14h-53m-48s,241,20540549,23960472,,1.0,1.0,1.0,pointworld,pointworld,0,0,0,0,0,0,0,0,0,15,0,15
REAL+b04f2af4+2023-09-10-14h-57m-19s,169,20540549,23960472,,1.0,1.0,0.8994082840236687,pointworld,pointworld,0,0,0,0,0,0,0,0,0,0,0,0
REAL+b04f2af4+2023-09-10-15h-34m-05s,73,20540549,23960472,,1.0,1.0,0.6164383561643836,pointworld,pointworld,0,0,0,0,0,0,0,0,0,0,0,0
REAL+b04f2af4+2023-09-10-15h-37m-51s,163,20540549,23960472,,1.0,1.0,0.9202453987730062,pointworld,pointworld,0,0,0,0,0,0,0,0,0,0,0,0
REAL+b04f2af4+2023-09-10-15h-38m-35s,244,20540549,23960472,,1.0,1.0,1.0,pointworld,pointworld,0,0,0,0,0,0,0,0,0,0,0,0
REAL+b04f2af4+2023-09-10-15h-49m-25s,255,20540549,23960472,,1.0,1.0,0.9333333333333333,pointworld,pointworld,0,0,0,0,0,0,0,0,0,0,0,0
REAL+de601749+2023-05-19-11h-48m-18s,605,20540549,23960472,,1.0,1.0,0.9917355371900827,pointworld,pointworld,0,0,0,0,0,0,70,70,0,75,75,0
REAL+de601749+2023-05-19-12h-07m-20s,342,20540549,23960472,,1.0,1.0,1.0,pointworld,pointworld,0,0,0,0,0,0,27,27,0,37,37,0
REAL+de601749+2023-05-19-12h-25m-44s,534,20540549,23960472,,1.0,1.0,0.8838951310861424,pointworld,pointworld,0,0,0,0,0,0,0,0,0,196,196,26
REAL+de601749+2023-05-19-12h-29m-37s,220,20540549,23960472,,1.0,1.0,1.0,pointworld,pointworld,0,0,0,0,0,0,0,0,0,45,45,0
REAL+de601749+2023-05-20-14h-56m-27s,416,20540549,23960472,,1.0,1.0,0.17195767195767195,pointworld,pointworld,31,31,0,38,38,0,44,44,0,197,197,0
REAL+de601749+2023-05-20-16h-05m-05s,610,20540549,23960472,,1.0,1.0,1.0,pointworld,pointworld,30,30,0,34,34,0,38,38,0,41,41,0
REAL+de601749+2023-05-28-15h-22m-53s,438,20540549,23960472,,1.0,1.0,1.0,pointworld,pointworld,0,0,0,0,0,0,0,0,0,0,0,0
REAL+de601749+2023-05-28-15h-25m-00s,468,20540549,23960472,,1.0,1.0,0.9337606837606838,pointworld,pointworld,0,0,0,0,0,0,0,0,0,0,0,0
REAL+de601749+2023-05-28-15h-27m-40s,114,20540549,23960472,,1.0,1.0,1.0,pointworld,pointworld,0,0,0,0,0,0,0,0,0,0,0,0
REAL+de601749+2023-05-28-15h-50m-57s,610,20540549,23960472,,1.0,1.0,1.0,pointworld,pointworld,0,0,0,0,0,0,0,0,0,0,0,0
REAL+de601749+2023-05-28-15h-53m-23s,523,20540549,23960472,,1.0,1.0,0.9541108986615678,pointworld,pointworld,0,0,0,0,0,0,0,0,0,0,0,0
REAL+de601749+2023-05-28-16h-29m-57s,538,20540549,23960472,,1.0,1.0,1.0,pointworld,pointworld,0,0,0,0,0,0,0,0,0,0,0,0
REAL+de601749+2023-06-01-18h-21m-08s,388,20540549,23960472,,1.0,1.0,1.0,pointworld,pointworld,43,43,0,47,47,0,52,52,0,56,56,0
REAL+de601749+2023-06-01-18h-24m-16s,702,20540549,23960472,,1.0,1.0,1.0,pointworld,pointworld,54,54,0,59,59,0,71,71,0,110,110,29
REAL+de601749+2023-06-09-12h-31m-16s,319,20540549,23960472,,1.0,1.0,1.0,pointworld,pointworld,22,0,22,25,0,25,29,0,29,34,20,34
REAL+de601749+2023-06-09-12h-36m-45s,328,20540549,23960472,,1.0,1.0,1.0,pointworld,pointworld,15,0,15,24,0,24,30,0,30,35,17,35
REAL+de601749+2023-06-09-12h-40m-00s,149,20540549,23960472,,1.0,1.0,1.0,pointworld,pointworld,18,0,18,25,0,25,34,0,34,40,17,40
REAL+de601749+2023-06-09-12h-44m-55s,212,20540549,23960472,,1.0,1.0,1.0,pointworld,pointworld,21,0,21,28,0,28,34,0,34,42,21,42
REAL+de601749+2023-06-09-12h-48m-58s,322,20540549,23960472,,1.0,1.0,1.0,pointworld,pointworld,22,0,22,26,0,26,31,0,31,34,21,34
REAL+de601749+2023-06-09-12h-51m-53s,238,20540549,23960472,,1.0,1.0,1.0,pointworld,pointworld,0,0,0,22,0,22,30,0,30,36,0,36
REAL+de601749+2023-06-09-13h-01m-42s,356,20540549,23960472,,1.0,1.0,1.0,pointworld,pointworld,21,0,21,25,0,25,30,17,30,34,22,34
REAL+de601749+2023-06-09-13h-03m-04s,222,20540549,23960472,,1.0,1.0,1.0,pointworld,pointworld,9,0,9,12,0,12,16,7,16,19,12,19
REAL+de601749+2023-06-09-13h-09m-41s,258,20540549,23960472,,1.0,1.0,1.0,pointworld,pointworld,16,0,16,26,0,26,35,0,35,39,17,39
REAL+de601749+2023-06-09-13h-10m-29s,190,20540549,23960472,,1.0,1.0,0.9717514124293786,pointworld,pointworld,0,0,0,13,0,13,35,0,35,40,0,40
REAL+de601749+2023-06-10-13h-36m-07s,424,20540549,23960472,,1.0,1.0,1.0,pointworld,pointworld,21,0,21,26,20,26,30,28,30,34,32,34
REAL+de601749+2023-06-10-14h-21m-10s,152,20540549,23960472,,1.0,1.0,0.9172932330827067,pointworld,pointworld,0,0,0,19,0,19,23,20,23,26,23,26
REAL+de601749+2023-06-10-14h-37m-54s,156,20540549,23960472,,1.0,1.0,1.0,pointworld,pointworld,0,0,0,0,0,0,29,23,29,35,30,35
REAL+de601749+2023-06-11-16h-17m-48s,195,20540549,23960472,,1.0,1.0,1.0,pointworld,pointworld,24,24,0,27,27,0,31,31,19,36,36,22
REAL+de601749+2023-06-15-18h-14m-02s,241,20540549,23960472,,1.0,1.0,1.0,pointworld,pointworld,19,19,0,23,23,0,27,27,0,33,33,17
REAL+de601749+2023-06-15-18h-14m-28s,179,20540549,23960472,,1.0,1.0,1.0,pointworld,pointworld,24,24,0,32,32,0,40,40,0,47,47,0
REAL+de601749+2023-06-15-18h-15m-25s,130,20540549,23960472,,1.0,1.0,1.0,pointworld,pointworld,19,19,0,24,24,0,31,31,0,37,37,17
REAL+de601749+2023-06-17-11h-33m-58s,94,20540549,23960472,,1.0,1.0,1.0,pointworld,pointworld,24,24,19,27,27,23,31,31,27,34,34,27
REAL+de601749+2023-06-17-11h-36m-04s,207,20540549,23960472,,1.0,1.0,1.0,pointworld,pointworld,29,29,21,33,33,24,38,38,27,42,42,30
REAL+de601749+2023-06-17-11h-36m-34s,161,20540549,23960472,,1.0,1.0,1.0,pointworld,pointworld,32,32,28,37,37,30,43,43,32,47,47,36
REAL+de601749+2023-06-17-11h-37m-28s,170,20540549,23960472,,1.0,1.0,1.0,pointworld,pointworld,30,30,29,34,34,31,40,40,34,45,45,39
REAL+de601749+2023-06-17-11h-56m-21s,258,20540549,23960472,,1.0,1.0,1.0,pointworld,pointworld,49,49,41,53,53,44,59,59,46,63,63,51
REAL+de601749+2023-06-17-12h-02m-53s,159,20540549,23960472,,1.0,1.0,1.0,pointworld,pointworld,30,30,22,37,37,26,45,45,30,59,59,34
REAL+de601749+2023-06-17-13h-46m-26s,193,20540549,23960472,,1.0,1.0,1.0,pointworld,pointworld,42,42,22,47,47,27,53,53,30,57,57,34
REAL+de601749+2023-06-17-13h-52m-08s,152,20540549,23960472,,1.0,1.0,1.0,pointworld,pointworld,24,24,0,28,28,0,34,34,0,38,38,19
REAL+de601749+2023-06-17-13h-53m-27s,212,20540549,23960472,,1.0,1.0,1.0,pointworld,pointworld,44,44,14,50,50,18,58,58,20,66,66,25
REAL+de601749+2023-06-17-13h-54m-16s,179,20540549,23960472,,1.0,1.0,1.0,pointworld,pointworld,38,38,0,43,43,15,50,50,21,55,55,25
REAL+de601749+2023-06-17-13h-57m-02s,159,20540549,23960472,,1.0,1.0,1.0,pointworld,pointworld,28,28,0,33,33,10,40,40,17,48,48,20
REAL+de601749+2023-06-17-13h-57m-25s,216,20540549,23960472,,1.0,1.0,1.0,pointworld,pointworld,23,23,12,27,27,15,31,31,17,36,36,19
REAL+de601749+2023-06-17-14h-18m-45s,201,20540549,23960472,,1.0,1.0,1.0,pointworld,pointworld,28,28,0,30,30,0,34,34,18,37,37,22
REAL+de601749+2023-06-19-16h-25m-38s,199,20540549,23960472,,1.0,1.0,1.0,pointworld,pointworld,0,0,0,16,15,16,20,20,17,25,25,21
REAL+de601749+2023-06-19-16h-41m-07s,175,20540549,23960472,,1.0,1.0,1.0,pointworld,pointworld,0,0,0,0,0,0,20,20,0,28,28,24
REAL+de601749+2023-06-19-16h-46m-30s,124,20540549,23960472,,1.0,1.0,1.0,pointworld,pointworld,24,23,24,27,27,27,30,30,30,39,35,39
REAL+de601749+2023-06-19-16h-47m-45s,203,20540549,23960472,,1.0,1.0,1.0,pointworld,pointworld,25,23,25,28,27,28,33,31,33,40,39,40
REAL+de601749+2023-06-19-16h-48m-09s,167,20540549,23960472,,1.0,1.0,1.0,pointworld,pointworld,23,23,15,28,28,21,34,34,25,40,40,27
REAL+de601749+2023-06-19-16h-49m-56s,164,20540549,23960472,,1.0,1.0,1.0,pointworld,pointworld,15,15,15,21,20,21,26,25,26,33,33,33
REAL+de601749+2023-06-19-16h-51m-15s,217,20540549,23960472,,1.0,1.0,1.0,pointworld,pointworld,25,25,23,28,28,25,30,30,28,34,34,32
REAL+de601749+2023-06-19-16h-56m-06s,168,20540549,23960472,,1.0,1.0,1.0,pointworld,pointworld,23,23,15,28,28,21,33,33,24,41,41,28
REAL+de601749+2023-06-19-17h-06m-45s,175,20540549,23960472,,1.0,1.0,1.0,pointworld,pointworld,26,26,0,31,31,21,38,38,26,45,45,29
REAL+de601749+2023-06-19-17h-11m-44s,189,20540549,23960472,,1.0,1.0,1.0,pointworld,pointworld,23,20,23,28,27,28,34,33,34,43,41,43
REAL+de601749+2023-06-19-19h-01m-07s,237,20540549,23960472,,1.0,1.0,1.0,pointworld,pointworld,20,20,15,24,24,20,28,28,23,31,31,27
REAL+de601749+2023-06-19-19h-01m-32s,146,20540549,23960472,,1.0,1.0,1.0,pointworld,pointworld,19,19,15,22,22,20,26,26,23,29,29,26
REAL+de601749+2023-06-19-19h-04m-52s,183,20540549,23960472,,1.0,1.0,1.0,pointworld,pointworld,0,0,0,0,0,0,18,18,0,24,24,18
REAL+de601749+2023-06-19-19h-07m-40s,318,20540549,23960472,,1.0,1.0,1.0,pointworld,pointworld,22,22,0,25,25,0,29,29,21,34,34,25
REAL+de601749+2023-06-19-19h-08m-56s,165,20540549,23960472,,1.0,1.0,1.0,pointworld,pointworld,19,19,15,22,22,18,26,26,22,30,30,25
REAL+de601749+2023-06-19-19h-10m-48s,191,20540549,23960472,,1.0,1.0,1.0,pointworld,pointworld,19,19,15,21,21,18,24,24,20,28,28,25
REAL+de601749+2023-06-19-19h-34m-42s,215,20540549,23960472,,1.0,1.0,1.0,pointworld,pointworld,17,17,14,19,19,17,22,22,19,26,26,23
REAL+de601749+2023-06-19-19h-37m-13s,136,20540549,23960472,,1.0,1.0,1.0,pointworld,pointworld,0,0,0,0,0,0,15,15,0,20,20,9
REAL+de601749+2023-08-27-10h-26m-13s,95,20540549,23960472,,1.0,1.0,1.0,pointworld,pointworld,0,0,0,0,0,0,0,0,0,17,17,0
REAL+de601749+2023-08-27-10h-27m-31s,239,20540549,23960472,,1.0,1.0,1.0,pointworld,pointworld,0,0,0,0,0,0,0,0,0,0,0,0
REAL+de601749+2023-12-14-13h-59m-56s,114,20540549,23960472,,1.0,1.0,1.0,pointworld,pointworld,21,0,21,25,0,25,28,15,28,32,22,32
REAL+de601749+2023-12-18-16h-53m-29s,73,20540549,23960472,,1.0,1.0,1.0,pointworld,pointworld,17,0,17,20,0,20,22,0,22,25,16,25
REAL+de601749+2023-12-18-16h-59m-50s,126,20540549,23960472,,1.0,1.0,1.0,pointworld,pointworld,15,0,15,17,0,17,20,0,20,22,21,22
REAL+de601749+2023-12-18-17h-01m-48s,124,20540549,23960472,,1.0,1.0,1.0,pointworld,pointworld,11,0,11,15,0,15,18,0,18,22,21,22
REAL+de601749+2023-12-18-17h-07m-28s,117,20540549,23960472,,1.0,1.0,1.0,pointworld,pointworld,17,0,17,19,0,19,21,0,21,25,0,25
REAL+de601749+2023-12-18-17h-08m-03s,109,20540549,23960472,,1.0,1.0,1.0,pointworld,pointworld,19,0,19,22,0,22,25,0,25,30,0,30
REAL+de601749+2023-12-18-17h-09m-52s,150,20540549,23960472,,1.0,1.0,1.0,pointworld,pointworld,0,0,0,0,0,0,16,0,16,17,13,17
REAL+de601749+2023-12-18-17h-12m-24s,142,20540549,23960472,,1.0,1.0,1.0,pointworld,pointworld,0,0,0,14,0,14,18,0,18,26,26,24
REAL+de601749+2023-12-18-17h-16m-57s,108,20540549,23960472,,1.0,1.0,1.0,pointworld,pointworld,0,0,0,0,0,0,28,27,28,34,34,31
REAL+de601749+2023-12-18-17h-18m-59s,116,20540549,23960472,,1.0,1.0,1.0,pointworld,pointworld,0,0,0,18,0,18,20,0,20,24,0,24
REAL+de601749+2023-12-18-17h-19m-38s,163,20540549,23960472,,1.0,1.0,1.0,pointworld,pointworld,0,0,0,15,0,15,19,0,19,23,0,23
REAL+de601749+2023-12-19-16h-57m-59s,105,20540549,23960472,,1.0,1.0,1.0,pointworld,pointworld,32,23,32,35,26,35,39,28,39,86,34,86
REAL+de601749+2023-12-19-16h-58m-30s,82,20540549,23960472,,1.0,1.0,1.0,pointworld,pointworld,28,19,28,32,23,32,36,27,36,67,30,67
REAL+de601749+2023-12-19-17h-03m-10s,106,20540549,23960472,,1.0,0.8703703703703703,1.0,pointworld,pointworld,32,24,32,37,28,37,53,31,53,-1,35,-1
REAL+de601749+2023-12-19-17h-10m-26s,111,20540549,23960472,,1.0,0.9259259259259259,1.0,pointworld,pointworld,30,20,30,39,23,39,46,27,46,-1,32,-1
REAL+de601749+2023-12-19-17h-12m-55s,150,20540549,23960472,,1.0,1.0,1.0,pointworld,pointworld,50,38,50,58,41,58,71,45,71,132,52,132
REAL+de601749+2023-12-19-18h-11m-35s,132,20540549,23960472,,1.0,1.0,1.0,pointworld,pointworld,0,0,0,0,0,0,0,0,0,0,0,0
REAL+de601749+2023-12-19-18h-13m-15s,106,20540549,23960472,,1.0,1.0,1.0,pointworld,pointworld,0,0,0,0,0,0,0,0,0,15,0,15
REAL+de601749+2023-12-19-18h-16m-35s,70,20540549,23960472,,1.0,1.0,1.0,pointworld,pointworld,0,0,0,0,0,0,0,0,0,0,0,0
REAL+de601749+2023-12-19-18h-17m-23s,98,20540549,23960472,,1.0,1.0,1.0,pointworld,pointworld,0,0,0,0,0,0,0,0,0,0,0,0
REAL+de601749+2023-12-19-18h-23m-17s,122,20540549,23960472,,1.0,1.0,1.0,pointworld,pointworld,0,0,0,0,0,0,0,0,0,0,0,0
REAL+de601749+2023-12-19-18h-30m-25s,93,20540549,23960472,,1.0,1.0,1.0,pointworld,pointworld,0,0,0,0,0,0,0,0,0,18,0,18
REAL+de601749+2023-12-19-18h-35m-45s,123,20540549,23960472,,1.0,1.0,1.0,pointworld,pointworld,0,0,0,0,0,0,0,0,0,0,0,0
REAL+de601749+2023-12-19-18h-39m-25s,110,20540549,23960472,,1.0,1.0,1.0,pointworld,pointworld,0,0,0,0,0,0,0,0,0,0,0,0
REAL+de601749+2023-12-19-18h-40m-38s,94,20540549,23960472,,1.0,1.0,1.0,pointworld,pointworld,0,0,0,0,0,0,0,0,0,18,0,18
REAL+de601749+2023-12-19-18h-43m-01s,108,20540549,23960472,,1.0,1.0,1.0,pointworld,pointworld,0,0,0,0,0,0,0,0,0,22,0,22
REAL+de601749+2023-12-19-18h-47m-30s,105,20540549,23960472,,1.0,1.0,1.0,pointworld,pointworld,0,0,0,0,0,0,0,0,0,0,0,0
RPL+32cba90c+2023-11-30-21h-36m-01s,217,24013089,25047636,,1.0,1.0,1.0,pointworld,pointworld,0,0,0,0,0,0,0,0,0,0,0,0
RPL+32cba90c+2023-11-30-21h-49m-49s,299,24013089,25047636,,1.0,1.0,1.0,pointworld,pointworld,0,0,0,0,0,0,0,0,0,32,0,32
RPL+32cba90c+2023-11-30-21h-53m-41s,161,24013089,25047636,,1.0,1.0,1.0,pointworld,pointworld,0,0,0,0,0,0,0,0,0,0,0,0
RPL+32cba90c+2023-11-30-21h-57m-33s,140,24013089,25047636,,1.0,1.0,1.0,pointworld,pointworld,0,0,0,0,0,0,0,0,0,0,0,0
RPL+32cba90c+2023-11-30-22h-01m-40s,169,24013089,25047636,,1.0,1.0,1.0,pointworld,pointworld,0,0,0,0,0,0,17,0,17,24,12,24
RPL+32cba90c+2023-11-30-22h-02m-31s,199,24013089,25047636,,1.0,1.0,1.0,pointworld,pointworld,0,0,0,0,0,0,0,0,0,31,0,31
RPL+32cba90c+2023-11-30-22h-06m-08s,207,24013089,25047636,,1.0,1.0,1.0,pointworld,pointworld,0,0,0,0,0,0,0,0,0,19,0,19
RPL+32cba90c+2023-11-30-22h-09m-26s,189,24013089,25047636,,1.0,1.0,1.0,pointworld,pointworld,0,0,0,0,0,0,0,0,0,27,0,27
RPL+32cba90c+2023-11-30-22h-28m-23s,180,24013089,25047636,,1.0,1.0,1.0,pointworld,pointworld,0,0,0,0,0,0,0,0,0,26,0,26
RPL+32cba90c+2023-11-30-22h-29m-42s,189,24013089,25047636,,1.0,1.0,1.0,pointworld,pointworld,0,0,0,0,0,0,12,0,12,19,0,19
RPL+32cba90c+2023-11-30-22h-30m-07s,160,24013089,25047636,,1.0,1.0,1.0,pointworld,pointworld,0,0,0,0,0,0,0,0,0,0,0,0
RPL+32cba90c+2023-11-30-22h-32m-28s,194,24013089,25047636,,1.0,1.0,1.0,pointworld,pointworld,0,0,0,0,0,0,0,0,0,0,0,0
RPL+32cba90c+2023-11-30-22h-49m-26s,141,24013089,25047636,,1.0,1.0,1.0,pointworld,pointworld,0,0,0,0,0,0,0,0,0,10,0,10
RPL+32cba90c+2023-11-30-22h-57m-20s,159,24013089,25047636,,1.0,1.0,1.0,pointworld,pointworld,0,0,0,0,0,0,0,0,0,19,0,19
RPL+32cba90c+2023-11-30-23h-07m-15s,181,24013089,25047636,,1.0,1.0,1.0,pointworld,pointworld,0,0,0,0,0,0,18,0,18,28,18,28
RPL+32cba90c+2023-11-30-23h-09m-25s,175,24013089,25047636,,1.0,1.0,1.0,pointworld,pointworld,0,0,0,0,0,0,0,0,0,19,0,19
RPL+32cba90c+2023-12-01-15h-56m-13s,337,24013089,25047636,,1.0,1.0,1.0,pointworld,pointworld,0,0,0,17,0,17,24,0,24,25,0,25
RPL+32cba90c+2023-12-01-16h-14m-38s,322,24013089,25047636,,1.0,1.0,1.0,pointworld,pointworld,0,0,0,0,0,0,0,0,0,0,0,0
RPL+32cba90c+2023-12-01-16h-17m-30s,218,24013089,25047636,,1.0,1.0,1.0,pointworld,pointworld,0,0,0,0,0,0,0,0,0,0,0,0
RPL+32cba90c+2023-12-01-16h-42m-59s,208,24013089,25047636,,1.0,1.0,1.0,pointworld,pointworld,0,0,0,0,0,0,0,0,0,0,0,0
RPL+32cba90c+2023-12-01-17h-02m-12s,403,24013089,25047636,,1.0,1.0,1.0,pointworld,pointworld,0,0,0,0,0,0,0,0,0,0,0,0
RPL+32cba90c+2023-12-01-17h-02m-47s,437,24013089,25047636,,1.0,1.0,1.0,pointworld,pointworld,0,0,0,0,0,0,0,0,0,0,0,0
RPL+32cba90c+2023-12-01-17h-06m-33s,450,24013089,25047636,,1.0,1.0,1.0,pointworld,pointworld,0,0,0,0,0,0,0,0,0,0,0,0
RPL+32cba90c+2023-12-01-17h-12m-27s,400,24013089,25047636,,1.0,1.0,1.0,pointworld,pointworld,0,0,0,0,0,0,27,0,27,44,0,44
RPL+32cba90c+2023-12-01-18h-10m-09s,593,24013089,25047636,,1.0,1.0,1.0,pointworld,pointworld,0,0,0,0,0,0,0,0,0,0,0,0
RPL+32cba90c+2023-12-01-19h-45m-32s,499,24013089,25047636,,1.0,1.0,1.0,pointworld,pointworld,0,0,0,0,0,0,0,0,0,0,0,0
RPL+32cba90c+2023-12-01-19h-48m-29s,547,24013089,25047636,,1.0,1.0,1.0,pointworld,pointworld,0,0,0,0,0,0,0,0,0,22,0,22
RPL+32cba90c+2023-12-01-20h-44m-28s,384,24013089,25047636,,1.0,1.0,1.0,pointworld,pointworld,0,0,0,0,0,0,0,0,0,0,0,0
RPL+32cba90c+2023-12-01-21h-11m-44s,544,24013089,25047636,,1.0,1.0,1.0,pointworld,pointworld,0,0,0,0,0,0,0,0,0,0,0,0
RPL+32cba90c+2023-12-01-21h-17m-54s,353,24013089,25047636,,1.0,1.0,1.0,pointworld,pointworld,0,0,0,0,0,0,0,0,0,0,0,0
RPL+32cba90c+2023-12-01-21h-25m-45s,409,24013089,25047636,,1.0,1.0,1.0,pointworld,pointworld,0,0,0,0,0,0,0,0,0,0,0,0
RPL+32cba90c+2023-12-01-21h-26m-24s,363,24013089,25047636,,1.0,1.0,1.0,pointworld,pointworld,0,0,0,0,0,0,0,0,0,0,0,0
RPL+32cba90c+2023-12-01-21h-29m-40s,272,24013089,25047636,,1.0,1.0,1.0,pointworld,pointworld,0,0,0,0,0,0,0,0,0,0,0,0
RPL+32cba90c+2023-12-03-14h-26m-29s,981,24013089,25047636,,1.0,1.0,1.0,pointworld,pointworld,25,0,25,37,0,37,42,25,42,53,37,53
RPL+32cba90c+2023-12-03-14h-42m-35s,489,24013089,25047636,,1.0,1.0,1.0,pointworld,pointworld,30,0,30,38,0,38,47,17,47,55,28,55
RPL+32cba90c+2023-12-03-14h-46m-03s,626,24013089,25047636,,1.0,1.0,1.0,pointworld,pointworld,0,0,0,0,0,0,17,0,17,26,0,26
RPL+32cba90c+2023-12-03-14h-47m-55s,699,24013089,25047636,,1.0,1.0,1.0,pointworld,pointworld,19,0,19,30,0,30,38,20,38,46,30,46
RPL+32cba90c+2023-12-03-14h-52m-41s,843,24013089,25047636,,1.0,1.0,1.0,pointworld,pointworld,0,0,0,0,0,0,0,0,0,33,0,33
RPL+32cba90c+2023-12-03-15h-13m-26s,651,24013089,25047636,,1.0,1.0,1.0,pointworld,pointworld,0,0,0,0,0,0,0,0,0,21,0,21
RPL+32cba90c+2023-12-03-15h-14m-26s,780,24013089,25047636,,1.0,1.0,1.0,pointworld,pointworld,0,0,0,0,0,0,0,0,0,36,0,36
RPL+32cba90c+2023-12-03-15h-34m-30s,760,24013089,25047636,,1.0,1.0,1.0,pointworld,pointworld,0,0,0,0,0,0,36,0,36,58,0,58
RPL+32cba90c+2023-12-03-15h-57m-15s,421,24013089,25047636,,1.0,1.0,1.0,pointworld,pointworld,0,0,0,0,0,0,19,0,19,26,0,26
RPL+32cba90c+2023-12-03-17h-09m-46s,1057,24013089,25047636,,1.0,1.0,1.0,pointworld,pointworld,0,0,0,0,0,0,2,0,2,36,29,36
RPL+32cba90c+2023-12-04-14h-31m-39s,1245,24013089,25047636,,1.0,1.0,1.0,pointworld,pointworld,0,0,0,0,0,0,31,31,0,40,40,32
RPL+32cba90c+2023-12-04-14h-40m-43s,1246,24013089,25047636,,1.0,1.0,1.0,pointworld,pointworld,0,0,0,0,0,0,0,0,0,33,33,0
RPL+32cba90c+2023-12-04-14h-53m-05s,251,24013089,25047636,,1.0,1.0,1.0,pointworld,pointworld,0,0,0,0,0,0,0,0,0,0,0,0
RPL+32cba90c+2023-12-04-14h-53m-33s,756,24013089,25047636,,1.0,1.0,1.0,pointworld,pointworld,0,0,0,0,0,0,0,0,0,0,0,0
RPL+32cba90c+2023-12-04-15h-22m-38s,629,24013089,25047636,,1.0,1.0,1.0,pointworld,pointworld,0,0,0,0,0,0,9,9,0,19,19,13
RPL+32cba90c+2023-12-04-15h-27m-13s,788,24013089,25047636,,1.0,1.0,1.0,pointworld,pointworld,0,0,0,0,0,0,0,0,0,15,15,10
RPL+32cba90c+2023-12-04-15h-52m-56s,267,24013089,25047636,,1.0,1.0,1.0,pointworld,pointworld,0,0,0,0,0,0,95,95,0,119,119,114
RPL+32cba90c+2023-12-04-17h-33m-56s,737,24013089,25047636,,1.0,1.0,1.0,pointworld,pointworld,0,0,0,0,0,0,0,0,0,0,0,0
RPL+32cba90c+2023-12-04-17h-52m-18s,780,24013089,25047636,,1.0,1.0,1.0,pointworld,pointworld,9,0,9,13,0,13,17,0,17,21,0,21
RPL+32cba90c+2023-12-04-18h-30m-04s,1139,24013089,25047636,,1.0,1.0,0.9069359086918349,pointworld,pointworld,0,0,0,0,0,0,14,0,14,22,0,22
RPL+32cba90c+2023-12-04-18h-39m-19s,956,24013089,25047636,,1.0,1.0,0.9849137931034483,pointworld,pointworld,20,0,20,28,0,28,38,0,38,41,0,41
RPL+32cba90c+2023-12-05-15h-24m-28s,1032,24013089,25047636,,1.0,1.0,1.0,pointworld,pointworld,0,0,0,27,0,27,43,0,43,81,0,81
RPL+32cba90c+2023-12-05-16h-11m-10s,635,24013089,25047636,,1.0,1.0,0.9057851239669421,pointworld,pointworld,18,0,18,30,0,30,35,0,35,45,0,45
RPL+32cba90c+2023-12-05-17h-02m-44s,1015,24013089,25047636,,1.0,1.0,1.0,pointworld,pointworld,0,0,0,0,0,0,0,0,0,56,0,56
RPL+32cba90c+2023-12-05-17h-07m-46s,927,24013089,25047636,,1.0,1.0,1.0,pointworld,pointworld,0,0,0,0,0,0,0,0,0,20,0,20
RPL+32cba90c+2023-12-05-17h-18m-54s,588,24013089,25047636,,1.0,1.0,1.0,pointworld,pointworld,0,0,0,0,0,0,0,0,0,22,0,22
RPL+32cba90c+2023-12-07-16h-53m-15s,1181,24013089,25047636,,1.0,1.0,1.0,pointworld,pointworld,16,0,16,21,0,21,31,0,31,37,0,37
RPL+32cba90c+2023-12-07-16h-59m-30s,1044,24013089,25047636,,1.0,1.0,1.0,pointworld,pointworld,11,0,11,18,0,18,28,0,28,35,8,35
RPL+32cba90c+2023-12-07-17h-21m-24s,918,24013089,25047636,,1.0,1.0,1.0,pointworld,pointworld,0,0,0,0,0,0,0,0,0,15,0,15
RPL+32cba90c+2023-12-07-17h-25m-43s,1213,24013089,25047636,,1.0,1.0,1.0,pointworld,pointworld,0,0,0,0,0,0,41,0,41,48,0,48
RPL+32cba90c+2023-12-07-17h-55m-29s,1080,24013089,25047636,,1.0,1.0,1.0,pointworld,pointworld,20,0,20,29,0,29,37,0,37,48,14,48
RPL+32cba90c+2023-12-07-17h-57m-19s,1112,24013089,25047636,,1.0,1.0,0.9316546762589928,pointworld,pointworld,0,0,0,0,0,0,20,0,20,24,0,24
RPL+32cba90c+2023-12-07-18h-08m-41s,931,24013089,25047636,,1.0,1.0,1.0,pointworld,pointworld,21,0,21,30,0,30,37,0,37,51,0,51
RPL+32cba90c+2023-12-07-18h-14m-40s,171,24013089,25047636,,1.0,1.0,1.0,pointworld,pointworld,0,0,0,0,0,0,0,0,0,0,0,0
RPL+32cba90c+2023-12-07-18h-14m-59s,1056,24013089,25047636,,1.0,1.0,1.0,pointworld,pointworld,0,0,0,14,0,14,26,0,26,32,0,32
RPL+32cba90c+2023-12-07-18h-37m-33s,1294,24013089,25047636,,1.0,1.0,1.0,pointworld,pointworld,15,0,15,19,0,19,24,0,24,31,0,31
RPL+32cba90c+2023-12-07-19h-39m-15s,1174,24013089,25047636,,1.0,1.0,0.9752650176678446,pointworld,pointworld,27,0,27,42,0,42,67,0,67,82,20,82
RPL+32cba90c+2023-12-07-21h-01m-43s,1325,24013089,25047636,,1.0,1.0,0.970566037735849,pointworld,pointworld,0,0,0,0,0,0,0,0,0,54,0,54
RPL+32cba90c+2023-12-07-21h-04m-28s,1337,24013089,25047636,,1.0,1.0,0.9147344801795063,pointworld,pointworld,0,0,0,0,0,0,0,0,0,42,0,42
RPL+32cba90c+2023-12-07-21h-12m-39s,1034,24013089,25047636,,1.0,1.0,0.899402390438247,pointworld,pointworld,24,0,24,30,0,30,34,0,34,42,23,42
RPL+32cba90c+2023-12-07-22h-03m-31s,958,24013089,25047636,,1.0,1.0,1.0,pointworld,pointworld,0,0,0,0,0,0,0,0,0,0,0,0
RPL+32cba90c+2023-12-07-22h-16m-38s,234,24013089,25047636,,1.0,1.0,1.0,pointworld,pointworld,81,0,81,87,0,87,104,27,104,143,38,143
RPL+32cba90c+2023-12-07-22h-41m-37s,1050,24013089,25047636,,1.0,1.0,1.0,pointworld,pointworld,0,0,0,0,0,0,29,0,29,39,39,35
RPL+32cba90c+2023-12-07-22h-43m-44s,1213,24013089,25047636,,1.0,1.0,1.0,pointworld,pointworld,0,0,0,0,0,0,25,23,25,29,27,29
RPL+32cba90c+2023-12-07-23h-53m-09s,729,24013089,25047636,,1.0,1.0,1.0,pointworld,pointworld,0,0,0,0,0,0,0,0,0,16,14,16
RPL+32cba90c+2023-12-08-14h-08m-53s,1233,24013089,25047636,,1.0,1.0,0.9285714285714286,pointworld,pointworld,0,0,0,29,0,29,39,0,39,46,38,46
RPL+32cba90c+2023-12-08-14h-11m-12s,1192,24013089,25047636,,1.0,1.0,1.0,pointworld,pointworld,24,0,24,33,26,33,42,33,42,73,44,73
RPL+32cba90c+2023-12-08-14h-24m-11s,1324,24013089,25047636,,1.0,1.0,0.9780966767371602,pointworld,pointworld,0,0,0,0,0,0,28,0,28,40,22,40
RPL+32cba90c+2023-12-08-14h-43m-36s,377,24013089,25047636,,1.0,1.0,1.0,pointworld,pointworld,0,0,0,9,0,9,19,9,19,24,18,24
RPL+32cba90c+2023-12-08-14h-47m-54s,1072,24013089,25047636,,1.0,1.0,1.0,pointworld,pointworld,0,0,0,0,0,0,23,0,23,34,22,34
RPL+32cba90c+2023-12-08-15h-03m-19s,689,24013089,25047636,,1.0,1.0,0.9791356184798807,pointworld,pointworld,12,0,12,18,0,18,27,13,27,97,19,97
RPL+32cba90c+2023-12-08-15h-46m-28s,1388,24013089,25047636,,1.0,1.0,0.9839533187454412,pointworld,pointworld,0,0,0,17,0,17,26,18,26,33,27,33
RPL+32cba90c+2023-12-08-15h-51m-47s,1134,24013089,25047636,,1.0,1.0,1.0,pointworld,pointworld,32,20,32,68,28,68,78,69,78,90,74,90
RPL+32cba90c+2023-12-08-16h-53m-07s,395,24013089,25047636,,1.0,1.0,0.9973118279569892,pointworld,pointworld,0,0,0,23,0,23,30,23,30,37,28,37
RPL+32cba90c+2023-12-08-17h-53m-24s,315,24013089,25047636,,1.0,1.0,1.0,pointworld,pointworld,46,20,46,53,29,53,71,37,71,87,41,87
RPL+32cba90c+2023-12-09-14h-23m-47s,323,24013089,25047636,,1.0,1.0,0.8780487804878049,pointworld,pointworld,66,0,66,77,19,77,117,33,117,126,39,126
RPL+cb4f6842+2023-05-23-12h-28m-40s,279,24013089,25047636,,1.0,1.0,1.0,pointworld,pointworld,0,0,0,0,0,0,0,0,0,0,0,0
RPL+cb4f6842+2023-05-23-12h-33m-48s,270,24013089,25047636,,1.0,1.0,1.0,pointworld,pointworld,0,0,0,0,0,0,0,0,0,0,0,0
RPL+cb4f6842+2023-05-23-12h-37m-29s,101,24013089,25047636,,1.0,1.0,1.0,pointworld,pointworld,0,0,0,0,0,0,0,0,0,0,0,0
RPL+cb4f6842+2023-05-23-12h-38m-50s,343,24013089,25047636,,1.0,1.0,0.8483965014577259,pointworld,pointworld,0,0,0,0,0,0,0,0,0,0,0,0
RPL+cb4f6842+2023-05-23-13h-19m-11s,281,24013089,25047636,,1.0,1.0,0.6797153024911032,pointworld,pointworld,0,0,0,0,0,0,0,0,0,0,0,0
RPL+cb4f6842+2023-05-23-13h-24m-15s,152,24013089,25047636,,1.0,1.0,1.0,pointworld,pointworld,0,0,0,0,0,0,0,0,0,0,0,0
RPL+cb4f6842+2023-05-23-13h-40m-12s,200,24013089,25047636,,1.0,1.0,1.0,pointworld,pointworld,0,0,0,0,0,0,0,0,0,0,0,0
RPL+cb4f6842+2023-05-23-14h-41m-38s,429,24013089,25047636,,1.0,1.0,1.0,pointworld,pointworld,0,0,0,0,0,0,0,0,0,0,0,0
RPL+cb4f6842+2023-05-23-14h-42m-38s,174,24013089,25047636,,1.0,1.0,0.8620689655172413,pointworld,pointworld,0,0,0,0,0,0,0,0,0,0,0,0
RPL+cb4f6842+2023-05-25-10h-45m-16s,195,24013089,25047636,,1.0,1.0,1.0,pointworld,pointworld,0,0,0,0,0,0,0,0,0,0,0,0
RPL+cb4f6842+2023-05-25-11h-03m-51s,193,24013089,25047636,,1.0,1.0,1.0,pointworld,pointworld,0,0,0,0,0,0,0,0,0,0,0,0
RPL+cb4f6842+2023-05-25-11h-19m-50s,229,24013089,25047636,,1.0,1.0,1.0,pointworld,pointworld,0,0,0,0,0,0,0,0,0,0,0,0
RPL+cb4f6842+2023-05-25-11h-42m-07s,401,24013089,25047636,,1.0,1.0,1.0,pointworld,pointworld,0,0,0,0,0,0,0,0,0,0,0,0
RPL+cb4f6842+2023-05-25-11h-50m-50s,498,24013089,25047636,,1.0,1.0,1.0,pointworld,pointworld,0,0,0,0,0,0,0,0,0,0,0,0
RPL+cb4f6842+2023-05-25-11h-58m-40s,241,24013089,25047636,,1.0,1.0,1.0,pointworld,pointworld,0,0,0,0,0,0,0,0,0,0,0,0
RPL+cb4f6842+2023-05-25-13h-12m-21s,503,24013089,25047636,,1.0,1.0,1.0,pointworld,pointworld,0,0,0,0,0,0,0,0,0,0,0,0
RPL+cb4f6842+2023-05-25-13h-38m-34s,301,24013089,25047636,,1.0,1.0,1.0,pointworld,pointworld,0,0,0,0,0,0,0,0,0,0,0,0
RPL+cb4f6842+2023-05-25-13h-41m-24s,413,24013089,25047636,,1.0,1.0,1.0,pointworld,pointworld,0,0,0,0,0,0,0,0,0,0,0,0
RPL+cb4f6842+2023-05-29-15h-49m-13s,272,24013089,25047636,,1.0,1.0,1.0,pointworld,pointworld,0,0,0,0,0,0,0,0,0,0,0,0
RPL+cb4f6842+2023-05-29-15h-52m-07s,143,24013089,25047636,,1.0,1.0,1.0,pointworld,pointworld,0,0,0,0,0,0,0,0,0,0,0,0
RPL+cb4f6842+2023-05-29-15h-52m-44s,399,24013089,25047636,,1.0,1.0,1.0,pointworld,pointworld,0,0,0,0,0,0,0,0,0,0,0,0
RPL+cb4f6842+2023-05-29-16h-38m-50s,259,24013089,25047636,,1.0,1.0,1.0,pointworld,pointworld,0,0,0,0,0,0,0,0,0,0,0,0
RPL+cb4f6842+2023-05-29-16h-40m-23s,91,24013089,25047636,,1.0,1.0,1.0,pointworld,pointworld,0,0,0,0,0,0,0,0,0,0,0,0
RPL+cb4f6842+2023-05-29-16h-47m-06s,243,24013089,25047636,,1.0,1.0,1.0,pointworld,pointworld,0,0,0,0,0,0,0,0,0,0,0,0
RPL+cb4f6842+2023-05-29-16h-51m-45s,275,24013089,25047636,,1.0,1.0,1.0,pointworld,pointworld,0,0,0,0,0,0,0,0,0,0,0,0
RPL+cb4f6842+2023-05-29-17h-13m-42s,232,24013089,25047636,,1.0,1.0,1.0,pointworld,pointworld,0,0,0,0,0,0,0,0,0,0,0,0
RPL+cb4f6842+2023-05-29-17h-18m-20s,225,24013089,25047636,,1.0,1.0,1.0,pointworld,pointworld,0,0,0,0,0,0,0,0,0,0,0,0
RPL+cb4f6842+2023-05-29-17h-19m-14s,224,24013089,25047636,,1.0,1.0,1.0,pointworld,pointworld,0,0,0,0,0,0,0,0,0,0,0,0
RPL+cb4f6842+2023-05-29-17h-29m-05s,278,24013089,25047636,,1.0,1.0,1.0,pointworld,pointworld,0,0,0,0,0,0,0,0,0,0,0,0
RPL+cb4f6842+2023-05-29-17h-58m-33s,338,24013089,25047636,,1.0,1.0,1.0,pointworld,pointworld,0,0,0,0,0,0,0,0,0,0,0,0
RPL+cb4f6842+2023-05-29-18h-07m-40s,267,24013089,25047636,,1.0,1.0,1.0,pointworld,pointworld,0,0,0,0,0,0,0,0,0,0,0,0
RPL+cb4f6842+2023-05-30-15h-49m-08s,284,24013089,25047636,,1.0,1.0,1.0,pointworld,pointworld,0,0,0,0,0,0,0,0,0,0,0,0
RPL+cb4f6842+2023-05-30-16h-56m-44s,107,24013089,25047636,,1.0,1.0,1.0,pointworld,pointworld,0,0,0,0,0,0,0,0,0,0,0,0
RPL+cb4f6842+2023-06-04-12h-21m-49s,223,24013089,25047636,,1.0,1.0,1.0,pointworld,pointworld,0,0,0,0,0,0,0,0,0,0,0,0
RPL+cb4f6842+2023-06-04-12h-39m-08s,248,24013089,25047636,,1.0,1.0,1.0,pointworld,pointworld,0,0,0,0,0,0,0,0,0,0,0,0
RPL+cb4f6842+2023-06-04-12h-46m-12s,253,24013089,25047636,,1.0,1.0,1.0,pointworld,pointworld,0,0,0,0,0,0,0,0,0,0,0,0
RPL+cb4f6842+2023-06-04-12h-47m-14s,217,24013089,25047636,,1.0,1.0,1.0,pointworld,pointworld,0,0,0,0,0,0,0,0,0,0,0,0
RPL+cb4f6842+2023-06-04-12h-48m-14s,267,24013089,25047636,,1.0,1.0,1.0,pointworld,pointworld,0,0,0,0,0,0,0,0,0,0,0,0
RPL+cb4f6842+2023-06-04-12h-55m-27s,312,24013089,25047636,,1.0,1.0,1.0,pointworld,pointworld,0,0,0,0,0,0,0,0,0,0,0,0
RPL+cb4f6842+2023-06-04-13h-06m-26s,270,24013089,25047636,,1.0,1.0,0.8703703703703703,pointworld,pointworld,0,0,0,0,0,0,0,0,0,0,0,0
RPL+cb4f6842+2023-06-04-13h-09m-24s,304,24013089,25047636,,1.0,1.0,0.8651315789473685,pointworld,pointworld,0,0,0,0,0,0,0,0,0,0,0,0
RPL+cb4f6842+2023-06-04-13h-12m-57s,144,24013089,25047636,,1.0,1.0,1.0,pointworld,pointworld,0,0,0,0,0,0,0,0,0,0,0,0
RPL+cb4f6842+2023-06-04-13h-14m-52s,142,24013089,25047636,,1.0,1.0,1.0,pointworld,pointworld,0,0,0,0,0,0,0,0,0,0,0,0
RPL+cb4f6842+2023-06-04-13h-28m-08s,342,24013089,25047636,,1.0,1.0,1.0,pointworld,pointworld,0,0,0,0,0,0,0,0,0,0,0,0
RPL+cb4f6842+2023-06-04-13h-38m-44s,264,24013089,25047636,,1.0,1.0,1.0,pointworld,pointworld,0,0,0,0,0,0,0,0,0,0,0,0
RPL+cb4f6842+2023-06-04-13h-42m-08s,334,24013089,25047636,,1.0,1.0,1.0,pointworld,pointworld,0,0,0,0,0,0,0,0,0,0,0,0
RPL+cb4f6842+2023-06-04-13h-54m-07s,334,24013089,25047636,,1.0,1.0,1.0,pointworld,pointworld,0,0,0,0,0,0,0,0,0,0,0,0
RPL+cb4f6842+2023-06-04-14h-18m-32s,217,24013089,25047636,,1.0,1.0,1.0,pointworld,pointworld,0,0,0,0,0,0,0,0,0,0,0,0
RPL+cb4f6842+2023-06-04-14h-23m-54s,235,24013089,25047636,,1.0,1.0,1.0,pointworld,pointworld,0,0,0,0,0,0,0,0,0,0,0,0
RPL+cb4f6842+2023-06-04-14h-25m-46s,284,24013089,25047636,,1.0,1.0,1.0,pointworld,pointworld,0,0,0,0,0,0,0,0,0,0,0,0
RPL+cb4f6842+2023-06-04-14h-41m-37s,301,24013089,25047636,,1.0,1.0,1.0,pointworld,pointworld,0,0,0,0,0,0,0,0,0,0,0,0
RPL+cb4f6842+2023-06-04-14h-43m-20s,268,24013089,25047636,,1.0,1.0,1.0,pointworld,pointworld,0,0,0,0,0,0,0,0,0,0,0,0
RPL+cb4f6842+2023-06-04-14h-47m-05s,190,24013089,25047636,,1.0,1.0,1.0,pointworld,pointworld,0,0,0,0,0,0,0,0,0,0,0,0
RPL+cb4f6842+2023-06-04-14h-55m-07s,303,24013089,25047636,,1.0,1.0,0.8844884488448845,pointworld,pointworld,0,0,0,0,0,0,0,0,0,0,0,0
RPL+cb4f6842+2023-06-04-14h-58m-22s,293,24013089,25047636,,1.0,1.0,0.8054607508532423,pointworld,pointworld,0,0,0,0,0,0,0,0,0,0,0,0
RPL+cb4f6842+2023-06-05-16h-08m-25s,192,24013089,25047636,,1.0,1.0,1.0,pointworld,pointworld,0,0,0,0,0,0,0,0,0,0,0,0
RPL+cb4f6842+2023-06-05-16h-09m-19s,240,24013089,25047636,,1.0,1.0,1.0,pointworld,pointworld,0,0,0,0,0,0,0,0,0,0,0,0
RPL+cb4f6842+2023-06-05-16h-09m-48s,217,24013089,25047636,,1.0,1.0,1.0,pointworld,pointworld,0,0,0,0,0,0,0,0,0,0,0,0
RPL+cb4f6842+2023-06-05-16h-25m-13s,246,24013089,25047636,,1.0,1.0,1.0,pointworld,pointworld,0,0,0,0,0,0,0,0,0,0,0,0
RPL+cb4f6842+2023-06-05-16h-33m-28s,278,24013089,25047636,,1.0,1.0,1.0,pointworld,pointworld,0,0,0,0,0,0,0,0,0,0,0,0
RPL+cb4f6842+2023-06-05-16h-34m-32s,299,24013089,25047636,,1.0,1.0,1.0,pointworld,pointworld,0,0,0,0,0,0,0,0,0,0,0,0
RPL+cb4f6842+2023-06-05-16h-35m-41s,264,24013089,25047636,,1.0,1.0,1.0,pointworld,pointworld,0,0,0,0,0,0,0,0,0,0,0,0
RPL+cb4f6842+2023-06-05-16h-59m-05s,283,24013089,25047636,,1.0,1.0,0.8621908127208481,pointworld,pointworld,0,0,0,0,0,0,0,0,0,0,0,0
RPL+cb4f6842+2023-06-05-17h-09m-38s,259,24013089,25047636,,1.0,1.0,0.803088803088803,pointworld,pointworld,0,0,0,0,0,0,0,0,0,0,0,0
RPL+cb4f6842+2023-06-05-17h-23m-13s,282,24013089,25047636,,1.0,1.0,0.925531914893617,pointworld,pointworld,0,0,0,0,0,0,0,0,0,0,0,0
RPL+cb4f6842+2023-06-05-17h-54m-17s,288,24013089,25047636,,1.0,1.0,1.0,pointworld,pointworld,0,0,0,0,0,0,0,0,0,0,0,0
RPL+cb4f6842+2023-06-05-17h-59m-35s,275,24013089,25047636,,1.0,1.0,1.0,pointworld,pointworld,0,0,0,0,0,0,0,0,0,0,0,0
RPL+cb4f6842+2023-06-05-18h-23m-39s,175,24013089,25047636,,1.0,1.0,1.0,pointworld,pointworld,0,0,0,0,0,0,0,0,0,0,0,0
RPL+cb4f6842+2023-06-05-18h-40m-10s,336,24013089,25047636,,1.0,1.0,1.0,pointworld,pointworld,0,0,0,0,0,0,0,0,0,0,0,0
RPL+cb4f6842+2023-06-05-18h-53m-24s,226,24013089,25047636,,1.0,1.0,1.0,pointworld,pointworld,0,0,0,0,0,0,0,0,0,0,0,0
RPL+cb4f6842+2023-06-05-18h-55m-17s,187,24013089,25047636,,1.0,1.0,1.0,pointworld,pointworld,0,0,0,0,0,0,0,0,0,0,0,0
RPL+cb4f6842+2023-06-05-19h-16m-24s,184,24013089,25047636,,1.0,1.0,1.0,pointworld,pointworld,0,0,0,0,0,0,0,0,0,0,0,0
RPL+cb4f6842+2023-06-05-19h-17m-21s,194,24013089,25047636,,1.0,1.0,1.0,pointworld,pointworld,0,0,0,0,0,0,0,0,0,0,0,0
RPL+cb4f6842+2023-06-05-19h-21m-29s,184,24013089,25047636,,1.0,1.0,1.0,pointworld,pointworld,0,0,0,0,0,0,0,0,0,0,0,0
RPL+cb4f6842+2023-06-05-19h-23m-52s,183,24013089,25047636,,1.0,1.0,1.0,pointworld,pointworld,0,0,0,0,0,0,0,0,0,0,0,0
RPL+cb4f6842+2023-06-05-19h-46m-53s,246,24013089,25047636,,1.0,1.0,1.0,pointworld,pointworld,0,0,0,0,0,0,0,0,0,0,0,0
RPL+cb4f6842+2023-06-05-19h-48m-28s,258,24013089,25047636,,1.0,1.0,1.0,pointworld,pointworld,0,0,0,0,0,0,0,0,0,0,0,0
RPL+cb4f6842+2023-06-05-19h-53m-58s,202,24013089,25047636,,1.0,1.0,1.0,pointworld,pointworld,0,0,0,0,0,0,0,0,0,0,0,0
RPL+cb4f6842+2023-06-05-19h-56m-52s,233,24013089,25047636,,1.0,1.0,1.0,pointworld,pointworld,0,0,0,0,0,0,0,0,0,0,0,0
RPL+cb4f6842+2023-06-05-20h-04m-40s,223,24013089,25047636,,1.0,1.0,1.0,pointworld,pointworld,0,0,0,0,0,0,0,0,0,0,0,0
RPL+cb4f6842+2023-06-05-20h-08m-24s,239,24013089,25047636,,1.0,1.0,1.0,pointworld,pointworld,0,0,0,0,0,0,0,0,0,0,0,0
RPL+cb4f6842+2023-06-05-20h-19m-18s,245,24013089,25047636,,1.0,1.0,1.0,pointworld,pointworld,0,0,0,0,0,0,0,0,0,0,0,0
RPL+cb4f6842+2023-06-05-20h-25m-58s,225,24013089,25047636,,1.0,1.0,1.0,pointworld,pointworld,0,0,0,0,0,0,0,0,0,0,0,0
RPL+cb4f6842+2023-06-05-20h-26m-51s,193,24013089,25047636,,1.0,1.0,1.0,pointworld,pointworld,0,0,0,0,0,0,0,0,0,0,0,0
RPL+cb4f6842+2023-11-10-17h-32m-41s,254,24013089,25047636,,1.0,1.0,1.0,pointworld,pointworld,0,0,0,0,0,0,0,0,0,0,0,0
RPL+cb4f6842+2023-11-10-17h-47m-01s,239,24013089,25047636,,1.0,1.0,1.0,pointworld,pointworld,0,0,0,0,0,0,0,0,0,0,0,0
RPL+cb4f6842+2023-11-10-17h-48m-06s,229,24013089,25047636,,1.0,1.0,1.0,pointworld,pointworld,0,0,0,0,0,0,0,0,0,0,0,0
RPL+cb4f6842+2023-11-10-17h-52m-50s,227,24013089,25047636,,1.0,1.0,1.0,pointworld,pointworld,0,0,0,0,0,0,0,0,0,0,0,0
RPL+cb4f6842+2023-11-10-17h-54m-50s,288,24013089,25047636,,1.0,1.0,1.0,pointworld,pointworld,0,0,0,0,0,0,0,0,0,0,0,0
RPL+cb4f6842+2023-11-10-17h-57m-46s,300,24013089,25047636,,1.0,1.0,1.0,pointworld,pointworld,0,0,0,0,0,0,0,0,0,0,0,0
RPL+cb4f6842+2023-11-10-18h-28m-11s,272,24013089,25047636,,1.0,1.0,1.0,pointworld,pointworld,0,0,0,0,0,0,0,0,0,0,0,0
RPL+cb4f6842+2023-11-30-18h-06m-45s,275,24013089,25047636,,1.0,1.0,1.0,pointworld,pointworld,0,0,0,0,0,0,0,0,0,0,0,0
RPL+cb4f6842+2023-11-30-18h-14m-40s,205,24013089,25047636,,1.0,1.0,1.0,pointworld,pointworld,0,0,0,0,0,0,23,0,23,43,0,43
RPL+cb4f6842+2023-11-30-18h-20m-14s,218,24013089,25047636,,1.0,1.0,1.0,pointworld,pointworld,0,0,0,0,0,0,0,0,0,20,20,0
RPL+cb4f6842+2023-11-30-18h-24m-36s,230,24013089,25047636,,1.0,1.0,1.0,pointworld,pointworld,0,0,0,0,0,0,0,0,0,0,0,0
RPL+cb4f6842+2023-11-30-19h-10m-50s,202,24013089,25047636,,1.0,1.0,1.0,pointworld,pointworld,0,0,0,0,0,0,0,0,0,0,0,0
RPL+cb4f6842+2023-11-30-19h-11m-26s,228,24013089,25047636,,1.0,1.0,1.0,pointworld,pointworld,0,0,0,0,0,0,0,0,0,0,0,0
RPL+cb4f6842+2023-11-30-19h-20m-03s,208,24013089,25047636,,1.0,1.0,1.0,pointworld,pointworld,0,0,0,0,0,0,0,0,0,0,0,0
RPL+cb4f6842+2023-11-30-19h-34m-42s,229,24013089,25047636,,1.0,1.0,1.0,pointworld,pointworld,0,0,0,0,0,0,0,0,0,0,0,0
RPL+cb4f6842+2023-11-30-20h-15m-20s,268,24013089,25047636,,1.0,1.0,1.0,pointworld,pointworld,0,0,0,26,23,26,37,33,37,45,45,43
RPL+cb4f6842+2023-11-30-20h-27m-22s,241,24013089,25047636,,1.0,1.0,1.0,pointworld,pointworld,0,0,0,0,0,0,8,0,8,14,7,14
RPL+cb4f6842+2023-11-30-20h-28m-45s,163,24013089,25047636,,1.0,1.0,1.0,pointworld,pointworld,0,0,0,0,0,0,0,0,0,0,0,0
RPL+cb4f6842+2023-11-30-20h-37m-25s,176,24013089,25047636,,1.0,1.0,1.0,pointworld,pointworld,0,0,0,0,0,0,0,0,0,0,0,0
RPL+cb4f6842+2023-11-30-20h-40m-13s,190,24013089,25047636,,1.0,1.0,1.0,pointworld,pointworld,0,0,0,0,0,0,0,0,0,10,0,10
RPL+cb4f6842+2023-11-30-20h-46m-04s,237,24013089,25047636,,1.0,1.0,1.0,pointworld,pointworld,0,0,0,0,0,0,0,0,0,23,0,23
TRI+22cb038f+2023-09-21-09h-27m-40s,210,20252535,25947356,,1.0,1.0,1.0,pointworld,pointworld,0,0,0,0,0,0,34,0,34,39,0,39
TRI+22cb038f+2023-09-21-09h-29m-20s,195,20252535,25947356,,1.0,1.0,0.9128205128205128,pointworld,pointworld,0,0,0,0,0,0,0,0,0,0,0,0
TRI+22cb038f+2023-09-21-09h-32m-19s,198,20252535,25947356,,1.0,1.0,0.9040404040404041,pointworld,pointworld,0,0,0,0,0,0,0,0,0,0,0,0
TRI+22cb038f+2023-09-21-10h-02m-36s,243,20252535,25947356,,1.0,1.0,1.0,pointworld,pointworld,0,0,0,0,0,0,15,15,0,23,23,0
TRI+22cb038f+2023-09-21-10h-15m-01s,200,20252535,25947356,,1.0,1.0,1.0,pointworld,pointworld,0,0,0,18,18,0,23,23,0,26,26,19
TRI+22cb038f+2023-09-21-10h-18m-55s,179,20252535,25947356,,1.0,1.0,1.0,pointworld,pointworld,0,0,0,0,0,0,27,27,0,32,32,0
TRI+22cb038f+2023-09-21-11h-26m-43s,208,20252535,25947356,,1.0,1.0,0.47596153846153844,pointworld,pointworld,0,0,0,0,0,0,0,0,0,22,22,0
TRI+22cb038f+2023-09-21-11h-27m-18s,292,20252535,25947356,,1.0,0.9814814814814815,0.821917808219178,pointworld,pointworld,0,0,0,0,0,0,40,0,40,-1,0,-1
TRI+22cb038f+2023-09-21-12h-25m-01s,322,20252535,25947356,,1.0,1.0,1.0,pointworld,pointworld,0,0,0,0,0,0,10,10,0,28,28,0
TRI+22cb038f+2023-09-21-12h-27m-45s,237,20252535,25947356,,1.0,1.0,1.0,pointworld,pointworld,0,0,0,0,0,0,0,0,0,0,0,0
TRI+22cb038f+2023-09-21-15h-08m-12s,175,20252535,25947356,,1.0,1.0,0.9622641509433962,pointworld,pointworld,12,12,0,16,16,0,21,21,13,34,34,17
TRI+22cb038f+2023-09-21-15h-14m-44s,164,20252535,25947356,,1.0,1.0,1.0,pointworld,pointworld,24,24,0,28,28,0,33,33,0,38,38,22
TRI+22cb038f+2023-09-21-16h-14m-17s,189,20252535,25947356,,1.0,1.0,1.0,pointworld,pointworld,36,36,0,41,41,0,49,49,0,74,74,20
TRI+22cb038f+2023-09-21-16h-15m-22s,277,20252535,25947356,,1.0,1.0,1.0,pointworld,pointworld,39,39,0,46,46,0,53,53,0,62,62,0
TRI+22cb038f+2023-09-21-16h-42m-10s,224,20252535,25947356,,1.0,1.0,1.0,pointworld,pointworld,0,0,0,11,11,0,20,20,0,26,26,0
TRI+22cb038f+2023-09-21-16h-43m-35s,165,20252535,25947356,,1.0,1.0,1.0,pointworld,pointworld,14,14,0,21,21,0,34,34,0,66,66,0
TRI+22cb038f+2023-09-21-16h-44m-32s,267,20252535,25947356,,1.0,1.0,1.0,pointworld,pointworld,0,0,0,0,0,0,0,0,0,17,17,0
TRI+22cb038f+2023-09-21-17h-46m-50s,168,20252535,25947356,,1.0,1.0,0.837037037037037,pointworld,pointworld,20,20,0,33,33,0,44,44,0,115,115,12
TRI+22cb038f+2023-09-21-18h-03m-00s,210,20252535,25947356,,1.0,1.0,1.0,pointworld,pointworld,13,13,0,18,18,0,26,26,0,38,38,0
TRI+22cb038f+2023-09-21-18h-04m-42s,232,20252535,25947356,,1.0,1.0,1.0,pointworld,pointworld,0,0,0,20,20,0,29,29,0,52,52,19
TRI+22cb038f+2023-09-21-18h-08m-06s,228,20252535,25947356,,1.0,1.0,1.0,pointworld,pointworld,18,18,0,24,24,0,29,29,0,41,41,0
TRI+22cb038f+2023-09-21-18h-08m-38s,172,20252535,25947356,,1.0,1.0,1.0,pointworld,pointworld,0,0,0,0,0,0,11,11,0,15,15,0
TRI+22cb038f+2023-09-25-08h-39m-44s,166,20252535,25947356,,1.0,1.0,1.0,pointworld,pointworld,23,23,0,33,33,0,40,40,0,68,68,12
TRI+22cb038f+2023-09-25-08h-52m-48s,182,20252535,25947356,,1.0,1.0,1.0,pointworld,pointworld,19,19,0,22,22,0,27,27,0,30,30,22
TRI+22cb038f+2023-09-25-08h-53m-19s,285,20252535,25947356,,1.0,1.0,1.0,pointworld,pointworld,0,0,0,0,0,0,0,0,0,72,72,0
TRI+22cb038f+2023-09-25-09h-28m-12s,161,20252535,25947356,,1.0,1.0,0.9586206896551724,pointworld,pointworld,0,0,0,16,16,0,24,24,0,60,60,0
TRI+22cb038f+2023-09-25-09h-31m-25s,234,20252535,25947356,,1.0,1.0,1.0,pointworld,pointworld,0,0,0,24,24,0,34,34,0,49,49,0
TRI+22cb038f+2023-09-25-09h-40m-12s,147,20252535,25947356,,1.0,1.0,1.0,pointworld,pointworld,0,0,0,0,0,0,0,0,0,14,14,0
TRI+22cb038f+2023-09-25-09h-55m-53s,140,20252535,25947356,,1.0,1.0,1.0,pointworld,pointworld,0,0,0,0,0,0,0,0,0,12,12,0
TRI+22cb038f+2023-09-25-10h-01m-19s,277,20252535,25947356,,1.0,1.0,1.0,pointworld,pointworld,13,13,0,45,45,0,72,72,0,80,80,0
TRI+22cb038f+2023-09-25-10h-33m-55s,171,20252535,25947356,,1.0,1.0,1.0,pointworld,pointworld,0,0,0,25,25,0,35,35,0,75,75,0
TRI+22cb038f+2023-09-25-11h-00m-59s,202,20252535,25947356,,1.0,1.0,1.0,pointworld,pointworld,24,24,0,30,30,13,37,37,19,61,61,23
TRI+30510ef3+2023-10-12-12h-13m-20s,791,28451778,28813166,,1.0,1.0,0.9367888748419722,pointworld,pointworld,0,0,0,0,0,0,0,0,0,0,0,0
TRI+30510ef3+2023-10-12-12h-15m-25s,414,28451778,28813166,,1.0,1.0,1.0,pointworld,pointworld,0,0,0,0,0,0,0,0,0,0,0,0
TRI+30510ef3+2023-10-12-12h-18m-22s,873,28451778,28813166,,1.0,1.0,0.7376861397479955,pointworld,pointworld,0,0,0,0,0,0,0,0,0,0,0,0
TRI+30510ef3+2023-10-12-16h-36m-54s,479,28451778,28813166,,1.0,1.0,1.0,pointworld,pointworld,0,0,0,0,0,0,0,0,0,0,0,0
TRI+30510ef3+2023-10-12-16h-40m-47s,178,28451778,28813166,,1.0,1.0,1.0,pointworld,pointworld,0,0,0,0,0,0,0,0,0,0,0,0
TRI+30510ef3+2023-10-12-16h-41m-09s,425,28451778,28813166,,1.0,1.0,0.8258823529411765,pointworld,pointworld,0,0,0,0,0,0,0,0,0,0,0,0
TRI+4b1a56cc+2023-09-05-16h-47m-08s,570,23404442,29838012,,1.0,1.0,0.9656652360515021,pointworld,pointworld,88,59,88,104,66,104,122,83,122,144,101,144
TRI+52ca9b6a+2023-10-16-10h-45m-34s,357,28451778,28813166,,1.0,1.0,1.0,pointworld,pointworld,0,0,0,0,0,0,0,0,0,0,0,0
TRI+52ca9b6a+2023-10-16-10h-59m-15s,718,29431508,29513368,,1.0,1.0,1.0,pointworld,pointworld,17,0,17,24,0,24,46,0,46,52,0,52
TRI+52ca9b6a+2023-10-16-11h-15m-04s,186,28451778,28813166,,1.0,1.0,1.0,pointworld,pointworld,0,0,0,0,0,0,0,0,0,0,0,0
TRI+52ca9b6a+2023-10-16-12h-00m-47s,476,28451778,28813166,,1.0,1.0,1.0,pointworld,pointworld,0,0,0,0,0,0,0,0,0,0,0,0
TRI+52ca9b6a+2023-10-16-12h-02m-03s,642,28451778,28813166,,1.0,1.0,1.0,pointworld,pointworld,0,0,0,0,0,0,0,0,0,14,14,0
TRI+52ca9b6a+2023-10-16-12h-03m-11s,247,28451778,28813166,,1.0,1.0,1.0,pointworld,pointworld,0,0,0,0,0,0,0,0,0,0,0,0
TRI+52ca9b6a+2023-10-16-12h-05m-38s,295,28451778,28813166,,1.0,1.0,1.0,pointworld,pointworld,0,0,0,0,0,0,0,0,0,0,0,0
TRI+52ca9b6a+2023-10-16-14h-27m-54s,242,28451778,28813166,,1.0,1.0,1.0,pointworld,pointworld,0,0,0,0,0,0,0,0,0,0,0,0
TRI+52ca9b6a+2023-10-16-14h-46m-39s,231,28451778,28813166,,1.0,1.0,1.0,pointworld,pointworld,0,0,0,0,0,0,0,0,0,0,0,0
TRI+52ca9b6a+2023-10-16-14h-48m-07s,299,28451778,28813166,,1.0,1.0,1.0,pointworld,pointworld,0,0,0,0,0,0,15,15,0,20,20,0
TRI+52ca9b6a+2023-10-16-14h-54m-50s,235,28451778,28813166,,1.0,1.0,1.0,pointworld,pointworld,0,0,0,0,0,0,0,0,0,0,0,0
TRI+52ca9b6a+2023-10-16-15h-11m-54s,244,28451778,28813166,,1.0,1.0,1.0,pointworld,pointworld,0,0,0,0,0,0,0,0,0,0,0,0
TRI+52ca9b6a+2023-10-16-15h-20m-22s,236,28451778,28813166,,1.0,1.0,1.0,pointworld,pointworld,0,0,0,0,0,0,25,25,0,33,33,0
TRI+52ca9b6a+2023-10-16-15h-33m-09s,346,28451778,28813166,,1.0,1.0,1.0,pointworld,pointworld,0,0,0,0,0,0,0,0,0,0,0,0
TRI+52ca9b6a+2023-10-16-16h-09m-32s,301,29431508,29513368,,1.0,0.9074074074074074,0.12292358803986711,pointworld,pointworld,0,0,0,0,0,0,0,0,0,-1,0,-1
TRI+52ca9b6a+2023-10-16-16h-15m-56s,348,29431508,29513368,,1.0,1.0,1.0,pointworld,pointworld,0,0,0,0,0,0,30,0,30,34,0,34
TRI+52ca9b6a+2023-10-16-16h-50m-34s,812,28451778,28813166,,1.0,1.0,1.0,pointworld,pointworld,0,0,0,0,0,0,0,0,0,0,0,0
TRI+52ca9b6a+2023-10-16-16h-53m-28s,239,29431508,29513368,,1.0,1.0,1.0,pointworld,pointworld,0,0,0,0,0,0,0,0,0,17,17,14
TRI+52ca9b6a+2023-10-16-16h-57m-03s,466,28451778,28813166,,1.0,1.0,1.0,pointworld,pointworld,0,0,0,0,0,0,0,0,0,0,0,0
TRI+52ca9b6a+2023-10-17-10h-08m-20s,547,29431508,29513368,,1.0,1.0,1.0,pointworld,pointworld,0,0,0,0,0,0,0,0,0,0,0,0
TRI+52ca9b6a+2023-10-17-10h-09m-10s,270,29431508,29513368,,1.0,1.0,1.0,pointworld,pointworld,0,0,0,0,0,0,0,0,0,0,0,0
TRI+52ca9b6a+2023-10-17-11h-19m-53s,213,28451778,28813166,,1.0,1.0,1.0,pointworld,pointworld,0,0,0,0,0,0,16,16,0,26,26,0
TRI+52ca9b6a+2023-10-17-13h-51m-19s,564,28451778,28813166,,1.0,1.0,0.274822695035461,pointworld,pointworld,0,0,0,0,0,0,0,0,0,0,0,0
TRI+52ca9b6a+2023-10-17-13h-59m-42s,466,28451778,28813166,,1.0,1.0,0.6416309012875536,pointworld,pointworld,0,0,0,0,0,0,0,0,0,378,11,0
TRI+52ca9b6a+2023-10-17-14h-10m-04s,190,29431508,29513368,,1.0,1.0,1.0,pointworld,pointworld,0,0,0,0,0,0,0,0,0,11,0,11
TRI+52ca9b6a+2023-10-17-14h-54m-51s,434,28451778,28813166,,1.0,1.0,1.0,pointworld,pointworld,0,0,0,0,0,0,0,0,0,42,42,0
TRI+52ca9b6a+2023-10-17-15h-31m-20s,211,28451778,28813166,,1.0,1.0,1.0,pointworld,pointworld,0,0,0,15,15,0,26,26,12,33,33,22
TRI+52ca9b6a+2023-10-17-15h-49m-35s,435,28451778,28813166,,1.0,1.0,0.9492753623188406,pointworld,pointworld,18,18,0,21,21,16,24,24,22,29,29,26
TRI+52ca9b6a+2023-10-17-16h-18m-16s,650,28451778,28813166,,1.0,1.0,0.24881889763779527,pointworld,pointworld,13,13,10,15,15,14,28,28,28,33,31,33
TRI+52ca9b6a+2023-10-17-16h-27m-22s,728,28451778,28813166,,1.0,1.0,0.9711538461538461,pointworld,pointworld,0,0,0,0,0,0,0,0,0,0,0,0
TRI+52ca9b6a+2023-10-17-16h-39m-39s,435,29431508,29513368,,1.0,1.0,1.0,pointworld,pointworld,0,0,0,0,0,0,47,0,47,73,43,73
TRI+52ca9b6a+2023-10-17-17h-44m-18s,233,28451778,28813166,,0.9629629629629629,1.0,0.6394849785407726,pointworld,pointworld,0,0,0,0,0,0,0,0,0,-1,-1,0
TRI+52ca9b6a+2023-10-17-18h-34m-15s,272,28451778,28813166,,1.0,1.0,1.0,pointworld,pointworld,0,0,0,0,0,0,0,0,0,14,14,0
TRI+52ca9b6a+2023-10-17-18h-37m-15s,268,28451778,28813166,,1.0,1.0,1.0,pointworld,pointworld,0,0,0,0,0,0,19,19,17,22,22,22
TRI+52ca9b6a+2023-10-17-18h-37m-44s,180,28451778,28813166,,1.0,1.0,1.0,pointworld,pointworld,20,20,0,22,22,0,24,24,19,26,26,22
TRI+52ca9b6a+2023-10-18-10h-53m-42s,324,28451778,28813166,,1.0,1.0,1.0,pointworld,pointworld,0,0,0,11,11,0,17,17,0,23,23,15
TRI+52ca9b6a+2023-10-18-11h-35m-49s,279,28451778,28813166,,1.0,1.0,1.0,pointworld,pointworld,0,0,0,0,0,0,0,0,0,0,0,0
TRI+52ca9b6a+2023-10-18-13h-17m-10s,372,28451778,28813166,,1.0,1.0,1.0,pointworld,pointworld,0,0,0,13,13,0,20,20,0,30,30,0
TRI+52ca9b6a+2023-10-18-13h-21m-51s,136,28451778,28813166,,1.0,1.0,0.47413793103448276,pointworld,pointworld,0,0,0,20,20,0,27,27,0,34,34,0
TRI+52ca9b6a+2023-10-18-13h-28m-19s,273,28451778,28813166,,1.0,1.0,1.0,pointworld,pointworld,0,0,0,0,0,0,0,0,0,0,0,0
TRI+52ca9b6a+2023-10-18-15h-51m-07s,346,28451778,28813166,,1.0,1.0,0.5294117647058824,pointworld,pointworld,0,0,0,142,142,0,144,144,0,148,148,0
TRI+52ca9b6a+2023-10-18-16h-04m-05s,689,29431508,29513368,,1.0,1.0,0.262699564586357,pointworld,pointworld,0,0,0,0,0,0,0,0,0,0,0,0
TRI+52ca9b6a+2023-10-18-16h-11m-27s,427,29431508,29513368,,1.0,1.0,0.5339578454332553,pointworld,pointworld,0,0,0,0,0,0,10,0,10,123,0,123
TRI+52ca9b6a+2023-10-18-16h-20m-14s,359,29431508,29513368,,1.0,1.0,0.1671309192200557,pointworld,pointworld,0,0,0,0,0,0,0,0,0,0,0,0
TRI+52ca9b6a+2023-10-18-16h-30m-05s,336,29431508,29513368,,1.0,1.0,0.13095238095238096,pointworld,pointworld,0,0,0,0,0,0,0,0,0,-1,22,0
TRI+52ca9b6a+2023-10-18-16h-31m-36s,261,29431508,29513368,,1.0,0.9629629629629629,0.16475095785440613,pointworld,pointworld,0,0,0,0,0,0,0,0,0,-1,25,-1
TRI+52ca9b6a+2023-10-18-16h-58m-15s,257,29431508,29513368,,1.0,1.0,1.0,pointworld,pointworld,0,0,0,0,0,0,22,22,0,30,30,0
TRI+52ca9b6a+2023-10-18-17h-05m-59s,228,29431508,29513368,,1.0,1.0,0.8245614035087719,pointworld,pointworld,0,0,0,0,0,0,0,0,0,0,0,0
TRI+52ca9b6a+2023-10-18-17h-21m-51s,694,29431508,29513368,,1.0,1.0,1.0,pointworld,pointworld,0,0,0,0,0,0,18,18,0,26,26,0
TRI+52ca9b6a+2023-10-18-18h-23m-12s,234,29431508,29513368,,1.0,1.0,1.0,pointworld,pointworld,0,0,0,0,0,0,0,0,0,0,0,0
TRI+52ca9b6a+2023-10-18-18h-24m-10s,172,29431508,29513368,,1.0,1.0,1.0,pointworld,pointworld,0,0,0,0,0,0,0,0,0,0,0,0
TRI+52ca9b6a+2023-10-18-18h-36m-11s,181,29431508,29513368,,1.0,1.0,1.0,pointworld,pointworld,0,0,0,0,0,0,0,0,0,0,0,0
TRI+52ca9b6a+2023-10-19-09h-58m-07s,400,29431508,29513368,,1.0,1.0,1.0,pointworld,pointworld,0,0,0,0,0,0,0,0,0,0,0,0
TRI+52ca9b6a+2023-10-19-10h-00m-12s,196,28451778,28813166,,1.0,1.0,1.0,pointworld,pointworld,0,0,0,0,0,0,0,0,0,0,0,0
TRI+52ca9b6a+2023-10-19-10h-10m-51s,190,29431508,29513368,,1.0,1.0,1.0,pointworld,pointworld,0,0,0,0,0,0,0,0,0,0,0,0
TRI+52ca9b6a+2023-10-19-10h-17m-50s,266,29431508,29513368,,1.0,1.0,1.0,pointworld,pointworld,0,0,0,0,0,0,0,0,0,0,0,0
TRI+52ca9b6a+2023-10-19-10h-39m-02s,214,29431508,29513368,,1.0,1.0,1.0,pointworld,pointworld,0,0,0,0,0,0,0,0,0,0,0,0
TRI+52ca9b6a+2023-10-19-11h-26m-21s,494,28451778,28813166,,1.0,1.0,0.9655870445344129,pointworld,pointworld,0,0,0,0,0,0,0,0,0,145,145,0
TRI+52ca9b6a+2023-10-19-11h-43m-11s,614,28451778,28813166,,1.0,1.0,1.0,pointworld,pointworld,0,0,0,0,0,0,13,13,0,17,17,0
TRI+52ca9b6a+2023-10-19-12h-32m-07s,320,28451778,28813166,,1.0,1.0,1.0,pointworld,pointworld,0,0,0,18,18,0,22,22,0,26,26,0
TRI+52ca9b6a+2023-10-19-14h-14m-24s,369,28451778,28813166,,1.0,1.0,1.0,pointworld,pointworld,0,0,0,0,0,0,0,0,0,0,0,0
TRI+52ca9b6a+2023-10-19-14h-25m-18s,409,28451778,28813166,,1.0,1.0,1.0,pointworld,pointworld,0,0,0,0,0,0,0,0,0,11,11,0
TRI+52ca9b6a+2023-10-19-14h-33m-09s,292,28451778,28813166,,1.0,1.0,1.0,pointworld,pointworld,0,0,0,0,0,0,45,45,0,49,49,0
TRI+52ca9b6a+2023-10-19-14h-36m-58s,239,28451778,28813166,,1.0,1.0,0.8786610878661087,pointworld,pointworld,0,0,0,0,0,0,0,0,0,0,0,0
TRI+52ca9b6a+2023-10-19-15h-36m-13s,271,28451778,28813166,,1.0,1.0,0.47601476014760147,pointworld,pointworld,0,0,0,0,0,0,0,0,0,13,13,0
TRI+52ca9b6a+2023-10-19-16h-41m-05s,169,28451778,28813166,,1.0,1.0,0.6923076923076923,pointworld,pointworld,0,0,0,0,0,0,0,0,0,0,0,0
TRI+52ca9b6a+2023-10-19-16h-50m-06s,404,28451778,28813166,,1.0,1.0,1.0,pointworld,pointworld,0,0,0,0,0,0,0,0,0,0,0,0
TRI+52ca9b6a+2023-10-19-17h-03m-53s,208,28451778,28813166,,1.0,1.0,1.0,pointworld,pointworld,0,0,0,0,0,0,0,0,0,0,0,0
TRI+52ca9b6a+2023-10-19-17h-05m-19s,370,28451778,28813166,,1.0,1.0,1.0,pointworld,pointworld,0,0,0,0,0,0,0,0,0,0,0,0
TRI+52ca9b6a+2023-10-19-17h-28m-35s,672,28451778,28813166,,1.0,1.0,1.0,pointworld,pointworld,0,0,0,0,0,0,0,0,0,13,13,0
TRI+52ca9b6a+2023-10-23-10h-22m-20s,423,28451778,28813166,,1.0,1.0,0.8676122931442081,pointworld,pointworld,0,0,0,0,0,0,0,0,0,0,0,0
TRI+52ca9b6a+2023-10-23-10h-57m-14s,268,28451778,28813166,,1.0,1.0,0.5111940298507462,pointworld,pointworld,0,0,0,0,0,0,0,0,0,0,0,0
TRI+52ca9b6a+2023-10-23-10h-57m-52s,454,28451778,28813166,,1.0,1.0,0.44273127753303965,pointworld,pointworld,0,0,0,0,0,0,0,0,0,14,0,14
TRI+52ca9b6a+2023-10-23-10h-58m-32s,399,28451778,28813166,,1.0,1.0,0.531328320802005,pointworld,pointworld,0,0,0,0,0,0,0,0,0,0,0,0
TRI+52ca9b6a+2023-10-23-11h-04m-18s,219,28451778,28813166,,1.0,1.0,1.0,pointworld,pointworld,0,0,0,0,0,0,0,0,0,0,0,0
TRI+52ca9b6a+2023-10-23-11h-08m-52s,405,28451778,28813166,,1.0,1.0,0.37037037037037035,pointworld,pointworld,0,0,0,0,0,0,0,0,0,0,0,0
TRI+52ca9b6a+2023-10-23-13h-19m-23s,345,28451778,28813166,,1.0,1.0,0.936231884057971,pointworld,pointworld,0,0,0,0,0,0,0,0,0,0,0,0
TRI+52ca9b6a+2023-10-23-13h-38m-07s,849,20252535,25947356,,1.0,1.0,1.0,pointworld,pointworld,0,0,0,0,0,0,0,0,0,0,0,0
TRI+52ca9b6a+2023-10-23-13h-45m-05s,289,28451778,28813166,,1.0,1.0,0.5467128027681661,pointworld,pointworld,0,0,0,0,0,0,0,0,0,0,0,0
TRI+52ca9b6a+2023-10-23-13h-51m-13s,286,20252535,25947356,,1.0,1.0,1.0,pointworld,pointworld,0,0,0,0,0,0,0,0,0,0,0,0
TRI+52ca9b6a+2023-10-23-13h-59m-31s,224,20252535,25947356,,1.0,1.0,1.0,pointworld,pointworld,0,0,0,0,0,0,0,0,0,0,0,0
TRI+52ca9b6a+2023-10-23-14h-02m-09s,700,20252535,25947356,,1.0,1.0,1.0,pointworld,pointworld,0,0,0,0,0,0,0,0,0,0,0,0
TRI+52ca9b6a+2023-10-23-14h-02m-23s,209,28451778,28813166,,1.0,1.0,0.8708133971291866,pointworld,pointworld,0,0,0,0,0,0,0,0,0,0,0,0
TRI+52ca9b6a+2023-10-23-14h-07m-03s,457,20252535,25947356,,1.0,1.0,0.6389496717724289,pointworld,pointworld,0,0,0,0,0,0,0,0,0,0,0,0
TRI+52ca9b6a+2023-10-23-14h-17m-21s,521,28451778,28813166,,1.0,1.0,1.0,pointworld,pointworld,0,0,0,0,0,0,0,0,0,0,0,0
TRI+52ca9b6a+2023-10-23-14h-22m-35s,475,28451778,28813166,,1.0,1.0,1.0,pointworld,pointworld,0,0,0,0,0,0,0,0,0,27,27,0
TRI+52ca9b6a+2023-10-23-14h-32m-23s,208,20252535,25947356,,1.0,1.0,1.0,pointworld,pointworld,0,0,0,0,0,0,0,0,0,0,0,0
TRI+52ca9b6a+2023-10-23-14h-33m-08s,215,20252535,25947356,,1.0,1.0,1.0,pointworld,pointworld,0,0,0,0,0,0,0,0,0,0,0,0
TRI+52ca9b6a+2023-10-23-14h-46m-52s,196,20252535,25947356,,1.0,1.0,1.0,pointworld,pointworld,0,0,0,0,0,0,0,0,0,0,0,0
TRI+52ca9b6a+2023-10-23-14h-53m-39s,496,28451778,28813166,,1.0,1.0,0.9616935483870968,pointworld,pointworld,0,0,0,0,0,0,0,0,0,62,0,62
TRI+52ca9b6a+2023-10-23-14h-54m-51s,193,28451778,28813166,,1.0,1.0,1.0,pointworld,pointworld,0,0,0,0,0,0,0,0,0,0,0,0
TRI+52ca9b6a+2023-10-23-15h-12m-45s,462,28451778,28813166,,1.0,1.0,0.49134199134199136,pointworld,pointworld,0,0,0,0,0,0,0,0,0,9,0,9
TRI+52ca9b6a+2023-10-23-15h-21m-30s,329,28451778,28813166,,1.0,0.9444444444444444,1.0,pointworld,pointworld,0,0,0,0,0,0,0,0,0,-1,0,-1
TRI+52ca9b6a+2023-10-23-15h-36m-25s,397,28451778,28813166,,1.0,1.0,1.0,pointworld,pointworld,0,0,0,0,0,0,0,0,0,19,0,19
TRI+52ca9b6a+2023-10-23-16h-01m-51s,1095,28451778,28813166,,1.0,1.0,1.0,pointworld,pointworld,0,0,0,0,0,0,0,0,0,0,0,0
TRI+52ca9b6a+2023-10-23-16h-03m-21s,593,28451778,28813166,,1.0,1.0,1.0,pointworld,pointworld,0,0,0,0,0,0,0,0,0,8,0,8
TRI+52ca9b6a+2023-10-23-16h-22m-09s,766,20252535,25947356,,1.0,1.0,1.0,pointworld,pointworld,0,0,0,0,0,0,0,0,0,0,0,0
TRI+52ca9b6a+2023-10-23-16h-25m-40s,321,28451778,28813166,,1.0,1.0,1.0,pointworld,pointworld,0,0,0,0,0,0,0,0,0,0,0,0
TRI+52ca9b6a+2023-10-23-16h-35m-41s,420,20252535,25947356,,1.0,1.0,1.0,pointworld,pointworld,0,0,0,0,0,0,0,0,0,0,0,0
TRI+52ca9b6a+2023-10-23-16h-43m-52s,327,28451778,28813166,,1.0,1.0,1.0,pointworld,pointworld,0,0,0,0,0,0,0,0,0,0,0,0
TRI+52ca9b6a+2023-10-23-16h-46m-46s,247,28451778,28813166,,1.0,1.0,1.0,pointworld,pointworld,0,0,0,0,0,0,0,0,0,0,0,0
TRI+52ca9b6a+2023-10-23-17h-44m-41s,314,20252535,25947356,,1.0,1.0,0.3980891719745223,pointworld,pointworld,0,0,0,0,0,0,0,0,0,0,0,0
TRI+52ca9b6a+2023-10-23-17h-49m-56s,337,28451778,28813166,,1.0,1.0,0.8100890207715133,pointworld,pointworld,0,0,0,0,0,0,0,0,0,0,0,0
TRI+52ca9b6a+2023-10-23-17h-50m-54s,463,20252535,25947356,,1.0,1.0,0.4017278617710583,pointworld,pointworld,0,0,0,0,0,0,0,0,0,0,0,0
TRI+52ca9b6a+2023-10-23-17h-51m-35s,499,28451778,28813166,,1.0,1.0,0.9438877755511023,pointworld,pointworld,0,0,0,0,0,0,0,0,0,0,0,0
TRI+52ca9b6a+2023-10-23-17h-53m-32s,189,28451778,28813166,,1.0,1.0,0.671957671957672,pointworld,pointworld,0,0,0,0,0,0,0,0,0,0,0,0
TRI+52ca9b6a+2023-10-23-17h-55m-18s,262,20252535,25947356,,1.0,1.0,0.7366412213740458,pointworld,pointworld,0,0,0,0,0,0,0,0,0,0,0,0
TRI+52ca9b6a+2023-10-23-18h-14m-54s,250,28451778,28813166,,1.0,1.0,1.0,pointworld,pointworld,0,0,0,0,0,0,17,0,17,28,0,28
TRI+52ca9b6a+2023-10-23-18h-22m-32s,851,20252535,25947356,,1.0,1.0,0.4206815511163337,pointworld,pointworld,0,0,0,0,0,0,0,0,0,69,0,69
TRI+52ca9b6a+2023-10-23-18h-24m-24s,351,28451778,28813166,,1.0,1.0,1.0,pointworld,pointworld,0,0,0,0,0,0,0,0,0,7,0,7
TRI+52ca9b6a+2023-10-24-10h-21m-45s,179,20252535,25947356,,1.0,1.0,0.2011173184357542,pointworld,pointworld,0,0,0,0,0,0,0,0,0,0,0,0
TRI+52ca9b6a+2023-10-24-10h-30m-34s,640,20252535,25947356,,1.0,1.0,0.9984375,pointworld,pointworld,0,0,0,0,0,0,0,0,0,0,0,0
TRI+52ca9b6a+2023-10-24-10h-31m-29s,289,20252535,25947356,,1.0,1.0,1.0,pointworld,pointworld,0,0,0,0,0,0,0,0,0,0,0,0
TRI+52ca9b6a+2023-10-24-10h-35m-46s,343,28451778,28813166,,1.0,1.0,1.0,pointworld,pointworld,0,0,0,0,0,0,0,0,0,0,0,0
TRI+52ca9b6a+2023-10-24-10h-41m-28s,246,20252535,25947356,,1.0,1.0,0.8455284552845529,pointworld,pointworld,0,0,0,0,0,0,0,0,0,0,0,0
TRI+52ca9b6a+2023-10-24-11h-30m-35s,227,20252535,25947356,,1.0,1.0,0.9030837004405287,pointworld,pointworld,0,0,0,0,0,0,0,0,0,21,21,0
TRI+52ca9b6a+2023-10-24-12h-06m-40s,681,28451778,28813166,,1.0,1.0,1.0,pointworld,pointworld,0,0,0,0,0,0,0,0,0,0,0,0
TRI+52ca9b6a+2023-10-24-12h-11m-18s,251,28451778,28813166,,1.0,1.0,1.0,pointworld,pointworld,0,0,0,0,0,0,0,0,0,25,0,25
TRI+52ca9b6a+2023-10-24-13h-22m-46s,149,28451778,28813166,,1.0,1.0,1.0,pointworld,pointworld,0,0,0,0,0,0,23,0,23,29,0,29
TRI+52ca9b6a+2023-10-24-13h-35m-47s,679,20252535,25947356,,1.0,1.0,1.0,pointworld,pointworld,0,0,0,0,0,0,0,0,0,17,17,0
TRI+52ca9b6a+2023-10-24-13h-50m-51s,1214,20252535,25947356,,1.0,1.0,1.0,pointworld,pointworld,0,0,0,0,0,0,18,18,0,27,27,0
TRI+52ca9b6a+2023-10-24-13h-54m-00s,450,28451778,28813166,,1.0,1.0,1.0,pointworld,pointworld,0,0,0,0,0,0,8,0,8,14,0,14
TRI+52ca9b6a+2023-10-24-14h-07m-06s,293,20252535,25947356,,1.0,1.0,1.0,pointworld,pointworld,0,0,0,0,0,0,0,0,0,50,50,0
TRI+52ca9b6a+2023-10-24-15h-07m-15s,209,28451778,28813166,,1.0,1.0,1.0,pointworld,pointworld,0,0,0,0,0,0,0,0,0,0,0,0
TRI+52ca9b6a+2023-10-24-15h-19m-14s,222,28451778,28813166,,1.0,1.0,0.3063063063063063,pointworld,pointworld,0,0,0,0,0,0,0,0,0,0,0,0
TRI+52ca9b6a+2023-10-24-15h-32m-30s,677,20252535,25947356,,1.0,1.0,0.8700147710487445,pointworld,pointworld,0,0,0,0,0,0,0,0,0,2,2,0
TRI+52ca9b6a+2023-10-24-15h-33m-31s,270,20252535,25947356,,1.0,1.0,0.11904761904761904,pointworld,pointworld,0,0,0,18,18,0,26,26,0,-1,44,0
TRI+52ca9b6a+2023-10-24-16h-05m-39s,326,28451778,28813166,,1.0,1.0,1.0,pointworld,pointworld,0,0,0,0,0,0,0,0,0,0,0,0
TRI+52ca9b6a+2023-10-24-17h-04m-58s,188,20252535,25947356,,1.0,1.0,0.6382978723404256,pointworld,pointworld,0,0,0,0,0,0,0,0,0,0,0,0
TRI+52ca9b6a+2023-10-24-17h-06m-18s,418,20252535,25947356,,0.9814814814814815,1.0,0.937799043062201,pointworld,pointworld,0,0,0,0,0,0,0,0,0,-1,-1,0
TRI+52ca9b6a+2023-10-24-17h-10m-33s,130,20252535,25947356,,0.9814814814814815,1.0,0.9099099099099099,pointworld,pointworld,12,12,0,19,19,0,52,52,0,-1,-1,0
TRI+52ca9b6a+2023-10-24-17h-13m-33s,188,20252535,25947356,,0.9074074074074074,1.0,0.8882978723404256,pointworld,pointworld,0,0,0,0,0,0,50,50,0,-1,-1,0
TRI+52ca9b6a+2023-10-24-17h-40m-31s,707,28451778,28813166,,1.0,1.0,1.0,pointworld,pointworld,0,0,0,0,0,0,0,0,0,0,0,0
TRI+52ca9b6a+2023-10-24-17h-41m-13s,756,20252535,25947356,,1.0,1.0,0.7795698924731183,pointworld,pointworld,0,0,0,12,12,0,19,19,0,24,24,24
TRI+52ca9b6a+2023-10-24-17h-51m-44s,442,20252535,25947356,,1.0,1.0,1.0,pointworld,pointworld,0,0,0,0,0,0,16,16,0,23,23,0
TRI+52ca9b6a+2023-10-24-17h-55m-34s,359,20252535,25947356,,1.0,1.0,0.9415041782729805,pointworld,pointworld,0,0,0,0,0,0,57,57,0,74,74,0
TRI+52ca9b6a+2023-10-24-18h-00m-02s,108,20252535,25947356,,1.0,1.0,1.0,pointworld,pointworld,0,0,0,0,0,0,15,15,0,21,21,0
TRI+52ca9b6a+2023-10-24-18h-04m-58s,193,28451778,28813166,,1.0,1.0,1.0,pointworld,pointworld,0,0,0,0,0,0,0,0,0,0,0,0
TRI+52ca9b6a+2023-10-24-18h-15m-17s,191,20252535,25947356,,1.0,1.0,1.0,pointworld,pointworld,0,0,0,25,0,25,36,22,36,42,32,42
TRI+52ca9b6a+2023-10-24-18h-27m-00s,127,20252535,25947356,,1.0,1.0,1.0,pointworld,pointworld,0,0,0,8,0,8,12,10,12,15,14,15
TRI+52ca9b6a+2023-10-25-09h-42m-03s,242,20252535,25947356,,1.0,1.0,1.0,pointworld,pointworld,0,0,0,0,0,0,2,0,2,15,0,15
TRI+52ca9b6a+2023-10-25-09h-44m-49s,199,20252535,25947356,,1.0,1.0,1.0,pointworld,pointworld,18,0,18,21,0,21,24,0,24,29,0,29
TRI+52ca9b6a+2023-10-25-10h-08m-44s,782,28451778,28813166,,1.0,1.0,0.6649616368286445,pointworld,pointworld,0,0,0,0,0,0,10,10,0,12,12,0
TRI+52ca9b6a+2023-10-25-10h-15m-56s,212,20252535,25947356,,1.0,1.0,1.0,pointworld,pointworld,13,0,13,19,0,19,27,0,27,32,0,32
TRI+52ca9b6a+2023-10-25-10h-21m-18s,276,28451778,28813166,,1.0,1.0,1.0,pointworld,pointworld,0,0,0,0,0,0,0,0,0,0,0,0
TRI+52ca9b6a+2023-10-25-10h-21m-56s,304,20252535,25947356,,1.0,1.0,1.0,pointworld,pointworld,0,0,0,0,0,0,19,0,19,26,0,26
TRI+52ca9b6a+2023-10-25-10h-23m-49s,684,28451778,28813166,,1.0,1.0,1.0,pointworld,pointworld,0,0,0,0,0,0,0,0,0,0,0,0
TRI+52ca9b6a+2023-10-25-11h-42m-49s,317,20252535,25947356,,1.0,1.0,1.0,pointworld,pointworld,0,0,0,20,0,20,37,18,37,41,27,41
TRI+52ca9b6a+2023-10-25-11h-44m-47s,787,28451778,28813166,,1.0,1.0,0.9923761118170267,pointworld,pointworld,0,0,0,0,0,0,0,0,0,13,13,0
TRI+52ca9b6a+2023-10-25-14h-17m-03s,472,20252535,25947356,,1.0,1.0,1.0,pointworld,pointworld,0,0,0,0,0,0,0,0,0,17,0,17
TRI+52ca9b6a+2023-10-25-14h-48m-15s,216,20252535,25947356,,1.0,1.0,1.0,pointworld,pointworld,0,0,0,0,0,0,7,0,7,16,0,16
TRI+52ca9b6a+2023-10-25-15h-20m-02s,114,20252535,25947356,,1.0,1.0,1.0,pointworld,pointworld,0,0,0,0,0,0,18,0,18,23,0,23
TRI+52ca9b6a+2023-10-25-15h-34m-57s,321,20252535,25947356,,1.0,1.0,0.9376947040498442,pointworld,pointworld,0,0,0,0,0,0,56,0,56,72,14,72
TRI+52ca9b6a+2023-10-25-15h-40m-08s,327,20252535,25947356,,1.0,1.0,1.0,pointworld,pointworld,0,0,0,0,0,0,18,0,18,28,24,28
TRI+52ca9b6a+2023-10-25-15h-41m-28s,418,20252535,25947356,,1.0,1.0,1.0,pointworld,pointworld,0,0,0,0,0,0,0,0,0,0,0,0
TRI+52ca9b6a+2023-10-25-16h-07m-29s,207,28451778,28813166,,1.0,1.0,1.0,pointworld,pointworld,0,0,0,0,0,0,0,0,0,0,0,0
TRI+52ca9b6a+2023-10-25-16h-07m-37s,584,20252535,25947356,,1.0,1.0,1.0,pointworld,pointworld,0,0,0,0,0,0,0,0,0,0,0,0
TRI+52ca9b6a+2023-10-25-16h-09m-59s,215,20252535,25947356,,1.0,1.0,1.0,pointworld,pointworld,0,0,0,14,0,14,22,0,22,31,12,31
TRI+52ca9b6a+2023-10-25-16h-18m-01s,184,20252535,25947356,,1.0,1.0,0.7445652173913043,pointworld,pointworld,0,0,0,0,0,0,24,0,24,31,20,31
TRI+52ca9b6a+2023-10-25-16h-27m-34s,725,28451778,28813166,,1.0,1.0,1.0,pointworld,pointworld,0,0,0,0,0,0,0,0,0,0,0,0
TRI+52ca9b6a+2023-10-25-16h-35m-12s,126,28451778,28813166,,1.0,1.0,1.0,pointworld,pointworld,0,0,0,0,0,0,0,0,0,0,0,0
TRI+52ca9b6a+2023-10-25-17h-09m-40s,314,20252535,25947356,,1.0,1.0,1.0,pointworld,pointworld,0,0,0,0,0,0,0,0,0,0,0,0
TRI+52ca9b6a+2023-10-25-17h-12m-00s,195,20252535,25947356,,1.0,1.0,0.8871794871794871,pointworld,pointworld,0,0,0,0,0,0,0,0,0,0,0,0
TRI+52ca9b6a+2023-10-25-17h-13m-52s,212,20252535,25947356,,1.0,1.0,1.0,pointworld,pointworld,0,0,0,0,0,0,0,0,0,28,0,28
TRI+52ca9b6a+2023-10-25-17h-27m-59s,270,20252535,25947356,,1.0,1.0,1.0,pointworld,pointworld,0,0,0,0,0,0,7,0,7,20,0,20
TRI+52ca9b6a+2023-10-25-17h-30m-53s,313,28451778,28813166,,1.0,1.0,1.0,pointworld,pointworld,0,0,0,0,0,0,0,0,0,0,0,0
TRI+52ca9b6a+2023-10-25-17h-31m-42s,615,20252535,25947356,,1.0,1.0,0.9235772357723577,pointworld,pointworld,0,0,0,0,0,0,0,0,0,0,0,0
TRI+52ca9b6a+2023-10-25-17h-34m-08s,297,20252535,25947356,,1.0,1.0,0.7373737373737373,pointworld,pointworld,0,0,0,0,0,0,0,0,0,12,12,0
TRI+52ca9b6a+2023-10-25-17h-38m-17s,311,20252535,25947356,,1.0,1.0,0.8102893890675241,pointworld,pointworld,0,0,0,0,0,0,0,0,0,10,0,10
TRI+52ca9b6a+2023-10-25-17h-40m-36s,196,28451778,28813166,,1.0,1.0,1.0,pointworld,pointworld,0,0,0,0,0,0,0,0,0,0,0,0
TRI+52ca9b6a+2023-10-26-11h-02m-15s,86,20252535,25947356,,1.0,1.0,1.0,pointworld,pointworld,0,0,0,0,0,0,0,0,0,0,0,0
TRI+52ca9b6a+2023-10-26-11h-34m-28s,471,20252535,25947356,,1.0,1.0,1.0,pointworld,pointworld,0,0,0,0,0,0,15,0,15,21,0,21
TRI+52ca9b6a+2023-10-26-11h-50m-58s,493,20252535,25947356,,1.0,1.0,1.0,pointworld,pointworld,0,0,0,0,0,0,0,0,0,35,0,35
TRI+52ca9b6a+2023-10-26-11h-58m-58s,280,28451778,28813166,,1.0,1.0,0.825,pointworld,pointworld,0,0,0,0,0,0,0,0,0,0,0,0
TRI+52ca9b6a+2023-10-26-12h-10m-58s,219,28451778,28813166,,1.0,1.0,1.0,pointworld,pointworld,0,0,0,0,0,0,0,0,0,0,0,0
TRI+52ca9b6a+2023-10-26-12h-12m-14s,430,28451778,28813166,,1.0,1.0,0.9837209302325581,pointworld,pointworld,0,0,0,0,0,0,0,0,0,0,0,0
TRI+52ca9b6a+2023-10-26-13h-34m-14s,308,28451778,28813166,,1.0,1.0,1.0,pointworld,pointworld,0,0,0,0,0,0,0,0,0,0,0,0
TRI+52ca9b6a+2023-10-26-13h-35m-32s,350,20252535,25947356,,1.0,1.0,1.0,pointworld,pointworld,0,0,0,0,0,0,0,0,0,0,0,0
TRI+52ca9b6a+2023-10-26-13h-41m-35s,302,28451778,28813166,,1.0,1.0,1.0,pointworld,pointworld,0,0,0,0,0,0,0,0,0,0,0,0
TRI+52ca9b6a+2023-10-26-13h-45m-54s,584,28451778,28813166,,1.0,1.0,0.9332191780821918,pointworld,pointworld,0,0,0,0,0,0,0,0,0,0,0,0
TRI+52ca9b6a+2023-10-26-13h-58m-12s,225,28451778,28813166,,1.0,1.0,0.8533333333333334,pointworld,pointworld,0,0,0,0,0,0,0,0,0,0,0,0
TRI+52ca9b6a+2023-10-26-14h-20m-08s,295,28451778,28813166,,1.0,1.0,0.9593220338983051,pointworld,pointworld,0,0,0,0,0,0,0,0,0,0,0,0
TRI+52ca9b6a+2023-10-26-14h-22m-45s,189,20252535,25947356,,1.0,1.0,1.0,pointworld,pointworld,0,0,0,0,0,0,0,0,0,0,0,0
TRI+52ca9b6a+2023-10-26-14h-30m-07s,427,28451778,28813166,,1.0,1.0,0.810304449648712,pointworld,pointworld,0,0,0,0,0,0,0,0,0,0,0,0
TRI+52ca9b6a+2023-10-26-14h-55m-11s,445,28451778,28813166,,1.0,1.0,1.0,pointworld,pointworld,0,0,0,0,0,0,0,0,0,0,0,0
TRI+52ca9b6a+2023-10-26-15h-02m-35s,449,28451778,28813166,,1.0,1.0,1.0,pointworld,pointworld,0,0,0,0,0,0,0,0,0,0,0,0
TRI+52ca9b6a+2023-10-26-15h-31m-47s,268,20252535,25947356,,1.0,1.0,0.7985074626865671,pointworld,pointworld,0,0,0,0,0,0,76,76,0,170,170,0
TRI+52ca9b6a+2023-10-30-15h-13m-06s,154,20252535,25947356,,1.0,1.0,1.0,pointworld,pointworld,0,0,0,0,0,0,27,27,0,29,29,0
TRI+52ca9b6a+2023-10-30-15h-19m-04s,490,28451778,28813166,,1.0,1.0,1.0,pointworld,pointworld,0,0,0,0,0,0,0,0,0,0,0,0
TRI+52ca9b6a+2023-10-30-16h-19m-51s,458,20252535,25947356,,1.0,1.0,1.0,pointworld,pointworld,23,23,0,38,38,0,43,43,0,49,49,0
TRI+52ca9b6a+2023-10-30-16h-21m-32s,365,28451778,28813166,,1.0,1.0,1.0,pointworld,pointworld,0,0,0,0,0,0,0,0,0,12,12,11
TRI+52ca9b6a+2023-10-30-16h-23m-35s,303,28451778,28813166,,1.0,1.0,1.0,pointworld,pointworld,0,0,0,0,0,0,0,0,0,0,0,0
TRI+52ca9b6a+2023-10-30-16h-24m-14s,181,28451778,28813166,,1.0,1.0,1.0,pointworld,pointworld,0,0,0,0,0,0,0,0,0,0,0,0
TRI+52ca9b6a+2023-10-30-16h-33m-01s,225,28451778,28813166,,1.0,1.0,1.0,pointworld,pointworld,0,0,0,0,0,0,0,0,0,8,0,8
TRI+52ca9b6a+2023-10-30-16h-34m-57s,1201,20252535,25947356,,1.0,1.0,1.0,pointworld,pointworld,14,14,0,17,17,0,22,22,0,38,38,0
TRI+52ca9b6a+2023-10-30-16h-38m-41s,301,28451778,28813166,,1.0,1.0,1.0,pointworld,pointworld,0,0,0,0,0,0,0,0,0,0,0,0
TRI+52ca9b6a+2023-10-30-16h-54m-29s,465,28451778,28813166,,1.0,1.0,1.0,pointworld,pointworld,0,0,0,0,0,0,0,0,0,0,0,0
TRI+52ca9b6a+2023-10-30-17h-13m-43s,380,20252535,25947356,,1.0,1.0,1.0,pointworld,pointworld,0,0,0,0,0,0,0,0,0,0,0,0
TRI+52ca9b6a+2023-10-30-17h-18m-48s,248,20252535,25947356,,1.0,1.0,1.0,pointworld,pointworld,0,0,0,0,0,0,0,0,0,0,0,0
TRI+52ca9b6a+2023-10-30-17h-22m-50s,350,20252535,25947356,,1.0,1.0,0.9285714285714286,pointworld,pointworld,0,0,0,0,0,0,0,0,0,18,0,18
TRI+52ca9b6a+2023-10-30-17h-35m-23s,174,20252535,25947356,,1.0,1.0,1.0,pointworld,pointworld,0,0,0,0,0,0,0,0,0,0,0,0
TRI+52ca9b6a+2023-10-31-13h-53m-49s,694,20252535,25947356,,1.0,1.0,0.9956772334293948,pointworld,pointworld,0,0,0,0,0,0,29,0,29,31,0,31
TRI+52ca9b6a+2023-10-31-13h-56m-41s,275,28451778,28813166,,1.0,1.0,1.0,pointworld,pointworld,0,0,0,0,0,0,0,0,0,0,0,0
TRI+52ca9b6a+2023-10-31-14h-11m-16s,232,20252535,25947356,,1.0,1.0,0.9741379310344828,pointworld,pointworld,0,0,0,0,0,0,0,0,0,15,0,15
TRI+52ca9b6a+2023-10-31-14h-20m-26s,1118,28451778,28813166,,1.0,1.0,1.0,pointworld,pointworld,0,0,0,0,0,0,0,0,0,0,0,0
TRI+52ca9b6a+2023-10-31-14h-53m-36s,561,20252535,25947356,,1.0,1.0,1.0,pointworld,pointworld,0,0,0,0,0,0,14,14,0,19,19,15
TRI+52ca9b6a+2023-10-31-14h-57m-32s,261,20252535,25947356,,1.0,1.0,1.0,pointworld,pointworld,0,0,0,0,0,0,26,26,0,30,30,27
TRI+52ca9b6a+2023-10-31-15h-17m-22s,376,20252535,25947356,,1.0,1.0,1.0,pointworld,pointworld,0,0,0,0,0,0,0,0,0,0,0,0
TRI+52ca9b6a+2023-10-31-15h-21m-40s,407,28451778,28813166,,1.0,1.0,0.9238845144356955,pointworld,pointworld,0,0,0,26,26,0,75,34,0,79,79,77
TRI+52ca9b6a+2023-10-31-15h-32m-01s,169,28451778,28813166,,1.0,1.0,1.0,pointworld,pointworld,0,0,0,0,0,0,0,0,0,13,13,0
TRI+52ca9b6a+2023-10-31-15h-35m-06s,160,28451778,28813166,,1.0,1.0,1.0,pointworld,pointworld,0,0,0,0,0,0,0,0,0,0,0,0
TRI+52ca9b6a+2023-10-31-15h-43m-37s,363,20252535,25947356,,1.0,1.0,1.0,pointworld,pointworld,0,0,0,0,0,0,0,0,0,0,0,0
TRI+52ca9b6a+2023-10-31-16h-05m-30s,715,20252535,25947356,,1.0,1.0,1.0,pointworld,pointworld,0,0,0,0,0,0,11,11,0,16,16,0
TRI+52ca9b6a+2023-10-31-16h-06m-48s,358,28451778,28813166,,1.0,1.0,1.0,pointworld,pointworld,0,0,0,0,0,0,0,0,0,0,0,0
TRI+52ca9b6a+2023-10-31-16h-26m-52s,536,28451778,28813166,,1.0,1.0,1.0,pointworld,pointworld,0,0,0,0,0,0,0,0,0,0,0,0
TRI+52ca9b6a+2023-10-31-16h-31m-52s,395,20252535,25947356,,1.0,1.0,1.0,pointworld,pointworld,0,0,0,0,0,0,0,0,0,0,0,0
TRI+52ca9b6a+2023-10-31-16h-41m-26s,534,20252535,25947356,,1.0,1.0,0.9737827715355806,pointworld,pointworld,0,0,0,0,0,0,20,0,20,37,23,37
TRI+52ca9b6a+2023-10-31-16h-58m-48s,347,20252535,25947356,,1.0,1.0,0.9884726224783862,pointworld,pointworld,0,0,0,0,0,0,0,0,0,0,0,0
TRI+52ca9b6a+2023-10-31-17h-10m-36s,267,20252535,25947356,,1.0,1.0,1.0,pointworld,pointworld,0,0,0,0,0,0,63,63,0,67,67,65
TRI+52ca9b6a+2023-10-31-17h-12m-55s,243,20252535,25947356,,1.0,1.0,1.0,pointworld,pointworld,0,0,0,0,0,0,0,0,0,0,0,0
TRI+52ca9b6a+2023-10-31-17h-13m-19s,446,20252535,25947356,,1.0,1.0,1.0,pointworld,pointworld,0,0,0,0,0,0,14,14,0,33,33,0
TRI+52ca9b6a+2023-10-31-17h-13m-34s,290,28451778,28813166,,1.0,1.0,1.0,pointworld,pointworld,32,0,32,69,28,69,76,31,76,80,71,80
TRI+52ca9b6a+2023-10-31-17h-15m-05s,662,28451778,28813166,,1.0,1.0,1.0,pointworld,pointworld,0,0,0,0,0,0,26,0,26,53,44,53
TRI+52ca9b6a+2023-10-31-17h-20m-07s,239,20252535,25947356,,1.0,1.0,1.0,pointworld,pointworld,0,0,0,0,0,0,0,0,0,0,0,0
TRI+52ca9b6a+2023-10-31-17h-32m-53s,517,20252535,25947356,,1.0,1.0,1.0,pointworld,pointworld,0,0,0,0,0,0,22,22,0,30,30,0
TRI+52ca9b6a+2023-11-01-09h-50m-05s,260,28451778,28813166,,1.0,1.0,1.0,pointworld,pointworld,17,0,17,26,0,26,37,26,37,40,36,40
TRI+52ca9b6a+2023-11-01-09h-51m-57s,254,20252535,25947356,,1.0,1.0,1.0,pointworld,pointworld,0,0,0,0,0,0,0,0,0,10,10,0
TRI+52ca9b6a+2023-11-01-10h-07m-49s,768,20252535,25947356,,1.0,1.0,1.0,pointworld,pointworld,0,0,0,0,0,0,0,0,0,0,0,0
TRI+52ca9b6a+2023-11-01-10h-09m-14s,607,20252535,25947356,,1.0,1.0,1.0,pointworld,pointworld,0,0,0,0,0,0,11,11,0,16,16,14
TRI+52ca9b6a+2023-11-01-10h-33m-43s,250,28451778,28813166,,1.0,1.0,0.3,pointworld,pointworld,0,0,0,0,0,0,17,0,17,20,14,20
TRI+52ca9b6a+2023-11-01-11h-04m-08s,283,20252535,25947356,,1.0,1.0,0.9363957597173145,pointworld,pointworld,0,0,0,0,0,0,0,0,0,0,0,0
TRI+52ca9b6a+2023-11-01-11h-12m-52s,454,20252535,25947356,,1.0,1.0,1.0,pointworld,pointworld,0,0,0,0,0,0,0,0,0,26,25,26
TRI+52ca9b6a+2023-11-01-11h-15m-22s,123,28451778,28813166,,0.6666666666666666,1.0,0.4,pointworld,pointworld,0,0,0,103,103,0,-1,-1,60,-1,-1,100
TRI+52ca9b6a+2023-11-01-11h-16m-51s,527,28451778,28813166,,1.0,1.0,0.9885844748858448,pointworld,pointworld,16,16,0,89,89,88,92,92,91,98,96,98
TRI+52ca9b6a+2023-11-01-11h-27m-49s,416,20252535,25947356,,1.0,1.0,0.5144230769230769,pointworld,pointworld,0,0,0,0,0,0,0,0,0,0,0,0
TRI+52ca9b6a+2023-11-01-13h-51m-43s,282,28451778,28813166,,1.0,1.0,1.0,pointworld,pointworld,0,0,0,0,0,0,0,0,0,40,40,0
TRI+52ca9b6a+2023-11-01-14h-14m-21s,157,20252535,25947356,,1.0,1.0,0.5668789808917197,pointworld,pointworld,0,0,0,0,0,0,140,140,0,145,145,0
TRI+52ca9b6a+2023-11-01-14h-16m-24s,588,28451778,28813166,,1.0,1.0,1.0,pointworld,pointworld,0,0,0,49,49,0,53,53,0,65,65,64
TRI+52ca9b6a+2023-11-01-14h-17m-05s,192,20252535,25947356,,1.0,1.0,0.921875,pointworld,pointworld,0,0,0,0,0,0,0,0,0,0,0,0
TRI+52ca9b6a+2023-11-01-14h-47m-47s,292,29431508,29513368,,1.0,1.0,1.0,pointworld,pointworld,0,0,0,0,0,0,0,0,0,0,0,0
TRI+52ca9b6a+2023-11-01-15h-02m-36s,578,28451778,28813166,,1.0,1.0,1.0,pointworld,pointworld,0,0,0,0,0,0,10,10,9,14,14,14
TRI+52ca9b6a+2023-11-01-15h-06m-35s,607,28451778,28813166,,1.0,1.0,1.0,pointworld,pointworld,0,0,0,0,0,0,16,16,0,20,20,17
TRI+52ca9b6a+2023-11-01-15h-24m-05s,1069,28451778,28813166,,1.0,1.0,1.0,pointworld,pointworld,0,0,0,0,0,0,0,0,0,0,0,0
TRI+52ca9b6a+2023-11-01-15h-57m-06s,570,20252535,25947356,,1.0,1.0,0.9508771929824561,pointworld,pointworld,0,0,0,0,0,0,0,0,0,0,0,0
TRI+52ca9b6a+2023-11-01-16h-22m-11s,325,20252535,25947356,,1.0,1.0,1.0,pointworld,pointworld,0,0,0,0,0,0,0,0,0,32,32,0
TRI+52ca9b6a+2023-11-01-16h-53m-17s,220,20252535,25947356,,1.0,1.0,0.2818181818181818,pointworld,pointworld,0,0,0,0,0,0,0,0,0,0,0,0
TRI+52ca9b6a+2023-11-01-17h-01m-51s,116,20252535,25947356,,1.0,1.0,1.0,pointworld,pointworld,0,0,0,0,0,0,0,0,0,22,22,0
TRI+52ca9b6a+2023-11-01-17h-24m-38s,133,28451778,28813166,,1.0,1.0,1.0,pointworld,pointworld,0,0,0,0,0,0,0,0,0,13,13,0
TRI+52ca9b6a+2023-11-02-10h-16m-13s,187,28451778,28813166,,1.0,1.0,0.8770053475935828,pointworld,pointworld,0,0,0,0,0,0,15,14,15,18,18,18
TRI+52ca9b6a+2023-11-02-11h-04m-38s,284,20252535,25947356,,1.0,1.0,0.426056338028169,pointworld,pointworld,0,0,0,0,0,0,0,0,0,0,0,0
TRI+52ca9b6a+2023-11-02-11h-08m-26s,479,28451778,28813166,,1.0,1.0,1.0,pointworld,pointworld,0,0,0,0,0,0,0,0,0,13,13,0
TRI+52ca9b6a+2023-11-02-11h-30m-33s,721,20252535,25947356,,1.0,1.0,1.0,pointworld,pointworld,0,0,0,0,0,0,0,0,0,0,0,0
TRI+52ca9b6a+2023-11-02-11h-58m-11s,557,29431508,29513368,,1.0,1.0,1.0,pointworld,pointworld,0,0,0,0,0,0,0,0,0,0,0,0
TRI+52ca9b6a+2023-11-02-11h-59m-39s,663,29431508,29513368,,1.0,1.0,0.6530920060331825,pointworld,pointworld,0,0,0,0,0,0,0,0,0,0,0,0
TRI+52ca9b6a+2023-11-02-12h-08m-16s,292,20252535,25947356,,1.0,1.0,0.6301369863013698,pointworld,pointworld,0,0,0,0,0,0,0,0,0,0,0,0
TRI+52ca9b6a+2023-11-02-12h-18m-31s,434,20252535,25947356,,1.0,1.0,1.0,pointworld,pointworld,0,0,0,0,0,0,0,0,0,0,0,0
TRI+52ca9b6a+2023-11-02-13h-20m-47s,149,20252535,25947356,,1.0,1.0,1.0,pointworld,pointworld,0,0,0,0,0,0,0,0,0,11,11,0
TRI+52ca9b6a+2023-11-02-13h-31m-15s,744,28451778,28813166,,1.0,1.0,1.0,pointworld,pointworld,13,13,0,16,16,0,21,20,21,41,41,25
TRI+52ca9b6a+2023-11-02-13h-43m-23s,379,20252535,25947356,,1.0,1.0,0.5989445910290238,pointworld,pointworld,0,0,0,0,0,0,0,0,0,0,0,0
TRI+52ca9b6a+2023-11-02-13h-49m-58s,416,20252535,25947356,,1.0,1.0,1.0,pointworld,pointworld,0,0,0,0,0,0,16,16,0,20,20,0
TRI+52ca9b6a+2023-11-02-14h-11m-01s,767,28451778,28813166,,1.0,1.0,1.0,pointworld,pointworld,0,0,0,30,0,30,36,0,36,67,67,42
TRI+52ca9b6a+2023-11-02-14h-29m-20s,522,28451778,28813166,,1.0,1.0,1.0,pointworld,pointworld,16,0,16,23,0,23,29,0,29,34,15,34
TRI+52ca9b6a+2023-11-02-14h-35m-04s,675,28451778,28813166,,1.0,1.0,1.0,pointworld,pointworld,18,18,0,22,22,19,42,42,25,51,51,29
TRI+52ca9b6a+2023-11-02-14h-39m-17s,355,20252535,25947356,,1.0,1.0,0.8366197183098592,pointworld,pointworld,0,0,0,0,0,0,0,0,0,109,109,0
TRI+52ca9b6a+2023-11-02-14h-42m-58s,401,28451778,28813166,,1.0,1.0,1.0,pointworld,pointworld,12,0,12,15,12,15,18,18,18,45,45,21
TRI+52ca9b6a+2023-11-02-15h-09m-47s,665,20252535,25947356,,1.0,1.0,0.8977443609022556,pointworld,pointworld,0,0,0,0,0,0,0,0,0,64,64,0
TRI+52ca9b6a+2023-11-02-15h-18m-04s,278,20252535,25947356,,1.0,1.0,0.5179856115107914,pointworld,pointworld,0,0,0,0,0,0,0,0,0,0,0,0
TRI+52ca9b6a+2023-11-02-15h-27m-44s,235,28451778,28813166,,1.0,1.0,1.0,pointworld,pointworld,0,0,0,0,0,0,0,0,0,22,0,22
TRI+52ca9b6a+2023-11-02-15h-41m-49s,718,20252535,25947356,,1.0,1.0,1.0,pointworld,pointworld,0,0,0,0,0,0,0,0,0,0,0,0
TRI+52ca9b6a+2023-11-02-15h-41m-57s,292,28451778,28813166,,1.0,1.0,0.8321917808219178,pointworld,pointworld,0,0,0,0,0,0,0,0,0,9,0,9
TRI+52ca9b6a+2023-11-02-15h-42m-30s,169,28451778,28813166,,1.0,1.0,0.6818181818181818,pointworld,pointworld,0,0,0,15,13,15,17,16,17,20,18,20
TRI+52ca9b6a+2023-11-02-15h-45m-25s,232,28451778,28813166,,1.0,1.0,0.9495412844036697,pointworld,pointworld,11,10,11,14,13,14,17,16,17,22,20,22
TRI+52ca9b6a+2023-11-02-15h-47m-25s,173,20252535,25947356,,1.0,1.0,1.0,pointworld,pointworld,0,0,0,0,0,0,0,0,0,41,41,0
TRI+52ca9b6a+2023-11-02-15h-49m-00s,292,28451778,28813166,,1.0,1.0,0.45018450184501846,pointworld,pointworld,18,0,18,21,15,21,24,23,24,27,26,27
TRI+52ca9b6a+2023-11-02-16h-18m-56s,416,28451778,28813166,,1.0,1.0,0.43509615384615385,pointworld,pointworld,0,0,0,0,0,0,13,0,13,18,0,18
TRI+52ca9b6a+2023-11-02-16h-32m-55s,165,20252535,25947356,,1.0,1.0,1.0,pointworld,pointworld,0,0,0,0,0,0,0,0,0,0,0,0
TRI+52ca9b6a+2023-11-02-16h-37m-25s,398,28451778,28813166,,1.0,1.0,0.7094240837696335,pointworld,pointworld,0,0,0,16,0,16,20,0,20,38,0,38
TRI+52ca9b6a+2023-11-02-16h-39m-49s,263,28451778,28813166,,1.0,1.0,1.0,pointworld,pointworld,0,0,0,182,0,182,184,0,184,186,0,186
TRI+52ca9b6a+2023-11-02-16h-47m-11s,371,20252535,25947356,,1.0,1.0,1.0,pointworld,pointworld,0,0,0,0,0,0,0,0,0,0,0,0
TRI+52ca9b6a+2023-11-02-17h-24m-25s,328,28451778,28813166,,1.0,1.0,1.0,pointworld,pointworld,10,0,10,13,0,13,35,0,35,38,0,38
TRI+52ca9b6a+2023-11-02-17h-28m-51s,239,20252535,25947356,,1.0,1.0,1.0,pointworld,pointworld,0,0,0,0,0,0,0,0,0,11,11,0
TRI+52ca9b6a+2023-11-02-17h-32m-00s,597,28451778,28813166,,1.0,1.0,0.7453936348408711,pointworld,pointworld,0,0,0,0,0,0,30,0,30,34,0,34
TRI+52ca9b6a+2023-11-02-17h-33m-25s,251,28451778,28813166,,1.0,1.0,0.5099601593625498,pointworld,pointworld,0,0,0,0,0,0,199,0,199,200,0,200
TRI+52ca9b6a+2023-11-02-17h-36m-36s,149,20252535,25947356,,1.0,1.0,1.0,pointworld,pointworld,0,0,0,0,0,0,0,0,0,0,0,0
TRI+52ca9b6a+2023-11-02-17h-42m-47s,424,20252535,25947356,,1.0,1.0,1.0,pointworld,pointworld,0,0,0,0,0,0,0,0,0,0,0,0
TRI+52ca9b6a+2023-11-06-10h-24m-15s,374,28451778,28813166,,1.0,1.0,0.9598930481283422,pointworld,pointworld,0,0,0,0,0,0,18,18,0,67,67,58
TRI+52ca9b6a+2023-11-06-10h-30m-46s,572,28451778,28813166,,1.0,1.0,0.9982517482517482,pointworld,pointworld,0,0,0,0,0,0,22,22,0,30,30,24
TRI+52ca9b6a+2023-11-06-10h-52m-05s,820,20252535,25947356,,1.0,1.0,1.0,pointworld,pointworld,0,0,0,0,0,0,0,0,0,0,0,0
TRI+52ca9b6a+2023-11-06-11h-38m-59s,258,20252535,25947356,,1.0,1.0,1.0,pointworld,pointworld,0,0,0,0,0,0,0,0,0,15,0,15
TRI+52ca9b6a+2023-11-06-13h-16m-21s,213,20252535,25947356,,1.0,1.0,1.0,pointworld,pointworld,0,0,0,0,0,0,0,0,0,0,0,0
TRI+52ca9b6a+2023-11-06-13h-19m-53s,228,20252535,25947356,,1.0,1.0,1.0,pointworld,pointworld,0,0,0,0,0,0,0,0,0,34,0,34
TRI+52ca9b6a+2023-11-06-13h-57m-18s,181,20252535,25947356,,1.0,1.0,1.0,pointworld,pointworld,0,0,0,0,0,0,0,0,0,0,0,0
TRI+52ca9b6a+2023-11-06-13h-58m-12s,229,28451778,28813166,,1.0,1.0,0.6330275229357798,pointworld,pointworld,9,0,9,11,0,11,14,0,14,18,0,18
TRI+52ca9b6a+2023-11-06-14h-42m-32s,401,20252535,25947356,,1.0,1.0,1.0,pointworld,pointworld,0,0,0,0,0,0,28,0,28,57,22,57
TRI+52ca9b6a+2023-11-06-14h-44m-51s,356,20252535,25947356,,1.0,1.0,1.0,pointworld,pointworld,0,0,0,0,0,0,0,0,0,22,0,22
TRI+52ca9b6a+2023-11-06-15h-02m-44s,803,20252535,25947356,,1.0,1.0,1.0,pointworld,pointworld,0,0,0,0,0,0,0,0,0,0,0,0
TRI+52ca9b6a+2023-11-06-15h-14m-57s,292,20252535,25947356,,1.0,1.0,1.0,pointworld,pointworld,0,0,0,0,0,0,0,0,0,14,0,14
TRI+52ca9b6a+2023-11-06-15h-42m-53s,146,28451778,28813166,,1.0,1.0,0.4461538461538462,pointworld,pointworld,12,0,12,16,0,16,21,0,21,36,0,36
TRI+52ca9b6a+2023-11-06-15h-45m-19s,494,28451778,28813166,,1.0,1.0,0.9285714285714286,pointworld,pointworld,40,0,40,46,0,46,77,0,77,110,0,110
TRI+52ca9b6a+2023-11-06-15h-52m-52s,200,20252535,25947356,,1.0,1.0,1.0,pointworld,pointworld,0,0,0,0,0,0,0,0,0,0,0,0
TRI+52ca9b6a+2023-11-06-16h-07m-54s,268,28451778,28813166,,1.0,1.0,0.990521327014218,pointworld,pointworld,0,0,0,57,0,57,60,0,60,62,0,62
TRI+52ca9b6a+2023-11-06-16h-11m-53s,283,28451778,28813166,,1.0,1.0,1.0,pointworld,pointworld,15,0,15,29,0,29,32,0,32,41,0,41
TRI+52ca9b6a+2023-11-06-16h-21m-31s,387,28451778,28813166,,1.0,1.0,0.9460431654676259,pointworld,pointworld,0,0,0,109,0,109,165,0,165,174,0,174
TRI+52ca9b6a+2023-11-06-16h-30m-24s,210,20252535,25947356,,1.0,1.0,1.0,pointworld,pointworld,0,0,0,0,0,0,0,0,0,0,0,0
TRI+52ca9b6a+2023-11-06-16h-31m-43s,287,20252535,25947356,,1.0,1.0,1.0,pointworld,pointworld,0,0,0,0,0,0,0,0,0,0,0,0
TRI+52ca9b6a+2023-11-06-16h-33m-48s,505,20252535,25947356,,1.0,1.0,0.998019801980198,pointworld,pointworld,0,0,0,0,0,0,0,0,0,8,0,8
TRI+52ca9b6a+2023-11-06-17h-03m-19s,177,20252535,25947356,,1.0,1.0,0.2937853107344633,pointworld,pointworld,0,0,0,0,0,0,0,0,0,0,0,0
TRI+52ca9b6a+2023-11-06-17h-14m-08s,345,28451778,28813166,,1.0,1.0,1.0,pointworld,pointworld,23,0,23,30,0,30,52,0,52,62,0,62
TRI+52ca9b6a+2023-11-06-17h-33m-18s,181,20252535,25947356,,1.0,1.0,1.0,pointworld,pointworld,0,0,0,0,0,0,0,0,0,0,0,0
TRI+52ca9b6a+2023-11-07-09h-49m-11s,60,20252535,25947356,,1.0,1.0,0.38333333333333336,pointworld,pointworld,0,0,0,0,0,0,0,0,0,0,0,0
TRI+52ca9b6a+2023-11-07-13h-16m-33s,418,28451778,28813166,,1.0,1.0,1.0,pointworld,pointworld,0,0,0,0,0,0,0,0,0,0,0,0
TRI+52ca9b6a+2023-11-07-13h-27m-26s,147,28451778,28813166,,1.0,1.0,1.0,pointworld,pointworld,0,0,0,0,0,0,0,0,0,0,0,0
TRI+52ca9b6a+2023-11-07-13h-41m-43s,160,20252535,25947356,,1.0,1.0,1.0,pointworld,pointworld,0,0,0,0,0,0,0,0,0,0,0,0
TRI+52ca9b6a+2023-11-07-13h-44m-01s,160,20252535,25947356,,1.0,1.0,1.0,pointworld,pointworld,0,0,0,0,0,0,0,0,0,0,0,0
TRI+52ca9b6a+2023-11-07-13h-44m-24s,185,20252535,25947356,,1.0,1.0,1.0,pointworld,pointworld,0,0,0,0,0,0,0,0,0,0,0,0
TRI+52ca9b6a+2023-11-07-14h-16m-39s,390,20252535,25947356,,1.0,1.0,1.0,pointworld,pointworld,0,0,0,0,0,0,0,0,0,0,0,0
TRI+52ca9b6a+2023-11-07-14h-22m-47s,330,20252535,25947356,,1.0,1.0,1.0,pointworld,pointworld,0,0,0,0,0,0,0,0,0,0,0,0
TRI+52ca9b6a+2023-11-07-14h-25m-56s,476,20252535,25947356,,1.0,1.0,1.0,pointworld,pointworld,0,0,0,0,0,0,0,0,0,0,0,0
TRI+52ca9b6a+2023-11-07-14h-29m-08s,493,28451778,28813166,,1.0,1.0,0.9066937119675457,raw_fallback,raw_fallback,0,0,0,0,0,0,0,0,0,0,0,0
TRI+52ca9b6a+2023-11-07-14h-40m-05s,477,28451778,28813166,,1.0,1.0,0.8867924528301887,pointworld,pointworld,0,0,0,0,0,0,0,0,0,0,0,0
TRI+52ca9b6a+2023-11-07-14h-40m-29s,322,20252535,25947356,,1.0,1.0,1.0,pointworld,pointworld,0,0,0,0,0,0,0,0,0,0,0,0
TRI+52ca9b6a+2023-11-07-14h-42m-14s,284,28451778,28813166,,1.0,1.0,0.24295774647887325,pointworld,pointworld,0,0,0,0,0,0,0,0,0,0,0,0
TRI+52ca9b6a+2023-11-07-14h-45m-51s,235,28451778,28813166,,1.0,1.0,1.0,pointworld,pointworld,0,0,0,0,0,0,0,0,0,0,0,0
TRI+52ca9b6a+2023-11-07-14h-57m-27s,349,28451778,28813166,,1.0,1.0,0.5329512893982808,pointworld,pointworld,0,0,0,0,0,0,0,0,0,0,0,0
TRI+52ca9b6a+2023-11-07-15h-09m-28s,423,28451778,28813166,,1.0,1.0,1.0,pointworld,pointworld,0,0,0,0,0,0,0,0,0,0,0,0
TRI+52ca9b6a+2023-11-07-15h-12m-47s,181,28451778,28813166,,1.0,1.0,1.0,pointworld,pointworld,0,0,0,0,0,0,0,0,0,0,0,0
TRI+52ca9b6a+2023-11-07-15h-35m-01s,282,20252535,25947356,,1.0,1.0,1.0,pointworld,pointworld,0,0,0,0,0,0,0,0,0,0,0,0
TRI+52ca9b6a+2023-11-07-15h-36m-03s,457,28451778,28813166,,1.0,1.0,1.0,pointworld,pointworld,0,0,0,0,0,0,0,0,0,0,0,0
TRI+52ca9b6a+2023-11-07-15h-40m-50s,128,20252535,25947356,,1.0,1.0,1.0,pointworld,pointworld,0,0,0,0,0,0,0,0,0,0,0,0
TRI+52ca9b6a+2023-11-07-15h-41m-09s,222,20252535,25947356,,1.0,1.0,1.0,pointworld,pointworld,0,0,0,0,0,0,0,0,0,0,0,0
TRI+52ca9b6a+2023-11-07-15h-43m-08s,492,20252535,25947356,,1.0,1.0,1.0,pointworld,pointworld,0,0,0,0,0,0,0,0,0,0,0,0
TRI+52ca9b6a+2023-11-07-15h-43m-35s,175,28451778,28813166,,1.0,1.0,1.0,pointworld,pointworld,0,0,0,0,0,0,0,0,0,0,0,0
TRI+52ca9b6a+2023-11-07-15h-45m-38s,154,20252535,25947356,,1.0,1.0,1.0,pointworld,pointworld,0,0,0,0,0,0,0,0,0,0,0,0
TRI+52ca9b6a+2023-11-07-15h-57m-06s,506,28451778,28813166,,1.0,1.0,1.0,pointworld,pointworld,0,0,0,0,0,0,0,0,0,0,0,0
TRI+52ca9b6a+2023-11-07-16h-07m-05s,387,28451778,28813166,,1.0,1.0,1.0,pointworld,pointworld,0,0,0,0,0,0,0,0,0,0,0,0
TRI+52ca9b6a+2023-11-07-16h-17m-02s,400,20252535,25947356,,1.0,1.0,1.0,pointworld,pointworld,0,0,0,0,0,0,0,0,0,0,0,0
TRI+52ca9b6a+2023-11-07-16h-18m-39s,107,20252535,25947356,,1.0,1.0,1.0,pointworld,pointworld,0,0,0,0,0,0,0,0,0,0,0,0
TRI+52ca9b6a+2023-11-07-16h-25m-18s,368,28451778,28813166,,1.0,1.0,1.0,pointworld,pointworld,0,0,0,0,0,0,0,0,0,0,0,0
TRI+52ca9b6a+2023-11-07-16h-39m-55s,497,20252535,25947356,,1.0,1.0,1.0,pointworld,pointworld,0,0,0,0,0,0,0,0,0,0,0,0
TRI+52ca9b6a+2023-11-07-16h-53m-41s,388,20252535,25947356,,1.0,1.0,0.9690721649484536,pointworld,pointworld,0,0,0,0,0,0,0,0,0,0,0,0
TRI+52ca9b6a+2023-11-07-16h-55m-18s,565,20252535,25947356,,1.0,1.0,1.0,pointworld,pointworld,0,0,0,0,0,0,0,0,0,0,0,0
TRI+52ca9b6a+2023-11-07-17h-02m-11s,210,28451778,28813166,,1.0,1.0,0.7142857142857143,pointworld,pointworld,0,0,0,0,0,0,0,0,0,0,0,0
TRI+52ca9b6a+2023-11-07-17h-12m-59s,322,20252535,25947356,,1.0,1.0,1.0,pointworld,pointworld,0,0,0,0,0,0,0,0,0,0,0,0
TRI+52ca9b6a+2023-11-07-17h-13m-33s,217,20252535,25947356,,1.0,1.0,0.7603686635944701,pointworld,pointworld,0,0,0,0,0,0,0,0,0,0,0,0
TRI+52ca9b6a+2023-11-07-17h-18m-27s,222,20252535,25947356,,1.0,1.0,1.0,pointworld,pointworld,0,0,0,0,0,0,0,0,0,0,0,0
TRI+52ca9b6a+2023-11-07-17h-21m-31s,152,28451778,28813166,,1.0,0.8888888888888888,0.1118421052631579,pointworld,pointworld,0,0,0,0,0,0,0,0,0,-1,0,-1
TRI+52ca9b6a+2023-11-07-17h-37m-02s,231,28451778,28813166,,1.0,1.0,0.8388625592417062,pointworld,pointworld,15,0,15,20,0,20,24,0,24,29,0,29
TRI+52ca9b6a+2023-11-07-17h-49m-12s,201,28451778,28813166,,1.0,1.0,0.890625,pointworld,pointworld,134,0,134,137,0,137,141,0,141,144,0,144
TRI+52ca9b6a+2023-11-08-10h-08m-31s,601,20252535,25947356,,1.0,1.0,1.0,pointworld,pointworld,0,0,0,0,0,0,0,0,0,12,0,12
TRI+52ca9b6a+2023-11-08-10h-16m-30s,789,20252535,25947356,,1.0,1.0,1.0,pointworld,pointworld,0,0,0,0,0,0,0,0,0,0,0,0
TRI+52ca9b6a+2023-11-08-10h-37m-56s,305,20252535,25947356,,1.0,1.0,1.0,pointworld,pointworld,0,0,0,0,0,0,0,0,0,0,0,0
TRI+52ca9b6a+2023-11-08-10h-45m-00s,614,20252535,25947356,,1.0,1.0,1.0,pointworld,pointworld,0,0,0,0,0,0,0,0,0,10,0,10
TRI+52ca9b6a+2023-11-08-11h-01m-50s,294,20252535,25947356,,1.0,1.0,1.0,pointworld,pointworld,0,0,0,0,0,0,0,0,0,0,0,0
TRI+52ca9b6a+2023-11-08-11h-06m-07s,329,20252535,25947356,,1.0,1.0,0.7126865671641791,pointworld,pointworld,25,25,0,61,61,0,121,121,0,-1,132,0
TRI+52ca9b6a+2023-11-08-12h-16m-28s,651,20252535,25947356,,1.0,1.0,1.0,pointworld,pointworld,0,0,0,0,0,0,0,0,0,0,0,0
TRI+52ca9b6a+2023-11-08-12h-45m-58s,145,20252535,25947356,,1.0,1.0,1.0,pointworld,pointworld,0,0,0,0,0,0,0,0,0,0,0,0
TRI+52ca9b6a+2023-11-08-14h-21m-27s,508,20252535,25947356,,1.0,1.0,0.13582677165354332,pointworld,pointworld,0,0,0,0,0,0,0,0,0,0,0,0
TRI+52ca9b6a+2023-11-08-15h-14m-44s,210,20252535,25947356,,1.0,1.0,0.6333333333333333,pointworld,pointworld,0,0,0,0,0,0,0,0,0,0,0,0
TRI+52ca9b6a+2023-11-08-15h-20m-46s,283,20252535,25947356,,1.0,1.0,0.7773851590106007,pointworld,pointworld,0,0,0,0,0,0,0,0,0,0,0,0
TRI+52ca9b6a+2023-11-08-15h-22m-10s,167,20252535,25947356,,1.0,1.0,1.0,pointworld,pointworld,0,0,0,0,0,0,0,0,0,0,0,0
TRI+52ca9b6a+2023-11-08-16h-08m-16s,209,20252535,25947356,,1.0,1.0,1.0,pointworld,pointworld,0,0,0,0,0,0,0,0,0,0,0,0
TRI+52ca9b6a+2023-11-08-16h-46m-27s,712,20252535,25947356,,1.0,1.0,1.0,pointworld,pointworld,0,0,0,0,0,0,0,0,0,0,0,0
TRI+52ca9b6a+2023-11-08-16h-54m-30s,160,20252535,25947356,,1.0,1.0,0.55625,pointworld,pointworld,0,0,0,0,0,0,0,0,0,0,0,0
TRI+52ca9b6a+2023-11-08-17h-06m-58s,315,20252535,25947356,,1.0,1.0,0.42857142857142855,pointworld,pointworld,0,0,0,0,0,0,0,0,0,0,0,0
TRI+52ca9b6a+2023-11-08-17h-09m-42s,256,20252535,25947356,,1.0,1.0,1.0,pointworld,pointworld,0,0,0,0,0,0,0,0,0,0,0,0
TRI+52ca9b6a+2023-11-08-17h-12m-07s,496,20252535,25947356,,1.0,1.0,0.7963709677419355,pointworld,pointworld,0,0,0,0,0,0,0,0,0,0,0,0
TRI+52ca9b6a+2023-11-08-17h-13m-11s,174,20252535,25947356,,1.0,1.0,1.0,pointworld,pointworld,0,0,0,0,0,0,0,0,0,0,0,0
TRI+52ca9b6a+2023-11-08-17h-18m-37s,200,28451778,28813166,,1.0,1.0,0.785,pointworld,pointworld,0,0,0,0,0,0,0,0,0,0,0,0
TRI+52ca9b6a+2023-11-08-17h-20m-14s,283,28451778,28813166,,1.0,1.0,0.33568904593639576,pointworld,pointworld,0,0,0,0,0,0,0,0,0,10,10,0
TRI+52ca9b6a+2023-11-08-17h-37m-38s,202,28451778,28813166,,1.0,1.0,0.7524752475247525,pointworld,pointworld,0,0,0,0,0,0,0,0,0,0,0,0
TRI+52ca9b6a+2023-11-08-17h-44m-25s,194,20252535,25947356,,1.0,1.0,1.0,pointworld,pointworld,0,0,0,0,0,0,0,0,0,0,0,0
TRI+52ca9b6a+2023-11-08-17h-45m-29s,235,20252535,25947356,,1.0,1.0,1.0,pointworld,pointworld,0,0,0,0,0,0,0,0,0,0,0,0
TRI+52ca9b6a+2023-11-09-10h-00m-10s,384,20252535,25947356,,1.0,1.0,1.0,pointworld,pointworld,0,0,0,0,0,0,0,0,0,0,0,0
TRI+52ca9b6a+2023-11-09-10h-05m-06s,302,20252535,25947356,,1.0,1.0,1.0,pointworld,pointworld,0,0,0,0,0,0,0,0,0,0,0,0
TRI+52ca9b6a+2023-11-09-10h-53m-54s,398,20252535,25947356,,1.0,1.0,1.0,pointworld,pointworld,0,0,0,0,0,0,0,0,0,0,0,0
TRI+52ca9b6a+2023-11-09-10h-54m-56s,167,20252535,25947356,,1.0,1.0,1.0,pointworld,pointworld,0,0,0,0,0,0,0,0,0,0,0,0
TRI+52ca9b6a+2023-11-09-11h-08m-22s,482,20252535,25947356,,1.0,1.0,1.0,pointworld,pointworld,0,0,0,0,0,0,0,0,0,0,0,0
TRI+52ca9b6a+2023-11-09-11h-18m-31s,575,20252535,25947356,,1.0,1.0,1.0,pointworld,pointworld,0,0,0,0,0,0,0,0,0,0,0,0
TRI+52ca9b6a+2023-11-09-11h-37m-03s,276,20252535,25947356,,1.0,1.0,0.572463768115942,pointworld,pointworld,0,0,0,0,0,0,0,0,0,0,0,0
TRI+52ca9b6a+2023-11-09-11h-45m-11s,216,20252535,25947356,,1.0,1.0,0.8379629629629629,pointworld,pointworld,0,0,0,0,0,0,0,0,0,0,0,0
TRI+52ca9b6a+2023-11-09-12h-00m-56s,212,20252535,25947356,,1.0,1.0,1.0,pointworld,pointworld,0,0,0,0,0,0,0,0,0,0,0,0
TRI+52ca9b6a+2023-11-09-12h-15m-51s,262,20252535,25947356,,1.0,1.0,1.0,pointworld,pointworld,0,0,0,0,0,0,0,0,0,0,0,0
TRI+52ca9b6a+2023-11-09-12h-41m-18s,212,20252535,25947356,,1.0,1.0,1.0,pointworld,pointworld,0,0,0,0,0,0,0,0,0,0,0,0
TRI+52ca9b6a+2023-11-09-13h-45m-04s,201,20252535,25947356,,1.0,1.0,1.0,pointworld,pointworld,0,0,0,0,0,0,0,0,0,0,0,0
TRI+52ca9b6a+2023-11-09-13h-46m-44s,180,20252535,25947356,,1.0,1.0,1.0,pointworld,pointworld,0,0,0,0,0,0,0,0,0,0,0,0
TRI+52ca9b6a+2023-11-09-13h-51m-06s,281,28451778,28813166,,1.0,1.0,1.0,pointworld,pointworld,0,0,0,0,0,0,10,0,10,23,7,23
TRI+52ca9b6a+2023-11-09-14h-02m-02s,113,20252535,25947356,,1.0,1.0,1.0,pointworld,pointworld,0,0,0,0,0,0,0,0,0,0,0,0
TRI+52ca9b6a+2023-11-09-14h-19m-47s,663,20252535,25947356,,1.0,1.0,0.9562594268476622,pointworld,pointworld,0,0,0,0,0,0,0,0,0,0,0,0
TRI+52ca9b6a+2023-11-09-14h-22m-38s,680,20252535,25947356,,1.0,1.0,0.3176470588235294,pointworld,pointworld,0,0,0,0,0,0,0,0,0,17,17,0
TRI+52ca9b6a+2023-11-09-14h-38m-57s,141,20252535,25947356,,1.0,1.0,1.0,pointworld,pointworld,0,0,0,0,0,0,0,0,0,0,0,0
TRI+52ca9b6a+2023-11-09-14h-45m-04s,140,20252535,25947356,,1.0,1.0,1.0,pointworld,pointworld,0,0,0,0,0,0,0,0,0,0,0,0
TRI+52ca9b6a+2023-11-09-14h-48m-24s,390,28451778,28813166,,1.0,1.0,1.0,pointworld,pointworld,0,0,0,0,0,0,0,0,0,0,0,0
TRI+52ca9b6a+2023-11-09-14h-53m-23s,357,20252535,25947356,,1.0,1.0,1.0,pointworld,pointworld,0,0,0,0,0,0,0,0,0,0,0,0
TRI+52ca9b6a+2023-11-09-15h-04m-39s,138,28451778,28813166,,1.0,1.0,0.21739130434782608,pointworld,pointworld,0,0,0,0,0,0,0,0,0,0,0,0
TRI+52ca9b6a+2023-11-09-15h-14m-16s,148,20252535,25947356,,1.0,1.0,1.0,pointworld,pointworld,0,0,0,0,0,0,0,0,0,0,0,0
TRI+52ca9b6a+2023-11-09-15h-17m-10s,188,20252535,25947356,,1.0,1.0,1.0,pointworld,pointworld,0,0,0,0,0,0,0,0,0,0,0,0
TRI+52ca9b6a+2023-11-09-15h-21m-24s,242,20252535,25947356,,1.0,1.0,1.0,pointworld,pointworld,0,0,0,0,0,0,0,0,0,0,0,0
TRI+52ca9b6a+2023-11-09-15h-23m-32s,220,20252535,25947356,,1.0,1.0,1.0,pointworld,pointworld,0,0,0,0,0,0,0,0,0,0,0,0
TRI+52ca9b6a+2023-11-09-15h-46m-02s,188,20252535,25947356,,1.0,1.0,1.0,pointworld,pointworld,0,0,0,0,0,0,0,0,0,0,0,0
TRI+52ca9b6a+2023-11-09-15h-53m-09s,179,28451778,28813166,,1.0,1.0,1.0,pointworld,pointworld,0,0,0,0,0,0,0,0,0,0,0,0
TRI+52ca9b6a+2023-11-09-15h-54m-29s,306,28451778,28813166,,1.0,1.0,1.0,pointworld,pointworld,0,0,0,0,0,0,0,0,0,0,0,0
TRI+52ca9b6a+2023-11-09-15h-55m-03s,323,28451778,28813166,,1.0,1.0,0.7956656346749226,pointworld,pointworld,0,0,0,0,0,0,0,0,0,19,19,13
TRI+52ca9b6a+2023-11-09-16h-00m-31s,130,28451778,28813166,,1.0,1.0,1.0,pointworld,pointworld,0,0,0,0,0,0,0,0,0,0,0,0
TRI+52ca9b6a+2023-11-09-16h-01m-21s,307,28451778,28813166,,1.0,1.0,1.0,pointworld,pointworld,0,0,0,0,0,0,0,0,0,0,0,0
TRI+52ca9b6a+2023-11-13-10h-23m-59s,439,20252535,25947356,,1.0,1.0,1.0,pointworld,pointworld,0,0,0,0,0,0,0,0,0,0,0,0
TRI+52ca9b6a+2023-11-13-13h-44m-00s,442,20252535,25947356,,1.0,1.0,1.0,pointworld,pointworld,0,0,0,0,0,0,58,58,0,64,64,0
TRI+52ca9b6a+2023-11-13-13h-57m-55s,285,20252535,25947356,,1.0,1.0,1.0,pointworld,pointworld,0,0,0,0,0,0,0,0,0,50,50,0
TRI+52ca9b6a+2023-11-13-14h-00m-07s,336,20252535,25947356,,1.0,1.0,0.9880952380952381,pointworld,pointworld,0,0,0,0,0,0,0,0,0,26,26,0
TRI+52ca9b6a+2023-11-13-14h-07m-17s,235,20252535,25947356,,1.0,1.0,0.9270833333333334,pointworld,pointworld,40,40,0,43,43,0,50,50,0,54,54,0
TRI+52ca9b6a+2023-11-13-14h-18m-27s,550,20252535,25947356,,1.0,1.0,1.0,pointworld,pointworld,0,0,0,0,0,0,31,31,0,84,84,0
TRI+52ca9b6a+2023-11-13-14h-52m-10s,196,20252535,25947356,,1.0,1.0,0.5513513513513514,pointworld,pointworld,0,0,0,11,11,0,13,13,0,-1,84,0
TRI+52ca9b6a+2023-11-13-14h-59m-52s,352,20252535,25947356,,1.0,1.0,1.0,pointworld,pointworld,64,64,0,66,66,0,77,77,0,81,81,0
TRI+52ca9b6a+2023-11-13-15h-51m-51s,215,20252535,25947356,,1.0,1.0,0.9627906976744186,pointworld,pointworld,0,0,0,0,0,0,0,0,0,13,13,0
TRI+52ca9b6a+2023-11-13-16h-02m-20s,476,20252535,25947356,,1.0,0.8888888888888888,0.07142857142857142,pointworld,pointworld,0,0,0,0,0,0,0,0,0,-1,0,-1
TRI+52ca9b6a+2023-11-13-16h-03m-53s,190,20252535,25947356,,1.0,0.7777777777777778,0.03529411764705882,pointworld,pointworld,9,9,0,20,20,0,-1,50,0,-1,59,-1
TRI+52ca9b6a+2023-11-13-16h-04m-30s,510,20252535,25947356,,1.0,0.7777777777777778,0.056862745098039215,pointworld,pointworld,0,0,0,0,0,0,490,0,490,-1,82,-1
TRI+52ca9b6a+2023-11-13-16h-19m-10s,112,20252535,25947356,,1.0,1.0,1.0,pointworld,pointworld,0,0,0,0,0,0,0,0,0,0,0,0
TRI+52ca9b6a+2023-11-13-16h-20m-02s,165,20252535,25947356,,1.0,1.0,1.0,pointworld,pointworld,0,0,0,0,0,0,0,0,0,14,0,14
TRI+52ca9b6a+2023-11-13-17h-11m-23s,216,20252535,25947356,,1.0,1.0,0.8703703703703703,pointworld,pointworld,0,0,0,0,0,0,20,0,20,37,0,37
TRI+52ca9b6a+2023-11-13-17h-13m-54s,204,20252535,25947356,,1.0,1.0,1.0,pointworld,pointworld,0,0,0,0,0,0,0,0,0,18,18,0
TRI+52ca9b6a+2023-11-13-17h-22m-34s,370,20252535,25947356,,1.0,1.0,1.0,pointworld,pointworld,0,0,0,0,0,0,0,0,0,0,0,0
TRI+52ca9b6a+2023-11-14-09h-57m-29s,417,20252535,25947356,,1.0,1.0,1.0,pointworld,pointworld,0,0,0,0,0,0,0,0,0,125,125,0
TRI+52ca9b6a+2023-11-14-10h-00m-11s,195,20252535,25947356,,1.0,1.0,1.0,pointworld,pointworld,0,0,0,0,0,0,12,0,12,20,20,15
TRI+52ca9b6a+2023-11-14-10h-06m-03s,346,20252535,25947356,,1.0,1.0,1.0,pointworld,pointworld,0,0,0,0,0,0,0,0,0,19,19,15
TRI+52ca9b6a+2023-11-14-10h-10m-01s,439,20252535,25947356,,1.0,1.0,1.0,pointworld,pointworld,0,0,0,0,0,0,11,0,11,19,14,19
TRI+52ca9b6a+2023-11-14-10h-37m-12s,459,20252535,25947356,,1.0,1.0,1.0,pointworld,pointworld,0,0,0,0,0,0,0,0,0,0,0,0
TRI+52ca9b6a+2023-11-14-10h-40m-45s,140,20252535,25947356,,1.0,1.0,0.9857142857142858,pointworld,pointworld,0,0,0,0,0,0,0,0,0,10,0,10
TRI+52ca9b6a+2023-11-14-10h-44m-07s,176,20252535,25947356,,1.0,1.0,1.0,pointworld,pointworld,0,0,0,13,0,13,18,0,18,20,11,20
TRI+52ca9b6a+2023-11-14-10h-44m-59s,255,20252535,25947356,,1.0,1.0,1.0,pointworld,pointworld,0,0,0,0,0,0,22,0,22,30,0,30
TRI+52ca9b6a+2023-11-14-11h-03m-46s,137,20252535,25947356,,1.0,1.0,1.0,pointworld,pointworld,0,0,0,0,0,0,0,0,0,0,0,0
TRI+52ca9b6a+2023-11-14-11h-14m-08s,257,20252535,25947356,,1.0,1.0,1.0,pointworld,pointworld,0,0,0,0,0,0,0,0,0,0,0,0
TRI+52ca9b6a+2023-11-14-11h-14m-41s,356,20252535,25947356,,1.0,1.0,1.0,pointworld,pointworld,0,0,0,0,0,0,0,0,0,8,0,8
TRI+52ca9b6a+2023-11-14-11h-45m-17s,215,20252535,25947356,,1.0,1.0,1.0,pointworld,pointworld,0,0,0,0,0,0,0,0,0,0,0,0
TRI+52ca9b6a+2023-11-14-12h-01m-00s,187,20252535,25947356,,1.0,1.0,0.31016042780748665,pointworld,pointworld,0,0,0,0,0,0,0,0,0,0,0,0
TRI+52ca9b6a+2023-11-14-13h-28m-07s,218,20252535,25947356,,1.0,1.0,0.9311926605504587,pointworld,pointworld,0,0,0,0,0,0,0,0,0,0,0,0
TRI+52ca9b6a+2023-11-14-13h-30m-20s,372,20252535,25947356,,1.0,1.0,1.0,pointworld,pointworld,0,0,0,0,0,0,0,0,0,0,0,0
TRI+52ca9b6a+2023-11-14-13h-33m-31s,521,20252535,25947356,,1.0,1.0,1.0,pointworld,pointworld,0,0,0,0,0,0,0,0,0,0,0,0
TRI+52ca9b6a+2023-11-14-13h-46m-55s,286,28451778,28813166,,1.0,1.0,1.0,pointworld,pointworld,0,0,0,0,0,0,0,0,0,0,0,0
TRI+52ca9b6a+2023-11-14-13h-59m-52s,129,28451778,28813166,,1.0,1.0,1.0,pointworld,pointworld,0,0,0,0,0,0,0,0,0,0,0,0
TRI+52ca9b6a+2023-11-14-14h-11m-11s,150,20252535,25947356,,1.0,1.0,1.0,pointworld,pointworld,0,0,0,0,0,0,0,0,0,0,0,0
TRI+52ca9b6a+2023-11-14-14h-32m-15s,206,20252535,25947356,,1.0,1.0,1.0,pointworld,pointworld,0,0,0,0,0,0,0,0,0,0,0,0
TRI+52ca9b6a+2023-11-14-14h-46m-43s,367,20252535,25947356,,1.0,1.0,1.0,pointworld,pointworld,0,0,0,0,0,0,0,0,0,0,0,0
TRI+52ca9b6a+2023-11-14-15h-07m-06s,54,20252535,25947356,,1.0,1.0,1.0,pointworld,pointworld,0,0,0,0,0,0,0,0,0,0,0,0
TRI+52ca9b6a+2023-11-14-15h-35m-13s,214,20252535,25947356,,1.0,1.0,1.0,pointworld,pointworld,0,0,0,0,0,0,0,0,0,0,0,0
TRI+52ca9b6a+2023-11-14-15h-41m-22s,162,20252535,25947356,,1.0,1.0,1.0,pointworld,pointworld,0,0,0,0,0,0,0,0,0,0,0,0
TRI+52ca9b6a+2023-11-14-15h-50m-22s,203,28451778,28813166,,1.0,1.0,1.0,pointworld,pointworld,0,0,0,0,0,0,0,0,0,0,0,0
TRI+52ca9b6a+2023-11-14-15h-52m-42s,308,20252535,25947356,,1.0,1.0,1.0,pointworld,pointworld,0,0,0,0,0,0,0,0,0,0,0,0
TRI+52ca9b6a+2023-11-14-16h-07m-02s,276,28451778,28813166,,1.0,1.0,1.0,pointworld,pointworld,0,0,0,0,0,0,0,0,0,0,0,0
TRI+52ca9b6a+2023-11-15-10h-12m-42s,167,20252535,25947356,,1.0,1.0,1.0,pointworld,pointworld,0,0,0,0,0,0,16,16,0,20,20,0
TRI+52ca9b6a+2023-11-15-10h-22m-19s,298,20252535,25947356,,1.0,1.0,1.0,pointworld,pointworld,0,0,0,0,0,0,0,0,0,0,0,0
TRI+52ca9b6a+2023-11-15-10h-57m-40s,402,20252535,25947356,,1.0,1.0,0.5,pointworld,pointworld,0,0,0,0,0,0,0,0,0,0,0,0
TRI+52ca9b6a+2023-11-15-11h-26m-03s,194,20252535,25947356,,1.0,1.0,1.0,pointworld,pointworld,20,20,0,29,29,0,38,38,0,44,44,18
TRI+52ca9b6a+2023-11-15-11h-56m-18s,199,20252535,25947356,,1.0,1.0,0.8090452261306532,pointworld,pointworld,0,0,0,0,0,0,75,75,0,89,89,0
TRI+52ca9b6a+2023-11-15-11h-57m-37s,161,20252535,25947356,,1.0,1.0,1.0,pointworld,pointworld,27,27,0,42,42,0,45,45,0,51,51,25
TRI+52ca9b6a+2023-11-15-13h-24m-36s,235,20252535,25947356,,1.0,1.0,1.0,pointworld,pointworld,0,0,0,0,0,0,0,0,0,0,0,0
TRI+52ca9b6a+2023-11-15-13h-43m-22s,328,20252535,25947356,,1.0,1.0,1.0,pointworld,pointworld,0,0,0,0,0,0,0,0,0,0,0,0
TRI+52ca9b6a+2023-11-15-13h-59m-07s,413,20252535,25947356,,1.0,1.0,1.0,pointworld,pointworld,0,0,0,0,0,0,22,0,22,121,15,121
TRI+52ca9b6a+2023-11-15-14h-46m-07s,119,20252535,25947356,,1.0,1.0,0.6386554621848739,pointworld,pointworld,0,0,0,0,0,0,0,0,0,0,0,0
TRI+52ca9b6a+2023-11-15-14h-54m-55s,227,20252535,25947356,,1.0,1.0,1.0,pointworld,pointworld,0,0,0,0,0,0,0,0,0,22,0,22
TRI+52ca9b6a+2023-11-15-14h-57m-24s,160,20252535,25947356,,1.0,1.0,1.0,pointworld,pointworld,0,0,0,0,0,0,0,0,0,0,0,0
TRI+52ca9b6a+2023-11-15-15h-35m-02s,293,20252535,25947356,,1.0,1.0,1.0,pointworld,pointworld,0,0,0,0,0,0,0,0,0,0,0,0
TRI+52ca9b6a+2023-11-15-16h-06m-45s,539,20252535,25947356,,1.0,1.0,1.0,pointworld,pointworld,0,0,0,0,0,0,0,0,0,0,0,0
TRI+52ca9b6a+2023-11-15-17h-07m-58s,364,20252535,25947356,,1.0,1.0,0.7884615384615384,pointworld,pointworld,0,0,0,0,0,0,0,0,0,0,0,0
TRI+52ca9b6a+2023-11-15-17h-13m-26s,241,20252535,25947356,,1.0,1.0,1.0,pointworld,pointworld,0,0,0,0,0,0,0,0,0,0,0,0
TRI+52ca9b6a+2023-11-15-17h-18m-10s,508,20252535,25947356,,1.0,1.0,1.0,pointworld,pointworld,0,0,0,0,0,0,0,0,0,0,0,0
TRI+52ca9b6a+2023-11-16-10h-10m-17s,222,20252535,25947356,,1.0,1.0,1.0,pointworld,pointworld,0,0,0,0,0,0,0,0,0,0,0,0
TRI+52ca9b6a+2023-11-16-10h-24m-50s,279,20252535,25947356,,1.0,1.0,1.0,pointworld,pointworld,0,0,0,0,0,0,0,0,0,0,0,0
TRI+52ca9b6a+2023-11-16-10h-35m-38s,233,20252535,25947356,,1.0,1.0,1.0,pointworld,pointworld,0,0,0,0,0,0,0,0,0,0,0,0
TRI+52ca9b6a+2023-11-16-10h-37m-41s,137,20252535,25947356,,1.0,1.0,1.0,pointworld,pointworld,0,0,0,0,0,0,0,0,0,0,0,0
TRI+52ca9b6a+2023-11-16-10h-49m-21s,280,20252535,25947356,,1.0,1.0,1.0,pointworld,pointworld,0,0,0,0,0,0,0,0,0,0,0,0
TRI+52ca9b6a+2023-11-16-10h-50m-06s,574,20252535,25947356,,1.0,1.0,1.0,pointworld,pointworld,0,0,0,0,0,0,0,0,0,16,16,0
TRI+52ca9b6a+2023-11-16-11h-33m-56s,186,20252535,25947356,,1.0,1.0,1.0,pointworld,pointworld,0,0,0,0,0,0,0,0,0,30,30,0
TRI+52ca9b6a+2023-11-16-11h-51m-26s,180,20252535,25947356,,1.0,1.0,1.0,pointworld,pointworld,0,0,0,0,0,0,0,0,0,0,0,0
TRI+52ca9b6a+2023-11-16-14h-18m-05s,325,20252535,25947356,,1.0,1.0,1.0,pointworld,pointworld,0,0,0,0,0,0,0,0,0,0,0,0
TRI+52ca9b6a+2023-11-16-14h-20m-16s,559,20252535,25947356,,1.0,1.0,1.0,pointworld,pointworld,0,0,0,0,0,0,0,0,0,20,20,0
TRI+52ca9b6a+2023-11-16-14h-22m-10s,588,20252535,25947356,,1.0,1.0,1.0,pointworld,pointworld,0,0,0,0,0,0,0,0,0,0,0,0
TRI+52ca9b6a+2023-11-16-14h-23m-02s,474,20252535,25947356,,1.0,1.0,1.0,pointworld,pointworld,0,0,0,0,0,0,0,0,0,29,29,0
TRI+52ca9b6a+2023-11-16-15h-49m-18s,238,20252535,25947356,,1.0,1.0,1.0,pointworld,pointworld,0,0,0,0,0,0,0,0,0,17,17,0
TRI+52ca9b6a+2023-11-16-16h-04m-29s,836,20252535,25947356,,1.0,1.0,1.0,pointworld,pointworld,0,0,0,0,0,0,0,0,0,18,18,0
TRI+52ca9b6a+2023-11-16-16h-06m-05s,383,20252535,25947356,,1.0,1.0,1.0,pointworld,pointworld,0,0,0,0,0,0,0,0,0,0,0,0
TRI+52ca9b6a+2023-11-16-16h-20m-43s,385,20252535,25947356,,1.0,1.0,1.0,pointworld,pointworld,0,0,0,0,0,0,0,0,0,0,0,0
TRI+52ca9b6a+2023-11-16-16h-26m-41s,465,20252535,25947356,,1.0,1.0,1.0,pointworld,pointworld,0,0,0,0,0,0,0,0,0,0,0,0
TRI+52ca9b6a+2023-11-20-10h-15m-56s,538,20252535,25947356,,1.0,1.0,1.0,pointworld,pointworld,0,0,0,0,0,0,0,0,0,0,0,0
TRI+52ca9b6a+2023-11-20-10h-48m-29s,183,20252535,25947356,,1.0,1.0,1.0,pointworld,pointworld,0,0,0,0,0,0,0,0,0,0,0,0
TRI+52ca9b6a+2023-11-20-10h-50m-00s,192,20252535,25947356,,1.0,1.0,1.0,pointworld,pointworld,0,0,0,0,0,0,0,0,0,34,34,0
TRI+52ca9b6a+2023-11-20-11h-38m-09s,147,20252535,25947356,,1.0,1.0,1.0,pointworld,pointworld,0,0,0,0,0,0,0,0,0,0,0,0
TRI+52ca9b6a+2023-11-20-13h-24m-50s,258,20252535,25947356,,1.0,1.0,1.0,pointworld,pointworld,0,0,0,0,0,0,0,0,0,0,0,0
TRI+52ca9b6a+2023-11-20-13h-28m-25s,477,20252535,25947356,,1.0,1.0,1.0,pointworld,pointworld,0,0,0,0,0,0,0,0,0,10,0,10
TRI+52ca9b6a+2023-11-20-13h-49m-19s,524,20252535,25947356,,1.0,1.0,0.7919847328244275,pointworld,pointworld,0,0,0,0,0,0,0,0,0,0,0,0
TRI+52ca9b6a+2023-11-20-13h-51m-06s,373,20252535,25947356,,1.0,1.0,1.0,pointworld,pointworld,0,0,0,0,0,0,0,0,0,0,0,0
TRI+52ca9b6a+2023-11-20-14h-26m-05s,249,20252535,25947356,,1.0,1.0,1.0,pointworld,pointworld,0,0,0,0,0,0,0,0,0,0,0,0
TRI+52ca9b6a+2023-11-20-14h-32m-39s,365,20252535,25947356,,1.0,1.0,1.0,pointworld,pointworld,0,0,0,0,0,0,0,0,0,0,0,0
TRI+52ca9b6a+2023-11-20-14h-46m-30s,521,20252535,25947356,,1.0,1.0,1.0,pointworld,pointworld,0,0,0,0,0,0,0,0,0,0,0,0
TRI+52ca9b6a+2023-11-21-10h-19m-15s,269,20252535,25947356,,1.0,1.0,1.0,pointworld,pointworld,0,0,0,20,20,0,28,28,0,34,34,0
TRI+52ca9b6a+2023-11-21-10h-31m-52s,260,20252535,25947356,,1.0,1.0,1.0,pointworld,pointworld,0,0,0,0,0,0,19,19,0,25,25,0
TRI+52ca9b6a+2023-11-21-13h-40m-57s,158,20252535,25947356,,1.0,1.0,0.8571428571428571,pointworld,pointworld,27,0,27,32,0,32,41,0,41,57,19,57
TRI+52ca9b6a+2023-11-21-13h-45m-36s,204,20252535,25947356,,1.0,1.0,1.0,pointworld,pointworld,34,0,34,37,0,37,39,0,39,44,24,44
TRI+52ca9b6a+2023-11-21-13h-59m-19s,359,20252535,25947356,,1.0,1.0,1.0,pointworld,pointworld,19,0,19,23,0,23,27,0,27,32,0,32
TRI+52ca9b6a+2023-11-21-14h-04m-37s,193,20252535,25947356,,1.0,1.0,1.0,pointworld,pointworld,64,0,64,67,0,67,70,0,70,78,28,78
TRI+52ca9b6a+2023-11-27-10h-50m-43s,385,20252535,25947356,,1.0,1.0,1.0,pointworld,pointworld,0,0,0,16,14,16,20,17,20,23,20,23
TRI+52ca9b6a+2023-11-27-11h-37m-47s,202,20252535,25947356,,1.0,1.0,0.9657142857142857,pointworld,pointworld,19,19,0,27,27,0,49,49,0,57,57,0
TRI+52ca9b6a+2023-11-27-11h-41m-29s,229,20252535,25947356,,1.0,1.0,1.0,pointworld,pointworld,0,0,0,0,0,0,0,0,0,0,0,0
TRI+52ca9b6a+2023-11-27-13h-23m-58s,275,20252535,25947356,,1.0,1.0,0.5672727272727273,pointworld,pointworld,0,0,0,0,0,0,0,0,0,0,0,0
TRI+52ca9b6a+2023-11-27-13h-47m-14s,244,20252535,25947356,,1.0,1.0,1.0,pointworld,pointworld,0,0,0,0,0,0,0,0,0,0,0,0
TRI+52ca9b6a+2023-11-27-14h-19m-34s,288,28451778,28813166,,1.0,1.0,0.17708333333333334,pointworld,pointworld,0,0,0,0,0,0,0,0,0,0,0,0
TRI+52ca9b6a+2023-11-27-14h-21m-07s,311,28451778,28813166,,1.0,1.0,0.21864951768488747,pointworld,pointworld,0,0,0,0,0,0,12,12,0,15,15,0
TRI+52ca9b6a+2023-11-27-14h-37m-27s,201,20252535,25947356,,1.0,1.0,1.0,pointworld,pointworld,0,0,0,0,0,0,0,0,0,0,0,0
TRI+52ca9b6a+2023-11-27-15h-01m-50s,474,20252535,25947356,,1.0,1.0,0.8417721518987342,pointworld,pointworld,0,0,0,0,0,0,0,0,0,0,0,0
TRI+52ca9b6a+2023-11-27-15h-02m-45s,283,20252535,25947356,,1.0,1.0,1.0,pointworld,pointworld,0,0,0,0,0,0,0,0,0,0,0,0
TRI+52ca9b6a+2023-11-27-15h-07m-12s,194,20252535,25947356,,1.0,1.0,1.0,pointworld,pointworld,0,0,0,0,0,0,0,0,0,0,0,0
TRI+52ca9b6a+2023-11-27-15h-09m-01s,227,20252535,25947356,,1.0,1.0,1.0,pointworld,pointworld,0,0,0,0,0,0,0,0,0,0,0,0
TRI+52ca9b6a+2023-11-27-15h-09m-37s,268,20252535,25947356,,1.0,1.0,1.0,pointworld,pointworld,0,0,0,0,0,0,0,0,0,0,0,0
TRI+52ca9b6a+2023-11-27-15h-11m-34s,643,20252535,25947356,,1.0,1.0,1.0,pointworld,pointworld,0,0,0,0,0,0,0,0,0,0,0,0
TRI+52ca9b6a+2023-11-27-15h-24m-48s,270,20252535,25947356,,1.0,1.0,0.6555555555555556,pointworld,pointworld,0,0,0,0,0,0,0,0,0,0,0,0
TRI+52ca9b6a+2023-11-27-15h-39m-44s,190,20252535,25947356,,1.0,1.0,1.0,pointworld,pointworld,0,0,0,0,0,0,0,0,0,0,0,0
TRI+52ca9b6a+2023-11-27-15h-42m-30s,202,20252535,25947356,,1.0,1.0,1.0,pointworld,pointworld,0,0,0,0,0,0,0,0,0,0,0,0
TRI+52ca9b6a+2023-11-27-15h-45m-37s,306,20252535,25947356,,1.0,1.0,0.6176470588235294,pointworld,pointworld,0,0,0,0,0,0,0,0,0,0,0,0
TRI+52ca9b6a+2023-11-27-15h-57m-35s,289,20252535,25947356,,1.0,1.0,1.0,pointworld,pointworld,0,0,0,0,0,0,0,0,0,0,0,0
TRI+52ca9b6a+2023-11-27-16h-28m-10s,236,20252535,25947356,,1.0,1.0,0.4067796610169492,pointworld,pointworld,0,0,0,0,0,0,0,0,0,0,0,0
TRI+52ca9b6a+2023-11-27-16h-35m-52s,163,20252535,25947356,,1.0,1.0,1.0,pointworld,pointworld,0,0,0,0,0,0,0,0,0,0,0,0
TRI+52ca9b6a+2023-11-28-14h-01m-22s,458,20252535,25947356,,1.0,1.0,1.0,pointworld,pointworld,0,0,0,0,0,0,0,0,0,0,0,0
TRI+52ca9b6a+2023-11-28-14h-13m-41s,188,20252535,25947356,,1.0,1.0,1.0,pointworld,pointworld,0,0,0,0,0,0,0,0,0,0,0,0
TRI+52ca9b6a+2023-11-28-14h-17m-08s,468,20252535,25947356,,1.0,1.0,1.0,pointworld,pointworld,0,0,0,0,0,0,14,14,0,16,16,0
TRI+52ca9b6a+2023-11-28-14h-48m-11s,408,20252535,25947356,,1.0,1.0,1.0,pointworld,pointworld,0,0,0,0,0,0,25,25,0,30,30,0
TRI+52ca9b6a+2023-11-28-16h-27m-42s,304,20252535,25947356,,1.0,1.0,0.6294964028776978,pointworld,pointworld,23,23,0,26,26,0,28,28,0,41,41,0
TRI+52ca9b6a+2023-11-28-16h-49m-12s,255,20252535,25947356,,1.0,1.0,1.0,pointworld,pointworld,28,28,0,42,42,0,45,45,0,49,49,21
TRI+52ca9b6a+2023-11-28-16h-51m-05s,235,20252535,25947356,,1.0,1.0,1.0,pointworld,pointworld,15,15,0,19,19,0,22,22,0,35,35,10
TRI+52ca9b6a+2023-11-28-17h-23m-39s,271,20252535,25947356,,1.0,1.0,0.6313559322033898,pointworld,pointworld,21,21,0,35,35,0,41,41,0,45,45,19
TRI+52ca9b6a+2023-11-28-17h-27m-04s,587,20252535,25947356,,1.0,1.0,1.0,pointworld,pointworld,8,8,0,11,11,0,13,13,0,16,16,0
TRI+52ca9b6a+2023-11-28-17h-48m-01s,168,20252535,25947356,,1.0,1.0,1.0,pointworld,pointworld,0,0,0,0,0,0,0,0,0,0,0,0
TRI+52ca9b6a+2023-11-28-17h-51m-50s,239,20252535,25947356,,1.0,1.0,1.0,pointworld,pointworld,0,0,0,0,0,0,0,0,0,0,0,0
TRI+52ca9b6a+2023-11-28-18h-03m-23s,216,20252535,25947356,,1.0,1.0,1.0,pointworld,pointworld,0,0,0,0,0,0,0,0,0,0,0,0
TRI+52ca9b6a+2023-11-28-18h-17m-19s,133,20252535,25947356,,1.0,1.0,1.0,pointworld,pointworld,0,0,0,0,0,0,0,0,0,0,0,0
TRI+52ca9b6a+2023-11-29-10h-10m-54s,241,20252535,25947356,,1.0,1.0,1.0,pointworld,pointworld,25,0,25,32,24,32,39,39,38,70,70,58
TRI+52ca9b6a+2023-11-29-10h-24m-34s,136,20252535,25947356,,1.0,1.0,1.0,pointworld,pointworld,0,0,0,10,0,10,13,9,13,17,14,17
TRI+52ca9b6a+2023-11-29-10h-58m-18s,448,20252535,25947356,,1.0,1.0,0.9649532710280374,pointworld,pointworld,17,0,17,20,0,20,41,15,41,67,42,67
TRI+52ca9b6a+2023-11-29-11h-00m-01s,478,20252535,25947356,,1.0,1.0,1.0,pointworld,pointworld,0,0,0,0,0,0,0,0,0,79,0,79
TRI+52ca9b6a+2023-11-29-11h-21m-20s,169,20252535,25947356,,1.0,1.0,0.8402366863905325,pointworld,pointworld,0,0,0,0,0,0,19,0,19,28,28,25
TRI+52ca9b6a+2023-11-29-14h-17m-17s,251,28451778,28813166,,1.0,1.0,1.0,pointworld,pointworld,0,0,0,15,0,15,49,0,49,53,0,53
TRI+52ca9b6a+2023-11-29-14h-23m-58s,501,28451778,28813166,,1.0,1.0,1.0,pointworld,pointworld,17,0,17,20,13,20,24,17,24,28,21,28
TRI+52ca9b6a+2023-11-29-14h-25m-05s,158,20252535,25947356,,1.0,1.0,0.6666666666666666,pointworld,pointworld,61,0,61,101,0,101,134,0,134,144,54,144
TRI+52ca9b6a+2023-11-29-14h-25m-50s,186,28451778,28813166,,1.0,1.0,1.0,pointworld,pointworld,17,0,17,23,0,23,30,0,30,34,23,34
TRI+52ca9b6a+2023-11-29-14h-26m-25s,350,20252535,25947356,,1.0,1.0,0.5466666666666666,pointworld,pointworld,16,16,0,125,18,125,239,23,239,329,45,329
TRI+52ca9b6a+2023-11-29-14h-39m-21s,129,20252535,25947356,,1.0,1.0,1.0,pointworld,pointworld,18,18,11,24,20,24,36,23,36,39,38,39
TRI+52ca9b6a+2023-11-29-14h-45m-22s,164,20252535,25947356,,1.0,1.0,1.0,pointworld,pointworld,58,53,58,75,55,75,78,58,78,82,74,82
TRI+52ca9b6a+2023-11-29-14h-46m-55s,484,20252535,25947356,,1.0,1.0,0.8513513513513513,pointworld,pointworld,36,23,36,40,32,40,52,37,52,56,42,56
TRI+52ca9b6a+2023-11-29-15h-04m-43s,204,20252535,25947356,,1.0,1.0,0.3870967741935484,pointworld,pointworld,45,0,45,49,41,49,63,44,63,70,55,70
TRI+52ca9b6a+2023-11-29-15h-05m-33s,241,20252535,25947356,,0.9444444444444444,1.0,0.711864406779661,pointworld,pointworld,47,47,1,64,64,49,107,107,62,-1,-1,111
TRI+52ca9b6a+2023-11-29-16h-48m-46s,168,20252535,25947356,,1.0,1.0,0.8880597014925373,pointworld,pointworld,13,13,0,34,18,34,37,32,37,49,37,49
TRI+52ca9b6a+2023-11-29-16h-50m-01s,130,20252535,25947356,,1.0,1.0,1.0,pointworld,pointworld,23,21,23,27,24,27,38,27,38,41,39,41
TRI+52ca9b6a+2023-11-29-16h-54m-37s,554,20252535,25947356,,1.0,1.0,0.8057851239669421,pointworld,pointworld,58,21,58,70,33,70,74,38,74,93,53,93
TRI+52ca9b6a+2023-11-29-16h-55m-40s,189,20252535,25947356,,1.0,0.9259259259259259,0.3708609271523179,pointworld,pointworld,20,18,20,38,20,38,53,32,53,-1,40,-1
TRI+52ca9b6a+2023-11-29-17h-22m-10s,142,20252535,25947356,,1.0,1.0,0.4,pointworld,pointworld,23,23,20,27,25,27,39,27,39,45,36,45
TRI+52ca9b6a+2023-11-30-10h-46m-37s,304,20252535,25947356,,1.0,1.0,1.0,pointworld,pointworld,0,0,0,0,0,0,0,0,0,19,0,19
TRI+52ca9b6a+2023-11-30-10h-49m-53s,134,20252535,25947356,,1.0,1.0,1.0,pointworld,pointworld,0,0,0,0,0,0,0,0,0,0,0,0
TRI+52ca9b6a+2023-11-30-11h-13m-41s,382,20252535,25947356,,1.0,1.0,1.0,pointworld,pointworld,0,0,0,0,0,0,0,0,0,0,0,0
TRI+52ca9b6a+2023-11-30-11h-14m-36s,159,20252535,25947356,,1.0,1.0,1.0,pointworld,pointworld,0,0,0,0,0,0,0,0,0,0,0,0
TRI+52ca9b6a+2023-11-30-11h-23m-16s,289,20252535,25947356,,1.0,1.0,1.0,pointworld,pointworld,0,0,0,0,0,0,0,0,0,10,10,0
TRI+52ca9b6a+2023-11-30-13h-28m-15s,173,20252535,25947356,,1.0,1.0,1.0,pointworld,pointworld,0,0,0,0,0,0,0,0,0,33,20,33
TRI+52ca9b6a+2023-11-30-14h-13m-17s,518,20252535,25947356,,1.0,1.0,1.0,pointworld,pointworld,19,13,19,21,18,21,25,23,25,30,26,30
TRI+52ca9b6a+2023-11-30-14h-42m-48s,370,20252535,25947356,,1.0,1.0,0.9941002949852508,pointworld,pointworld,27,27,0,31,31,19,55,55,25,59,59,57
TRI+52ca9b6a+2023-11-30-15h-14m-56s,462,20252535,25947356,,1.0,1.0,1.0,pointworld,pointworld,8,8,0,14,14,0,18,18,0,20,20,13
TRI+52ca9b6a+2023-11-30-16h-32m-55s,411,20252535,25947356,,1.0,1.0,1.0,pointworld,pointworld,0,0,0,11,0,11,18,0,18,23,0,23
TRI+52ca9b6a+2023-11-30-17h-04m-35s,229,20252535,25947356,,1.0,1.0,1.0,pointworld,pointworld,0,0,0,14,13,14,17,17,17,21,20,21
TRI+52ca9b6a+2023-11-30-17h-09m-24s,137,20252535,25947356,,1.0,1.0,0.875,pointworld,pointworld,14,14,0,17,17,17,23,23,23,31,27,31
TRI+52ca9b6a+2023-12-04-10h-35m-01s,490,20252535,25947356,,1.0,1.0,1.0,pointworld,pointworld,0,0,0,0,0,0,24,24,0,31,31,0
TRI+52ca9b6a+2023-12-04-10h-43m-15s,202,28451778,28813166,,1.0,1.0,1.0,pointworld,pointworld,0,0,0,20,20,0,30,30,23,48,48,46
TRI+52ca9b6a+2023-12-04-10h-52m-48s,234,28451778,28813166,,1.0,1.0,1.0,pointworld,pointworld,0,0,0,13,13,0,17,17,14,20,20,17
TRI+52ca9b6a+2023-12-04-10h-56m-27s,457,20252535,25947356,,1.0,1.0,1.0,pointworld,pointworld,0,0,0,0,0,0,0,0,0,0,0,0
TRI+52ca9b6a+2023-12-04-10h-57m-15s,180,28451778,28813166,,1.0,1.0,1.0,pointworld,pointworld,0,0,0,0,0,0,0,0,0,19,19,0
TRI+52ca9b6a+2023-12-04-11h-00m-17s,279,28451778,28813166,,1.0,1.0,1.0,pointworld,pointworld,0,0,0,22,22,0,25,25,22,29,29,26
TRI+52ca9b6a+2023-12-04-11h-14m-34s,383,20252535,25947356,,1.0,1.0,1.0,pointworld,pointworld,0,0,0,0,0,0,0,0,0,0,0,0
TRI+52ca9b6a+2023-12-04-11h-14m-44s,188,28451778,28813166,,1.0,1.0,1.0,pointworld,pointworld,0,0,0,0,0,0,0,0,0,0,0,0
TRI+52ca9b6a+2023-12-04-11h-35m-49s,317,20252535,25947356,,1.0,1.0,1.0,pointworld,pointworld,0,0,0,0,0,0,0,0,0,0,0,0
TRI+52ca9b6a+2023-12-04-11h-47m-04s,149,28451778,28813166,,1.0,1.0,1.0,pointworld,pointworld,0,0,0,0,0,0,0,0,0,10,10,0
TRI+52ca9b6a+2023-12-04-11h-52m-52s,265,28451778,28813166,,1.0,1.0,1.0,pointworld,pointworld,0,0,0,0,0,0,0,0,0,43,43,0
TRI+52ca9b6a+2023-12-04-13h-15m-16s,557,20252535,25947356,,1.0,1.0,1.0,pointworld,pointworld,0,0,0,0,0,0,0,0,0,0,0,0
TRI+52ca9b6a+2023-12-04-13h-29m-39s,280,20252535,25947356,,1.0,1.0,1.0,pointworld,pointworld,0,0,0,0,0,0,0,0,0,36,0,36
TRI+52ca9b6a+2023-12-04-13h-30m-11s,169,20252535,25947356,,1.0,1.0,0.1893491124260355,pointworld,pointworld,0,0,0,0,0,0,0,0,0,0,0,0
TRI+52ca9b6a+2023-12-04-13h-30m-56s,235,28451778,28813166,,1.0,1.0,1.0,pointworld,pointworld,0,0,0,0,0,0,0,0,0,16,16,0
TRI+52ca9b6a+2023-12-04-13h-43m-16s,224,28451778,28813166,,1.0,1.0,1.0,pointworld,pointworld,0,0,0,0,0,0,22,22,0,35,35,0
TRI+52ca9b6a+2023-12-04-13h-49m-09s,186,28451778,28813166,,1.0,1.0,1.0,pointworld,pointworld,0,0,0,0,0,0,0,0,0,20,20,0
TRI+52ca9b6a+2023-12-04-14h-08m-26s,625,20252535,25947356,,1.0,1.0,1.0,pointworld,pointworld,0,0,0,0,0,0,0,0,0,36,0,36
TRI+52ca9b6a+2023-12-04-14h-19m-03s,627,28451778,28813166,,1.0,1.0,1.0,pointworld,pointworld,0,0,0,14,14,0,21,21,0,26,26,0
TRI+52ca9b6a+2023-12-04-14h-30m-05s,544,28451778,28813166,,1.0,1.0,1.0,pointworld,pointworld,15,15,0,18,18,0,22,22,17,25,25,20
TRI+52ca9b6a+2023-12-04-14h-30m-52s,531,28451778,28813166,,1.0,1.0,1.0,pointworld,pointworld,0,0,0,0,0,0,0,0,0,12,12,0
TRI+52ca9b6a+2023-12-04-15h-51m-40s,223,28451778,28813166,,1.0,1.0,1.0,pointworld,pointworld,0,0,0,0,0,0,0,0,0,12,12,0
TRI+52ca9b6a+2023-12-04-16h-12m-00s,369,28451778,28813166,,1.0,1.0,1.0,pointworld,pointworld,0,0,0,0,0,0,0,0,0,16,16,0
TRI+52ca9b6a+2023-12-04-16h-29m-10s,232,28451778,28813166,,1.0,1.0,1.0,pointworld,pointworld,14,14,0,16,16,0,20,20,14,23,23,18
TRI+52ca9b6a+2023-12-04-16h-36m-11s,180,28451778,28813166,,1.0,1.0,1.0,pointworld,pointworld,13,13,0,17,17,0,20,20,0,23,23,18
TRI+52ca9b6a+2023-12-04-17h-10m-11s,485,20252535,25947356,,1.0,1.0,0.8733905579399142,pointworld,pointworld,0,0,0,19,0,19,25,0,25,29,0,29
TRI+52ca9b6a+2023-12-04-17h-56m-11s,230,28451778,28813166,,0.9444444444444444,1.0,0.5173913043478261,pointworld,pointworld,0,0,0,0,0,0,33,33,0,-1,-1,0
TRI+52ca9b6a+2023-12-05-10h-44m-25s,196,20252535,25947356,,1.0,1.0,1.0,pointworld,pointworld,0,0,0,0,0,0,0,0,0,0,0,0
TRI+52ca9b6a+2023-12-05-10h-48m-00s,328,20252535,25947356,,1.0,1.0,1.0,pointworld,pointworld,0,0,0,0,0,0,0,0,0,0,0,0
TRI+52ca9b6a+2023-12-05-11h-32m-18s,424,20252535,25947356,,1.0,1.0,1.0,pointworld,pointworld,0,0,0,0,0,0,0,0,0,0,0,0
TRI+52ca9b6a+2023-12-05-15h-12m-52s,214,20252535,25947356,,1.0,1.0,1.0,pointworld,pointworld,0,0,0,0,0,0,0,0,0,0,0,0
TRI+52ca9b6a+2023-12-05-15h-26m-04s,202,28451778,28813166,,1.0,1.0,1.0,pointworld,pointworld,14,14,0,16,16,0,19,19,0,21,21,13
TRI+52ca9b6a+2023-12-05-15h-46m-04s,231,20252535,25947356,,1.0,1.0,1.0,pointworld,pointworld,0,0,0,0,0,0,0,0,0,0,0,0
TRI+52ca9b6a+2023-12-05-16h-09m-30s,408,28451778,28813166,,1.0,1.0,1.0,pointworld,pointworld,21,21,0,25,25,0,57,57,0,67,67,0
TRI+52ca9b6a+2023-12-05-16h-22m-37s,111,20252535,25947356,,1.0,1.0,1.0,pointworld,pointworld,0,0,0,0,0,0,0,0,0,0,0,0
TRI+52ca9b6a+2023-12-05-16h-29m-09s,484,28451778,28813166,,1.0,1.0,1.0,pointworld,pointworld,25,25,0,32,32,0,61,61,0,67,67,17
TRI+52ca9b6a+2023-12-05-16h-29m-55s,331,28451778,28813166,,1.0,1.0,1.0,pointworld,pointworld,19,19,0,29,29,0,63,63,0,71,71,0
TRI+52ca9b6a+2023-12-05-16h-30m-12s,161,20252535,25947356,,1.0,1.0,1.0,pointworld,pointworld,0,0,0,0,0,0,0,0,0,0,0,0
TRI+52ca9b6a+2023-12-05-16h-32m-11s,311,28451778,28813166,,1.0,1.0,1.0,pointworld,pointworld,32,32,0,38,38,0,55,55,0,80,80,0
TRI+52ca9b6a+2023-12-05-17h-02m-07s,202,28451778,28813166,,1.0,1.0,0.4941860465116279,pointworld,pointworld,28,28,0,30,30,0,44,44,0,52,52,10
TRI+52ca9b6a+2023-12-05-17h-34m-55s,398,20252535,25947356,,1.0,1.0,0.8768844221105527,pointworld,pointworld,0,0,0,0,0,0,0,0,0,0,0,0
TRI+52ca9b6a+2023-12-06-13h-58m-14s,90,28451778,28813166,,1.0,1.0,1.0,pointworld,pointworld,0,0,0,0,0,0,0,0,0,0,0,0
TRI+52ca9b6a+2023-12-06-14h-05m-02s,184,28451778,28813166,,1.0,1.0,1.0,pointworld,pointworld,0,0,0,0,0,0,0,0,0,0,0,0
TRI+52ca9b6a+2023-12-06-14h-30m-47s,339,28451778,28813166,,1.0,1.0,0.3893805309734513,pointworld,pointworld,0,0,0,0,0,0,0,0,0,0,0,0
TRI+52ca9b6a+2023-12-06-14h-36m-11s,254,28451778,28813166,,1.0,1.0,0.42913385826771655,pointworld,pointworld,0,0,0,0,0,0,0,0,0,0,0,0
TRI+52ca9b6a+2023-12-06-15h-48m-45s,477,28451778,28813166,,1.0,1.0,0.22012578616352202,pointworld,pointworld,0,0,0,0,0,0,0,0,0,0,0,0
TRI+52ca9b6a+2023-12-06-16h-23m-38s,187,20252535,25947356,,1.0,1.0,0.9679144385026738,pointworld,pointworld,0,0,0,0,0,0,17,0,17,23,13,23
TRI+52ca9b6a+2023-12-06-16h-29m-23s,196,20252535,25947356,,1.0,1.0,1.0,pointworld,pointworld,0,0,0,0,0,0,16,0,16,19,0,19
TRI+52ca9b6a+2023-12-06-16h-34m-40s,159,20252535,25947356,,1.0,1.0,0.949685534591195,pointworld,pointworld,0,0,0,0,0,0,28,0,28,40,20,40
TRI+52ca9b6a+2023-12-06-16h-35m-01s,568,28451778,28813166,,1.0,1.0,0.8380281690140845,pointworld,pointworld,0,0,0,0,0,0,0,0,0,7,0,7
TRI+52ca9b6a+2023-12-06-17h-15m-11s,354,20252535,25947356,,1.0,1.0,0.1016949152542373,pointworld,pointworld,0,0,0,0,0,0,0,0,0,0,0,0
TRI+52ca9b6a+2023-12-06-17h-17m-23s,204,28451778,28813166,,1.0,1.0,1.0,pointworld,pointworld,0,0,0,0,0,0,0,0,0,0,0,0
TRI+52ca9b6a+2023-12-07-11h-06m-13s,395,20252535,25947356,,1.0,1.0,1.0,pointworld,pointworld,0,0,0,0,0,0,0,0,0,1,0,1
TRI+52ca9b6a+2023-12-07-11h-09m-02s,464,20252535,25947356,,1.0,1.0,1.0,pointworld,pointworld,0,0,0,0,0,0,15,0,15,18,0,18
TRI+52ca9b6a+2023-12-07-11h-21m-20s,213,20252535,25947356,,1.0,1.0,0.9530516431924883,pointworld,pointworld,0,0,0,0,0,0,0,0,0,1,0,1
TRI+52ca9b6a+2023-12-07-11h-29m-34s,162,28451778,28813166,,1.0,1.0,1.0,pointworld,pointworld,0,0,0,0,0,0,0,0,0,0,0,0
TRI+52ca9b6a+2023-12-07-12h-11m-13s,202,20252535,25947356,,1.0,1.0,1.0,pointworld,pointworld,0,0,0,0,0,0,32,0,32,35,0,35
TRI+52ca9b6a+2023-12-07-13h-20m-49s,228,20252535,25947356,,1.0,1.0,1.0,pointworld,pointworld,0,0,0,0,0,0,18,0,18,22,0,22
TRI+52ca9b6a+2023-12-07-15h-09m-32s,286,20252535,25947356,,1.0,1.0,1.0,pointworld,pointworld,0,0,0,0,0,0,91,0,91,95,0,95
TRI+52ca9b6a+2023-12-07-15h-37m-36s,355,20252535,25947356,,1.0,1.0,1.0,pointworld,pointworld,0,0,0,14,0,14,48,0,48,59,0,59
TRI+52ca9b6a+2023-12-07-15h-37m-40s,160,28451778,28813166,,1.0,1.0,1.0,pointworld,pointworld,0,0,0,0,0,0,0,0,0,0,0,0
TRI+52ca9b6a+2023-12-07-15h-38m-10s,285,20252535,25947356,,1.0,1.0,1.0,pointworld,pointworld,0,0,0,0,0,0,0,0,0,18,0,18
TRI+52ca9b6a+2023-12-07-16h-00m-04s,546,20252535,25947356,,1.0,1.0,1.0,pointworld,pointworld,0,0,0,0,0,0,20,0,20,23,0,23
TRI+52ca9b6a+2023-12-07-16h-55m-57s,156,20252535,25947356,,1.0,1.0,1.0,pointworld,pointworld,0,0,0,0,0,0,22,0,22,25,0,25
TRI+52ca9b6a+2023-12-07-17h-01m-04s,165,20252535,25947356,,1.0,1.0,1.0,pointworld,pointworld,0,0,0,0,0,0,0,0,0,24,0,24
TRI+52ca9b6a+2023-12-07-17h-23m-18s,272,28451778,28813166,,1.0,1.0,0.9227941176470589,pointworld,pointworld,0,0,0,0,0,0,13,0,13,18,0,18
TRI+52ca9b6a+2023-12-07-17h-26m-20s,148,28451778,28813166,,1.0,1.0,1.0,pointworld,pointworld,0,0,0,0,0,0,0,0,0,0,0,0
TRI+52ca9b6a+2023-12-07-17h-33m-13s,129,20252535,25947356,,1.0,1.0,1.0,pointworld,pointworld,0,0,0,0,0,0,0,0,0,0,0,0
TRI+52ca9b6a+2023-12-07-17h-39m-47s,343,20252535,25947356,,1.0,1.0,1.0,pointworld,pointworld,0,0,0,0,0,0,0,0,0,0,0,0
TRI+52ca9b6a+2023-12-11-10h-47m-20s,178,20252535,25947356,,1.0,1.0,1.0,pointworld,pointworld,0,0,0,0,0,0,14,14,12,18,18,17
TRI+52ca9b6a+2023-12-11-10h-58m-41s,612,28451778,28813166,,1.0,1.0,0.9362745098039216,pointworld,pointworld,0,0,0,0,0,0,0,0,0,21,21,0
TRI+52ca9b6a+2023-12-11-11h-01m-33s,223,20252535,25947356,,1.0,1.0,1.0,pointworld,pointworld,0,0,0,15,15,0,18,18,16,22,22,20
TRI+52ca9b6a+2023-12-11-11h-07m-18s,199,28451778,28813166,,1.0,1.0,1.0,pointworld,pointworld,0,0,0,0,0,0,0,0,0,0,0,0
TRI+52ca9b6a+2023-12-11-11h-14m-10s,202,20252535,25947356,,1.0,1.0,1.0,pointworld,pointworld,0,0,0,0,0,0,0,0,0,8,8,0
TRI+52ca9b6a+2023-12-11-11h-41m-20s,162,28451778,28813166,,1.0,1.0,1.0,pointworld,pointworld,0,0,0,0,0,0,0,0,0,0,0,0
TRI+52ca9b6a+2023-12-11-11h-42m-44s,166,28451778,28813166,,1.0,1.0,1.0,pointworld,pointworld,0,0,0,0,0,0,0,0,0,0,0,0
TRI+52ca9b6a+2023-12-11-11h-51m-20s,132,20252535,25947356,,1.0,1.0,1.0,pointworld,pointworld,0,0,0,0,0,0,0,0,0,0,0,0
TRI+52ca9b6a+2023-12-11-11h-52m-46s,193,28451778,28813166,,1.0,1.0,1.0,pointworld,pointworld,0,0,0,0,0,0,0,0,0,0,0,0
TRI+52ca9b6a+2023-12-11-17h-25m-44s,191,20252535,25947356,,1.0,1.0,1.0,pointworld,pointworld,0,0,0,0,0,0,20,20,19,24,24,24
TRI+52ca9b6a+2023-12-12-10h-40m-22s,189,28451778,28813166,,1.0,1.0,1.0,pointworld,pointworld,0,0,0,0,0,0,0,0,0,0,0,0
TRI+52ca9b6a+2023-12-12-11h-01m-36s,606,28451778,28813166,,1.0,1.0,0.9851485148514851,pointworld,pointworld,0,0,0,0,0,0,0,0,0,77,0,77
TRI+52ca9b6a+2023-12-12-11h-27m-24s,477,20252535,25947356,,1.0,1.0,0.7735849056603774,pointworld,pointworld,0,0,0,0,0,0,0,0,0,101,0,101
TRI+52ca9b6a+2023-12-12-13h-44m-43s,219,20252535,25947356,,1.0,1.0,1.0,pointworld,pointworld,0,0,0,0,0,0,0,0,0,0,0,0
TRI+52ca9b6a+2023-12-12-13h-48m-19s,235,20252535,25947356,,1.0,1.0,0.5531914893617021,pointworld,pointworld,0,0,0,0,0,0,0,0,0,0,0,0
TRI+52ca9b6a+2023-12-12-14h-03m-06s,163,20252535,25947356,,1.0,1.0,0.1656441717791411,pointworld,pointworld,0,0,0,0,0,0,0,0,0,0,0,0
TRI+52ca9b6a+2023-12-12-15h-41m-54s,189,20252535,25947356,,1.0,1.0,1.0,pointworld,pointworld,0,0,0,0,0,0,0,0,0,0,0,0
TRI+52ca9b6a+2023-12-12-16h-14m-27s,361,28451778,28813166,,1.0,1.0,1.0,pointworld,pointworld,0,0,0,0,0,0,0,0,0,14,0,14
TRI+52ca9b6a+2023-12-12-17h-02m-55s,166,28451778,28813166,,1.0,1.0,1.0,pointworld,pointworld,0,0,0,0,0,0,0,0,0,0,0,0
TRI+52ca9b6a+2023-12-12-17h-03m-14s,227,28451778,28813166,,1.0,1.0,1.0,pointworld,pointworld,0,0,0,0,0,0,0,0,0,0,0,0
TRI+52ca9b6a+2023-12-12-17h-05m-04s,392,28451778,28813166,,1.0,1.0,1.0,pointworld,pointworld,0,0,0,0,0,0,0,0,0,0,0,0
TRI+52ca9b6a+2023-12-12-17h-05m-54s,298,28451778,28813166,,1.0,1.0,1.0,pointworld,pointworld,0,0,0,0,0,0,0,0,0,22,0,22
TRI+52ca9b6a+2023-12-12-17h-07m-52s,338,20252535,25947356,,1.0,1.0,1.0,pointworld,pointworld,0,0,0,0,0,0,0,0,0,0,0,0
TRI+52ca9b6a+2023-12-13-11h-40m-04s,140,20252535,25947356,,1.0,1.0,1.0,pointworld,pointworld,0,0,0,0,0,0,0,0,0,0,0,0
TRI+52ca9b6a+2023-12-13-11h-42m-06s,220,20252535,25947356,,1.0,1.0,1.0,pointworld,pointworld,0,0,0,0,0,0,0,0,0,20,0,20
TRI+52ca9b6a+2023-12-13-11h-50m-24s,272,20252535,25947356,,1.0,1.0,1.0,pointworld,pointworld,0,0,0,0,0,0,0,0,0,0,0,0
TRI+52ca9b6a+2023-12-13-11h-54m-21s,412,20252535,25947356,,1.0,1.0,1.0,pointworld,pointworld,0,0,0,0,0,0,0,0,0,0,0,0
TRI+52ca9b6a+2023-12-13-11h-57m-18s,166,28451778,28813166,,1.0,1.0,0.9457831325301205,pointworld,pointworld,0,0,0,0,0,0,0,0,0,26,0,26
TRI+52ca9b6a+2023-12-13-13h-46m-32s,498,20252535,25947356,,1.0,1.0,1.0,pointworld,pointworld,0,0,0,0,0,0,0,0,0,0,0,0
TRI+52ca9b6a+2023-12-13-13h-58m-47s,617,20252535,25947356,,1.0,1.0,0.9497568881685575,pointworld,pointworld,0,0,0,0,0,0,0,0,0,0,0,0
TRI+52ca9b6a+2023-12-13-14h-01m-29s,245,28451778,28813166,,1.0,1.0,1.0,pointworld,pointworld,29,19,29,31,20,31,34,22,34,38,35,38
TRI+52ca9b6a+2023-12-13-14h-36m-13s,533,28451778,28813166,,1.0,1.0,1.0,pointworld,pointworld,0,0,0,0,0,0,0,0,0,0,0,0
TRI+52ca9b6a+2023-12-13-15h-26m-59s,171,28451778,28813166,,1.0,1.0,1.0,pointworld,pointworld,0,0,0,0,0,0,0,0,0,0,0,0
TRI+52ca9b6a+2023-12-13-15h-27m-08s,228,20252535,25947356,,1.0,1.0,1.0,pointworld,pointworld,0,0,0,0,0,0,0,0,0,0,0,0
TRI+52ca9b6a+2023-12-13-15h-27m-27s,229,28451778,28813166,,1.0,1.0,1.0,pointworld,pointworld,0,0,0,0,0,0,0,0,0,11,11,0
TRI+52ca9b6a+2023-12-13-15h-33m-55s,421,20252535,25947356,,1.0,1.0,1.0,pointworld,pointworld,0,0,0,0,0,0,0,0,0,0,0,0
TRI+52ca9b6a+2023-12-13-15h-41m-32s,171,20252535,25947356,,1.0,1.0,1.0,pointworld,pointworld,0,0,0,0,0,0,0,0,0,0,0,0
TRI+52ca9b6a+2023-12-13-15h-45m-45s,613,28451778,28813166,,1.0,1.0,1.0,pointworld,pointworld,0,0,0,0,0,0,0,0,0,0,0,0
TRI+52ca9b6a+2023-12-13-15h-53m-12s,517,28451778,28813166,,1.0,1.0,1.0,pointworld,pointworld,0,0,0,0,0,0,0,0,0,9,9,0
TRI+52ca9b6a+2023-12-13-16h-18m-32s,227,28451778,28813166,,1.0,1.0,0.9691629955947136,pointworld,pointworld,0,0,0,0,0,0,11,11,0,15,15,0
TRI+52ca9b6a+2023-12-13-16h-28m-08s,155,20252535,25947356,,1.0,1.0,1.0,pointworld,pointworld,0,0,0,0,0,0,0,0,0,0,0,0
TRI+52ca9b6a+2023-12-13-16h-42m-08s,257,20252535,25947356,,1.0,1.0,1.0,pointworld,pointworld,0,0,0,0,0,0,0,0,0,0,0,0
TRI+52ca9b6a+2023-12-13-16h-50m-17s,126,20252535,25947356,,1.0,1.0,1.0,pointworld,pointworld,0,0,0,0,0,0,0,0,0,0,0,0
TRI+52ca9b6a+2023-12-13-17h-09m-31s,173,20252535,25947356,,1.0,1.0,1.0,pointworld,pointworld,0,0,0,0,0,0,0,0,0,0,0,0
TRI+52ca9b6a+2024-01-02-10h-50m-22s,218,20252535,25947356,,1.0,1.0,1.0,pointworld,pointworld,0,0,0,0,0,0,11,8,11,14,12,14
TRI+52ca9b6a+2024-01-02-10h-53m-50s,242,20252535,25947356,,1.0,1.0,1.0,pointworld,pointworld,0,0,0,0,0,0,0,0,0,0,0,0
TRI+52ca9b6a+2024-01-02-11h-12m-13s,187,28451778,28813166,,1.0,1.0,1.0,pointworld,pointworld,0,0,0,0,0,0,0,0,0,0,0,0
TRI+52ca9b6a+2024-01-02-11h-29m-36s,350,28451778,28813166,,1.0,1.0,0.9057142857142857,pointworld,pointworld,0,0,0,0,0,0,0,0,0,0,0,0
TRI+52ca9b6a+2024-01-02-11h-30m-10s,325,28451778,28813166,,1.0,1.0,1.0,pointworld,pointworld,0,0,0,0,0,0,21,16,21,26,21,26
TRI+52ca9b6a+2024-01-02-11h-51m-36s,369,28451778,28813166,,1.0,1.0,0.978319783197832,pointworld,pointworld,0,0,0,0,0,0,0,0,0,0,0,0
TRI+52ca9b6a+2024-01-02-11h-53m-56s,321,20252535,25947356,,1.0,1.0,1.0,pointworld,pointworld,0,0,0,0,0,0,0,0,0,0,0,0
TRI+52ca9b6a+2024-01-02-11h-54m-36s,149,28451778,28813166,,1.0,1.0,1.0,pointworld,pointworld,0,0,0,0,0,0,9,9,0,14,14,0
TRI+52ca9b6a+2024-01-02-12h-23m-25s,496,20252535,25947356,,1.0,1.0,1.0,pointworld,pointworld,0,0,0,0,0,0,0,0,0,0,0,0
TRI+52ca9b6a+2024-01-02-12h-31m-39s,203,28451778,28813166,,1.0,1.0,1.0,pointworld,pointworld,40,40,0,44,44,0,61,61,0,72,72,0
TRI+52ca9b6a+2024-01-02-13h-16m-28s,247,20252535,25947356,,1.0,1.0,1.0,pointworld,pointworld,0,0,0,0,0,0,0,0,0,0,0,0
TRI+52ca9b6a+2024-01-02-13h-18m-08s,206,20252535,25947356,,1.0,1.0,1.0,pointworld,pointworld,0,0,0,0,0,0,0,0,0,26,0,26
TRI+52ca9b6a+2024-01-02-13h-34m-47s,176,28451778,28813166,,1.0,1.0,1.0,pointworld,pointworld,0,0,0,0,0,0,0,0,0,0,0,0
TRI+52ca9b6a+2024-01-02-13h-52m-27s,151,28451778,28813166,,1.0,1.0,1.0,pointworld,pointworld,0,0,0,0,0,0,0,0,0,0,0,0
TRI+52ca9b6a+2024-01-02-14h-27m-09s,321,20252535,25947356,,1.0,1.0,1.0,pointworld,pointworld,0,0,0,0,0,0,0,0,0,0,0,0
TRI+52ca9b6a+2024-01-02-15h-02m-54s,257,20252535,25947356,,1.0,1.0,1.0,pointworld,pointworld,0,0,0,0,0,0,0,0,0,0,0,0
TRI+52ca9b6a+2024-01-02-15h-39m-01s,250,20252535,25947356,,1.0,1.0,1.0,pointworld,pointworld,0,0,0,0,0,0,0,0,0,7,0,7
TRI+52ca9b6a+2024-01-02-15h-44m-10s,237,28451778,28813166,,1.0,1.0,1.0,pointworld,pointworld,0,0,0,0,0,0,0,0,0,0,0,0
TRI+52ca9b6a+2024-01-02-15h-46m-22s,195,20252535,25947356,,1.0,1.0,1.0,pointworld,pointworld,0,0,0,0,0,0,15,14,15,20,19,20
TRI+52ca9b6a+2024-01-02-15h-49m-28s,366,28451778,28813166,,1.0,1.0,1.0,pointworld,pointworld,0,0,0,0,0,0,0,0,0,0,0,0
TRI+52ca9b6a+2024-01-02-15h-53m-34s,200,20252535,25947356,,1.0,1.0,1.0,pointworld,pointworld,0,0,0,0,0,0,0,0,0,0,0,0
TRI+52ca9b6a+2024-01-02-16h-04m-00s,142,28451778,28813166,,1.0,1.0,1.0,pointworld,pointworld,0,0,0,0,0,0,0,0,0,16,16,0
TRI+52ca9b6a+2024-01-02-16h-21m-03s,186,20252535,25947356,,1.0,1.0,1.0,pointworld,pointworld,0,0,0,0,0,0,0,0,0,0,0,0
TRI+52ca9b6a+2024-01-02-16h-46m-25s,393,20252535,25947356,,1.0,1.0,1.0,pointworld,pointworld,0,0,0,0,0,0,0,0,0,0,0,0
TRI+52ca9b6a+2024-01-02-16h-57m-40s,110,20252535,25947356,,1.0,1.0,1.0,pointworld,pointworld,0,0,0,0,0,0,0,0,0,0,0,0
TRI+52ca9b6a+2024-01-02-17h-14m-05s,169,28451778,28813166,,1.0,1.0,1.0,pointworld,pointworld,0,0,0,0,0,0,0,0,0,9,9,0
TRI+52ca9b6a+2024-01-03-15h-00m-21s,168,28451778,28813166,,1.0,1.0,1.0,pointworld,pointworld,0,0,0,0,0,0,0,0,0,18,0,18
TRI+52ca9b6a+2024-01-03-15h-00m-51s,134,28451778,28813166,,1.0,1.0,1.0,pointworld,pointworld,0,0,0,0,0,0,0,0,0,0,0,0
TRI+52ca9b6a+2024-01-03-15h-01m-30s,148,28451778,28813166,,1.0,1.0,1.0,pointworld,pointworld,0,0,0,0,0,0,0,0,0,0,0,0
TRI+52ca9b6a+2024-01-03-15h-07m-26s,236,28451778,28813166,,1.0,1.0,1.0,pointworld,pointworld,0,0,0,0,0,0,0,0,0,0,0,0
TRI+52ca9b6a+2024-01-03-15h-08m-15s,156,28451778,28813166,,1.0,1.0,1.0,pointworld,pointworld,0,0,0,0,0,0,0,0,0,0,0,0
TRI+52ca9b6a+2024-01-03-15h-22m-29s,178,20252535,25947356,,1.0,1.0,1.0,pointworld,pointworld,0,0,0,0,0,0,0,0,0,0,0,0
TRI+52ca9b6a+2024-01-03-15h-58m-19s,219,20252535,25947356,,1.0,1.0,1.0,pointworld,pointworld,0,0,0,0,0,0,0,0,0,0,0,0
TRI+52ca9b6a+2024-01-03-16h-02m-56s,166,20252535,25947356,,1.0,1.0,1.0,pointworld,pointworld,0,0,0,0,0,0,26,0,26,32,30,32
TRI+52ca9b6a+2024-01-03-16h-18m-21s,444,28451778,28813166,,1.0,1.0,1.0,pointworld,pointworld,0,0,0,0,0,0,0,0,0,0,0,0
TRI+52ca9b6a+2024-01-03-16h-29m-30s,563,20252535,25947356,,1.0,1.0,1.0,pointworld,pointworld,0,0,0,0,0,0,0,0,0,20,0,20
TRI+52ca9b6a+2024-01-04-10h-29m-36s,349,20252535,25947356,,1.0,1.0,1.0,pointworld,pointworld,0,0,0,0,0,0,14,14,0,18,18,11
TRI+52ca9b6a+2024-01-04-10h-38m-32s,213,20252535,25947356,,1.0,1.0,1.0,pointworld,pointworld,0,0,0,0,0,0,17,17,11,24,24,21
TRI+52ca9b6a+2024-01-04-10h-53m-08s,293,28451778,28813166,,1.0,1.0,1.0,pointworld,pointworld,0,0,0,0,0,0,0,0,0,21,0,21
TRI+52ca9b6a+2024-01-04-14h-37m-50s,263,28451778,28813166,,1.0,1.0,1.0,pointworld,pointworld,0,0,0,0,0,0,0,0,0,0,0,0
TRI+52ca9b6a+2024-01-04-15h-04m-04s,123,20252535,25947356,,1.0,1.0,1.0,pointworld,pointworld,0,0,0,0,0,0,0,0,0,42,42,0
TRI+52ca9b6a+2024-01-04-15h-15m-18s,244,20252535,25947356,,1.0,1.0,0.5737704918032787,pointworld,pointworld,0,0,0,0,0,0,129,128,69,137,137,137
TRI+52ca9b6a+2024-01-04-15h-40m-24s,238,20252535,25947356,,1.0,1.0,0.8277310924369747,pointworld,pointworld,0,0,0,0,0,0,57,57,0,68,68,0
TRI+52ca9b6a+2024-01-04-16h-52m-59s,240,20252535,25947356,,1.0,1.0,0.675,pointworld,pointworld,0,0,0,0,0,0,0,0,0,1,1,0
TRI+52ca9b6a+2024-01-04-16h-53m-48s,229,20252535,25947356,,1.0,1.0,0.9868995633187773,pointworld,pointworld,0,0,0,0,0,0,0,0,0,45,45,0
TRI+52ca9b6a+2024-01-08-10h-38m-14s,245,28451778,28813166,,1.0,1.0,1.0,pointworld,pointworld,0,0,0,11,0,11,16,0,16,21,0,21
TRI+52ca9b6a+2024-01-08-11h-07m-02s,347,28451778,28813166,,1.0,1.0,1.0,pointworld,pointworld,28,0,28,34,0,34,54,24,54,66,33,66
TRI+52ca9b6a+2024-01-08-11h-28m-38s,420,28451778,28813166,,1.0,1.0,1.0,pointworld,pointworld,10,0,10,12,0,12,15,0,15,18,9,18
TRI+52ca9b6a+2024-01-08-11h-29m-23s,233,28451778,28813166,,1.0,1.0,1.0,pointworld,pointworld,0,0,0,17,0,17,23,0,23,28,0,28
TRI+52ca9b6a+2024-01-08-13h-59m-08s,178,28451778,28813166,,1.0,1.0,0.9382022471910112,pointworld,pointworld,0,0,0,0,0,0,20,0,20,25,0,25
TRI+52ca9b6a+2024-01-09-10h-52m-19s,236,28451778,28813166,,1.0,1.0,1.0,pointworld,pointworld,0,0,0,0,0,0,25,0,25,31,0,31
TRI+52ca9b6a+2024-01-09-11h-00m-46s,170,20252535,25947356,,1.0,0.7962962962962963,0.4117647058823529,pointworld,pointworld,0,0,0,0,0,0,94,0,94,-1,0,-1
TRI+52ca9b6a+2024-01-09-15h-18m-14s,166,20252535,25947356,,1.0,1.0,1.0,pointworld,pointworld,0,0,0,0,0,0,0,0,0,0,0,0
TRI+52ca9b6a+2024-01-09-15h-50m-18s,325,20252535,25947356,,1.0,1.0,1.0,pointworld,pointworld,0,0,0,0,0,0,0,0,0,0,0,0
TRI+52ca9b6a+2024-01-09-15h-54m-43s,147,20252535,25947356,,1.0,1.0,1.0,pointworld,pointworld,0,0,0,0,0,0,0,0,0,0,0,0
TRI+52ca9b6a+2024-01-09-15h-54m-58s,488,20252535,25947356,,1.0,1.0,1.0,pointworld,pointworld,0,0,0,0,0,0,0,0,0,0,0,0
TRI+52ca9b6a+2024-01-09-16h-04m-54s,198,20252535,25947356,,1.0,1.0,1.0,pointworld,pointworld,0,0,0,0,0,0,0,0,0,12,0,12
TRI+52ca9b6a+2024-01-10-13h-17m-36s,283,20252535,25947356,,1.0,1.0,1.0,pointworld,pointworld,0,0,0,0,0,0,0,0,0,18,0,18
TRI+52ca9b6a+2024-01-10-13h-51m-39s,128,20252535,25947356,,1.0,1.0,1.0,pointworld,pointworld,0,0,0,0,0,0,0,0,0,14,0,14
TRI+52ca9b6a+2024-01-10-13h-56m-03s,189,28451778,28813166,,1.0,1.0,0.9225352112676056,pointworld,pointworld,0,0,0,47,47,0,60,60,0,69,69,0
TRI+52ca9b6a+2024-01-10-14h-20m-07s,176,28451778,28813166,,1.0,1.0,0.8238636363636364,pointworld,pointworld,0,0,0,0,0,0,6,6,0,62,62,0
TRI+52ca9b6a+2024-01-10-14h-27m-05s,179,20252535,25947356,,1.0,1.0,1.0,pointworld,pointworld,0,0,0,0,0,0,0,0,0,0,0,0
TRI+52ca9b6a+2024-01-10-15h-41m-31s,136,20252535,25947356,,1.0,1.0,1.0,pointworld,pointworld,0,0,0,0,0,0,0,0,0,21,0,21
TRI+52ca9b6a+2024-01-10-15h-49m-23s,398,20252535,25947356,,1.0,1.0,1.0,pointworld,pointworld,0,0,0,0,0,0,20,0,20,23,0,23
TRI+52ca9b6a+2024-01-10-15h-51m-54s,136,20252535,25947356,,1.0,1.0,1.0,pointworld,pointworld,0,0,0,0,0,0,0,0,0,0,0,0
TRI+52ca9b6a+2024-01-10-15h-52m-22s,179,20252535,25947356,,1.0,1.0,0.9273743016759777,pointworld,pointworld,0,0,0,0,0,0,0,0,0,94,0,94
TRI+52ca9b6a+2024-01-10-15h-53m-24s,124,20252535,25947356,,1.0,1.0,0.7338709677419355,pointworld,pointworld,0,0,0,0,0,0,0,0,0,0,0,0
TRI+52ca9b6a+2024-01-10-16h-33m-13s,204,20252535,25947356,,1.0,1.0,1.0,pointworld,pointworld,0,0,0,0,0,0,0,0,0,0,0,0
TRI+52ca9b6a+2024-01-11-11h-13m-27s,203,20252535,25947356,,1.0,1.0,1.0,pointworld,pointworld,0,0,0,0,0,0,0,0,0,0,0,0
TRI+52ca9b6a+2024-01-11-12h-19m-09s,138,20252535,25947356,,1.0,1.0,1.0,pointworld,pointworld,0,0,0,0,0,0,0,0,0,0,0,0
TRI+52ca9b6a+2024-01-11-12h-20m-35s,204,20252535,25947356,,1.0,1.0,1.0,pointworld,pointworld,0,0,0,0,0,0,0,0,0,0,0,0
TRI+52ca9b6a+2024-01-11-12h-22m-25s,266,20252535,25947356,,1.0,1.0,1.0,pointworld,pointworld,0,0,0,0,0,0,0,0,0,0,0,0
TRI+52ca9b6a+2024-01-11-13h-27m-35s,162,20252535,25947356,,1.0,1.0,1.0,pointworld,pointworld,0,0,0,0,0,0,0,0,0,0,0,0
TRI+52ca9b6a+2024-01-11-13h-33m-09s,173,20252535,25947356,,1.0,1.0,1.0,pointworld,pointworld,0,0,0,0,0,0,0,0,0,0,0,0
TRI+52ca9b6a+2024-01-11-13h-41m-23s,204,28451778,28813166,,1.0,1.0,1.0,pointworld,pointworld,0,0,0,0,0,0,0,0,0,0,0,0
TRI+52ca9b6a+2024-01-11-13h-45m-52s,392,28451778,28813166,,1.0,1.0,1.0,pointworld,pointworld,0,0,0,0,0,0,0,0,0,0,0,0
TRI+52ca9b6a+2024-01-11-13h-47m-01s,457,28451778,28813166,,1.0,1.0,1.0,pointworld,pointworld,0,0,0,0,0,0,0,0,0,14,0,14
TRI+52ca9b6a+2024-01-11-14h-12m-14s,189,20252535,25947356,,1.0,1.0,1.0,pointworld,pointworld,0,0,0,0,0,0,0,0,0,0,0,0
TRI+52ca9b6a+2024-01-11-14h-12m-38s,177,20252535,25947356,,1.0,1.0,1.0,pointworld,pointworld,0,0,0,0,0,0,0,0,0,0,0,0
TRI+52ca9b6a+2024-01-11-14h-26m-21s,293,20252535,25947356,,1.0,1.0,1.0,pointworld,pointworld,0,0,0,0,0,0,0,0,0,0,0,0
TRI+52ca9b6a+2024-01-11-15h-15m-30s,246,20252535,25947356,,1.0,1.0,1.0,pointworld,pointworld,0,0,0,0,0,0,0,0,0,0,0,0
TRI+52ca9b6a+2024-01-16-10h-59m-09s,254,28451778,28813166,,1.0,1.0,1.0,pointworld,pointworld,0,0,0,0,0,0,0,0,0,0,0,0
TRI+52ca9b6a+2024-01-16-11h-19m-28s,130,28451778,28813166,,1.0,1.0,1.0,pointworld,pointworld,0,0,0,0,0,0,0,0,0,0,0,0
TRI+52ca9b6a+2024-01-16-11h-30m-58s,176,28451778,28813166,,1.0,1.0,1.0,pointworld,pointworld,14,14,0,16,16,0,19,19,0,25,25,0
TRI+52ca9b6a+2024-01-16-11h-36m-10s,529,28451778,28813166,,1.0,1.0,1.0,pointworld,pointworld,0,0,0,0,0,0,0,0,0,0,0,0
TRI+52ca9b6a+2024-01-16-14h-27m-38s,427,28451778,28813166,,1.0,1.0,1.0,pointworld,pointworld,0,0,0,0,0,0,0,0,0,0,0,0
TRI+52ca9b6a+2024-01-16-14h-29m-18s,194,28451778,28813166,,1.0,1.0,1.0,pointworld,pointworld,0,0,0,0,0,0,0,0,0,0,0,0
TRI+52ca9b6a+2024-01-16-14h-40m-15s,250,28451778,28813166,,1.0,1.0,1.0,pointworld,pointworld,0,0,0,0,0,0,0,0,0,0,0,0
TRI+52ca9b6a+2024-01-16-15h-26m-39s,145,28451778,28813166,,1.0,1.0,1.0,pointworld,pointworld,0,0,0,0,0,0,0,0,0,0,0,0
TRI+52ca9b6a+2024-01-16-15h-30m-40s,520,28451778,28813166,,1.0,1.0,1.0,pointworld,pointworld,0,0,0,0,0,0,0,0,0,0,0,0
TRI+52ca9b6a+2024-01-16-15h-45m-44s,174,28451778,28813166,,1.0,1.0,1.0,pointworld,pointworld,0,0,0,0,0,0,0,0,0,28,28,26
TRI+52ca9b6a+2024-01-16-15h-48m-19s,190,28451778,28813166,,1.0,1.0,1.0,pointworld,pointworld,0,0,0,0,0,0,0,0,0,0,0,0
TRI+52ca9b6a+2024-01-16-15h-59m-36s,512,20252535,25947356,,1.0,1.0,0.974609375,pointworld,pointworld,0,0,0,0,0,0,0,0,0,0,0,0
TRI+52ca9b6a+2024-01-16-16h-19m-18s,120,28451778,28813166,,1.0,1.0,1.0,pointworld,pointworld,0,0,0,0,0,0,0,0,0,0,0,0
TRI+52ca9b6a+2024-01-16-16h-19m-33s,131,28451778,28813166,,1.0,1.0,1.0,pointworld,pointworld,0,0,0,0,0,0,0,0,0,0,0,0
TRI+52ca9b6a+2024-01-16-16h-42m-46s,270,28451778,28813166,,1.0,1.0,1.0,pointworld,pointworld,0,0,0,0,0,0,0,0,0,0,0,0
TRI+52ca9b6a+2024-01-16-16h-47m-58s,167,28451778,28813166,,1.0,1.0,1.0,pointworld,pointworld,0,0,0,0,0,0,0,0,0,0,0,0
TRI+52ca9b6a+2024-01-16-16h-50m-10s,160,28451778,28813166,,1.0,1.0,1.0,pointworld,pointworld,0,0,0,0,0,0,0,0,0,0,0,0
TRI+52ca9b6a+2024-01-16-16h-52m-21s,153,28451778,28813166,,1.0,1.0,1.0,pointworld,pointworld,0,0,0,0,0,0,0,0,0,0,0,0
TRI+52ca9b6a+2024-01-16-16h-55m-05s,131,28451778,28813166,,1.0,1.0,1.0,pointworld,pointworld,0,0,0,12,12,0,16,16,0,20,20,13
TRI+52ca9b6a+2024-01-16-17h-14m-26s,146,28451778,28813166,,1.0,1.0,1.0,pointworld,pointworld,0,0,0,0,0,0,0,0,0,0,0,0
TRI+52ca9b6a+2024-01-16-17h-15m-41s,130,28451778,28813166,,1.0,1.0,1.0,pointworld,pointworld,0,0,0,0,0,0,0,0,0,23,23,0
TRI+52ca9b6a+2024-01-17-10h-27m-44s,139,28451778,28813166,,0.6666666666666666,1.0,0.14388489208633093,pointworld,pointworld,0,0,0,0,0,0,-1,-1,0,-1,-1,0
TRI+52ca9b6a+2024-01-17-10h-37m-14s,309,28451778,28813166,,1.0,1.0,0.9730769230769231,pointworld,pointworld,0,0,0,49,49,0,53,53,0,58,58,49
TRI+52ca9b6a+2024-01-17-11h-07m-56s,399,20252535,25947356,,1.0,1.0,1.0,pointworld,pointworld,0,0,0,0,0,0,18,18,16,21,21,20
TRI+52ca9b6a+2024-01-17-11h-15m-52s,497,28451778,28813166,,1.0,1.0,1.0,pointworld,pointworld,0,0,0,0,0,0,0,0,0,0,0,0
TRI+52ca9b6a+2024-01-17-11h-38m-07s,301,20252535,25947356,,1.0,1.0,0.9235880398671097,pointworld,pointworld,0,0,0,0,0,0,2,2,0,49,49,0
TRI+52ca9b6a+2024-01-17-11h-41m-13s,251,20252535,25947356,,1.0,1.0,1.0,pointworld,pointworld,0,0,0,0,0,0,14,14,0,19,19,13
TRI+52ca9b6a+2024-01-17-11h-47m-58s,222,28451778,28813166,,1.0,1.0,1.0,pointworld,pointworld,0,0,0,0,0,0,0,0,0,0,0,0
TRI+52ca9b6a+2024-01-17-11h-53m-16s,262,28451778,28813166,,1.0,1.0,1.0,pointworld,pointworld,21,0,21,24,0,24,27,19,27,31,23,31
TRI+52ca9b6a+2024-01-17-13h-50m-29s,286,28451778,28813166,,1.0,1.0,1.0,pointworld,pointworld,28,28,23,33,33,27,48,48,31,53,53,37
TRI+52ca9b6a+2024-01-17-13h-51m-20s,280,28451778,28813166,,1.0,1.0,1.0,pointworld,pointworld,11,11,0,14,14,0,17,17,12,21,21,15
TRI+52ca9b6a+2024-01-17-14h-05m-03s,221,28451778,28813166,,1.0,1.0,1.0,pointworld,pointworld,0,0,0,0,0,0,20,20,0,23,23,0
TRI+52ca9b6a+2024-01-17-14h-05m-52s,198,28451778,28813166,,1.0,1.0,1.0,pointworld,pointworld,19,19,0,22,22,17,25,25,19,29,29,22
TRI+52ca9b6a+2024-01-17-14h-17m-02s,250,20252535,25947356,,1.0,1.0,0.828,pointworld,pointworld,0,0,0,0,0,0,35,35,0,49,49,0
TRI+52ca9b6a+2024-01-17-14h-23m-09s,357,28451778,28813166,,1.0,1.0,1.0,pointworld,pointworld,0,0,0,0,0,0,0,0,0,0,0,0
TRI+52ca9b6a+2024-01-17-14h-35m-15s,181,20252535,25947356,,1.0,1.0,1.0,pointworld,pointworld,36,36,0,49,49,0,53,53,37,56,56,52
TRI+52ca9b6a+2024-01-17-15h-06m-35s,659,28451778,28813166,,1.0,1.0,1.0,pointworld,pointworld,0,0,0,0,0,0,0,0,0,0,0,0
TRI+52ca9b6a+2024-01-17-15h-22m-43s,372,28451778,28813166,,1.0,1.0,1.0,pointworld,pointworld,0,0,0,0,0,0,0,0,0,9,9,0
TRI+52ca9b6a+2024-01-17-16h-02m-04s,298,20252535,25947356,,1.0,1.0,0.7919463087248322,pointworld,pointworld,0,0,0,0,0,0,0,0,0,130,130,0
TRI+52ca9b6a+2024-01-17-16h-34m-27s,524,20252535,25947356,,1.0,1.0,1.0,pointworld,pointworld,0,0,0,0,0,0,0,0,0,0,0,0
TRI+52ca9b6a+2024-01-17-16h-45m-34s,158,20252535,25947356,,1.0,1.0,1.0,pointworld,pointworld,0,0,0,0,0,0,18,0,18,23,15,23
TRI+52ca9b6a+2024-01-17-17h-18m-00s,133,28451778,28813166,,1.0,1.0,1.0,pointworld,pointworld,0,0,0,0,0,0,0,0,0,0,0,0
TRI+52ca9b6a+2024-01-17-17h-34m-05s,184,28451778,28813166,,1.0,1.0,1.0,pointworld,pointworld,0,0,0,0,0,0,0,0,0,0,0,0
TRI+52ca9b6a+2024-01-17-17h-36m-53s,155,28451778,28813166,,1.0,1.0,1.0,pointworld,pointworld,0,0,0,0,0,0,0,0,0,8,8,0
TRI+52ca9b6a+2024-01-18-10h-37m-16s,277,28451778,28813166,,1.0,1.0,1.0,pointworld,pointworld,15,15,0,16,16,0,18,18,0,21,21,0
TRI+52ca9b6a+2024-01-18-10h-46m-05s,221,28451778,28813166,,1.0,1.0,0.9365079365079365,pointworld,pointworld,30,30,0,32,32,0,35,35,15,44,44,19
TRI+52ca9b6a+2024-01-18-10h-49m-12s,149,28451778,28813166,,1.0,1.0,0.9,pointworld,pointworld,24,24,0,29,29,0,34,34,0,44,44,0
TRI+52ca9b6a+2024-01-18-10h-50m-04s,205,28451778,28813166,,1.0,1.0,0.9560975609756097,pointworld,pointworld,0,0,0,0,0,0,0,0,0,0,0,0
TRI+52ca9b6a+2024-01-18-11h-10m-58s,364,20252535,25947356,,1.0,1.0,1.0,pointworld,pointworld,0,0,0,0,0,0,0,0,0,0,0,0
TRI+52ca9b6a+2024-01-18-11h-16m-33s,149,28451778,28813166,,1.0,1.0,0.9134615384615384,pointworld,pointworld,23,23,0,45,45,0,52,52,0,64,64,0
TRI+52ca9b6a+2024-01-18-11h-17m-19s,409,20252535,25947356,,1.0,1.0,1.0,pointworld,pointworld,0,0,0,0,0,0,0,0,0,0,0,0
TRI+52ca9b6a+2024-01-18-11h-18m-50s,341,20252535,25947356,,1.0,1.0,1.0,pointworld,pointworld,0,0,0,0,0,0,0,0,0,0,0,0
TRI+52ca9b6a+2024-01-18-11h-29m-57s,258,20252535,25947356,,1.0,1.0,1.0,pointworld,pointworld,0,0,0,0,0,0,0,0,0,0,0,0
TRI+52ca9b6a+2024-01-18-11h-31m-49s,537,20252535,25947356,,1.0,1.0,1.0,pointworld,pointworld,0,0,0,0,0,0,0,0,0,0,0,0
TRI+52ca9b6a+2024-01-18-11h-47m-22s,267,20252535,25947356,,1.0,1.0,1.0,pointworld,pointworld,0,0,0,0,0,0,0,0,0,0,0,0
TRI+52ca9b6a+2024-01-18-11h-47m-58s,277,20252535,25947356,,1.0,1.0,1.0,pointworld,pointworld,0,0,0,0,0,0,0,0,0,0,0,0
TRI+52ca9b6a+2024-01-18-13h-34m-44s,165,20252535,25947356,,1.0,1.0,1.0,pointworld,pointworld,12,12,0,15,15,0,18,18,0,22,22,11
TRI+52ca9b6a+2024-01-18-15h-57m-51s,169,20252535,25947356,,1.0,1.0,1.0,pointworld,pointworld,0,0,0,17,17,0,32,32,21,63,63,51
TRI+52ca9b6a+2024-01-18-16h-23m-11s,228,28451778,28813166,,0.9814814814814815,1.0,0.2336448598130841,pointworld,pointworld,0,0,0,14,14,0,33,33,0,-1,-1,0
TRI+52ca9b6a+2024-01-18-17h-06m-29s,208,20252535,25947356,,1.0,1.0,1.0,pointworld,pointworld,0,0,0,0,0,0,19,11,19,39,16,39
TRI+52ca9b6a+2024-01-18-17h-07m-09s,159,20252535,25947356,,1.0,1.0,1.0,pointworld,pointworld,51,39,51,55,40,55,60,43,60,100,48,100
TRI+52ca9b6a+2024-01-22-11h-02m-18s,279,20252535,25947356,,1.0,1.0,1.0,pointworld,pointworld,0,0,0,0,0,0,0,0,0,0,0,0
TRI+52ca9b6a+2024-01-22-11h-08m-06s,257,20252535,25947356,,1.0,1.0,1.0,pointworld,pointworld,0,0,0,0,0,0,0,0,0,0,0,0
TRI+52ca9b6a+2024-01-22-11h-09m-21s,296,20252535,25947356,,1.0,1.0,1.0,pointworld,pointworld,0,0,0,0,0,0,14,14,12,19,19,18
TRI+52ca9b6a+2024-01-22-13h-34m-22s,169,20252535,25947356,,1.0,1.0,1.0,pointworld,pointworld,0,0,0,25,25,0,29,29,0,37,37,0
TRI+52ca9b6a+2024-01-22-13h-55m-33s,192,20252535,25947356,,1.0,1.0,1.0,pointworld,pointworld,26,26,0,30,30,23,33,33,28,35,35,31
TRI+52ca9b6a+2024-01-22-14h-05m-58s,273,20252535,25947356,,1.0,1.0,0.7113821138211383,pointworld,pointworld,24,24,15,27,27,18,30,30,20,49,49,23
TRI+52ca9b6a+2024-01-22-14h-17m-18s,171,20252535,25947356,,1.0,1.0,1.0,pointworld,pointworld,0,0,0,0,0,0,35,35,0,42,42,29
TRI+52ca9b6a+2024-01-22-14h-30m-54s,278,28451778,28813166,,1.0,1.0,1.0,pointworld,pointworld,24,24,0,26,26,0,30,30,0,42,42,23
TRI+52ca9b6a+2024-01-22-14h-46m-30s,284,20252535,25947356,,1.0,1.0,1.0,pointworld,pointworld,0,0,0,0,0,0,34,0,34,38,0,38
TRI+52ca9b6a+2024-01-22-15h-22m-28s,155,28451778,28813166,,1.0,1.0,1.0,pointworld,pointworld,0,0,0,15,15,0,18,18,0,23,23,16
TRI+52ca9b6a+2024-01-22-16h-36m-40s,180,28451778,28813166,,1.0,1.0,1.0,pointworld,pointworld,41,41,0,43,43,17,46,46,22,52,52,25
TRI+52ca9b6a+2024-01-22-16h-38m-09s,235,28451778,28813166,,1.0,1.0,1.0,pointworld,pointworld,23,23,0,27,27,0,29,29,0,34,34,0
TRI+52ca9b6a+2024-01-22-17h-15m-52s,254,28451778,28813166,,1.0,1.0,0.9173228346456693,pointworld,pointworld,0,0,0,0,0,0,53,0,53,145,18,145
TRI+52ca9b6a+2024-01-23-10h-39m-36s,224,20252535,25947356,,1.0,1.0,0.9364161849710982,pointworld,pointworld,48,48,18,51,51,23,55,55,29,71,71,32
TRI+52ca9b6a+2024-01-23-10h-40m-00s,379,20252535,25947356,,1.0,1.0,0.9753086419753086,pointworld,pointworld,19,0,19,55,0,21,70,70,24,93,93,41
TRI+52ca9b6a+2024-01-23-10h-55m-11s,190,28451778,28813166,,1.0,1.0,1.0,pointworld,pointworld,0,0,0,0,0,0,16,0,16,29,0,29
TRI+52ca9b6a+2024-01-23-10h-56m-22s,291,20252535,25947356,,1.0,1.0,0.8041237113402062,pointworld,pointworld,0,0,0,0,0,0,17,17,0,283,283,13
TRI+52ca9b6a+2024-01-23-10h-56m-45s,148,28451778,28813166,,1.0,1.0,0.9481481481481482,pointworld,pointworld,10,0,10,13,0,13,17,0,17,22,0,22
TRI+52ca9b6a+2024-01-23-10h-58m-36s,157,28451778,28813166,,1.0,1.0,1.0,pointworld,pointworld,22,0,22,36,8,36,40,14,40,45,19,45
TRI+52ca9b6a+2024-01-23-11h-03m-50s,293,28451778,28813166,,1.0,1.0,0.8852459016393442,pointworld,pointworld,0,0,0,49,0,49,125,0,125,134,0,134
TRI+52ca9b6a+2024-01-23-11h-13m-29s,181,20252535,25947356,,1.0,1.0,1.0,pointworld,pointworld,16,12,16,22,22,20,46,46,24,53,53,44
TRI+52ca9b6a+2024-01-23-11h-16m-17s,224,20252535,25947356,,1.0,1.0,0.9696969696969697,pointworld,pointworld,0,0,0,26,26,0,39,30,39,43,33,43
TRI+52ca9b6a+2024-01-23-13h-31m-41s,174,20252535,25947356,,1.0,1.0,1.0,pointworld,pointworld,16,16,14,18,18,16,21,21,20,24,24,22
TRI+52ca9b6a+2024-01-23-13h-48m-01s,226,20252535,25947356,,1.0,1.0,1.0,pointworld,pointworld,0,0,0,0,0,0,16,0,16,20,0,20
TRI+52ca9b6a+2024-01-23-13h-58m-19s,237,28451778,28813166,,1.0,1.0,1.0,pointworld,pointworld,0,0,0,50,0,50,55,0,55,65,0,65
TRI+52ca9b6a+2024-01-23-15h-49m-45s,131,20252535,25947356,,1.0,1.0,1.0,pointworld,pointworld,0,0,0,0,0,0,19,19,0,102,102,15
TRI+52ca9b6a+2024-01-23-16h-17m-19s,423,28451778,28813166,,1.0,1.0,1.0,pointworld,pointworld,0,0,0,0,0,0,0,0,0,0,0,0
TRI+52ca9b6a+2024-01-23-16h-25m-29s,308,28451778,28813166,,1.0,1.0,1.0,pointworld,pointworld,0,0,0,0,0,0,0,0,0,0,0,0
TRI+52ca9b6a+2024-01-23-16h-33m-34s,204,28451778,28813166,,1.0,1.0,1.0,pointworld,pointworld,0,0,0,0,0,0,0,0,0,0,0,0
TRI+52ca9b6a+2024-01-23-16h-39m-06s,194,28451778,28813166,,1.0,1.0,1.0,pointworld,pointworld,0,0,0,0,0,0,0,0,0,0,0,0
TRI+52ca9b6a+2024-01-23-16h-41m-02s,187,20252535,25947356,,0.6666666666666666,1.0,0.28342245989304815,pointworld,pointworld,0,0,0,0,0,0,-1,-1,26,-1,-1,30
TRI+52ca9b6a+2024-01-23-16h-42m-52s,213,28451778,28813166,,1.0,1.0,1.0,pointworld,pointworld,0,0,0,0,0,0,0,0,0,0,0,0
TRI+52ca9b6a+2024-01-23-16h-44m-18s,272,28451778,28813166,,1.0,1.0,1.0,pointworld,pointworld,0,0,0,0,0,0,0,0,0,13,0,13
TRI+52ca9b6a+2024-01-24-10h-49m-19s,135,20252535,25947356,,1.0,1.0,0.9777777777777777,pointworld,pointworld,0,0,0,0,0,0,0,0,0,18,0,18
TRI+52ca9b6a+2024-01-24-11h-04m-00s,282,28451778,28813166,,1.0,1.0,1.0,pointworld,pointworld,0,0,0,0,0,0,0,0,0,0,0,0
TRI+52ca9b6a+2024-01-24-12h-47m-30s,866,28451778,28813166,,1.0,1.0,0.4226327944572748,pointworld,pointworld,0,0,0,0,0,0,0,0,0,0,0,0
TRI+52ca9b6a+2024-01-24-12h-50m-26s,249,28451778,28813166,,1.0,1.0,0.8870292887029289,pointworld,pointworld,0,0,0,10,10,0,18,18,0,119,119,0
TRI+52ca9b6a+2024-01-24-13h-16m-47s,170,20252535,25947356,,1.0,1.0,1.0,pointworld,pointworld,0,0,0,0,0,0,0,0,0,0,0,0
TRI+52ca9b6a+2024-01-24-13h-20m-19s,203,20252535,25947356,,1.0,1.0,1.0,pointworld,pointworld,0,0,0,0,0,0,17,0,17,22,0,22
TRI+52ca9b6a+2024-01-24-13h-42m-48s,291,28451778,28813166,,1.0,1.0,1.0,pointworld,pointworld,0,0,0,0,0,0,0,0,0,0,0,0
TRI+52ca9b6a+2024-01-24-14h-03m-35s,371,28451778,28813166,,1.0,1.0,1.0,pointworld,pointworld,0,0,0,0,0,0,0,0,0,15,0,15
TRI+52ca9b6a+2024-01-24-14h-37m-55s,190,20252535,25947356,,1.0,1.0,0.8736842105263158,pointworld,pointworld,0,0,0,0,0,0,24,0,24,55,0,55
TRI+52ca9b6a+2024-01-24-14h-54m-11s,211,20252535,25947356,,1.0,1.0,0.7904191616766467,pointworld,pointworld,0,0,0,44,0,44,49,0,49,66,0,66
TRI+52ca9b6a+2024-01-24-15h-06m-13s,228,20252535,25947356,,1.0,1.0,1.0,pointworld,pointworld,37,0,37,54,0,54,59,0,59,151,0,151
TRI+52ca9b6a+2024-01-25-10h-40m-10s,261,28451778,28813166,,1.0,1.0,0.6206896551724138,pointworld,pointworld,0,0,0,0,0,0,137,137,0,139,139,0
TRI+52ca9b6a+2024-01-25-10h-43m-40s,438,20252535,25947356,,1.0,1.0,0.3878048780487805,pointworld,pointworld,25,0,25,28,0,28,31,0,31,45,0,45
TRI+52ca9b6a+2024-01-25-10h-58m-21s,253,28451778,28813166,,1.0,1.0,1.0,pointworld,pointworld,0,0,0,0,0,0,0,0,0,72,72,0
TRI+52ca9b6a+2024-01-25-13h-28m-36s,258,20252535,25947356,,1.0,1.0,0.7222222222222222,pointworld,pointworld,19,0,19,24,0,24,27,0,27,29,0,29
TRI+52ca9b6a+2024-01-25-13h-35m-10s,166,20252535,25947356,,1.0,0.4444444444444444,0.0,pointworld,pointworld,59,0,59,-1,0,-1,-1,0,-1,-1,0,-1
TRI+52ca9b6a+2024-01-25-13h-39m-11s,252,20252535,25947356,,1.0,1.0,1.0,pointworld,pointworld,205,0,205,207,0,207,209,0,209,211,15,211
TRI+52ca9b6a+2024-01-25-13h-54m-44s,145,20252535,25947356,,1.0,1.0,1.0,pointworld,pointworld,12,0,12,14,0,14,16,0,16,29,0,29
TRI+52ca9b6a+2024-01-25-13h-56m-59s,165,20252535,25947356,,1.0,1.0,1.0,pointworld,pointworld,20,0,20,34,0,34,36,0,36,39,0,39
TRI+52ca9b6a+2024-01-25-14h-17m-38s,374,28451778,28813166,,1.0,1.0,1.0,pointworld,pointworld,13,13,0,15,15,0,17,17,0,21,21,0
TRI+52ca9b6a+2024-01-25-14h-36m-04s,213,20252535,25947356,,1.0,1.0,0.6129032258064516,pointworld,pointworld,24,0,24,27,0,27,29,0,29,44,0,44
TRI+52ca9b6a+2024-01-25-14h-50m-29s,266,20252535,25947356,,1.0,1.0,0.42168674698795183,pointworld,pointworld,14,0,14,17,0,17,36,5,36,38,11,38
TRI+52ca9b6a+2024-01-25-14h-59m-01s,191,28451778,28813166,,1.0,1.0,1.0,pointworld,pointworld,17,17,0,19,19,0,34,34,0,38,38,0
TRI+52ca9b6a+2024-01-25-15h-00m-44s,177,28451778,28813166,,1.0,1.0,1.0,pointworld,pointworld,0,0,0,0,0,0,0,0,0,0,0,0
TRI+52ca9b6a+2024-01-25-15h-03m-01s,454,20252535,25947356,,1.0,1.0,0.8288508557457213,pointworld,pointworld,43,0,43,45,0,45,48,0,48,58,21,58
TRI+52ca9b6a+2024-01-25-15h-18m-14s,235,28451778,28813166,,0.9444444444444444,1.0,0.4155251141552511,pointworld,pointworld,13,13,0,16,16,0,68,68,0,-1,-1,0
TRI+52ca9b6a+2024-01-25-15h-18m-59s,177,28451778,28813166,,0.9629629629629629,1.0,0.4154929577464789,pointworld,pointworld,32,32,0,35,35,0,43,43,0,-1,-1,0
TRI+52ca9b6a+2024-01-25-15h-20m-34s,160,28451778,28813166,,1.0,1.0,0.54375,pointworld,pointworld,0,0,0,0,0,0,14,14,0,54,54,0
TRI+52ca9b6a+2024-01-25-16h-01m-49s,226,28451778,28813166,,1.0,1.0,0.48672566371681414,pointworld,pointworld,0,0,0,0,0,0,0,0,0,0,0,0
TRI+52ca9b6a+2024-01-25-16h-02m-47s,191,28451778,28813166,,1.0,1.0,1.0,pointworld,pointworld,0,0,0,0,0,0,0,0,0,0,0,0
TRI+52ca9b6a+2024-01-25-16h-11m-19s,178,28451778,28813166,,1.0,1.0,1.0,pointworld,pointworld,0,0,0,0,0,0,0,0,0,0,0,0
TRI+52ca9b6a+2024-01-25-16h-18m-43s,318,28451778,28813166,,1.0,1.0,0.8930817610062893,pointworld,pointworld,0,0,0,0,0,0,0,0,0,0,0,0
TRI+52ca9b6a+2024-01-25-16h-20m-36s,259,28451778,28813166,,1.0,1.0,0.9575289575289575,pointworld,pointworld,0,0,0,0,0,0,0,0,0,0,0,0
TRI+52ca9b6a+2024-01-25-16h-21m-39s,149,20252535,25947356,,1.0,1.0,1.0,pointworld,pointworld,14,0,14,16,0,16,18,0,18,21,0,21
TRI+52ca9b6a+2024-01-25-16h-33m-03s,392,28451778,28813166,,1.0,1.0,0.826530612244898,pointworld,pointworld,0,0,0,0,0,0,0,0,0,0,0,0
TRI+52ca9b6a+2024-01-25-16h-37m-15s,159,28451778,28813166,,1.0,1.0,1.0,pointworld,pointworld,0,0,0,0,0,0,0,0,0,0,0,0
TRI+52ca9b6a+2024-01-25-16h-41m-41s,227,28451778,28813166,,1.0,1.0,0.973568281938326,pointworld,pointworld,0,0,0,0,0,0,0,0,0,0,0,0
TRI+52ca9b6a+2024-01-25-16h-45m-03s,247,28451778,28813166,,1.0,1.0,0.8461538461538461,pointworld,pointworld,0,0,0,0,0,0,0,0,0,0,0,0
TRI+52ca9b6a+2024-01-25-16h-54m-03s,173,20252535,25947356,,1.0,1.0,0.689873417721519,pointworld,pointworld,13,0,13,15,0,15,17,0,17,20,0,20
TRI+52ca9b6a+2024-01-25-17h-09m-09s,177,28451778,28813166,,1.0,1.0,1.0,pointworld,pointworld,0,0,0,0,0,0,0,0,0,0,0,0
TRI+52ca9b6a+2024-01-25-17h-14m-49s,150,28451778,28813166,,1.0,1.0,1.0,pointworld,pointworld,0,0,0,0,0,0,0,0,0,0,0,0
TRI+52ca9b6a+2024-01-25-17h-15m-42s,160,20252535,25947356,,1.0,1.0,1.0,pointworld,pointworld,128,0,128,131,0,131,134,0,134,140,0,140
TRI+52ca9b6a+2024-01-25-17h-16m-01s,165,20252535,25947356,,1.0,0.9259259259259259,0.6086956521739131,pointworld,pointworld,0,0,0,119,0,119,142,0,142,-1,0,-1
TRI+52ca9b6a+2024-01-25-17h-22m-29s,232,28451778,28813166,,1.0,1.0,1.0,pointworld,pointworld,0,0,0,0,0,0,0,0,0,0,0,0
TRI+52ca9b6a+2024-01-25-17h-22m-53s,113,28451778,28813166,,1.0,1.0,1.0,pointworld,pointworld,0,0,0,0,0,0,0,0,0,0,0,0
TRI+52ca9b6a+2024-01-25-17h-25m-34s,316,28451778,28813166,,1.0,1.0,1.0,pointworld,pointworld,0,0,0,0,0,0,0,0,0,0,0,0
TRI+52ca9b6a+2024-01-29-10h-10m-38s,514,20252535,25947356,,1.0,1.0,1.0,pointworld,pointworld,10,0,10,15,0,15,18,0,18,22,10,22
TRI+52ca9b6a+2024-01-29-10h-14m-07s,363,20252535,25947356,,1.0,1.0,1.0,pointworld,pointworld,0,0,0,0,0,0,15,0,15,20,0,20
TRI+52ca9b6a+2024-01-29-10h-28m-00s,633,20252535,25947356,,1.0,1.0,1.0,pointworld,pointworld,0,0,0,0,0,0,14,0,14,17,0,17
TRI+52ca9b6a+2024-01-29-13h-37m-00s,191,28451778,28813166,,1.0,1.0,1.0,pointworld,pointworld,0,0,0,0,0,0,0,0,0,0,0,0
TRI+52ca9b6a+2024-01-29-14h-01m-35s,244,28451778,28813166,,1.0,1.0,1.0,pointworld,pointworld,0,0,0,0,0,0,0,0,0,0,0,0
TRI+52ca9b6a+2024-01-29-14h-17m-15s,224,20252535,25947356,,1.0,1.0,1.0,pointworld,pointworld,0,0,0,0,0,0,0,0,0,0,0,0
TRI+52ca9b6a+2024-01-29-14h-20m-47s,158,20252535,25947356,,1.0,1.0,1.0,pointworld,pointworld,0,0,0,0,0,0,0,0,0,0,0,0
TRI+52ca9b6a+2024-01-29-14h-54m-19s,166,20252535,25947356,,1.0,1.0,1.0,pointworld,pointworld,0,0,0,0,0,0,0,0,0,0,0,0
TRI+52ca9b6a+2024-01-29-14h-57m-13s,313,20252535,25947356,,1.0,1.0,1.0,pointworld,pointworld,0,0,0,0,0,0,0,0,0,0,0,0
TRI+52ca9b6a+2024-01-29-15h-15m-45s,147,20252535,25947356,,1.0,1.0,1.0,pointworld,pointworld,0,0,0,0,0,0,0,0,0,0,0,0
TRI+52ca9b6a+2024-01-29-15h-30m-18s,309,20252535,25947356,,1.0,1.0,0.8446601941747572,pointworld,pointworld,0,0,0,0,0,0,0,0,0,0,0,0
TRI+52ca9b6a+2024-01-29-15h-40m-08s,195,20252535,25947356,,1.0,1.0,1.0,pointworld,pointworld,0,0,0,0,0,0,0,0,0,0,0,0
TRI+52ca9b6a+2024-01-29-15h-54m-49s,192,28451778,28813166,,1.0,1.0,1.0,pointworld,pointworld,0,0,0,0,0,0,0,0,0,0,0,0
TRI+52ca9b6a+2024-01-29-15h-59m-27s,286,28451778,28813166,,1.0,1.0,1.0,pointworld,pointworld,0,0,0,0,0,0,0,0,0,0,0,0
TRI+52ca9b6a+2024-01-29-16h-07m-28s,197,28451778,28813166,,1.0,1.0,1.0,pointworld,pointworld,0,0,0,0,0,0,0,0,0,0,0,0
TRI+52ca9b6a+2024-01-29-16h-25m-08s,467,28451778,28813166,,1.0,1.0,0.8479657387580299,pointworld,pointworld,0,0,0,0,0,0,0,0,0,0,0,0
TRI+52ca9b6a+2024-01-29-16h-28m-14s,430,28451778,28813166,,1.0,1.0,1.0,pointworld,pointworld,0,0,0,0,0,0,0,0,0,0,0,0
TRI+52ca9b6a+2024-01-29-16h-30m-26s,231,28451778,28813166,,1.0,1.0,1.0,pointworld,pointworld,0,0,0,0,0,0,0,0,0,0,0,0
TRI+52ca9b6a+2024-01-29-16h-46m-53s,198,20252535,25947356,,1.0,1.0,1.0,pointworld,pointworld,0,0,0,0,0,0,0,0,0,0,0,0
TRI+52ca9b6a+2024-01-29-17h-10m-50s,178,28451778,28813166,,1.0,1.0,1.0,pointworld,pointworld,0,0,0,0,0,0,0,0,0,0,0,0
TRI+52ca9b6a+2024-01-30-10h-14m-50s,377,20252535,25947356,,1.0,1.0,1.0,pointworld,pointworld,0,0,0,0,0,0,0,0,0,0,0,0
TRI+52ca9b6a+2024-01-30-10h-32m-36s,380,20252535,25947356,,1.0,1.0,1.0,pointworld,pointworld,0,0,0,0,0,0,0,0,0,0,0,0
TRI+52ca9b6a+2024-01-30-10h-33m-20s,339,20252535,25947356,,1.0,1.0,1.0,pointworld,pointworld,0,0,0,0,0,0,0,0,0,0,0,0
TRI+52ca9b6a+2024-01-30-10h-40m-13s,300,20252535,25947356,,1.0,1.0,1.0,pointworld,pointworld,0,0,0,0,0,0,0,0,0,0,0,0
TRI+52ca9b6a+2024-01-30-11h-07m-38s,148,20252535,25947356,,1.0,1.0,1.0,pointworld,pointworld,0,0,0,0,0,0,0,0,0,0,0,0
TRI+52ca9b6a+2024-01-30-11h-48m-08s,381,20252535,25947356,,1.0,1.0,1.0,pointworld,pointworld,0,0,0,0,0,0,0,0,0,0,0,0
TRI+52ca9b6a+2024-01-30-14h-20m-02s,175,20252535,25947356,,1.0,1.0,1.0,pointworld,pointworld,0,0,0,0,0,0,0,0,0,0,0,0
TRI+52ca9b6a+2024-01-30-14h-24m-37s,222,20252535,25947356,,1.0,1.0,1.0,pointworld,pointworld,0,0,0,0,0,0,0,0,0,0,0,0
TRI+52ca9b6a+2024-01-30-14h-38m-18s,130,20252535,25947356,,1.0,1.0,0.9,pointworld,pointworld,0,0,0,0,0,0,0,0,0,0,0,0
TRI+52ca9b6a+2024-01-30-14h-45m-28s,337,20252535,25947356,,1.0,1.0,1.0,pointworld,pointworld,0,0,0,0,0,0,0,0,0,0,0,0
TRI+52ca9b6a+2024-01-30-15h-03m-07s,143,20252535,25947356,,1.0,1.0,0.8741258741258742,pointworld,pointworld,0,0,0,0,0,0,0,0,0,0,0,0
TRI+52ca9b6a+2024-01-30-15h-22m-59s,330,28451778,28813166,,1.0,1.0,0.8727272727272727,pointworld,pointworld,0,0,0,0,0,0,0,0,0,0,0,0
TRI+52ca9b6a+2024-01-30-15h-28m-04s,242,28451778,28813166,,1.0,1.0,1.0,pointworld,pointworld,0,0,0,0,0,0,0,0,0,0,0,0
TRI+52ca9b6a+2024-01-30-16h-02m-40s,281,20252535,25947356,,1.0,1.0,1.0,pointworld,pointworld,0,0,0,0,0,0,0,0,0,0,0,0
TRI+52ca9b6a+2024-01-30-16h-30m-58s,132,28451778,28813166,,1.0,1.0,1.0,pointworld,pointworld,0,0,0,30,30,0,36,36,0,42,42,24
TRI+52ca9b6a+2024-01-30-16h-43m-53s,244,20252535,25947356,,1.0,1.0,0.6926229508196722,pointworld,pointworld,0,0,0,0,0,0,0,0,0,0,0,0
TRI+52ca9b6a+2024-01-30-16h-46m-26s,87,20252535,25947356,,1.0,1.0,1.0,pointworld,pointworld,0,0,0,0,0,0,0,0,0,0,0,0
TRI+52ca9b6a+2024-01-30-17h-07m-22s,219,20252535,25947356,,1.0,1.0,1.0,pointworld,pointworld,0,0,0,0,0,0,0,0,0,54,26,0
TRI+52ca9b6a+2024-01-30-17h-24m-29s,158,28451778,28813166,,1.0,1.0,1.0,pointworld,pointworld,0,0,0,15,15,0,26,26,0,29,29,0
TRI+52ca9b6a+2024-01-30-17h-27m-22s,138,28451778,28813166,,1.0,1.0,1.0,pointworld,pointworld,0,0,0,16,16,0,20,20,0,24,24,9
TRI+52ca9b6a+2024-01-30-17h-28m-27s,252,28451778,28813166,,1.0,1.0,1.0,pointworld,pointworld,0,0,0,0,0,0,0,0,0,0,0,0
TRI+52ca9b6a+2024-01-31-11h-15m-13s,189,28451778,28813166,,1.0,1.0,1.0,pointworld,pointworld,0,0,0,13,0,13,37,30,37,43,41,43
TRI+52ca9b6a+2024-01-31-11h-39m-21s,187,28451778,28813166,,1.0,1.0,0.8545454545454545,pointworld,pointworld,18,0,18,22,19,22,26,25,26,29,28,29
TRI+52ca9b6a+2024-01-31-15h-41m-05s,163,28451778,28813166,,1.0,1.0,1.0,pointworld,pointworld,0,0,0,0,0,0,0,0,0,27,27,0
TRI+52ca9b6a+2024-01-31-15h-46m-35s,281,28451778,28813166,,1.0,1.0,1.0,pointworld,pointworld,25,25,0,26,26,0,29,29,0,33,33,0
TRI+52ca9b6a+2024-01-31-15h-51m-47s,250,28451778,28813166,,1.0,1.0,0.984,pointworld,pointworld,0,0,0,0,0,0,15,15,0,20,20,0
TRI+52ca9b6a+2024-01-31-15h-54m-21s,211,20252535,25947356,,1.0,1.0,0.2559241706161137,pointworld,pointworld,0,0,0,0,0,0,0,0,0,0,0,0
TRI+52ca9b6a+2024-01-31-15h-59m-07s,395,28451778,28813166,,1.0,1.0,1.0,pointworld,pointworld,0,0,0,0,0,0,0,0,0,49,49,0
TRI+52ca9b6a+2024-01-31-16h-07m-13s,351,20252535,25947356,,1.0,1.0,0.39886039886039887,pointworld,pointworld,0,0,0,0,0,0,0,0,0,0,0,0
TRI+52ca9b6a+2024-01-31-16h-33m-21s,166,20252535,25947356,,1.0,1.0,1.0,pointworld,pointworld,0,0,0,0,0,0,0,0,0,0,0,0
TRI+52ca9b6a+2024-01-31-16h-34m-18s,321,20252535,25947356,,1.0,1.0,0.7694704049844237,pointworld,pointworld,0,0,0,0,0,0,0,0,0,0,0,0
TRI+52ca9b6a+2024-01-31-16h-35m-37s,490,28451778,28813166,,1.0,1.0,0.934640522875817,pointworld,pointworld,26,0,26,31,0,31,37,0,37,42,0,42
TRI+52ca9b6a+2024-01-31-16h-37m-44s,234,20252535,25947356,,1.0,1.0,0.6623931623931624,pointworld,pointworld,0,0,0,0,0,0,0,0,0,0,0,0
TRI+52ca9b6a+2024-02-01-14h-22m-51s,203,20252535,25947356,,1.0,1.0,0.9359605911330049,pointworld,pointworld,0,0,0,0,0,0,0,0,0,0,0,0
TRI+52ca9b6a+2024-02-01-14h-27m-00s,333,28451778,28813166,,1.0,1.0,0.7453874538745388,pointworld,pointworld,48,0,48,62,0,62,67,0,67,211,15,74
TRI+52ca9b6a+2024-02-01-14h-48m-11s,743,28451778,28813166,,1.0,1.0,0.981994459833795,pointworld,pointworld,17,0,17,21,0,21,24,0,24,41,0,41
TRI+52ca9b6a+2024-02-01-15h-06m-39s,198,20252535,25947356,,1.0,1.0,1.0,pointworld,pointworld,0,0,0,0,0,0,0,0,0,0,0,0
TRI+52ca9b6a+2024-02-01-15h-19m-02s,235,20252535,25947356,,1.0,1.0,1.0,pointworld,pointworld,0,0,0,0,0,0,0,0,0,0,0,0
TRI+52ca9b6a+2024-02-01-15h-33m-30s,182,20252535,25947356,,1.0,1.0,0.7912087912087912,pointworld,pointworld,0,0,0,0,0,0,0,0,0,0,0,0
TRI+52ca9b6a+2024-02-01-15h-43m-27s,396,28451778,28813166,,1.0,1.0,0.4592833876221498,pointworld,pointworld,82,0,82,89,0,89,95,0,95,-1,0,108
TRI+52ca9b6a+2024-02-01-15h-50m-01s,174,20252535,25947356,,1.0,1.0,1.0,pointworld,pointworld,0,0,0,0,0,0,0,0,0,0,0,0
TRI+52ca9b6a+2024-02-05-10h-24m-08s,259,20252535,25947356,,1.0,1.0,1.0,pointworld,pointworld,0,0,0,0,0,0,0,0,0,0,0,0
TRI+52ca9b6a+2024-02-05-10h-34m-51s,611,20252535,25947356,,1.0,1.0,0.9590834697217676,pointworld,pointworld,0,0,0,0,0,0,0,0,0,0,0,0
TRI+52ca9b6a+2024-02-05-10h-45m-15s,186,28451778,28813166,,1.0,1.0,0.8924731182795699,pointworld,pointworld,0,0,0,0,0,0,0,0,0,0,0,0
TRI+52ca9b6a+2024-02-05-13h-28m-34s,177,28451778,28813166,,1.0,1.0,1.0,pointworld,pointworld,0,0,0,25,0,25,44,0,44,48,33,48
TRI+52ca9b6a+2024-02-05-13h-31m-19s,172,28451778,28813166,,1.0,1.0,0.8620689655172413,pointworld,pointworld,23,0,23,27,15,27,31,19,31,42,22,42
TRI+52ca9b6a+2024-02-05-13h-44m-06s,100,20252535,25947356,,1.0,1.0,1.0,pointworld,pointworld,0,0,0,0,0,0,0,0,0,0,0,0
TRI+52ca9b6a+2024-02-05-13h-44m-47s,163,28451778,28813166,,1.0,1.0,0.8834355828220859,pointworld,pointworld,0,0,0,0,0,0,36,11,36,39,35,39
TRI+52ca9b6a+2024-02-05-14h-04m-01s,151,20252535,25947356,,1.0,1.0,1.0,pointworld,pointworld,0,0,0,0,0,0,0,0,0,0,0,0
TRI+52ca9b6a+2024-02-05-14h-31m-22s,218,20252535,25947356,,1.0,1.0,1.0,pointworld,pointworld,0,0,0,0,0,0,0,0,0,0,0,0
TRI+52ca9b6a+2024-02-05-14h-43m-37s,127,28451778,28813166,,1.0,1.0,1.0,pointworld,pointworld,27,27,18,30,30,30,32,31,32,36,36,34
TRI+52ca9b6a+2024-02-05-14h-44m-01s,131,20252535,25947356,,1.0,1.0,1.0,pointworld,pointworld,0,0,0,0,0,0,0,0,0,0,0,0
TRI+52ca9b6a+2024-02-05-14h-51m-02s,277,20252535,25947356,,1.0,1.0,1.0,pointworld,pointworld,0,0,0,0,0,0,0,0,0,0,0,0
TRI+52ca9b6a+2024-02-05-14h-56m-38s,201,20252535,25947356,,1.0,1.0,1.0,pointworld,pointworld,0,0,0,0,0,0,0,0,0,0,0,0
TRI+52ca9b6a+2024-02-05-14h-58m-31s,370,28451778,28813166,,1.0,1.0,1.0,pointworld,pointworld,0,0,0,11,0,11,15,11,15,18,17,18
TRI+52ca9b6a+2024-02-06-10h-17m-51s,343,28451778,28813166,,1.0,1.0,1.0,pointworld,pointworld,0,0,0,0,0,0,0,0,0,0,0,0
TRI+52ca9b6a+2024-02-06-10h-35m-40s,248,20252535,25947356,,1.0,1.0,1.0,pointworld,pointworld,0,0,0,0,0,0,0,0,0,0,0,0
TRI+52ca9b6a+2024-02-06-10h-36m-38s,195,20252535,25947356,,1.0,1.0,1.0,pointworld,pointworld,0,0,0,0,0,0,0,0,0,0,0,0
TRI+52ca9b6a+2024-02-06-10h-44m-22s,190,20252535,25947356,,1.0,1.0,1.0,pointworld,pointworld,0,0,0,0,0,0,0,0,0,0,0,0
TRI+52ca9b6a+2024-02-06-10h-45m-47s,355,28451778,28813166,,1.0,1.0,1.0,pointworld,pointworld,0,0,0,0,0,0,0,0,0,0,0,0
TRI+52ca9b6a+2024-02-06-10h-46m-18s,162,20252535,25947356,,1.0,1.0,1.0,pointworld,pointworld,0,0,0,0,0,0,0,0,0,24,24,0
TRI+52ca9b6a+2024-02-06-10h-49m-08s,307,28451778,28813166,,1.0,1.0,1.0,pointworld,pointworld,0,0,0,0,0,0,0,0,0,0,0,0
TRI+52ca9b6a+2024-02-06-12h-03m-18s,209,28451778,28813166,,1.0,1.0,1.0,pointworld,pointworld,0,0,0,0,0,0,0,0,0,0,0,0
TRI+52ca9b6a+2024-02-06-12h-16m-44s,293,28451778,28813166,,1.0,1.0,1.0,pointworld,pointworld,0,0,0,0,0,0,0,0,0,0,0,0
TRI+52ca9b6a+2024-02-06-13h-20m-31s,232,20252535,25947356,,1.0,1.0,0.9181034482758621,pointworld,pointworld,0,0,0,0,0,0,0,0,0,0,0,0
TRI+52ca9b6a+2024-02-06-13h-21m-27s,211,20252535,25947356,,1.0,1.0,0.9478672985781991,pointworld,pointworld,0,0,0,0,0,0,0,0,0,0,0,0
TRI+52ca9b6a+2024-02-06-13h-30m-23s,219,20252535,25947356,,1.0,1.0,0.9726027397260274,pointworld,pointworld,0,0,0,0,0,0,0,0,0,0,0,0
TRI+52ca9b6a+2024-02-06-13h-31m-43s,205,20252535,25947356,,1.0,1.0,1.0,pointworld,pointworld,0,0,0,0,0,0,0,0,0,50,0,50
TRI+52ca9b6a+2024-02-06-13h-45m-13s,294,20252535,25947356,,1.0,1.0,0.45918367346938777,pointworld,pointworld,0,0,0,0,0,0,0,0,0,0,0,0
TRI+52ca9b6a+2024-02-06-13h-48m-06s,150,28451778,28813166,,1.0,1.0,1.0,pointworld,pointworld,0,0,0,0,0,0,0,0,0,0,0,0
TRI+52ca9b6a+2024-02-06-14h-04m-18s,255,20252535,25947356,,1.0,1.0,0.10196078431372549,pointworld,pointworld,0,0,0,0,0,0,0,0,0,14,14,0
TRI+52ca9b6a+2024-02-06-14h-13m-34s,144,28451778,28813166,,1.0,1.0,1.0,pointworld,pointworld,0,0,0,0,0,0,0,0,0,0,0,0
TRI+52ca9b6a+2024-02-06-14h-16m-57s,273,20252535,25947356,,1.0,1.0,0.0695970695970696,pointworld,pointworld,0,0,0,0,0,0,0,0,0,8,8,0
TRI+52ca9b6a+2024-02-06-14h-17m-26s,392,20252535,25947356,,1.0,1.0,0.24744897959183673,pointworld,pointworld,0,0,0,0,0,0,67,67,0,73,73,0
TRI+52ca9b6a+2024-02-06-14h-18m-24s,118,28451778,28813166,,1.0,1.0,1.0,pointworld,pointworld,0,0,0,0,0,0,0,0,0,0,0,0
TRI+52ca9b6a+2024-02-06-15h-12m-51s,276,28451778,28813166,,1.0,1.0,0.6847826086956522,pointworld,pointworld,0,0,0,0,0,0,0,0,0,0,0,0
TRI+52ca9b6a+2024-02-06-15h-20m-34s,192,28451778,28813166,,1.0,1.0,0.90625,pointworld,pointworld,0,0,0,0,0,0,0,0,0,0,0,0
TRI+52ca9b6a+2024-02-06-15h-50m-59s,136,20252535,25947356,,1.0,1.0,1.0,pointworld,pointworld,0,0,0,0,0,0,0,0,0,20,20,0
TRI+52ca9b6a+2024-02-06-15h-52m-45s,253,20252535,25947356,,1.0,1.0,1.0,pointworld,pointworld,17,17,0,20,20,0,24,24,0,43,43,0
TRI+52ca9b6a+2024-02-06-16h-21m-25s,289,28451778,28813166,,1.0,1.0,1.0,pointworld,pointworld,0,0,0,0,0,0,0,0,0,0,0,0
TRI+52ca9b6a+2024-02-06-16h-23m-19s,176,28451778,28813166,,1.0,1.0,1.0,pointworld,pointworld,0,0,0,0,0,0,0,0,0,0,0,0
TRI+52ca9b6a+2024-02-06-16h-25m-13s,277,28451778,28813166,,1.0,1.0,1.0,pointworld,pointworld,0,0,0,0,0,0,0,0,0,23,23,0
TRI+52ca9b6a+2024-02-06-16h-28m-27s,203,20252535,25947356,,1.0,1.0,0.5337078651685393,pointworld,pointworld,20,20,0,25,25,0,29,29,0,43,43,0
TRI+52ca9b6a+2024-02-06-16h-53m-40s,195,20252535,25947356,,1.0,1.0,1.0,pointworld,pointworld,0,0,0,34,34,0,37,37,0,39,39,0
TRI+52ca9b6a+2024-02-06-17h-06m-16s,277,20252535,25947356,,1.0,1.0,1.0,pointworld,pointworld,27,27,0,29,29,0,31,31,0,33,33,0
TRI+52ca9b6a+2024-02-06-17h-06m-43s,174,20252535,25947356,,1.0,1.0,1.0,pointworld,pointworld,0,0,0,0,0,0,12,12,0,16,16,0
TRI+52ca9b6a+2024-02-07-10h-15m-55s,189,20252535,25947356,,1.0,1.0,1.0,pointworld,pointworld,21,21,0,24,24,0,30,30,0,34,34,0
TRI+52ca9b6a+2024-02-07-10h-37m-15s,458,20252535,25947356,,1.0,1.0,1.0,pointworld,pointworld,25,25,0,36,36,0,47,47,0,60,60,0
TRI+52ca9b6a+2024-02-07-10h-52m-57s,321,20252535,25947356,,1.0,1.0,0.652317880794702,pointworld,pointworld,15,15,0,19,19,0,25,25,0,55,55,0
TRI+52ca9b6a+2024-02-07-10h-55m-26s,477,20252535,25947356,,1.0,1.0,0.7835990888382688,pointworld,pointworld,20,20,0,38,38,0,49,49,0,238,238,0
TRI+52ca9b6a+2024-02-07-11h-26m-56s,136,28451778,28813166,,1.0,1.0,1.0,pointworld,pointworld,0,0,0,0,0,0,0,0,0,0,0,0
TRI+52ca9b6a+2024-02-07-13h-54m-31s,151,20252535,25947356,,1.0,1.0,1.0,pointworld,pointworld,0,0,0,0,0,0,15,15,0,20,20,0
TRI+52ca9b6a+2024-02-07-13h-55m-47s,250,20252535,25947356,,1.0,1.0,1.0,pointworld,pointworld,0,0,0,0,0,0,12,12,0,18,18,0
TRI+52ca9b6a+2024-02-07-15h-36m-24s,380,20252535,25947356,,1.0,1.0,0.7710526315789473,pointworld,pointworld,0,0,0,0,0,0,0,0,0,0,0,0
TRI+52ca9b6a+2024-02-08-11h-22m-32s,354,20252535,25947356,,1.0,1.0,1.0,pointworld,pointworld,0,0,0,0,0,0,0,0,0,18,18,0
TRI+52ca9b6a+2024-02-08-11h-23m-53s,165,20252535,25947356,,1.0,1.0,1.0,pointworld,pointworld,0,0,0,0,0,0,0,0,0,0,0,0
TRI+52ca9b6a+2024-02-08-11h-58m-51s,260,20252535,25947356,,1.0,1.0,1.0,pointworld,pointworld,0,0,0,0,0,0,0,0,0,0,0,0
TRI+52ca9b6a+2024-02-08-12h-08m-08s,447,28451778,28813166,,1.0,1.0,1.0,pointworld,pointworld,48,48,13,51,51,16,56,56,18,67,67,20
TRI+52ca9b6a+2024-02-08-13h-58m-07s,285,20252535,25947356,,1.0,1.0,1.0,pointworld,pointworld,0,0,0,0,0,0,0,0,0,0,0,0
TRI+52ca9b6a+2024-02-08-14h-15m-10s,198,20252535,25947356,,1.0,1.0,0.8131313131313131,pointworld,pointworld,0,0,0,0,0,0,0,0,0,0,0,0
TRI+52ca9b6a+2024-02-08-14h-20m-35s,205,28451778,28813166,,1.0,1.0,1.0,pointworld,pointworld,0,0,0,0,0,0,17,16,17,20,19,20
TRI+52ca9b6a+2024-02-08-14h-23m-13s,220,20252535,25947356,,1.0,1.0,1.0,pointworld,pointworld,0,0,0,0,0,0,0,0,0,0,0,0
TRI+52ca9b6a+2024-02-08-14h-30m-31s,190,20252535,25947356,,1.0,1.0,1.0,pointworld,pointworld,0,0,0,0,0,0,0,0,0,0,0,0
TRI+52ca9b6a+2024-02-08-14h-43m-48s,181,28451778,28813166,,1.0,1.0,1.0,pointworld,pointworld,19,0,19,22,0,22,26,17,26,29,20,29
TRI+52ca9b6a+2024-02-08-14h-49m-04s,437,20252535,25947356,,1.0,1.0,0.9954233409610984,pointworld,pointworld,0,0,0,0,0,0,0,0,0,0,0,0
TRI+52ca9b6a+2024-02-08-14h-52m-56s,133,20252535,25947356,,1.0,1.0,1.0,pointworld,pointworld,0,0,0,0,0,0,0,0,0,0,0,0
TRI+52ca9b6a+2024-02-08-14h-59m-55s,279,20252535,25947356,,1.0,1.0,1.0,pointworld,pointworld,0,0,0,0,0,0,0,0,0,0,0,0
TRI+52ca9b6a+2024-02-08-15h-00m-44s,194,20252535,25947356,,1.0,1.0,1.0,pointworld,pointworld,0,0,0,0,0,0,0,0,0,70,0,70
TRI+52ca9b6a+2024-02-08-15h-39m-31s,275,20252535,25947356,,1.0,1.0,0.44,pointworld,pointworld,0,0,0,0,0,0,0,0,0,71,0,71
TRI+52ca9b6a+2024-02-08-15h-46m-28s,477,20252535,25947356,,1.0,1.0,0.8427672955974843,pointworld,pointworld,0,0,0,0,0,0,0,0,0,0,0,0
TRI+52ca9b6a+2024-02-08-16h-07m-51s,200,28451778,28813166,,1.0,1.0,0.84375,pointworld,pointworld,36,36,0,40,40,0,52,52,24,61,61,28
TRI+52ca9b6a+2024-02-08-16h-23m-26s,112,20252535,25947356,,1.0,1.0,0.8571428571428571,pointworld,pointworld,0,0,0,0,0,0,13,0,13,27,0,27
TRI+52ca9b6a+2024-02-08-16h-35m-08s,201,28451778,28813166,,1.0,1.0,1.0,pointworld,pointworld,0,0,0,0,0,0,0,0,0,0,0,0
TRI+52ca9b6a+2024-02-08-16h-40m-31s,167,20252535,25947356,,1.0,1.0,0.9940119760479041,pointworld,pointworld,0,0,0,0,0,0,0,0,0,51,0,51
TRI+52ca9b6a+2024-02-08-16h-53m-13s,175,20252535,25947356,,1.0,1.0,0.8,pointworld,pointworld,0,0,0,0,0,0,0,0,0,0,0,0
TRI+52ca9b6a+2024-02-08-17h-00m-21s,133,28451778,28813166,,1.0,1.0,1.0,pointworld,pointworld,0,0,0,0,0,0,0,0,0,0,0,0
TRI+52ca9b6a+2024-02-08-17h-05m-31s,141,28451778,28813166,,1.0,1.0,1.0,pointworld,pointworld,0,0,0,0,0,0,0,0,0,0,0,0
TRI+52ca9b6a+2024-02-08-17h-11m-11s,334,28451778,28813166,,1.0,1.0,1.0,pointworld,pointworld,0,0,0,0,0,0,0,0,0,0,0,0
TRI+52ca9b6a+2024-02-08-17h-13m-40s,169,28451778,28813166,,1.0,1.0,1.0,pointworld,pointworld,0,0,0,0,0,0,0,0,0,0,0,0
TRI+52ca9b6a+2024-02-12-09h-55m-31s,416,20252535,25947356,,1.0,1.0,1.0,pointworld,pointworld,0,0,0,0,0,0,0,0,0,0,0,0
TRI+52ca9b6a+2024-02-12-09h-57m-24s,174,20252535,25947356,,1.0,1.0,1.0,pointworld,pointworld,0,0,0,0,0,0,0,0,0,0,0,0
TRI+52ca9b6a+2024-02-12-10h-36m-28s,252,20252535,25947356,,1.0,1.0,1.0,pointworld,pointworld,0,0,0,0,0,0,0,0,0,0,0,0
TRI+52ca9b6a+2024-02-12-11h-09m-46s,267,20252535,25947356,,1.0,1.0,1.0,pointworld,pointworld,0,0,0,0,0,0,0,0,0,14,14,0
TRI+52ca9b6a+2024-02-12-13h-32m-43s,313,20252535,25947356,,1.0,1.0,1.0,pointworld,pointworld,0,0,0,0,0,0,0,0,0,0,0,0
TRI+52ca9b6a+2024-02-12-13h-38m-22s,241,20252535,25947356,,1.0,1.0,1.0,pointworld,pointworld,0,0,0,0,0,0,0,0,0,0,0,0
TRI+52ca9b6a+2024-02-12-13h-52m-52s,153,20252535,25947356,,1.0,1.0,1.0,pointworld,pointworld,0,0,0,0,0,0,0,0,0,0,0,0
TRI+52ca9b6a+2024-02-12-13h-56m-38s,244,28451778,28813166,,1.0,1.0,0.9549180327868853,pointworld,pointworld,0,0,0,0,0,0,0,0,0,0,0,0
TRI+52ca9b6a+2024-02-12-13h-59m-17s,292,20252535,25947356,,1.0,1.0,1.0,pointworld,pointworld,0,0,0,0,0,0,0,0,0,0,0,0
TRI+52ca9b6a+2024-02-12-14h-06m-08s,227,28451778,28813166,,1.0,1.0,0.7797356828193832,pointworld,pointworld,0,0,0,0,0,0,0,0,0,118,118,0
TRI+52ca9b6a+2024-02-12-14h-48m-44s,286,20252535,25947356,,1.0,1.0,1.0,pointworld,pointworld,0,0,0,0,0,0,0,0,0,0,0,0
TRI+52ca9b6a+2024-02-12-15h-16m-09s,221,28451778,28813166,,1.0,1.0,1.0,pointworld,pointworld,0,0,0,0,0,0,0,0,0,0,0,0
TRI+52ca9b6a+2024-02-12-15h-18m-00s,120,28451778,28813166,,1.0,1.0,1.0,pointworld,pointworld,0,0,0,0,0,0,0,0,0,0,0,0
TRI+52ca9b6a+2024-02-12-15h-19m-03s,100,20252535,25947356,,1.0,1.0,1.0,pointworld,pointworld,0,0,0,0,0,0,0,0,0,0,0,0
TRI+52ca9b6a+2024-02-12-15h-25m-16s,219,20252535,25947356,,1.0,1.0,1.0,pointworld,pointworld,0,0,0,0,0,0,0,0,0,0,0,0
TRI+52ca9b6a+2024-02-12-15h-33m-10s,383,28451778,28813166,,1.0,1.0,1.0,pointworld,pointworld,0,0,0,0,0,0,0,0,0,0,0,0
TRI+52ca9b6a+2024-02-12-16h-23m-33s,271,20252535,25947356,,1.0,1.0,1.0,pointworld,pointworld,0,0,0,0,0,0,0,0,0,0,0,0
TRI+52ca9b6a+2024-02-12-16h-43m-39s,406,20252535,25947356,,1.0,1.0,1.0,pointworld,pointworld,0,0,0,0,0,0,0,0,0,0,0,0
TRI+52ca9b6a+2024-02-12-16h-44m-43s,173,20252535,25947356,,1.0,1.0,1.0,pointworld,pointworld,0,0,0,0,0,0,0,0,0,0,0,0
TRI+52ca9b6a+2024-02-13-10h-49m-15s,188,20252535,25947356,,1.0,1.0,0.7712765957446809,pointworld,pointworld,0,0,0,0,0,0,0,0,0,0,0,0
TRI+52ca9b6a+2024-02-13-11h-07m-14s,186,20252535,25947356,,1.0,1.0,1.0,pointworld,pointworld,0,0,0,0,0,0,0,0,0,0,0,0
TRI+52ca9b6a+2024-02-13-15h-03m-30s,149,20252535,25947356,,1.0,1.0,1.0,pointworld,pointworld,0,0,0,0,0,0,0,0,0,0,0,0
TRI+52ca9b6a+2024-02-13-15h-04m-50s,170,20252535,25947356,,1.0,1.0,1.0,pointworld,pointworld,0,0,0,0,0,0,0,0,0,0,0,0
TRI+52ca9b6a+2024-02-13-15h-14m-58s,191,20252535,25947356,,1.0,1.0,1.0,pointworld,pointworld,0,0,0,8,0,8,13,0,13,30,0,30
TRI+52ca9b6a+2024-02-13-15h-16m-34s,189,20252535,25947356,,1.0,1.0,1.0,pointworld,pointworld,0,0,0,17,0,17,21,0,21,25,0,25
TRI+52ca9b6a+2024-02-13-15h-16m-57s,162,20252535,25947356,,1.0,1.0,1.0,pointworld,pointworld,0,0,0,0,0,0,0,0,0,0,0,0
TRI+52ca9b6a+2024-02-13-15h-17m-15s,160,20252535,25947356,,1.0,1.0,1.0,pointworld,pointworld,0,0,0,0,0,0,0,0,0,13,0,13
TRI+52ca9b6a+2024-02-13-16h-03m-29s,135,20252535,25947356,,1.0,1.0,1.0,pointworld,pointworld,0,0,0,0,0,0,0,0,0,0,0,0
TRI+52ca9b6a+2024-02-13-16h-05m-04s,146,20252535,25947356,,1.0,1.0,1.0,pointworld,pointworld,0,0,0,0,0,0,9,0,9,17,0,17
TRI+7dfa2da3+2023-10-12-13h-20m-22s,171,29431508,29513368,,1.0,1.0,1.0,pointworld,pointworld,0,0,0,18,14,0,23,17,23,29,22,29
TRI+7dfa2da3+2023-10-12-13h-22m-11s,307,29431508,29513368,,1.0,1.0,1.0,pointworld,pointworld,0,0,0,28,15,0,32,27,32,37,31,37
TRI+938130c4+2023-08-07-14h-00m-35s,181,23404442,29838012,,1.0,1.0,1.0,pointworld,pointworld,0,0,0,0,0,0,0,0,0,16,0,16
TRI+938130c4+2023-08-07-14h-16m-16s,149,23404442,29838012,,1.0,1.0,1.0,pointworld,pointworld,0,0,0,0,0,0,9,0,9,14,0,14
TRI+938130c4+2023-08-07-14h-27m-11s,390,23404442,29838012,,1.0,1.0,1.0,pointworld,pointworld,0,0,0,0,0,0,0,0,0,0,0,0
TRI+938130c4+2023-08-07-15h-16m-01s,139,23404442,29838012,,1.0,1.0,1.0,pointworld,pointworld,0,0,0,0,0,0,17,0,17,21,0,21
TRI+938130c4+2023-08-07-15h-25m-28s,290,23404442,29838012,,1.0,1.0,1.0,pointworld,pointworld,0,0,0,0,0,0,0,0,0,17,0,17
TRI+938130c4+2023-08-07-15h-40m-11s,98,23404442,29838012,,1.0,1.0,1.0,pointworld,pointworld,0,0,0,8,0,8,12,0,12,14,9,14
TRI+938130c4+2023-08-07-16h-06m-12s,192,23404442,29838012,,1.0,1.0,1.0,pointworld,pointworld,0,0,0,0,0,0,0,0,0,27,0,27
TRI+938130c4+2023-08-07-16h-14m-02s,186,23404442,29838012,,1.0,1.0,1.0,pointworld,pointworld,0,0,0,0,0,0,0,0,0,0,0,0
TRI+938130c4+2023-08-07-16h-53m-30s,263,23404442,29838012,,1.0,1.0,1.0,pointworld,pointworld,0,0,0,10,0,10,13,0,13,16,9,16
TRI+938130c4+2023-08-07-17h-07m-30s,125,23404442,29838012,,1.0,1.0,1.0,pointworld,pointworld,0,0,0,7,0,7,15,0,15,18,9,18
TRI+938130c4+2023-08-07-17h-16m-11s,185,23404442,29838012,,1.0,1.0,1.0,pointworld,pointworld,12,0,12,17,0,17,21,0,21,24,14,24
TRI+938130c4+2023-08-07-17h-23m-27s,236,23404442,29838012,,1.0,1.0,1.0,pointworld,pointworld,0,0,0,0,0,0,0,0,0,21,0,21
TRI+938130c4+2023-08-07-17h-24m-50s,302,23404442,29838012,,1.0,1.0,1.0,pointworld,pointworld,7,0,7,14,0,14,22,0,22,26,12,26
TRI+938130c4+2023-08-07-17h-30m-10s,138,23404442,29838012,,1.0,1.0,1.0,pointworld,pointworld,0,0,0,0,0,0,0,0,0,10,0,10
TRI+938130c4+2023-08-07-17h-31m-21s,132,23404442,29838012,,1.0,1.0,1.0,pointworld,pointworld,7,0,7,10,0,10,13,0,13,15,8,15
TRI+938130c4+2023-08-07-17h-55m-57s,230,23404442,29838012,,1.0,1.0,1.0,pointworld,pointworld,0,0,0,0,0,0,12,0,12,15,0,15
TRI+938130c4+2023-08-07-17h-56m-25s,128,23404442,29838012,,1.0,1.0,1.0,pointworld,pointworld,7,0,7,10,0,10,13,0,13,15,8,15
TRI+938130c4+2023-08-07-18h-01m-40s,179,23404442,29838012,,1.0,1.0,1.0,pointworld,pointworld,0,0,0,0,0,0,0,0,0,0,0,0
TRI+938130c4+2023-08-07-18h-06m-09s,166,23404442,29838012,,1.0,1.0,1.0,pointworld,pointworld,0,0,0,0,0,0,0,0,0,12,0,12
TRI+938130c4+2023-08-07-18h-12m-27s,86,23404442,29838012,,1.0,1.0,1.0,pointworld,pointworld,0,0,0,0,0,0,0,0,0,0,0,0
TRI+938130c4+2023-08-07-18h-20m-43s,133,23404442,29838012,,1.0,1.0,1.0,pointworld,pointworld,0,0,0,0,0,0,16,0,16,19,12,19
TRI+938130c4+2023-08-08-08h-54m-22s,229,23404442,29838012,,1.0,1.0,1.0,pointworld,pointworld,0,0,0,0,0,0,17,12,17,21,21,21
TRI+938130c4+2023-08-08-09h-01m-29s,172,23404442,29838012,,1.0,1.0,1.0,pointworld,pointworld,0,0,0,0,0,0,0,0,0,0,0,0
TRI+938130c4+2023-08-08-09h-04m-12s,131,23404442,29838012,,1.0,1.0,1.0,pointworld,pointworld,0,0,0,0,0,0,8,8,6,12,12,11
TRI+938130c4+2023-08-08-09h-12m-09s,205,23404442,29838012,,1.0,1.0,1.0,pointworld,pointworld,0,0,0,0,0,0,0,0,0,0,0,0
TRI+938130c4+2023-08-08-09h-33m-50s,155,23404442,29838012,,1.0,1.0,1.0,pointworld,pointworld,0,0,0,0,0,0,0,0,0,12,12,12
TRI+938130c4+2023-08-08-09h-39m-22s,339,23404442,29838012,,1.0,1.0,1.0,pointworld,pointworld,0,0,0,0,0,0,0,0,0,9,7,9
TRI+938130c4+2023-08-08-09h-51m-54s,179,23404442,29838012,,1.0,1.0,1.0,pointworld,pointworld,0,0,0,0,0,0,0,0,0,8,8,0
TRI+938130c4+2023-08-08-09h-54m-40s,374,23404442,29838012,,1.0,1.0,1.0,pointworld,pointworld,0,0,0,0,0,0,0,0,0,0,0,0
TRI+938130c4+2023-08-09-08h-51m-08s,216,23404442,29838012,,1.0,1.0,1.0,pointworld,pointworld,0,0,0,0,0,0,0,0,0,0,0,0
TRI+938130c4+2023-08-09-08h-54m-31s,189,23404442,29838012,,1.0,1.0,1.0,pointworld,pointworld,0,0,0,0,0,0,0,0,0,0,0,0
TRI+938130c4+2023-08-09-08h-55m-40s,202,23404442,29838012,,1.0,1.0,1.0,pointworld,pointworld,0,0,0,0,0,0,0,0,0,0,0,0
TRI+938130c4+2023-08-09-09h-00m-18s,118,23404442,29838012,,1.0,1.0,1.0,pointworld,pointworld,0,0,0,0,0,0,0,0,0,0,0,0
TRI+938130c4+2023-08-09-09h-13m-08s,159,23404442,29838012,,1.0,1.0,0.6477987421383647,pointworld,pointworld,0,0,0,0,0,0,0,0,0,0,0,0
TRI+938130c4+2023-08-09-09h-28m-37s,193,23404442,29838012,,1.0,1.0,1.0,pointworld,pointworld,0,0,0,0,0,0,0,0,0,0,0,0
TRI+938130c4+2023-08-09-09h-29m-24s,286,23404442,29838012,,1.0,1.0,1.0,pointworld,pointworld,0,0,0,0,0,0,0,0,0,16,16,0
TRI+938130c4+2023-08-09-09h-44m-40s,179,23404442,29838012,,1.0,1.0,1.0,pointworld,pointworld,0,0,0,0,0,0,0,0,0,0,0,0
TRI+938130c4+2023-08-09-10h-21m-05s,187,23404442,29838012,,1.0,1.0,1.0,pointworld,pointworld,0,0,0,0,0,0,8,8,0,10,10,0
TRI+938130c4+2023-08-09-10h-26m-27s,268,23404442,29838012,,1.0,1.0,1.0,pointworld,pointworld,0,0,0,0,0,0,0,0,0,0,0,0
TRI+938130c4+2023-08-09-10h-26m-56s,231,23404442,29838012,,1.0,1.0,1.0,pointworld,pointworld,0,0,0,0,0,0,0,0,0,7,7,0
TRI+938130c4+2023-08-09-10h-32m-40s,290,23404442,29838012,,1.0,1.0,1.0,pointworld,pointworld,0,0,0,0,0,0,0,0,0,0,0,0
TRI+938130c4+2023-08-09-10h-53m-51s,260,23404442,29838012,,1.0,1.0,1.0,pointworld,pointworld,0,0,0,0,0,0,0,0,0,0,0,0
TRI+938130c4+2023-08-09-11h-09m-18s,118,23404442,29838012,,1.0,1.0,1.0,pointworld,pointworld,0,0,0,0,0,0,0,0,0,0,0,0
TRI+938130c4+2023-08-09-11h-38m-48s,140,23404442,29838012,,1.0,1.0,1.0,pointworld,pointworld,0,0,0,0,0,0,0,0,0,0,0,0
TRI+938130c4+2023-08-09-11h-53m-06s,281,23404442,29838012,,1.0,1.0,1.0,pointworld,pointworld,0,0,0,0,0,0,0,0,0,12,12,0
TRI+938130c4+2023-08-09-13h-52m-53s,366,23404442,29838012,,1.0,1.0,1.0,pointworld,pointworld,0,0,0,0,0,0,0,0,0,0,0,0
TRI+938130c4+2023-08-09-13h-54m-39s,157,23404442,29838012,,1.0,1.0,1.0,pointworld,pointworld,0,0,0,0,0,0,0,0,0,0,0,0
TRI+938130c4+2023-08-09-13h-57m-17s,228,23404442,29838012,,1.0,1.0,1.0,pointworld,pointworld,0,0,0,0,0,0,0,0,0,0,0,0
TRI+938130c4+2023-08-09-13h-57m-48s,104,23404442,29838012,,1.0,1.0,1.0,pointworld,pointworld,0,0,0,0,0,0,0,0,0,9,9,0
TRI+938130c4+2023-08-09-14h-15m-08s,382,23404442,29838012,,1.0,1.0,1.0,pointworld,pointworld,0,0,0,0,0,0,0,0,0,0,0,0
TRI+938130c4+2023-08-09-14h-25m-48s,366,23404442,29838012,,1.0,1.0,1.0,pointworld,pointworld,0,0,0,0,0,0,0,0,0,0,0,0
TRI+938130c4+2023-08-09-14h-32m-04s,116,23404442,29838012,,1.0,1.0,1.0,pointworld,pointworld,0,0,0,0,0,0,0,0,0,0,0,0
TRI+938130c4+2023-08-09-14h-36m-44s,395,23404442,29838012,,1.0,1.0,1.0,pointworld,pointworld,0,0,0,0,0,0,0,0,0,0,0,0
TRI+938130c4+2023-08-09-15h-22m-20s,121,23404442,29838012,,1.0,1.0,1.0,pointworld,pointworld,0,0,0,0,0,0,0,0,0,12,12,0
TRI+938130c4+2023-08-09-15h-27m-43s,152,23404442,29838012,,1.0,1.0,1.0,pointworld,pointworld,0,0,0,0,0,0,0,0,0,0,0,0
TRI+938130c4+2023-08-09-15h-29m-51s,305,23404442,29838012,,1.0,1.0,1.0,pointworld,pointworld,0,0,0,0,0,0,0,0,0,0,0,0
TRI+938130c4+2023-08-09-15h-33m-01s,208,23404442,29838012,,1.0,1.0,1.0,pointworld,pointworld,0,0,0,0,0,0,0,0,0,0,0,0
TRI+938130c4+2023-08-09-15h-58m-44s,241,23404442,29838012,,1.0,1.0,1.0,pointworld,pointworld,0,0,0,0,0,0,0,0,0,6,6,0
TRI+938130c4+2023-08-09-16h-50m-13s,187,23404442,29838012,,1.0,1.0,1.0,pointworld,pointworld,0,0,0,0,0,0,0,0,0,0,0,0
TRI+938130c4+2023-08-09-17h-02m-06s,212,23404442,29838012,,1.0,1.0,1.0,pointworld,pointworld,0,0,0,0,0,0,0,0,0,0,0,0
TRI+938130c4+2023-08-09-17h-30m-35s,116,23404442,29838012,,1.0,1.0,0.8448275862068966,pointworld,pointworld,0,0,0,0,0,0,5,0,5,9,6,9
TRI+938130c4+2023-08-09-17h-37m-13s,306,23404442,29838012,,1.0,1.0,1.0,pointworld,pointworld,0,0,0,0,0,0,0,0,0,0,0,0
TRI+938130c4+2023-08-10-09h-00m-22s,145,20252535,25947356,,1.0,1.0,1.0,pointworld,pointworld,0,0,0,0,0,0,0,0,0,0,0,0
TRI+938130c4+2023-08-10-09h-32m-33s,237,20252535,25947356,,1.0,1.0,1.0,pointworld,pointworld,0,0,0,0,0,0,0,0,0,0,0,0
TRI+938130c4+2023-08-10-10h-06m-22s,200,20252535,25947356,,1.0,1.0,1.0,pointworld,pointworld,0,0,0,0,0,0,0,0,0,0,0,0
TRI+938130c4+2023-08-10-10h-11m-41s,195,20252535,25947356,,1.0,1.0,1.0,pointworld,pointworld,0,0,0,0,0,0,0,0,0,12,12,7
TRI+938130c4+2023-08-10-10h-20m-51s,185,20252535,25947356,,1.0,1.0,1.0,pointworld,pointworld,0,0,0,0,0,0,0,0,0,0,0,0
TRI+938130c4+2023-08-10-10h-23m-31s,191,20252535,25947356,,1.0,1.0,1.0,pointworld,pointworld,0,0,0,0,0,0,0,0,0,0,0,0
TRI+938130c4+2023-08-10-10h-25m-02s,132,20252535,25947356,,1.0,1.0,1.0,pointworld,pointworld,0,0,0,0,0,0,4,4,0,8,8,7
TRI+938130c4+2023-08-10-10h-37m-31s,246,20252535,25947356,,1.0,1.0,1.0,pointworld,pointworld,0,0,0,0,0,0,0,0,0,0,0,0
TRI+938130c4+2023-08-10-10h-38m-13s,250,20252535,25947356,,1.0,1.0,1.0,pointworld,pointworld,0,0,0,0,0,0,0,0,0,14,14,11
TRI+938130c4+2023-08-10-10h-40m-42s,377,20252535,25947356,,1.0,1.0,1.0,pointworld,pointworld,0,0,0,0,0,0,0,0,0,0,0,0
TRI+938130c4+2023-08-10-10h-59m-03s,142,20252535,25947356,,1.0,1.0,1.0,pointworld,pointworld,0,0,0,0,0,0,0,0,0,0,0,0
TRI+938130c4+2023-08-10-14h-30m-06s,314,20252535,25947356,,1.0,1.0,1.0,pointworld,pointworld,0,0,0,0,0,0,0,0,0,0,0,0
TRI+938130c4+2023-08-10-14h-33m-06s,192,20252535,25947356,,1.0,1.0,1.0,pointworld,pointworld,0,0,0,0,0,0,0,0,0,16,16,14
TRI+938130c4+2023-08-10-14h-41m-11s,258,20252535,25947356,,1.0,1.0,1.0,pointworld,pointworld,0,0,0,0,0,0,0,0,0,0,0,0
TRI+938130c4+2023-08-10-15h-53m-54s,384,20252535,25947356,,1.0,1.0,1.0,pointworld,pointworld,0,0,0,0,0,0,0,0,0,0,0,0
TRI+938130c4+2023-08-10-15h-55m-12s,137,20252535,25947356,,1.0,1.0,1.0,pointworld,pointworld,0,0,0,0,0,0,0,0,0,0,0,0
TRI+938130c4+2023-08-10-15h-59m-05s,203,20252535,25947356,,1.0,1.0,1.0,pointworld,pointworld,0,0,0,0,0,0,0,0,0,0,0,0
TRI+938130c4+2023-08-10-16h-03m-18s,292,20252535,25947356,,1.0,1.0,1.0,pointworld,pointworld,0,0,0,0,0,0,0,0,0,0,0,0
TRI+938130c4+2023-08-10-16h-07m-29s,114,20252535,25947356,,1.0,1.0,1.0,pointworld,pointworld,0,0,0,0,0,0,0,0,0,0,0,0
TRI+938130c4+2023-08-10-16h-26m-53s,169,20252535,25947356,,1.0,1.0,1.0,pointworld,pointworld,0,0,0,0,0,0,0,0,0,0,0,0
TRI+938130c4+2023-08-10-16h-35m-28s,299,20252535,25947356,,1.0,1.0,1.0,pointworld,pointworld,0,0,0,0,0,0,0,0,0,0,0,0
TRI+938130c4+2023-08-10-17h-02m-59s,257,20252535,25947356,,1.0,1.0,1.0,pointworld,pointworld,0,0,0,0,0,0,0,0,0,0,0,0
TRI+938130c4+2023-08-10-17h-08m-18s,293,20252535,25947356,,1.0,1.0,1.0,pointworld,pointworld,0,0,0,0,0,0,0,0,0,0,0,0
TRI+938130c4+2023-08-10-17h-20m-13s,350,20252535,25947356,,1.0,1.0,1.0,pointworld,pointworld,0,0,0,0,0,0,0,0,0,0,0,0
TRI+938130c4+2023-08-10-17h-44m-14s,144,20252535,25947356,,1.0,1.0,1.0,pointworld,pointworld,0,0,0,0,0,0,0,0,0,0,0,0
TRI+938130c4+2023-08-21-14h-01m-28s,234,20252535,25947356,,1.0,1.0,1.0,pointworld,pointworld,0,0,0,0,0,0,0,0,0,0,0,0
TRI+938130c4+2023-08-21-14h-02m-21s,232,20252535,25947356,,1.0,1.0,1.0,pointworld,pointworld,0,0,0,0,0,0,0,0,0,0,0,0
TRI+938130c4+2023-08-21-14h-12m-12s,269,20252535,25947356,,1.0,1.0,1.0,pointworld,pointworld,0,0,0,0,0,0,0,0,0,0,0,0
TRI+938130c4+2023-08-21-14h-15m-45s,253,20252535,25947356,,1.0,1.0,0.09090909090909091,pointworld,pointworld,0,0,0,0,0,0,0,0,0,0,0,0
TRI+938130c4+2023-08-21-14h-16m-59s,220,20252535,25947356,,1.0,1.0,1.0,pointworld,pointworld,0,0,0,0,0,0,0,0,0,0,0,0
TRI+938130c4+2023-08-21-14h-20m-09s,219,20252535,25947356,,1.0,1.0,1.0,pointworld,pointworld,0,0,0,0,0,0,0,0,0,0,0,0
TRI+938130c4+2023-08-21-14h-46m-21s,244,20252535,25947356,,1.0,1.0,1.0,pointworld,pointworld,0,0,0,0,0,0,0,0,0,0,0,0
TRI+938130c4+2023-08-21-14h-55m-10s,283,20252535,25947356,,1.0,1.0,1.0,pointworld,pointworld,0,0,0,0,0,0,0,0,0,0,0,0
TRI+938130c4+2023-08-21-14h-55m-38s,350,20252535,25947356,,1.0,1.0,1.0,pointworld,pointworld,0,0,0,0,0,0,0,0,0,0,0,0
TRI+938130c4+2023-08-21-14h-58m-42s,133,20252535,25947356,,1.0,1.0,1.0,pointworld,pointworld,0,0,0,0,0,0,0,0,0,0,0,0
TRI+938130c4+2023-08-21-17h-21m-43s,207,20252535,25947356,,1.0,1.0,1.0,pointworld,pointworld,0,0,0,0,0,0,0,0,0,0,0,0
TRI+938130c4+2023-08-21-17h-38m-07s,150,20252535,25947356,,1.0,1.0,1.0,pointworld,pointworld,0,0,0,0,0,0,0,0,0,0,0,0
TRI+938130c4+2023-08-21-17h-42m-08s,168,20252535,25947356,,1.0,1.0,1.0,pointworld,pointworld,0,0,0,0,0,0,0,0,0,11,11,0
TRI+938130c4+2023-08-21-17h-44m-22s,223,20252535,25947356,,1.0,1.0,1.0,pointworld,pointworld,0,0,0,0,0,0,0,0,0,0,0,0
TRI+938130c4+2023-08-21-18h-00m-19s,175,20252535,25947356,,1.0,1.0,1.0,pointworld,pointworld,0,0,0,0,0,0,0,0,0,16,16,0
TRI+938130c4+2023-08-22-11h-01m-15s,224,20252535,25947356,,1.0,1.0,1.0,pointworld,pointworld,0,0,0,0,0,0,15,15,0,20,20,17
TRI+938130c4+2023-08-22-11h-10m-54s,182,20252535,25947356,,1.0,1.0,1.0,pointworld,pointworld,0,0,0,0,0,0,13,13,0,21,21,0
TRI+938130c4+2023-08-22-11h-11m-57s,257,20252535,25947356,,1.0,1.0,1.0,pointworld,pointworld,0,0,0,0,0,0,0,0,0,0,0,0
TRI+938130c4+2023-08-22-11h-17m-59s,322,20252535,25947356,,1.0,1.0,1.0,pointworld,pointworld,0,0,0,0,0,0,0,0,0,0,0,0
TRI+938130c4+2023-08-22-11h-39m-03s,383,20252535,25947356,,1.0,1.0,1.0,pointworld,pointworld,0,0,0,0,0,0,0,0,0,0,0,0
TRI+938130c4+2023-08-22-16h-06m-39s,146,20252535,25947356,,1.0,1.0,1.0,pointworld,pointworld,0,0,0,0,0,0,0,0,0,0,0,0
TRI+938130c4+2023-08-22-16h-15m-47s,356,20252535,25947356,,1.0,1.0,0.9859550561797753,pointworld,pointworld,0,0,0,0,0,0,0,0,0,0,0,0
TRI+938130c4+2023-08-22-17h-38m-47s,112,20252535,25947356,,1.0,1.0,1.0,pointworld,pointworld,0,0,0,0,0,0,0,0,0,17,0,17
TRI+a23987ac+2023-10-12-11h-17m-45s,494,28451778,28813166,,1.0,1.0,0.979757085020243,pointworld,pointworld,0,0,0,0,0,0,75,75,0,88,88,68
TRI+a23987ac+2023-10-12-11h-19m-56s,426,28451778,28813166,,1.0,1.0,1.0,pointworld,pointworld,0,0,0,0,0,0,0,0,0,0,0,0
TRI+a23987ac+2023-10-12-11h-45m-10s,439,28451778,28813166,,1.0,1.0,0.6605922551252847,pointworld,pointworld,0,0,0,0,0,0,0,0,0,0,0,0
TRI+a23987ac+2023-10-12-13h-10m-33s,436,28451778,28813166,,1.0,1.0,1.0,pointworld,pointworld,0,0,0,0,0,0,0,0,0,0,0,0
TRI+a23987ac+2023-10-12-13h-17m-54s,380,28451778,28813166,,1.0,1.0,1.0,pointworld,pointworld,0,0,0,0,0,0,0,0,0,0,0,0
TRI+a8754edb+2023-10-12-09h-53m-24s,587,28451778,28813166,,1.0,1.0,0.9965928449744463,pointworld,pointworld,0,0,0,0,0,0,0,0,0,0,0,0
TRI+a8754edb+2023-10-12-09h-58m-46s,903,28451778,28813166,,1.0,1.0,1.0,pointworld,pointworld,0,0,0,0,0,0,0,0,0,0,0,0
TRI+a8754edb+2023-10-12-10h-24m-40s,228,28451778,28813166,,1.0,1.0,1.0,pointworld,pointworld,0,0,0,0,0,0,0,0,0,0,0,0
TRI+a8754edb+2023-10-12-10h-29m-09s,426,28451778,28813166,,1.0,1.0,0.23708920187793428,pointworld,pointworld,0,0,0,0,0,0,16,16,0,21,21,0
TRI+a8754edb+2023-10-12-10h-49m-38s,203,28451778,28813166,,1.0,1.0,1.0,pointworld,pointworld,0,0,0,0,0,0,0,0,0,0,0,0
TRI+a8754edb+2023-10-12-18h-13m-33s,540,29431508,29513368,,1.0,1.0,1.0,pointworld,pointworld,0,0,0,0,0,0,0,0,0,0,0,0
TRI+a8754edb+2023-10-12-18h-22m-19s,610,29431508,29513368,,1.0,1.0,0.9688524590163935,pointworld,pointworld,0,0,0,0,0,0,0,0,0,33,0,33
WEIRD+30c3da59+2023-11-13-19h-59m-52s,362,23804457,28834630,,1.0,1.0,1.0,pointworld,pointworld,0,0,0,0,0,0,0,0,0,0,0,0
WEIRD+30c3da59+2023-12-01-17h-14m-41s,228,23804457,28834630,,1.0,1.0,1.0,pointworld,pointworld,0,0,0,0,0,0,0,0,0,0,0,0
WEIRD+30c3da59+2023-12-01-17h-19m-25s,765,23804457,28834630,,1.0,1.0,0.665359477124183,pointworld,pointworld,0,0,0,0,0,0,0,0,0,0,0,0
WEIRD+30c3da59+2023-12-06-17h-29m-17s,331,23804457,28834630,,1.0,1.0,0.3021148036253776,pointworld,pointworld,0,0,0,0,0,0,0,0,0,0,0,0
WEIRD+30c3da59+2023-12-06-17h-29m-54s,475,23804457,28834630,,1.0,1.0,0.871578947368421,pointworld,pointworld,0,0,0,0,0,0,0,0,0,0,0,0
WEIRD+30c3da59+2023-12-08-15h-55m-35s,754,23804457,28834630,,1.0,1.0,1.0,pointworld,pointworld,0,0,0,0,0,0,0,0,0,0,0,0
WEIRD+30c3da59+2023-12-08-16h-05m-45s,442,23804457,28834630,,1.0,1.0,1.0,pointworld,pointworld,0,0,0,0,0,0,0,0,0,0,0,0
WEIRD+30c3da59+2023-12-08-16h-14m-53s,456,23804457,28834630,,1.0,1.0,1.0,pointworld,pointworld,0,0,0,0,0,0,0,0,0,0,0,0
WEIRD+30c3da59+2023-12-08-16h-25m-06s,573,23804457,28834630,,1.0,1.0,1.0,pointworld,pointworld,0,0,0,0,0,0,0,0,0,0,0,0
WEIRD+30c3da59+2024-01-12-16h-10m-42s,568,23804457,28834630,,1.0,1.0,1.0,pointworld,pointworld,0,0,0,0,0,0,0,0,0,0,0,0
WEIRD+30c3da59+2024-01-12-16h-12m-07s,342,23804457,28834630,,1.0,1.0,1.0,pointworld,pointworld,0,0,0,0,0,0,0,0,0,0,0,0
WEIRD+417ecf07+2023-11-21-19h-51m-24s,651,23804457,28834630,,1.0,0.9074074074074074,0.0967741935483871,pointworld,pointworld,0,0,0,0,0,0,0,0,0,-1,0,-1
WEIRD+417ecf07+2023-11-21-20h-52m-51s,244,23804457,28834630,,1.0,1.0,0.9057377049180327,pointworld,pointworld,0,0,0,0,0,0,0,0,0,0,0,0
WEIRD+417ecf07+2023-11-21-20h-54m-57s,513,23804457,28834630,,1.0,1.0,1.0,pointworld,pointworld,0,0,0,0,0,0,0,0,0,0,0,0
WEIRD+417ecf07+2023-11-30-20h-05m-35s,259,23804457,28834630,,1.0,1.0,1.0,pointworld,pointworld,0,0,0,0,0,0,0,0,0,0,0,0
WEIRD+5047dd9a+2023-11-22-16h-43m-12s,1578,23804457,28834630,,1.0,1.0,1.0,pointworld,pointworld,0,0,0,0,0,0,0,0,0,0,0,0
WEIRD+5047dd9a+2023-11-29-22h-29m-50s,495,23804457,28834630,,1.0,1.0,1.0,pointworld,pointworld,0,0,0,0,0,0,0,0,0,0,0,0
WEIRD+5047dd9a+2023-11-29-22h-30m-54s,399,23804457,28834630,,1.0,1.0,1.0,pointworld,pointworld,0,0,0,0,0,0,0,0,0,0,0,0
WEIRD+5a211037+2023-11-20-20h-49m-20s,301,23804457,28834630,,1.0,1.0,1.0,pointworld,pointworld,0,0,0,0,0,0,0,0,0,0,0,0
WEIRD+5a211037+2023-11-20-20h-51m-49s,336,23804457,28834630,,1.0,1.0,0.8630952380952381,pointworld,pointworld,0,0,0,0,0,0,0,0,0,0,0,0
WEIRD+5a211037+2023-11-20-21h-00m-40s,774,23804457,28834630,,1.0,1.0,1.0,pointworld,pointworld,0,0,0,0,0,0,0,0,0,0,0,0
WEIRD+5a211037+2023-11-20-21h-08m-17s,765,23804457,28834630,,1.0,1.0,1.0,pointworld,pointworld,0,0,0,0,0,0,0,0,0,0,0,0
WEIRD+5a211037+2023-11-20-21h-15m-30s,328,23804457,28834630,,1.0,1.0,1.0,pointworld,pointworld,0,0,0,0,0,0,0,0,0,0,0,0
WEIRD+5a211037+2023-11-20-21h-24m-00s,256,23804457,28834630,,1.0,1.0,1.0,pointworld,pointworld,0,0,0,0,0,0,0,0,0,19,0,19
WEIRD+5a211037+2023-11-22-17h-14m-24s,286,23804457,28834630,,1.0,1.0,1.0,pointworld,pointworld,0,0,0,0,0,0,0,0,0,0,0,0
WEIRD+5a211037+2023-11-22-17h-29m-29s,687,23804457,28834630,,1.0,1.0,0.10334788937409024,pointworld,pointworld,0,0,0,0,0,0,0,0,0,0,0,0
WEIRD+5a211037+2023-11-22-18h-22m-25s,716,23804457,28834630,,1.0,1.0,1.0,pointworld,pointworld,0,0,0,23,0,23,27,0,27,29,0,29
WEIRD+5a211037+2023-11-30-16h-25m-16s,505,23804457,28834630,,1.0,1.0,1.0,pointworld,pointworld,0,0,0,0,0,0,0,0,0,0,0,0
WEIRD+5a211037+2023-11-30-16h-26m-06s,323,23804457,28834630,,1.0,1.0,1.0,pointworld,pointworld,0,0,0,0,0,0,0,0,0,0,0,0
WEIRD+5a211037+2023-11-30-16h-50m-28s,152,23804457,28834630,,1.0,1.0,1.0,pointworld,pointworld,0,0,0,0,0,0,0,0,0,0,0,0
WEIRD+5a211037+2023-12-05-22h-07m-40s,570,23804457,28834630,,1.0,1.0,1.0,pointworld,pointworld,0,0,0,0,0,0,0,0,0,0,0,0
WEIRD+5a211037+2023-12-12-22h-20m-26s,411,23804457,28834630,,1.0,1.0,1.0,pointworld,pointworld,0,0,0,0,0,0,0,0,0,0,0,0
WEIRD+5a211037+2023-12-12-22h-32m-16s,178,23804457,28834630,,1.0,1.0,1.0,pointworld,pointworld,0,0,0,0,0,0,0,0,0,0,0,0
WEIRD+5a211037+2023-12-19-21h-42m-40s,151,23804457,28834630,,1.0,1.0,1.0,pointworld,pointworld,0,0,0,0,0,0,0,0,0,0,0,0
WEIRD+5a211037+2023-12-19-22h-36m-49s,1349,23804457,28834630,,1.0,1.0,1.0,pointworld,pointworld,0,0,0,0,0,0,0,0,0,0,0,0
WEIRD+5a211037+2023-12-20-21h-27m-47s,917,23804457,28834630,,1.0,1.0,1.0,pointworld,pointworld,0,0,0,0,0,0,0,0,0,0,0,0
WEIRD+5a211037+2023-12-20-21h-37m-02s,624,23804457,28834630,,1.0,1.0,1.0,pointworld,pointworld,0,0,0,0,0,0,0,0,0,0,0,0
WEIRD+5a211037+2023-12-20-21h-51m-33s,305,23804457,28834630,,1.0,1.0,1.0,pointworld,pointworld,0,0,0,0,0,0,0,0,0,0,0,0
WEIRD+5a211037+2023-12-20-22h-32m-23s,555,23804457,28834630,,1.0,1.0,1.0,pointworld,pointworld,0,0,0,0,0,0,0,0,0,0,0,0
WEIRD+9338a0f6+2023-12-04-20h-44m-05s,295,23804457,28834630,,1.0,1.0,1.0,pointworld,pointworld,0,0,0,0,0,0,0,0,0,0,0,0
WEIRD+9338a0f6+2023-12-04-20h-49m-47s,407,23804457,28834630,,1.0,1.0,1.0,pointworld,pointworld,0,0,0,0,0,0,17,17,0,29,29,16
WEIRD+9338a0f6+2023-12-04-20h-51m-54s,268,23804457,28834630,,1.0,1.0,1.0,pointworld,pointworld,0,0,0,0,0,0,0,0,0,0,0,0
WEIRD+9338a0f6+2023-12-04-21h-58m-01s,1076,23804457,28834630,,1.0,1.0,0.37267657992565056,pointworld,pointworld,0,0,0,0,0,0,0,0,0,0,0,0
WEIRD+9338a0f6+2023-12-06-21h-57m-26s,571,23804457,28834630,,1.0,1.0,1.0,pointworld,pointworld,0,0,0,0,0,0,0,0,0,0,0,0
WEIRD+b0440f67+2024-01-09-23h-41m-00s,220,23804457,28834630,,1.0,1.0,1.0,pointworld,pointworld,0,0,0,0,0,0,0,0,0,0,0,0
WEIRD+b0440f67+2024-01-11-20h-24m-09s,603,23804457,28834630,,1.0,1.0,0.9834162520729685,pointworld,pointworld,0,0,0,0,0,0,0,0,0,0,0,0
WEIRD+bccfde6e+2023-12-11-21h-49m-27s,328,23804457,28834630,,1.0,1.0,0.914572864321608,pointworld,pointworld,0,0,0,129,129,0,159,159,0,226,226,0
WEIRD+bcd0b679+2023-11-21-21h-19m-34s,1358,23804457,28834630,,1.0,1.0,0.8703976435935199,pointworld,pointworld,0,0,0,0,0,0,0,0,0,0,0,0
WEIRD+bcd0b679+2023-11-21-21h-50m-54s,1407,23804457,28834630,,1.0,1.0,1.0,pointworld,pointworld,0,0,0,0,0,0,0,0,0,0,0,0
WEIRD+bcd0b679+2023-11-29-14h-49m-52s,577,23804457,28834630,,1.0,1.0,1.0,pointworld,pointworld,0,0,0,0,0,0,0,0,0,0,0,0
WEIRD+bcd0b679+2023-11-29-15h-14m-00s,1537,23804457,28834630,,1.0,1.0,1.0,pointworld,pointworld,0,0,0,0,0,0,17,0,17,26,0,26
WEIRD+bcd0b679+2023-11-30-18h-42m-49s,698,23804457,28834630,,1.0,1.0,1.0,pointworld,pointworld,0,0,0,0,0,0,0,0,0,0,0,0
WEIRD+bcd0b679+2023-11-30-18h-49m-09s,580,23804457,28834630,,1.0,1.0,1.0,pointworld,pointworld,0,0,0,0,0,0,0,0,0,0,0,0
WEIRD+bcd0b679+2023-11-30-18h-56m-45s,511,23804457,28834630,,1.0,1.0,1.0,pointworld,pointworld,0,0,0,0,0,0,0,0,0,0,0,0
WEIRD+bcd0b679+2023-11-30-18h-58m-09s,500,23804457,28834630,,1.0,1.0,1.0,pointworld,pointworld,0,0,0,0,0,0,0,0,0,0,0,0
WEIRD+d5edb57c+2023-11-22-22h-21m-10s,1336,23804457,28834630,,1.0,1.0,0.8083832335329342,pointworld,pointworld,0,0,0,0,0,0,0,0,0,0,0,0
WEIRD+d5edb57c+2023-11-22-22h-41m-07s,412,23804457,28834630,,1.0,1.0,0.5995145631067961,pointworld,pointworld,0,0,0,0,0,0,0,0,0,0,0,0
WEIRD+d5edb57c+2023-11-22-22h-45m-07s,490,23804457,28834630,,1.0,1.0,0.9081632653061225,pointworld,pointworld,0,0,0,0,0,0,0,0,0,0,0,0
WEIRD+d5edb57c+2023-12-01-16h-02m-20s,185,23804457,28834630,,1.0,1.0,0.8324324324324325,pointworld,pointworld,0,0,0,0,0,0,0,0,0,0,0,0
WEIRD+d5edb57c+2023-12-01-16h-12m-37s,803,23804457,28834630,,1.0,1.0,0.9726027397260274,pointworld,pointworld,0,0,0,0,0,0,0,0,0,0,0,0
WEIRD+d5edb57c+2023-12-08-13h-24m-38s,953,23804457,28834630,,1.0,1.0,1.0,pointworld,pointworld,0,0,0,0,0,0,0,0,0,0,0,0
WEIRD+d5edb57c+2023-12-08-14h-02m-04s,793,23804457,28834630,,1.0,1.0,1.0,pointworld,pointworld,0,0,0,0,0,0,0,0,0,0,0,0
WEIRD+d5edb57c+2023-12-08-14h-07m-25s,773,23804457,28834630,,1.0,1.0,1.0,pointworld,pointworld,0,0,0,0,0,0,0,0,0,0,0,0
WEIRD+d5edb57c+2023-12-08-14h-11m-29s,344,23804457,28834630,,1.0,1.0,1.0,pointworld,pointworld,0,0,0,0,0,0,0,0,0,0,0,0
WEIRD+d5edb57c+2023-12-08-14h-12m-14s,598,23804457,28834630,,1.0,1.0,1.0,pointworld,pointworld,0,0,0,0,0,0,0,0,0,0,0,0
WEIRD+e604eeed+2023-11-28-19h-10m-36s,394,23804457,28834630,,1.0,1.0,1.0,pointworld,pointworld,0,0,0,0,0,0,0,0,0,0,0,0
WEIRD+e604eeed+2023-11-28-19h-24m-25s,161,23804457,28834630,,1.0,1.0,1.0,pointworld,pointworld,0,0,0,0,0,0,0,0,0,0,0,0
WEIRD+e604eeed+2023-11-28-19h-40m-07s,251,23804457,28834630,,1.0,1.0,1.0,pointworld,pointworld,0,0,0,0,0,0,0,0,0,0,0,0
WEIRD+e604eeed+2023-11-28-19h-50m-45s,173,23804457,28834630,,1.0,1.0,1.0,pointworld,pointworld,0,0,0,0,0,0,0,0,0,0,0,0
WEIRD+e604eeed+2023-11-28-20h-01m-41s,439,23804457,28834630,,1.0,1.0,1.0,pointworld,pointworld,0,0,0,0,0,0,0,0,0,0,0,0
WEIRD+e604eeed+2023-11-29-15h-28m-43s,526,23804457,28834630,,1.0,1.0,1.0,pointworld,pointworld,0,0,0,0,0,0,0,0,0,0,0,0
WEIRD+e604eeed+2023-11-29-15h-29m-44s,384,23804457,28834630,,1.0,1.0,1.0,pointworld,pointworld,0,0,0,0,0,0,0,0,0,0,0,0
WEIRD+e604eeed+2023-11-30-20h-45m-07s,498,23804457,28834630,,1.0,1.0,1.0,pointworld,pointworld,0,0,0,0,0,0,0,0,0,0,0,0
WEIRD+e604eeed+2023-12-01-16h-52m-08s,524,23804457,28834630,,1.0,1.0,0.767175572519084,pointworld,pointworld,0,0,0,0,0,0,0,0,0,0,0,0
WEIRD+e604eeed+2023-12-01-16h-52m-54s,909,23804457,28834630,,1.0,1.0,0.8668866886688669,pointworld,pointworld,0,0,0,0,0,0,0,0,0,0,0,0
WEIRD+e604eeed+2023-12-08-17h-12m-31s,1056,23804457,28834630,,1.0,1.0,1.0,pointworld,pointworld,0,0,0,0,0,0,0,0,0,0,0,0
WEIRD+e604eeed+2023-12-08-18h-00m-32s,933,23804457,28834630,,1.0,1.0,1.0,pointworld,pointworld,0,0,0,0,0,0,0,0,0,0,0,0
WEIRD+e604eeed+2023-12-08-18h-14m-48s,560,23804457,28834630,,1.0,1.0,0.6053571428571428,pointworld,pointworld,0,0,0,0,0,0,0,0,0,0,0,0
WEIRD+e604eeed+2023-12-08-20h-38m-05s,963,23804457,28834630,,1.0,1.0,1.0,pointworld,pointworld,0,0,0,0,0,0,0,0,0,0,0,0
WEIRD+e604eeed+2023-12-08-20h-51m-49s,867,23804457,28834630,,1.0,1.0,0.9711649365628604,pointworld,pointworld,0,0,0,0,0,0,0,0,0,0,0,0
WEIRD+e604eeed+2023-12-08-20h-56m-15s,1047,23804457,28834630,,1.0,1.0,1.0,pointworld,pointworld,0,0,0,0,0,0,0,0,0,0,0,0
WEIRD+e604eeed+2023-12-13-20h-42m-31s,721,23804457,28834630,,1.0,1.0,0.9778085991678225,pointworld,pointworld,0,0,0,0,0,0,0,0,0,0,0,0
WEIRD+e604eeed+2024-01-04-02h-12m-34s,544,23804457,28834630,,1.0,1.0,1.0,pointworld,pointworld,0,0,0,0,0,0,0,0,0,0,0,0
WEIRD+e604eeed+2024-01-04-02h-21m-28s,277,23804457,28834630,,1.0,1.0,1.0,pointworld,pointworld,0,0,0,0,0,0,0,0,0,0,0,0
WEIRD+e604eeed+2024-01-04-02h-48m-47s,1116,23804457,28834630,,1.0,1.0,1.0,pointworld,pointworld,0,0,0,0,0,0,0,0,0,0,0,0
WEIRD+f1c42455+2023-12-07-23h-28m-55s,711,23804457,28834630,,1.0,1.0,1.0,pointworld,pointworld,0,0,0,0,0,0,0,0,0,0,0,0
WEIRD+f1c42455+2023-12-12-03h-54m-24s,662,23804457,28834630,,1.0,1.0,1.0,pointworld,pointworld,0,0,0,0,0,0,0,0,0,0,0,0
WEIRD+f1c42455+2023-12-12-04h-16m-56s,333,23804457,28834630,,1.0,1.0,1.0,pointworld,pointworld,0,0,0,0,0,0,0,0,0,0,0,0
WEIRD+f1c42455+2023-12-14-04h-39m-15s,505,23804457,28834630,,1.0,1.0,1.0,pointworld,pointworld,0,0,0,0,0,0,0,0,0,0,0,0
WEIRD+f1c42455+2023-12-14-04h-47m-14s,223,23804457,28834630,,1.0,1.0,1.0,pointworld,pointworld,0,0,0,0,0,0,0,0,0,0,0,0
WEIRD+f1c42455+2023-12-15-23h-59m-47s,315,23804457,28834630,,1.0,1.0,1.0,pointworld,pointworld,0,0,0,0,0,0,0,0,0,0,0,0
WEIRD+f1c42455+2023-12-16-00h-24m-56s,259,23804457,28834630,,1.0,1.0,1.0,pointworld,pointworld,0,0,0,0,0,0,0,0,0,0,0,0
WEIRD+f1c42455+2023-12-20-05h-22m-34s,246,23804457,28834630,,1.0,1.0,1.0,pointworld,pointworld,0,0,0,0,0,0,0,0,0,0,0,0
WEIRD+f1c42455+2024-01-15-02h-03m-35s,687,23804457,28834630,,1.0,1.0,0.9199417758369723,pointworld,pointworld,0,0,0,0,0,0,0,0,0,0,0,0
WEIRD+f1c42455+2024-01-16-00h-49m-38s,1113,23804457,28834630,,1.0,1.0,0.8945841392649904,pointworld,pointworld,77,77,0,79,79,0,109,109,0,134,134,0
WEIRD+f61abce9+2023-11-22-20h-51m-25s,352,23804457,28834630,,1.0,1.0,1.0,pointworld,pointworld,0,0,0,0,0,0,0,0,0,0,0,0
WEIRD+f61abce9+2023-11-22-20h-55m-08s,337,23804457,28834630,,1.0,1.0,1.0,pointworld,pointworld,0,0,0,0,0,0,0,0,0,0,0,0
WEIRD+f61abce9+2023-11-22-20h-58m-43s,436,23804457,28834630,,1.0,1.0,1.0,pointworld,pointworld,0,0,0,0,0,0,0,0,0,0,0,0
WEIRD+f61abce9+2023-11-28-20h-17m-29s,511,23804457,28834630,,1.0,1.0,1.0,pointworld,pointworld,0,0,0,0,0,0,0,0,0,0,0,0
WEIRD+f61abce9+2023-11-28-20h-43m-41s,911,23804457,28834630,,1.0,1.0,1.0,pointworld,pointworld,0,0,0,0,0,0,0,0,0,0,0,0
WEIRD+f61abce9+2023-11-29-19h-10m-49s,538,23804457,28834630,,1.0,1.0,1.0,pointworld,pointworld,0,0,0,0,0,0,0,0,0,0,0,0
WEIRD+f61abce9+2023-11-29-19h-17m-10s,254,23804457,28834630,,1.0,1.0,1.0,pointworld,pointworld,0,0,0,0,0,0,0,0,0,0,0,0
WEIRD+f61abce9+2023-11-29-19h-17m-58s,334,23804457,28834630,,1.0,1.0,1.0,pointworld,pointworld,0,0,0,0,0,0,0,0,0,0,0,0
WEIRD+f61abce9+2023-11-29-19h-29m-04s,333,23804457,28834630,,1.0,1.0,1.0,pointworld,pointworld,0,0,0,0,0,0,0,0,0,0,0,0
WEIRD+f61abce9+2023-11-29-20h-16m-20s,471,23804457,28834630,,1.0,1.0,1.0,pointworld,pointworld,0,0,0,0,0,0,0,0,0,0,0,0
WEIRD+f61abce9+2023-11-29-20h-19m-08s,1611,23804457,28834630,,1.0,1.0,0.9553072625698324,pointworld,pointworld,0,0,0,0,0,0,0,0,0,0,0,0
WEIRD+f61abce9+2023-12-06-18h-12m-33s,317,23804457,28834630,,1.0,1.0,1.0,pointworld,pointworld,0,0,0,0,0,0,0,0,0,0,0,0
WEIRD+f61abce9+2023-12-06-18h-39m-49s,548,23804457,28834630,,1.0,1.0,0.9653284671532847,pointworld,pointworld,0,0,0,0,0,0,0,0,0,0,0,0
WEIRD+f61abce9+2023-12-07-18h-13m-53s,235,23804457,28834630,,1.0,1.0,1.0,pointworld,pointworld,0,0,0,0,0,0,0,0,0,0,0,0
WEIRD+f61abce9+2023-12-07-18h-44m-19s,1112,23804457,28834630,,1.0,1.0,1.0,pointworld,pointworld,0,0,0,0,0,0,0,0,0,0,0,0
WEIRD+f61abce9+2023-12-08-19h-04m-01s,936,23804457,28834630,,1.0,1.0,1.0,pointworld,pointworld,0,0,0,0,0,0,0,0,0,0,0,0
WEIRD+f61abce9+2023-12-08-19h-07m-22s,536,23804457,28834630,,1.0,1.0,0.9850746268656716,pointworld,pointworld,0,0,0,0,0,0,0,0,0,0,0,0
WEIRD+f61abce9+2023-12-08-19h-31m-47s,292,23804457,28834630,,1.0,1.0,1.0,pointworld,pointworld,0,0,0,0,0,0,0,0,0,0,0,0
WEIRD+f61abce9+2023-12-08-19h-47m-13s,731,23804457,28834630,,1.0,1.0,1.0,pointworld,pointworld,0,0,0,0,0,0,0,0,0,29,0,29
WEIRD+f61abce9+2023-12-08-19h-48m-30s,837,23804457,28834630,,1.0,1.0,1.0,pointworld,pointworld,0,0,0,0,0,0,0,0,0,0,0,0
WEIRD+f61abce9+2023-12-08-19h-50m-14s,290,23804457,28834630,,1.0,1.0,1.0,pointworld,pointworld,0,0,0,0,0,0,0,0,0,0,0,0
WEIRD+f61abce9+2023-12-08-19h-52m-59s,732,23804457,28834630,,1.0,1.0,1.0,pointworld,pointworld,0,0,0,0,0,0,0,0,0,0,0,0
WEIRD+f61abce9+2023-12-08-19h-56m-01s,659,23804457,28834630,,1.0,1.0,1.0,pointworld,pointworld,0,0,0,0,0,0,0,0,0,0,0,0
WEIRD+f61abce9+2023-12-09-17h-25m-47s,50,23804457,28834630,,1.0,1.0,1.0,pointworld,pointworld,15,0,15,18,0,18,20,0,20,22,0,22
WEIRD+f61abce9+2023-12-09-17h-45m-41s,1820,23804457,28834630,,1.0,1.0,0.9803793328973185,pointworld,pointworld,263,0,263,291,0,291,298,0,298,301,0,301
WEIRD+f61abce9+2023-12-11-19h-55m-24s,144,23804457,28834630,,1.0,1.0,1.0,pointworld,pointworld,0,0,0,0,0,0,33,0,33,38,0,38
WEIRD+f61abce9+2023-12-13-21h-06m-03s,350,23804457,28834630,,1.0,1.0,1.0,pointworld,pointworld,0,0,0,0,0,0,0,0,0,0,0,0
WEIRD+f61abce9+2023-12-13-21h-48m-01s,146,23804457,28834630,,1.0,1.0,1.0,pointworld,pointworld,0,0,0,0,0,0,0,0,0,0,0,0
WEIRD+f61abce9+2023-12-13-21h-49m-55s,302,23804457,28834630,,1.0,1.0,1.0,pointworld,pointworld,0,0,0,0,0,0,0,0,0,0,0,0
WEIRD+f61abce9+2023-12-13-21h-52m-41s,217,23804457,28834630,,1.0,1.0,1.0,pointworld,pointworld,0,0,0,0,0,0,0,0,0,0,0,0
WEIRD+f61abce9+2023-12-13-21h-54m-52s,183,23804457,28834630,,1.0,1.0,1.0,pointworld,pointworld,0,0,0,0,0,0,0,0,0,0,0,0
WEIRD+f61abce9+2023-12-13-22h-31m-47s,267,23804457,28834630,,1.0,1.0,1.0,pointworld,pointworld,0,0,0,0,0,0,0,0,0,0,0,0
WEIRD+f61abce9+2023-12-13-22h-32m-14s,232,23804457,28834630,,1.0,1.0,1.0,pointworld,pointworld,0,0,0,0,0,0,0,0,0,0,0,0
WEIRD+f61abce9+2023-12-13-22h-33m-26s,490,23804457,28834630,,1.0,1.0,1.0,pointworld,pointworld,0,0,0,0,0,0,0,0,0,0,0,0
WEIRD+f61abce9+2023-12-13-22h-36m-52s,730,23804457,28834630,,1.0,1.0,1.0,pointworld,pointworld,0,0,0,0,0,0,0,0,0,0,0,0
WEIRD+f61abce9+2023-12-13-22h-39m-48s,150,23804457,28834630,,1.0,1.0,1.0,pointworld,pointworld,0,0,0,0,0,0,0,0,0,0,0,0
WEIRD+f61abce9+2023-12-13-23h-21m-09s,191,23804457,28834630,,1.0,1.0,1.0,pointworld,pointworld,0,0,0,0,0,0,0,0,0,0,0,0
