episode,n_frames,b050_v1,b050_v2,b100_v1,b100_v2,ext1_extrinsics,ext2_extrinsics,b050_change,b050_delta,b100_change,b100_delta
AUTOLab+0d4edc83+2023-10-21-19h-11m-38s,131,0,0,0,0,pointworld,pointworld,same,0,same,0
AUTOLab+0d4edc83+2023-10-21-19h-14m-57s,141,0,0,16,16,pointworld,pointworld,same,0,same,0
AUTOLab+0d4edc83+2023-10-21-19h-16m-50s,128,0,0,0,15,pointworld,pointworld,same,0,moved,15
AUTOLab+0d4edc83+2023-10-21-19h-19m-23s,133,0,0,0,0,pointworld,pointworld,same,0,same,0
AUTOLab+0d4edc83+2023-10-21-19h-22m-26s,140,0,0,0,0,pointworld,pointworld,same,0,same,0
AUTOLab+0d4edc83+2023-10-21-19h-37m-25s,180,0,0,0,0,pointworld,pointworld,same,0,same,0
AUTOLab+0d4edc83+2023-10-21-19h-40m-44s,111,0,0,0,0,pointworld,pointworld,same,0,same,0
AUTOLab+0d4edc83+2023-10-21-19h-40m-59s,152,0,0,17,16,pointworld,pointworld,same,0,moved,-1
AUTOLab+0d4edc83+2023-10-21-19h-43m-30s,129,0,0,0,0,pointworld,pointworld,same,0,same,0
AUTOLab+0d4edc83+2023-10-21-19h-44m-52s,135,0,0,0,0,pointworld,pointworld,same,0,same,0
AUTOLab+0d4edc83+2023-10-21-19h-48m-55s,158,0,0,12,11,pointworld,pointworld,same,0,moved,-1
AUTOLab+0d4edc83+2023-10-21-19h-52m-38s,157,0,0,0,0,pointworld,pointworld,same,0,same,0
AUTOLab+0d4edc83+2023-10-21-19h-53m-15s,158,0,0,0,0,pointworld,pointworld,same,0,same,0
AUTOLab+0d4edc83+2023-10-21-19h-53m-52s,126,0,0,0,0,pointworld,pointworld,same,0,same,0
AUTOLab+0d4edc83+2023-10-21-19h-58m-12s,180,0,0,0,0,pointworld,pointworld,same,0,same,0
AUTOLab+0d4edc83+2023-10-21-20h-00m-21s,132,0,0,12,12,pointworld,pointworld,same,0,same,0
AUTOLab+0d4edc83+2023-10-21-20h-26m-49s,104,0,0,0,0,pointworld,pointworld,same,0,same,0
AUTOLab+0d4edc83+2023-10-27-19h-52m-01s,77,0,0,0,7,pointworld,pointworld,same,0,moved,7
AUTOLab+0d4edc83+2023-10-27-19h-53m-02s,82,0,0,0,13,pointworld,pointworld,same,0,moved,13
AUTOLab+0d4edc83+2023-10-27-19h-53m-24s,78,0,0,0,8,pointworld,pointworld,same,0,moved,8
AUTOLab+0d4edc83+2023-10-27-19h-55m-09s,67,0,0,0,9,pointworld,pointworld,same,0,moved,9
AUTOLab+0d4edc83+2023-10-27-19h-59m-18s,57,0,0,0,0,pointworld,pointworld,same,0,same,0
AUTOLab+0d4edc83+2023-10-27-20h-11m-00s,92,0,0,23,23,pointworld,pointworld,same,0,same,0
AUTOLab+0d4edc83+2023-10-27-20h-13m-55s,67,0,0,10,10,pointworld,pointworld,same,0,same,0
AUTOLab+0d4edc83+2023-10-27-20h-15m-02s,87,0,0,0,0,pointworld,pointworld,same,0,same,0
AUTOLab+0d4edc83+2023-10-27-20h-16m-35s,67,0,0,16,17,pointworld,pointworld,same,0,moved,1
AUTOLab+0d4edc83+2023-10-27-20h-19m-25s,63,0,0,0,0,pointworld,pointworld,same,0,same,0
AUTOLab+0d4edc83+2023-10-27-20h-23m-08s,79,0,0,21,22,pointworld,pointworld,same,0,moved,1
AUTOLab+0d4edc83+2023-10-27-20h-24m-01s,76,0,0,11,12,pointworld,pointworld,same,0,moved,1
AUTOLab+0d4edc83+2023-10-27-20h-24m-13s,63,0,0,0,0,pointworld,pointworld,same,0,same,0
AUTOLab+0d4edc83+2023-10-27-20h-28m-46s,71,0,0,0,0,pointworld,pointworld,same,0,same,0
AUTOLab+0d4edc83+2023-10-27-20h-36m-17s,58,0,0,10,11,pointworld,pointworld,same,0,moved,1
AUTOLab+0d4edc83+2023-12-02-12h-56m-56s,169,0,0,0,0,pointworld,pointworld,same,0,same,0
AUTOLab+0d4edc83+2023-12-02-13h-31m-49s,127,0,0,0,0,pointworld,pointworld,same,0,same,0
AUTOLab+0d4edc83+2023-12-02-13h-44m-42s,89,0,0,0,0,pointworld,pointworld,same,0,same,0
AUTOLab+0d4edc83+2023-12-02-13h-51m-22s,174,0,0,0,0,pointworld,pointworld,same,0,same,0
AUTOLab+0d4edc83+2023-12-02-13h-53m-28s,127,0,0,18,18,pointworld,pointworld,same,0,same,0
AUTOLab+0d4edc83+2023-12-02-13h-55m-18s,126,0,0,13,13,pointworld,pointworld,same,0,same,0
AUTOLab+0d4edc83+2023-12-02-14h-05m-19s,127,0,0,0,0,pointworld,pointworld,same,0,same,0
AUTOLab+0d4edc83+2023-12-02-14h-08m-07s,86,0,0,0,0,pointworld,pointworld,same,0,same,0
AUTOLab+0d4edc83+2023-12-02-14h-17m-47s,117,0,0,0,0,pointworld,pointworld,same,0,same,0
AUTOLab+0d4edc83+2023-12-02-14h-34m-19s,108,0,0,0,0,pointworld,pointworld,same,0,same,0
AUTOLab+0d4edc83+2023-12-02-14h-41m-31s,132,0,0,0,0,pointworld,pointworld,same,0,same,0
AUTOLab+0d4edc83+2023-12-02-14h-56m-54s,126,0,0,11,11,pointworld,pointworld,same,0,same,0
AUTOLab+0d4edc83+2023-12-02-15h-17m-54s,152,0,0,0,0,pointworld,pointworld,same,0,same,0
AUTOLab+0d4edc83+2023-12-02-15h-19m-42s,142,0,0,10,10,pointworld,pointworld,same,0,same,0
AUTOLab+0d4edc83+2023-12-02-15h-21m-56s,153,0,0,24,23,pointworld,pointworld,same,0,moved,-1
AUTOLab+0d4edc83+2023-12-02-15h-26m-18s,126,0,0,0,0,pointworld,pointworld,same,0,same,0
AUTOLab+0d4edc83+2023-12-02-15h-33m-49s,155,0,0,0,0,pointworld,pointworld,same,0,same,0
AUTOLab+0d4edc83+2023-12-02-15h-34m-31s,104,0,0,13,14,pointworld,pointworld,same,0,moved,1
AUTOLab+0d4edc83+2023-12-02-15h-41m-32s,178,0,0,13,13,pointworld,pointworld,same,0,same,0
AUTOLab+0d4edc83+2023-12-02-15h-41m-57s,148,0,0,43,42,pointworld,pointworld,same,0,moved,-1
AUTOLab+0d4edc83+2023-12-02-15h-45m-41s,106,0,0,13,13,pointworld,pointworld,same,0,same,0
AUTOLab+0d4edc83+2023-12-02-17h-12m-19s,96,10,10,16,16,pointworld,pointworld,same,0,same,0
AUTOLab+0d4edc83+2023-12-02-17h-30m-10s,115,0,0,0,0,pointworld,pointworld,same,0,same,0
AUTOLab+0d4edc83+2023-12-02-18h-07m-01s,158,10,10,16,16,pointworld,pointworld,same,0,same,0
AUTOLab+44bb9c36+2023-11-21-17h-48m-20s,288,0,0,0,0,pointworld,pointworld,same,0,same,0
AUTOLab+44bb9c36+2023-11-21-17h-48m-54s,193,16,0,38,36,pointworld,pointworld,moved,-16,moved,-2
AUTOLab+44bb9c36+2023-11-23-09h-58m-34s,92,0,0,0,0,pointworld,pointworld,same,0,same,0
AUTOLab+44bb9c36+2023-11-23-10h-44m-13s,178,0,0,37,32,pointworld,pointworld,same,0,moved,-5
AUTOLab+44bb9c36+2023-11-23-10h-45m-46s,705,0,0,0,0,pointworld,pointworld,same,0,same,0
AUTOLab+44bb9c36+2023-11-23-15h-22m-31s,339,0,0,0,0,pointworld,pointworld,same,0,same,0
AUTOLab+44bb9c36+2023-11-23-15h-24m-18s,555,0,0,0,0,pointworld,pointworld,same,0,same,0
AUTOLab+44bb9c36+2023-11-23-15h-25m-46s,515,0,0,30,23,pointworld,pointworld,same,0,moved,-7
AUTOLab+44bb9c36+2023-11-23-15h-28m-43s,188,0,0,37,27,pointworld,pointworld,same,0,moved,-10
AUTOLab+44bb9c36+2023-11-23-15h-35m-31s,182,14,11,35,26,pointworld,pointworld,moved,-3,moved,-9
AUTOLab+44bb9c36+2023-11-23-17h-02m-03s,400,11,0,151,147,pointworld,pointworld,moved,-11,moved,-4
AUTOLab+44bb9c36+2023-11-23-17h-02m-54s,265,0,0,0,0,pointworld,pointworld,same,0,same,0
AUTOLab+44bb9c36+2023-11-23-17h-08m-17s,460,0,0,13,0,pointworld,pointworld,same,0,moved,-13
AUTOLab+44bb9c36+2023-11-23-18h-31m-35s,453,0,0,0,0,pointworld,pointworld,same,0,same,0
AUTOLab+44bb9c36+2023-11-23-18h-32m-23s,453,0,0,0,0,pointworld,pointworld,same,0,same,0
AUTOLab+44bb9c36+2023-11-23-19h-47m-13s,248,0,0,0,0,pointworld,pointworld,same,0,same,0
AUTOLab+44bb9c36+2023-11-24-16h-02m-51s,849,0,0,8,8,pointworld,pointworld,same,0,same,0
AUTOLab+44bb9c36+2023-11-24-16h-08m-49s,102,0,0,0,0,pointworld,pointworld,same,0,same,0
AUTOLab+44bb9c36+2023-11-24-18h-22m-36s,1382,0,0,12,12,pointworld,pointworld,same,0,same,0
AUTOLab+44bb9c36+2023-11-24-18h-38m-17s,662,0,0,0,0,pointworld,pointworld,same,0,same,0
AUTOLab+44bb9c36+2023-11-24-18h-53m-11s,941,0,0,15,14,pointworld,pointworld,same,0,moved,-1
AUTOLab+44bb9c36+2023-11-24-18h-57m-25s,900,0,0,0,0,pointworld,pointworld,same,0,same,0
AUTOLab+44bb9c36+2023-11-25-10h-19m-02s,984,0,0,32,32,pointworld,pointworld,same,0,same,0
AUTOLab+44bb9c36+2023-11-25-11h-00m-53s,688,0,0,0,0,pointworld,pointworld,same,0,same,0
AUTOLab+44bb9c36+2023-11-25-11h-05m-25s,588,0,0,0,0,pointworld,pointworld,same,0,same,0
AUTOLab+44bb9c36+2023-11-25-11h-06m-27s,618,0,0,0,0,pointworld,pointworld,same,0,same,0
AUTOLab+44bb9c36+2023-11-25-11h-07m-29s,622,0,0,0,0,pointworld,pointworld,same,0,same,0
AUTOLab+44bb9c36+2023-11-25-11h-10m-00s,700,0,0,0,0,pointworld,pointworld,same,0,same,0
AUTOLab+44bb9c36+2023-11-25-11h-13m-51s,592,0,0,0,0,pointworld,pointworld,same,0,same,0
AUTOLab+44bb9c36+2023-11-25-11h-35m-21s,885,0,0,39,40,pointworld,pointworld,same,0,moved,1
AUTOLab+44bb9c36+2023-11-25-11h-39m-41s,1095,0,0,0,0,pointworld,pointworld,same,0,same,0
AUTOLab+44bb9c36+2023-11-25-11h-50m-53s,975,0,0,0,0,pointworld,pointworld,same,0,same,0
AUTOLab+44bb9c36+2023-11-25-12h-14m-46s,1067,0,0,0,0,pointworld,pointworld,same,0,same,0
AUTOLab+44bb9c36+2023-11-25-13h-18m-02s,774,0,0,0,12,pointworld,pointworld,same,0,moved,12
AUTOLab+44bb9c36+2023-11-25-13h-39m-05s,742,0,0,0,0,pointworld,pointworld,same,0,same,0
AUTOLab+44bb9c36+2023-11-25-13h-40m-15s,578,0,0,0,0,pointworld,pointworld,same,0,same,0
AUTOLab+44bb9c36+2023-11-26-15h-08m-07s,365,0,0,0,19,pointworld,pointworld,same,0,moved,19
AUTOLab+44bb9c36+2023-11-26-15h-44m-02s,283,0,0,0,0,pointworld,pointworld,same,0,same,0
AUTOLab+44bb9c36+2023-11-26-15h-53m-17s,267,0,0,0,0,pointworld,pointworld,same,0,same,0
AUTOLab+44bb9c36+2023-11-26-15h-54m-10s,244,0,0,0,10,pointworld,pointworld,same,0,moved,10
AUTOLab+44bb9c36+2023-11-26-16h-09m-31s,309,0,0,0,12,pointworld,pointworld,same,0,moved,12
AUTOLab+44bb9c36+2023-11-26-16h-46m-38s,381,0,0,0,0,pointworld,pointworld,same,0,same,0
AUTOLab+44bb9c36+2023-11-26-16h-50m-08s,92,0,0,0,0,pointworld,pointworld,same,0,same,0
AUTOLab+44bb9c36+2023-11-28-08h-38m-13s,730,0,0,0,0,pointworld,pointworld,same,0,same,0
AUTOLab+44bb9c36+2023-11-28-09h-03m-58s,693,0,0,19,18,pointworld,pointworld,same,0,moved,-1
AUTOLab+44bb9c36+2023-11-28-10h-43m-38s,269,0,0,14,14,pointworld,pointworld,same,0,same,0
AUTOLab+44bb9c36+2023-11-29-17h-22m-07s,419,0,0,0,0,pointworld,pointworld,same,0,same,0
AUTOLab+44bb9c36+2023-11-29-19h-04m-27s,451,0,0,0,0,pointworld,pointworld,same,0,same,0
AUTOLab+44bb9c36+2023-11-29-19h-42m-50s,321,0,0,9,9,pointworld,pointworld,same,0,same,0
AUTOLab+44bb9c36+2023-11-29-19h-53m-40s,467,0,0,8,8,pointworld,pointworld,same,0,same,0
AUTOLab+44bb9c36+2023-11-29-19h-54m-26s,83,0,0,0,0,pointworld,pointworld,same,0,same,0
AUTOLab+44bb9c36+2023-11-29-19h-59m-39s,361,0,0,0,0,pointworld,pointworld,same,0,same,0
AUTOLab+44bb9c36+2023-11-29-20h-08m-27s,425,0,0,0,0,pointworld,pointworld,same,0,same,0
AUTOLab+44bb9c36+2023-11-29-20h-12m-58s,476,0,0,0,0,pointworld,pointworld,same,0,same,0
AUTOLab+44bb9c36+2023-11-29-23h-38m-45s,340,0,0,0,0,pointworld,pointworld,same,0,same,0
AUTOLab+44bb9c36+2023-11-30-01h-39m-55s,115,0,0,0,0,pointworld,pointworld,same,0,same,0
AUTOLab+44bb9c36+2023-11-30-01h-58m-09s,833,0,0,0,0,pointworld,pointworld,same,0,same,0
AUTOLab+44bb9c36+2023-11-30-03h-10m-56s,116,0,0,0,0,pointworld,pointworld,same,0,same,0
AUTOLab+44bb9c36+2023-11-30-05h-40m-30s,523,0,0,15,15,pointworld,pointworld,same,0,same,0
AUTOLab+44bb9c36+2023-11-30-10h-57m-25s,1381,0,0,0,0,pointworld,pointworld,same,0,same,0
AUTOLab+44bb9c36+2023-11-30-10h-59m-28s,1538,0,0,0,0,pointworld,pointworld,same,0,same,0
AUTOLab+44bb9c36+2023-11-30-11h-06m-14s,351,0,0,0,0,pointworld,pointworld,same,0,same,0
AUTOLab+44bb9c36+2023-11-30-11h-25m-20s,1669,0,0,0,0,pointworld,pointworld,same,0,same,0
AUTOLab+44bb9c36+2023-11-30-11h-27m-42s,1450,0,0,0,0,pointworld,pointworld,same,0,same,0
AUTOLab+44bb9c36+2023-11-30-11h-48m-30s,128,0,0,0,0,pointworld,pointworld,same,0,same,0
AUTOLab+44bb9c36+2023-11-30-11h-50m-56s,1103,0,0,0,0,pointworld,pointworld,same,0,same,0
AUTOLab+5d05c5aa+2023-07-07-10h-04m-33s,379,0,0,52,52,pointworld,pointworld,same,0,same,0
AUTOLab+5d05c5aa+2023-07-07-10h-17m-57s,423,0,0,0,68,pointworld,pointworld,same,0,moved,68
AUTOLab+5d05c5aa+2023-07-07-10h-45m-46s,553,92,0,98,94,pointworld,pointworld,moved,-92,moved,-4
AUTOLab+5d05c5aa+2023-07-07-10h-56m-37s,227,74,45,-1,81,pointworld,pointworld,moved,-29,recovered,
AUTOLab+5d05c5aa+2023-07-07-14h-56m-20s,446,54,55,64,65,pointworld,pointworld,moved,1,moved,1
AUTOLab+5d05c5aa+2023-07-07-16h-09m-58s,376,56,55,71,71,pointworld,pointworld,moved,-1,same,0
AUTOLab+5d05c5aa+2023-07-07-16h-15m-15s,320,30,30,57,57,pointworld,pointworld,same,0,same,0
AUTOLab+5d05c5aa+2023-07-07-16h-15m-45s,266,0,0,27,26,pointworld,pointworld,same,0,moved,-1
AUTOLab+5d05c5aa+2023-07-07-16h-17m-37s,374,38,37,57,57,pointworld,pointworld,moved,-1,same,0
AUTOLab+5d05c5aa+2023-07-07-16h-18m-48s,92,22,22,29,29,pointworld,pointworld,same,0,same,0
AUTOLab+5d05c5aa+2023-07-07-16h-25m-08s,323,36,36,60,57,pointworld,pointworld,same,0,moved,-3
AUTOLab+5d05c5aa+2023-07-07-18h-38m-56s,383,42,41,63,64,pointworld,pointworld,moved,-1,moved,1
AUTOLab+5d05c5aa+2023-07-07-19h-02m-10s,495,28,27,39,39,pointworld,pointworld,moved,-1,same,0
AUTOLab+5d05c5aa+2023-07-13-11h-12m-31s,163,27,26,36,35,pointworld,pointworld,moved,-1,moved,-1
AUTOLab+5d05c5aa+2023-07-13-11h-31m-03s,559,20,19,35,34,pointworld,pointworld,moved,-1,moved,-1
AUTOLab+5d05c5aa+2023-07-23-20h-55m-06s,298,0,0,73,77,pointworld,pointworld,same,0,moved,4
AUTOLab+5d05c5aa+2023-07-23-21h-15m-38s,355,42,56,71,76,pointworld,pointworld,moved,14,moved,5
AUTOLab+5d05c5aa+2023-07-23-21h-50m-23s,248,0,0,52,57,pointworld,pointworld,same,0,moved,5
AUTOLab+5d05c5aa+2023-07-26-16h-57m-14s,1591,53,50,86,84,pointworld,pointworld,moved,-3,moved,-2
AUTOLab+5d05c5aa+2023-07-26-17h-44m-26s,799,0,0,0,0,pointworld,pointworld,same,0,same,0
AUTOLab+5d05c5aa+2023-07-26-17h-53m-00s,1190,0,0,0,0,pointworld,pointworld,same,0,same,0
AUTOLab+5d05c5aa+2023-07-26-18h-14m-58s,247,0,0,0,0,pointworld,pointworld,same,0,same,0
AUTOLab+5d05c5aa+2023-07-26-18h-24m-04s,258,0,0,0,0,pointworld,pointworld,same,0,same,0
AUTOLab+5d05c5aa+2023-07-26-18h-50m-31s,307,0,0,0,0,pointworld,pointworld,same,0,same,0
AUTOLab+5d05c5aa+2023-07-26-18h-51m-02s,446,0,0,0,0,pointworld,pointworld,same,0,same,0
AUTOLab+5d05c5aa+2023-07-26-18h-51m-43s,348,0,0,27,26,pointworld,pointworld,same,0,moved,-1
AUTOLab+5d05c5aa+2023-07-26-19h-20m-42s,306,0,0,31,30,pointworld,pointworld,same,0,moved,-1
AUTOLab+5d05c5aa+2023-07-26-19h-21m-45s,218,18,17,27,26,pointworld,pointworld,moved,-1,moved,-1
AUTOLab+5d05c5aa+2023-07-26-19h-32m-04s,171,0,0,38,36,pointworld,pointworld,same,0,moved,-2
AUTOLab+5d05c5aa+2023-07-26-19h-35m-20s,382,0,0,0,0,pointworld,pointworld,same,0,same,0
AUTOLab+5d05c5aa+2023-07-31-17h-41m-17s,75,39,38,-1,-1,pointworld,pointworld,moved,-1,same,
AUTOLab+5d05c5aa+2023-07-31-18h-51m-02s,206,174,174,185,186,pointworld,pointworld,same,0,moved,1
AUTOLab+5d05c5aa+2023-07-31-19h-35m-00s,83,0,0,26,26,pointworld,pointworld,same,0,same,0
AUTOLab+5d05c5aa+2023-07-31-20h-04m-41s,104,0,0,27,24,pointworld,pointworld,same,0,moved,-3
AUTOLab+5d05c5aa+2023-08-12-14h-42m-25s,98,22,28,33,35,pointworld,pointworld,moved,6,moved,2
AUTOLab+5d05c5aa+2023-08-12-14h-49m-19s,143,17,19,26,27,pointworld,pointworld,moved,2,moved,1
AUTOLab+5d05c5aa+2023-08-12-14h-50m-15s,130,0,0,19,19,pointworld,pointworld,same,0,same,0
AUTOLab+5d05c5aa+2023-08-12-15h-35m-50s,59,0,0,17,15,pointworld,pointworld,same,0,moved,-2
AUTOLab+5d05c5aa+2023-08-12-15h-55m-49s,165,3,0,21,21,pointworld,pointworld,moved,-3,same,0
AUTOLab+5d05c5aa+2023-08-12-16h-27m-23s,87,0,0,18,18,pointworld,pointworld,same,0,same,0
AUTOLab+5d05c5aa+2023-08-12-20h-16m-38s,157,25,24,33,33,pointworld,pointworld,moved,-1,same,0
AUTOLab+5d05c5aa+2023-08-12-20h-31m-36s,141,23,24,32,31,pointworld,pointworld,moved,1,moved,-1
AUTOLab+5d05c5aa+2023-08-12-20h-31m-55s,164,21,0,32,29,pointworld,pointworld,moved,-21,moved,-3
AUTOLab+5d05c5aa+2023-08-12-21h-07m-48s,126,18,16,25,26,pointworld,pointworld,moved,-2,moved,1
AUTOLab+5d05c5aa+2023-08-12-21h-16m-10s,111,0,0,21,19,pointworld,pointworld,same,0,moved,-2
AUTOLab+5d05c5aa+2023-08-12-21h-34m-01s,87,20,19,29,28,pointworld,pointworld,moved,-1,moved,-1
AUTOLab+5d05c5aa+2023-08-12-21h-48m-48s,97,0,0,39,37,pointworld,pointworld,same,0,moved,-2
AUTOLab+5d05c5aa+2023-08-12-21h-54m-07s,142,15,0,25,24,pointworld,pointworld,moved,-15,moved,-1
AUTOLab+5d05c5aa+2023-08-12-22h-28m-13s,357,21,20,32,30,pointworld,pointworld,moved,-1,moved,-2
AUTOLab+5d05c5aa+2023-08-12-22h-36m-52s,69,30,28,39,38,pointworld,pointworld,moved,-2,moved,-1
AUTOLab+5d05c5aa+2023-08-12-22h-42m-36s,90,0,0,31,30,pointworld,pointworld,same,0,moved,-1
AUTOLab+5d05c5aa+2023-08-12-23h-55m-27s,151,0,0,18,18,pointworld,pointworld,same,0,same,0
AUTOLab+5d05c5aa+2023-08-12-23h-55m-47s,221,0,0,26,23,pointworld,pointworld,same,0,moved,-3
AUTOLab+5d05c5aa+2023-08-13-00h-13m-04s,114,19,18,26,25,pointworld,pointworld,moved,-1,moved,-1
AUTOLab+5d05c5aa+2023-09-02-09h-37m-09s,239,0,0,31,31,pointworld,pointworld,same,0,same,0
AUTOLab+5d05c5aa+2023-09-02-09h-39m-16s,288,36,36,45,45,pointworld,pointworld,same,0,same,0
AUTOLab+5d05c5aa+2023-09-02-09h-47m-43s,243,29,29,40,40,pointworld,pointworld,same,0,same,0
AUTOLab+5d05c5aa+2023-09-02-09h-51m-19s,216,10,10,25,25,pointworld,pointworld,same,0,same,0
AUTOLab+5d05c5aa+2023-09-02-09h-55m-32s,236,34,35,49,50,pointworld,pointworld,moved,1,moved,1
AUTOLab+5d05c5aa+2023-09-02-10h-24m-18s,108,22,21,36,36,pointworld,pointworld,moved,-1,same,0
AUTOLab+5d05c5aa+2023-09-02-10h-32m-29s,196,9,0,23,22,pointworld,pointworld,moved,-9,moved,-1
AUTOLab+5d05c5aa+2023-09-02-10h-35m-23s,180,16,14,26,25,pointworld,pointworld,moved,-2,moved,-1
AUTOLab+5d05c5aa+2023-09-02-10h-37m-40s,208,20,19,27,27,pointworld,pointworld,moved,-1,same,0
AUTOLab+5d05c5aa+2023-09-02-10h-39m-35s,154,25,25,34,34,pointworld,pointworld,same,0,same,0
AUTOLab+5d05c5aa+2023-09-02-10h-49m-03s,309,24,23,36,35,pointworld,pointworld,moved,-1,moved,-1
AUTOLab+5d05c5aa+2023-09-02-10h-51m-11s,404,11,10,30,29,pointworld,pointworld,moved,-1,moved,-1
AUTOLab+5d05c5aa+2023-10-14-19h-49m-31s,71,0,0,18,19,pointworld,pointworld,same,0,moved,1
AUTOLab+5d05c5aa+2023-10-14-20h-02m-40s,453,0,0,20,19,pointworld,pointworld,same,0,moved,-1
AUTOLab+5d05c5aa+2023-10-14-20h-03m-23s,361,0,0,0,0,pointworld,pointworld,same,0,same,0
AUTOLab+5d05c5aa+2023-10-15-17h-48m-01s,161,0,0,0,0,pointworld,pointworld,same,0,same,0
AUTOLab+5d05c5aa+2023-10-15-18h-30m-45s,154,0,0,0,0,pointworld,pointworld,same,0,same,0
AUTOLab+5d05c5aa+2023-10-15-18h-31m-42s,191,0,0,0,0,pointworld,pointworld,same,0,same,0
AUTOLab+5d05c5aa+2023-10-15-18h-40m-22s,159,0,0,0,13,pointworld,pointworld,same,0,moved,13
AUTOLab+5d05c5aa+2023-10-15-19h-37m-16s,148,0,0,0,0,pointworld,pointworld,same,0,same,0
AUTOLab+5d05c5aa+2023-10-15-19h-38m-27s,157,0,0,0,0,pointworld,pointworld,same,0,same,0
AUTOLab+5d05c5aa+2023-10-15-19h-41m-20s,127,0,0,0,13,pointworld,pointworld,same,0,moved,13
AUTOLab+5d05c5aa+2023-10-15-19h-43m-19s,154,0,0,10,9,pointworld,pointworld,same,0,moved,-1
AUTOLab+5d05c5aa+2023-10-15-19h-50m-18s,202,0,0,26,28,pointworld,pointworld,same,0,moved,2
AUTOLab+5d05c5aa+2023-10-15-19h-51m-00s,144,0,0,21,23,pointworld,pointworld,same,0,moved,2
AUTOLab+5d05c5aa+2023-10-15-19h-52m-26s,159,0,0,0,0,pointworld,pointworld,same,0,same,0
AUTOLab+5d05c5aa+2023-10-15-19h-55m-06s,170,0,0,0,0,pointworld,pointworld,same,0,same,0
AUTOLab+5d05c5aa+2023-11-12-16h-46m-22s,720,23,26,32,32,pointworld,pointworld,moved,3,same,0
AUTOLab+5d05c5aa+2023-11-12-16h-54m-03s,1080,42,42,47,47,pointworld,pointworld,same,0,same,0
AUTOLab+5d05c5aa+2023-11-12-18h-11m-59s,813,0,0,0,0,pointworld,pointworld,same,0,same,0
AUTOLab+5d05c5aa+2023-11-12-21h-12m-59s,790,0,0,33,32,pointworld,pointworld,same,0,moved,-1
AUTOLab+5d05c5aa+2023-11-12-21h-14m-43s,885,34,35,44,44,pointworld,pointworld,moved,1,same,0
AUTOLab+5d05c5aa+2023-11-17-20h-47m-29s,382,25,25,35,35,pointworld,pointworld,same,0,same,0
AUTOLab+5d05c5aa+2023-11-17-21h-21m-05s,645,33,33,43,42,pointworld,pointworld,same,0,moved,-1
AUTOLab+5d05c5aa+2023-11-17-22h-10m-38s,1101,0,0,28,28,pointworld,pointworld,same,0,same,0
AUTOLab+5d05c5aa+2023-11-17-22h-34m-22s,1098,23,24,30,32,pointworld,pointworld,moved,1,moved,2
AUTOLab+5d05c5aa+2023-11-17-22h-50m-18s,783,25,25,32,32,pointworld,pointworld,same,0,same,0
AUTOLab+5d05c5aa+2023-11-18-01h-24m-07s,115,0,0,25,26,pointworld,pointworld,same,0,moved,1
AUTOLab+7cb094d5+2023-12-13-15h-29m-16s,330,0,0,0,0,pointworld,pointworld,same,0,same,0
AUTOLab+7cb094d5+2023-12-13-16h-39m-46s,648,0,0,0,0,pointworld,pointworld,same,0,same,0
AUTOLab+7cb094d5+2023-12-13-16h-40m-42s,150,0,0,0,0,pointworld,pointworld,same,0,same,0
AUTOLab+7cb094d5+2023-12-13-16h-43m-15s,530,0,0,0,0,pointworld,pointworld,same,0,same,0
AUTOLab+7cb094d5+2023-12-13-17h-25m-44s,471,0,0,0,0,pointworld,pointworld,same,0,same,0
AUTOLab+7cb094d5+2023-12-13-17h-55m-21s,442,0,0,0,0,pointworld,pointworld,same,0,same,0
AUTOLab+7cb094d5+2023-12-13-18h-06m-10s,339,0,0,0,0,pointworld,pointworld,same,0,same,0
AUTOLab+7cb094d5+2023-12-13-18h-09m-21s,537,0,0,0,0,pointworld,pointworld,same,0,same,0
AUTOLab+7cb094d5+2023-12-13-18h-18m-18s,467,0,0,0,0,pointworld,pointworld,same,0,same,0
AUTOLab+7cb094d5+2023-12-13-18h-21m-07s,642,0,0,0,0,pointworld,pointworld,same,0,same,0
AUTOLab+7cb094d5+2023-12-13-18h-30m-13s,388,0,0,0,0,pointworld,pointworld,same,0,same,0
AUTOLab+7cb094d5+2023-12-13-21h-25m-01s,495,0,0,0,0,pointworld,pointworld,same,0,same,0
AUTOLab+7cb094d5+2023-12-13-21h-29m-17s,808,13,13,20,21,pointworld,pointworld,same,0,moved,1
AUTOLab+7cb094d5+2023-12-13-21h-49m-47s,300,22,24,30,35,pointworld,pointworld,moved,2,moved,5
AUTOLab+7cb094d5+2023-12-13-22h-08m-16s,210,0,0,0,0,pointworld,pointworld,same,0,same,0
AUTOLab+7cb094d5+2023-12-13-22h-15m-18s,88,0,0,0,14,pointworld,pointworld,same,0,moved,14
AUTOLab+7cb094d5+2023-12-13-23h-07m-10s,324,14,13,67,68,pointworld,pointworld,moved,-1,moved,1
AUTOLab+7cb094d5+2023-12-13-23h-33m-27s,507,0,0,220,219,pointworld,pointworld,same,0,moved,-1
AUTOLab+7cb094d5+2023-12-13-23h-37m-51s,537,25,25,31,30,pointworld,pointworld,same,0,moved,-1
AUTOLab+7cb094d5+2023-12-14-00h-31m-33s,325,54,0,-1,13,pointworld,pointworld,moved,-54,recovered,
AUTOLab+7cb094d5+2023-12-14-01h-04m-57s,284,0,0,0,0,pointworld,pointworld,same,0,same,0
AUTOLab+7cb094d5+2023-12-14-01h-14m-39s,389,0,0,0,0,pointworld,pointworld,same,0,same,0
AUTOLab+7cb094d5+2023-12-14-01h-27m-12s,387,0,0,0,0,pointworld,pointworld,same,0,same,0
AUTOLab+7cb094d5+2023-12-14-09h-37m-36s,450,0,0,0,0,pointworld,pointworld,same,0,same,0
AUTOLab+7cb094d5+2023-12-14-10h-01m-50s,219,0,0,0,0,pointworld,pointworld,same,0,same,0
AUTOLab+7cb094d5+2023-12-14-10h-34m-30s,103,0,0,0,0,pointworld,pointworld,same,0,same,0
AUTOLab+7cb094d5+2023-12-14-10h-45m-51s,1015,0,0,0,0,pointworld,pointworld,same,0,same,0
AUTOLab+7cb094d5+2023-12-14-12h-05m-55s,234,0,0,0,0,pointworld,pointworld,same,0,same,0
AUTOLab+7cb094d5+2023-12-14-12h-06m-34s,981,0,0,0,0,pointworld,pointworld,same,0,same,0
AUTOLab+7cb094d5+2023-12-14-12h-13m-55s,368,0,0,0,0,pointworld,pointworld,same,0,same,0
AUTOLab+7cb094d5+2023-12-14-12h-18m-51s,66,0,0,0,0,pointworld,pointworld,same,0,same,0
AUTOLab+7cb094d5+2023-12-14-13h-24m-55s,85,0,0,0,0,pointworld,pointworld,same,0,same,0
AUTOLab+7cb094d5+2023-12-14-15h-27m-00s,105,0,0,18,18,pointworld,pointworld,same,0,same,0
AUTOLab+7cb094d5+2023-12-14-21h-26m-06s,119,53,42,-1,51,pointworld,pointworld,moved,-11,recovered,
AUTOLab+7cb094d5+2023-12-14-21h-57m-38s,143,33,32,82,81,pointworld,pointworld,moved,-1,moved,-1
AUTOLab+7cb094d5+2023-12-15-09h-09m-48s,343,0,0,0,0,pointworld,pointworld,same,0,same,0
AUTOLab+7cb094d5+2023-12-15-09h-45m-40s,397,0,0,0,0,pointworld,pointworld,same,0,same,0
AUTOLab+7cb094d5+2023-12-15-10h-03m-10s,345,0,0,0,0,pointworld,pointworld,same,0,same,0
AUTOLab+7cb094d5+2023-12-15-10h-14m-28s,204,0,0,26,0,pointworld,pointworld,same,0,moved,-26
AUTOLab+7cb094d5+2023-12-15-10h-23m-44s,454,0,0,0,0,pointworld,pointworld,same,0,same,0
AUTOLab+7cb094d5+2023-12-15-10h-26m-34s,506,0,0,0,0,pointworld,pointworld,same,0,same,0
AUTOLab+7cb094d5+2023-12-15-10h-42m-01s,361,0,0,0,0,pointworld,pointworld,same,0,same,0
AUTOLab+7cb094d5+2023-12-15-10h-52m-56s,508,0,0,0,0,pointworld,pointworld,same,0,same,0
AUTOLab+7cb094d5+2023-12-15-15h-52m-19s,737,10,16,21,21,pointworld,pointworld,moved,6,same,0
AUTOLab+7cb094d5+2023-12-15-15h-55m-06s,994,0,0,23,23,pointworld,pointworld,same,0,same,0
AUTOLab+7cb094d5+2023-12-15-16h-01m-38s,481,0,0,0,10,pointworld,pointworld,same,0,moved,10
AUTOLab+7cb094d5+2023-12-15-16h-23m-25s,407,0,0,34,34,pointworld,pointworld,same,0,same,0
AUTOLab+7cb094d5+2023-12-15-16h-25m-41s,409,0,0,17,18,pointworld,pointworld,same,0,moved,1
AUTOLab+7cb094d5+2023-12-15-17h-01m-13s,319,0,0,0,11,pointworld,pointworld,same,0,moved,11
AUTOLab+7cb094d5+2023-12-15-17h-07m-32s,134,0,14,11,19,pointworld,pointworld,moved,14,moved,8
AUTOLab+7cb094d5+2023-12-15-17h-09m-38s,128,12,16,18,23,pointworld,pointworld,moved,4,moved,5
AUTOLab+7cb094d5+2023-12-15-17h-35m-53s,66,0,16,14,20,pointworld,pointworld,moved,16,moved,6
AUTOLab+7cb094d5+2023-12-15-17h-43m-21s,413,0,10,10,18,pointworld,pointworld,moved,10,moved,8
AUTOLab+7cb094d5+2023-12-15-18h-17m-49s,246,24,19,50,43,pointworld,pointworld,moved,-5,moved,-7
AUTOLab+7cb094d5+2023-12-15-23h-30m-06s,242,0,16,21,21,pointworld,pointworld,moved,16,same,0
AUTOLab+7cb094d5+2023-12-16-00h-23m-42s,454,26,62,59,117,pointworld,pointworld,moved,36,moved,58
AUTOLab+7cb094d5+2023-12-16-00h-52m-35s,404,15,16,18,19,pointworld,pointworld,moved,1,moved,1
AUTOLab+7cb094d5+2023-12-16-00h-54m-50s,170,17,17,22,29,pointworld,pointworld,same,0,moved,7
AUTOLab+84bd5053+2023-07-08-08h-58m-33s,680,32,31,69,66,pointworld,pointworld,moved,-1,moved,-3
AUTOLab+84bd5053+2023-07-08-08h-59m-35s,720,58,57,78,77,pointworld,pointworld,moved,-1,moved,-1
AUTOLab+84bd5053+2023-07-08-09h-09m-59s,431,20,19,25,24,pointworld,pointworld,moved,-1,moved,-1
AUTOLab+84bd5053+2023-07-08-09h-16m-01s,470,28,26,34,35,pointworld,pointworld,moved,-2,moved,1
AUTOLab+84bd5053+2023-07-08-09h-16m-49s,456,30,28,58,50,pointworld,pointworld,moved,-2,moved,-8
AUTOLab+84bd5053+2023-07-08-09h-54m-01s,364,13,13,18,18,pointworld,pointworld,same,0,same,0
AUTOLab+84bd5053+2023-07-08-09h-57m-29s,277,0,0,8,7,pointworld,pointworld,same,0,moved,-1
AUTOLab+84bd5053+2023-07-08-10h-28m-16s,346,24,24,30,29,pointworld,pointworld,same,0,moved,-1
AUTOLab+84bd5053+2023-07-08-10h-33m-56s,368,13,13,17,17,pointworld,pointworld,same,0,same,0
AUTOLab+84bd5053+2023-07-08-10h-35m-48s,308,12,12,16,16,pointworld,pointworld,same,0,same,0
AUTOLab+84bd5053+2023-07-08-10h-37m-27s,225,0,0,20,20,pointworld,pointworld,same,0,same,0
AUTOLab+84bd5053+2023-07-08-10h-40m-52s,323,18,18,23,23,pointworld,pointworld,same,0,same,0
AUTOLab+84bd5053+2023-07-08-10h-44m-19s,528,8,8,15,15,pointworld,pointworld,same,0,same,0
AUTOLab+84bd5053+2023-07-08-10h-45m-44s,457,21,20,32,32,pointworld,pointworld,moved,-1,same,0
AUTOLab+84bd5053+2023-07-08-10h-50m-58s,338,21,21,34,34,pointworld,pointworld,same,0,same,0
AUTOLab+84bd5053+2023-07-08-10h-57m-16s,213,12,12,17,17,pointworld,pointworld,same,0,same,0
AUTOLab+84bd5053+2023-07-08-10h-58m-00s,275,9,9,14,14,pointworld,pointworld,same,0,same,0
AUTOLab+84bd5053+2023-07-08-11h-52m-30s,138,0,0,9,0,pointworld,pointworld,same,0,moved,-9
AUTOLab+84bd5053+2023-07-12-11h-18m-41s,111,18,17,28,27,pointworld,pointworld,moved,-1,moved,-1
AUTOLab+84bd5053+2023-07-14-14h-56m-19s,191,0,0,24,24,pointworld,pointworld,same,0,same,0
AUTOLab+84bd5053+2023-07-14-15h-11m-08s,132,0,0,18,18,pointworld,pointworld,same,0,same,0
AUTOLab+84bd5053+2023-07-14-15h-58m-46s,86,13,13,20,20,pointworld,pointworld,same,0,same,0
AUTOLab+84bd5053+2023-07-14-16h-01m-03s,150,0,0,0,0,pointworld,pointworld,same,0,same,0
AUTOLab+84bd5053+2023-07-14-16h-18m-41s,112,0,0,17,18,pointworld,pointworld,same,0,moved,1
AUTOLab+84bd5053+2023-07-14-16h-41m-36s,145,0,0,23,22,pointworld,pointworld,same,0,moved,-1
AUTOLab+84bd5053+2023-07-14-16h-53m-21s,86,0,0,10,0,pointworld,pointworld,same,0,moved,-10
AUTOLab+84bd5053+2023-07-14-16h-54m-39s,95,0,0,15,15,pointworld,pointworld,same,0,same,0
AUTOLab+84bd5053+2023-07-14-17h-08m-01s,101,6,6,14,14,pointworld,pointworld,same,0,same,0
AUTOLab+84bd5053+2023-07-14-17h-25m-19s,125,18,18,23,23,pointworld,pointworld,same,0,same,0
AUTOLab+84bd5053+2023-07-14-17h-27m-13s,106,0,0,0,0,pointworld,pointworld,same,0,same,0
AUTOLab+84bd5053+2023-07-21-12h-20m-03s,219,17,15,23,23,pointworld,pointworld,moved,-2,same,0
AUTOLab+84bd5053+2023-07-21-12h-23m-40s,147,0,0,18,18,pointworld,pointworld,same,0,same,0
AUTOLab+84bd5053+2023-07-21-12h-32m-18s,185,0,0,18,18,pointworld,pointworld,same,0,same,0
AUTOLab+84bd5053+2023-07-21-12h-33m-12s,137,12,12,18,18,pointworld,pointworld,same,0,same,0
AUTOLab+84bd5053+2023-07-21-12h-37m-16s,359,0,0,39,38,pointworld,pointworld,same,0,moved,-1
AUTOLab+84bd5053+2023-07-21-12h-39m-22s,170,0,18,21,26,pointworld,pointworld,moved,18,moved,5
AUTOLab+84bd5053+2023-07-21-12h-42m-00s,109,10,9,14,14,pointworld,pointworld,moved,-1,same,0
AUTOLab+84bd5053+2023-07-21-12h-42m-32s,129,0,0,18,18,pointworld,pointworld,same,0,same,0
AUTOLab+84bd5053+2023-07-21-12h-44m-49s,125,0,0,14,14,pointworld,pointworld,same,0,same,0
AUTOLab+84bd5053+2023-07-21-12h-45m-11s,116,14,13,18,18,pointworld,pointworld,moved,-1,same,0
AUTOLab+84bd5053+2023-07-21-12h-45m-51s,121,0,0,11,11,pointworld,pointworld,same,0,same,0
AUTOLab+84bd5053+2023-07-21-12h-48m-39s,151,0,0,35,35,pointworld,pointworld,same,0,same,0
AUTOLab+84bd5053+2023-07-21-12h-49m-14s,137,11,10,16,15,pointworld,pointworld,moved,-1,moved,-1
AUTOLab+84bd5053+2023-07-21-12h-59m-42s,188,0,0,13,11,pointworld,pointworld,same,0,moved,-2
AUTOLab+84bd5053+2023-07-21-13h-16m-47s,121,0,0,9,8,pointworld,pointworld,same,0,moved,-1
AUTOLab+84bd5053+2023-07-21-13h-22m-15s,158,10,9,15,15,pointworld,pointworld,moved,-1,same,0
AUTOLab+84bd5053+2023-07-21-13h-28m-13s,112,0,0,0,0,pointworld,pointworld,same,0,same,0
AUTOLab+84bd5053+2023-07-21-13h-29m-36s,111,0,0,12,12,pointworld,pointworld,same,0,same,0
AUTOLab+84bd5053+2023-07-21-13h-30m-30s,158,0,0,13,12,pointworld,pointworld,same,0,moved,-1
AUTOLab+84bd5053+2023-07-21-13h-34m-29s,153,0,0,16,16,pointworld,pointworld,same,0,same,0
AUTOLab+84bd5053+2023-07-21-14h-43m-24s,108,11,10,24,23,pointworld,pointworld,moved,-1,moved,-1
AUTOLab+84bd5053+2023-07-21-15h-14m-28s,149,0,0,16,15,pointworld,pointworld,same,0,moved,-1
AUTOLab+84bd5053+2023-07-21-15h-18m-08s,162,0,0,19,18,pointworld,pointworld,same,0,moved,-1
AUTOLab+84bd5053+2023-07-21-15h-19m-36s,119,0,0,15,14,pointworld,pointworld,same,0,moved,-1
AUTOLab+84bd5053+2023-07-21-15h-21m-32s,215,0,0,18,17,pointworld,pointworld,same,0,moved,-1
AUTOLab+84bd5053+2023-07-21-15h-36m-07s,128,16,15,23,22,pointworld,pointworld,moved,-1,moved,-1
AUTOLab+84bd5053+2023-07-27-08h-45m-09s,124,10,8,16,15,pointworld,pointworld,moved,-2,moved,-1
AUTOLab+84bd5053+2023-07-27-08h-50m-00s,173,14,12,20,19,pointworld,pointworld,moved,-2,moved,-1
AUTOLab+84bd5053+2023-07-27-08h-54m-06s,117,0,0,4,4,pointworld,pointworld,same,0,same,0
AUTOLab+84bd5053+2023-07-27-08h-55m-51s,87,0,0,0,0,pointworld,pointworld,same,0,same,0
AUTOLab+84bd5053+2023-07-27-08h-58m-20s,90,0,0,12,11,pointworld,pointworld,same,0,moved,-1
AUTOLab+84bd5053+2023-07-27-09h-02m-32s,104,10,9,15,14,pointworld,pointworld,moved,-1,moved,-1
AUTOLab+84bd5053+2023-07-27-09h-03m-15s,104,0,0,8,8,pointworld,pointworld,same,0,same,0
AUTOLab+84bd5053+2023-07-27-09h-05m-30s,210,0,0,15,15,pointworld,pointworld,same,0,same,0
AUTOLab+84bd5053+2023-07-27-09h-09m-02s,60,0,0,9,0,pointworld,pointworld,same,0,moved,-9
AUTOLab+84bd5053+2023-07-27-09h-10m-47s,111,0,0,16,15,pointworld,pointworld,same,0,moved,-1
AUTOLab+84bd5053+2023-07-27-09h-11m-17s,91,0,0,0,0,pointworld,pointworld,same,0,same,0
AUTOLab+84bd5053+2023-07-27-09h-11m-31s,99,0,0,9,0,pointworld,pointworld,same,0,moved,-9
AUTOLab+84bd5053+2023-07-27-09h-14m-27s,110,0,0,15,14,pointworld,pointworld,same,0,moved,-1
AUTOLab+84bd5053+2023-07-27-09h-14m-58s,101,0,0,0,0,pointworld,pointworld,same,0,same,0
AUTOLab+84bd5053+2023-07-27-09h-16m-39s,113,0,0,11,10,pointworld,pointworld,same,0,moved,-1
AUTOLab+84bd5053+2023-07-27-09h-18m-59s,75,0,0,6,7,pointworld,pointworld,same,0,moved,1
AUTOLab+84bd5053+2023-07-27-09h-21m-31s,91,0,0,11,10,pointworld,pointworld,same,0,moved,-1
AUTOLab+84bd5053+2023-07-27-09h-22m-55s,116,0,0,0,0,pointworld,pointworld,same,0,same,0
AUTOLab+84bd5053+2023-07-27-09h-38m-46s,86,11,10,17,18,pointworld,pointworld,moved,-1,moved,1
AUTOLab+84bd5053+2023-07-27-09h-39m-12s,121,0,0,12,11,pointworld,pointworld,same,0,moved,-1
AUTOLab+84bd5053+2023-07-27-09h-47m-17s,136,0,0,27,28,pointworld,pointworld,same,0,moved,1
AUTOLab+84bd5053+2023-07-27-10h-12m-15s,98,12,11,17,16,pointworld,pointworld,moved,-1,moved,-1
AUTOLab+84bd5053+2023-07-27-10h-13m-07s,89,0,0,12,12,pointworld,pointworld,same,0,same,0
AUTOLab+84bd5053+2023-07-27-10h-14m-07s,100,6,6,13,13,pointworld,pointworld,same,0,same,0
AUTOLab+84bd5053+2023-07-27-10h-16m-27s,103,0,0,10,0,pointworld,pointworld,same,0,moved,-10
AUTOLab+84bd5053+2023-07-27-10h-21m-01s,80,0,0,7,8,pointworld,pointworld,same,0,moved,1
AUTOLab+84bd5053+2023-07-27-10h-29m-39s,93,0,0,0,0,pointworld,pointworld,same,0,same,0
AUTOLab+84bd5053+2023-08-17-17h-13m-17s,183,25,24,31,31,pointworld,pointworld,moved,-1,same,0
AUTOLab+84bd5053+2023-08-17-17h-17m-33s,159,0,0,21,21,pointworld,pointworld,same,0,same,0
AUTOLab+84bd5053+2023-08-17-17h-21m-08s,102,9,9,16,16,pointworld,pointworld,same,0,same,0
AUTOLab+84bd5053+2023-08-17-17h-24m-43s,89,0,0,21,19,pointworld,pointworld,same,0,moved,-2
AUTOLab+84bd5053+2023-08-17-17h-25m-00s,124,0,0,67,68,pointworld,pointworld,same,0,moved,1
AUTOLab+84bd5053+2023-08-17-17h-27m-21s,112,0,0,21,22,pointworld,pointworld,same,0,moved,1
AUTOLab+84bd5053+2023-08-17-17h-28m-18s,121,15,14,21,22,pointworld,pointworld,moved,-1,moved,1
AUTOLab+84bd5053+2023-08-17-17h-33m-56s,112,14,14,19,19,pointworld,pointworld,same,0,same,0
AUTOLab+84bd5053+2023-08-17-17h-34m-16s,100,0,0,22,21,pointworld,pointworld,same,0,moved,-1
AUTOLab+84bd5053+2023-08-17-17h-34m-40s,103,18,17,23,23,pointworld,pointworld,moved,-1,same,0
AUTOLab+84bd5053+2023-08-17-17h-46m-22s,124,16,16,22,22,pointworld,pointworld,same,0,same,0
AUTOLab+84bd5053+2023-08-17-17h-47m-46s,91,0,0,14,15,pointworld,pointworld,same,0,moved,1
AUTOLab+84bd5053+2023-08-17-17h-49m-29s,88,14,14,21,21,pointworld,pointworld,same,0,same,0
AUTOLab+84bd5053+2023-08-17-17h-50m-17s,112,13,13,18,18,pointworld,pointworld,same,0,same,0
AUTOLab+84bd5053+2023-08-17-17h-53m-45s,66,0,0,42,42,pointworld,pointworld,same,0,same,0
AUTOLab+84bd5053+2023-08-18-11h-41m-14s,77,17,18,22,22,pointworld,pointworld,moved,1,same,0
AUTOLab+84bd5053+2023-08-18-11h-47m-08s,97,12,11,19,19,pointworld,pointworld,moved,-1,same,0
AUTOLab+84bd5053+2023-08-18-11h-47m-22s,90,6,7,14,14,pointworld,pointworld,moved,1,same,0
AUTOLab+84bd5053+2023-08-18-11h-51m-46s,99,26,25,30,30,pointworld,pointworld,moved,-1,same,0
AUTOLab+84bd5053+2023-08-18-11h-56m-22s,101,26,26,33,34,pointworld,pointworld,same,0,moved,1
AUTOLab+84bd5053+2023-08-18-11h-59m-56s,108,15,14,19,19,pointworld,pointworld,moved,-1,same,0
AUTOLab+84bd5053+2023-08-18-12h-06m-13s,98,16,0,25,25,pointworld,pointworld,moved,-16,same,0
AUTOLab+84bd5053+2023-08-18-12h-08m-47s,112,17,17,25,25,pointworld,pointworld,same,0,same,0
AUTOLab+84bd5053+2023-08-18-12h-10m-02s,114,4,3,18,18,pointworld,pointworld,moved,-1,same,0
AUTOLab+84bd5053+2023-08-18-12h-15m-17s,112,0,0,10,11,pointworld,pointworld,same,0,moved,1
AUTOLab+84bd5053+2023-08-18-12h-17m-13s,88,11,11,16,16,pointworld,pointworld,same,0,same,0
AUTOLab+84bd5053+2023-08-18-12h-26m-41s,68,0,0,10,9,pointworld,pointworld,same,0,moved,-1
AUTOLab+84bd5053+2023-08-21-13h-32m-49s,158,13,0,17,15,pointworld,pointworld,moved,-13,moved,-2
AUTOLab+84bd5053+2023-08-21-13h-54m-18s,161,14,11,20,19,pointworld,pointworld,moved,-3,moved,-1
AUTOLab+84bd5053+2023-08-21-13h-58m-26s,155,13,12,19,19,pointworld,pointworld,moved,-1,same,0
AUTOLab+84bd5053+2023-08-21-14h-01m-37s,171,0,0,10,7,pointworld,pointworld,same,0,moved,-3
AUTOLab+84bd5053+2023-08-21-14h-12m-40s,186,0,0,0,0,pointworld,pointworld,same,0,same,0
AUTOLab+84bd5053+2023-08-21-14h-16m-58s,144,0,0,14,10,pointworld,pointworld,same,0,moved,-4
AUTOLab+84bd5053+2023-08-21-14h-20m-34s,158,11,0,16,13,pointworld,pointworld,moved,-11,moved,-3
AUTOLab+84bd5053+2023-08-27-21h-02m-48s,584,0,0,0,0,pointworld,pointworld,same,0,same,0
AUTOLab+84bd5053+2023-08-27-21h-19m-46s,128,21,0,29,20,pointworld,pointworld,moved,-21,moved,-9
AUTOLab+84bd5053+2023-08-27-23h-20m-41s,184,0,0,11,11,pointworld,pointworld,same,0,same,0
AUTOLab+84bd5053+2023-08-27-23h-21m-48s,616,0,0,32,32,pointworld,pointworld,same,0,same,0
AUTOLab+84bd5053+2023-08-28-00h-30m-10s,294,0,0,0,0,pointworld,pointworld,same,0,same,0
AUTOLab+84bd5053+2023-09-04-18h-45m-31s,221,24,26,31,35,pointworld,pointworld,moved,2,moved,4
AUTOLab+84bd5053+2023-09-04-18h-50m-50s,129,66,65,73,75,pointworld,pointworld,moved,-1,moved,2
AUTOLab+84bd5053+2023-09-04-19h-27m-53s,138,29,27,37,40,pointworld,pointworld,moved,-2,moved,3
AUTOLab+84bd5053+2023-09-05-08h-55m-46s,181,13,21,27,36,pointworld,pointworld,moved,8,moved,9
AUTOLab+84bd5053+2023-09-05-08h-56m-34s,175,10,16,21,53,pointworld,pointworld,moved,6,moved,32
AUTOLab+84bd5053+2023-09-05-09h-03m-25s,130,18,21,25,31,pointworld,pointworld,moved,3,moved,6
AUTOLab+84bd5053+2023-09-05-09h-10m-10s,80,0,0,16,27,pointworld,pointworld,same,0,moved,11
AUTOLab+84bd5053+2023-09-05-09h-14m-22s,114,15,19,23,27,pointworld,pointworld,moved,4,moved,4
AUTOLab+84bd5053+2023-09-05-09h-43m-55s,146,0,0,35,39,pointworld,pointworld,same,0,moved,4
AUTOLab+84bd5053+2023-09-05-09h-46m-16s,130,29,29,36,36,pointworld,pointworld,same,0,same,0
AUTOLab+84bd5053+2023-09-05-09h-48m-18s,160,24,23,36,36,pointworld,pointworld,moved,-1,same,0
AUTOLab+84bd5053+2023-09-10-16h-17m-22s,2100,0,0,64,65,pointworld,pointworld,same,0,moved,1
AUTOLab+84bd5053+2023-10-07-17h-36m-34s,261,29,25,36,31,pointworld,pointworld,moved,-4,moved,-5
AUTOLab+84bd5053+2023-10-07-17h-41m-23s,419,0,0,0,0,pointworld,pointworld,same,0,same,0
AUTOLab+84bd5053+2023-10-07-17h-52m-20s,308,0,0,15,11,pointworld,pointworld,same,0,moved,-4
AUTOLab+84bd5053+2023-10-07-19h-10m-39s,572,54,54,59,59,pointworld,pointworld,same,0,same,0
AUTOLab+84bd5053+2023-10-07-19h-19m-26s,759,36,36,43,43,pointworld,pointworld,same,0,same,0
AUTOLab+84bd5053+2023-10-07-19h-26m-26s,373,19,19,31,31,pointworld,pointworld,same,0,same,0
AUTOLab+84bd5053+2023-10-13-19h-10m-35s,86,0,0,0,0,pointworld,pointworld,same,0,same,0
AUTOLab+84bd5053+2023-10-13-19h-18m-04s,113,19,18,26,25,pointworld,pointworld,moved,-1,moved,-1
AUTOLab+84bd5053+2023-10-13-19h-37m-06s,98,0,0,0,0,pointworld,pointworld,same,0,same,0
AUTOLab+84bd5053+2023-10-13-19h-48m-25s,55,0,0,17,17,pointworld,pointworld,same,0,same,0
AUTOLab+84bd5053+2023-10-13-19h-55m-33s,116,0,0,0,0,pointworld,pointworld,same,0,same,0
AUTOLab+84bd5053+2023-10-13-20h-18m-20s,117,18,0,25,13,pointworld,pointworld,moved,-18,moved,-12
AUTOLab+84bd5053+2023-10-13-20h-21m-40s,145,0,0,35,0,pointworld,pointworld,same,0,moved,-35
AUTOLab+84bd5053+2023-10-13-20h-25m-47s,108,0,0,0,0,pointworld,pointworld,same,0,same,0
AUTOLab+84bd5053+2023-10-13-20h-28m-45s,99,0,0,0,0,pointworld,pointworld,same,0,same,0
AUTOLab+84bd5053+2023-10-13-20h-41m-05s,104,0,0,0,0,pointworld,pointworld,same,0,same,0
AUTOLab+84bd5053+2023-10-13-21h-13m-25s,112,0,0,0,0,pointworld,pointworld,same,0,same,0
AUTOLab+84bd5053+2023-11-11-08h-52m-38s,2331,99,98,111,109,pointworld,pointworld,moved,-1,moved,-2
AUTOLab+84bd5053+2023-11-19-13h-16m-03s,266,0,35,0,46,pointworld,pointworld,moved,35,moved,46
AUTOLab+84bd5053+2023-12-02-12h-57m-57s,143,54,0,60,0,pointworld,pointworld,moved,-54,moved,-60
AUTOLab+84bd5053+2023-12-02-13h-39m-34s,113,0,0,0,0,pointworld,pointworld,same,0,same,0
AUTOLab+9aed6d7a+2023-11-04-17h-50m-07s,187,0,0,0,0,pointworld,pointworld,same,0,same,0
AUTOLab+9aed6d7a+2023-11-04-18h-09m-07s,180,0,0,0,0,pointworld,pointworld,same,0,same,0
AUTOLab+9aed6d7a+2023-11-04-18h-11m-46s,102,0,0,0,0,pointworld,pointworld,same,0,same,0
AUTOLab+9aed6d7a+2023-11-06-15h-48m-48s,116,0,0,28,28,pointworld,pointworld,same,0,same,0
AUTOLab+9aed6d7a+2023-11-06-19h-35m-41s,177,0,0,32,35,pointworld,pointworld,same,0,moved,3
AUTOLab+9aed6d7a+2023-11-06-19h-52m-45s,171,0,0,40,40,pointworld,pointworld,same,0,same,0
AUTOLab+9aed6d7a+2023-11-06-20h-04m-04s,110,0,0,35,17,pointworld,pointworld,same,0,moved,-18
AUTOLab+9aed6d7a+2023-11-06-20h-11m-23s,180,39,22,50,50,pointworld,pointworld,moved,-17,same,0
AUTOLab+9aed6d7a+2023-11-06-20h-37m-10s,185,0,0,0,0,pointworld,pointworld,same,0,same,0
AUTOLab+9aed6d7a+2023-11-07-14h-38m-28s,180,0,0,0,0,pointworld,pointworld,same,0,same,0
AUTOLab+9aed6d7a+2023-11-07-14h-48m-43s,145,0,0,0,0,pointworld,pointworld,same,0,same,0
AUTOLab+9aed6d7a+2023-11-07-15h-12m-19s,148,0,0,25,25,pointworld,pointworld,same,0,same,0
AUTOLab+9aed6d7a+2023-11-07-15h-12m-56s,225,0,0,0,0,pointworld,pointworld,same,0,same,0
AUTOLab+9aed6d7a+2023-11-07-15h-13m-18s,172,0,0,0,0,pointworld,pointworld,same,0,same,0
AUTOLab+9aed6d7a+2023-11-07-15h-15m-45s,168,0,0,0,0,pointworld,pointworld,same,0,same,0
AUTOLab+9aed6d7a+2023-11-07-15h-18m-36s,246,25,25,32,32,pointworld,pointworld,same,0,same,0
AUTOLab+9aed6d7a+2023-11-07-15h-19m-24s,122,0,0,11,11,pointworld,pointworld,same,0,same,0
AUTOLab+9aed6d7a+2023-11-07-15h-19m-44s,215,0,0,0,0,pointworld,pointworld,same,0,same,0
AUTOLab+9aed6d7a+2023-11-07-15h-37m-14s,157,0,0,0,0,pointworld,pointworld,same,0,same,0
AUTOLab+9aed6d7a+2023-11-07-15h-53m-37s,195,0,0,0,0,pointworld,pointworld,same,0,same,0
AUTOLab+9aed6d7a+2023-11-07-16h-33m-19s,254,0,0,0,0,pointworld,pointworld,same,0,same,0
AUTOLab+9aed6d7a+2023-11-07-16h-39m-35s,155,0,0,0,0,pointworld,pointworld,same,0,same,0
AUTOLab+9aed6d7a+2023-11-07-17h-02m-26s,319,0,0,13,14,pointworld,pointworld,same,0,moved,1
AUTOLab+9aed6d7a+2023-11-07-17h-10m-08s,95,13,13,19,20,pointworld,pointworld,same,0,moved,1
AUTOLab+9aed6d7a+2023-11-07-17h-12m-50s,279,0,0,14,14,pointworld,pointworld,same,0,same,0
AUTOLab+9aed6d7a+2023-11-07-17h-14m-19s,231,0,0,17,17,pointworld,pointworld,same,0,same,0
AUTOLab+9aed6d7a+2023-11-07-17h-17m-00s,405,0,0,0,0,pointworld,pointworld,same,0,same,0
AUTOLab+9aed6d7a+2023-11-07-17h-20m-29s,605,0,0,0,0,pointworld,pointworld,same,0,same,0
AUTOLab+9aed6d7a+2023-11-07-17h-21m-18s,230,0,0,16,16,pointworld,pointworld,same,0,same,0
AUTOLab+9aed6d7a+2023-11-07-17h-24m-50s,121,0,0,0,0,pointworld,pointworld,same,0,same,0
AUTOLab+9aed6d7a+2023-11-09-17h-41m-34s,111,0,0,48,36,pointworld,pointworld,same,0,moved,-12
AUTOLab+9aed6d7a+2023-11-09-17h-56m-28s,261,0,0,19,19,pointworld,pointworld,same,0,same,0
AUTOLab+9aed6d7a+2023-11-09-18h-32m-52s,240,0,0,115,115,pointworld,pointworld,same,0,same,0
AUTOLab+9aed6d7a+2023-11-11-17h-19m-00s,573,0,0,18,17,pointworld,pointworld,same,0,moved,-1
AUTOLab+9aed6d7a+2023-11-11-17h-50m-40s,356,0,0,16,15,pointworld,pointworld,same,0,moved,-1
AUTOLab+9aed6d7a+2023-11-11-17h-51m-35s,573,0,0,18,0,pointworld,pointworld,same,0,moved,-18
AUTOLab+9aed6d7a+2023-11-13-16h-09m-33s,73,41,41,49,48,pointworld,pointworld,same,0,moved,-1
AUTOLab+9aed6d7a+2023-11-16-12h-25m-59s,780,12,0,20,17,pointworld,pointworld,moved,-12,moved,-3
AUTOLab+9aed6d7a+2023-11-16-12h-43m-02s,1190,0,0,15,13,pointworld,pointworld,same,0,moved,-2
AUTOLab+9aed6d7a+2023-11-16-13h-04m-31s,520,0,0,0,0,pointworld,pointworld,same,0,same,0
AUTOLab+9aed6d7a+2023-11-16-13h-24m-20s,731,0,0,15,12,pointworld,pointworld,same,0,moved,-3
AUTOLab+9aed6d7a+2023-11-16-13h-32m-13s,676,17,15,26,23,pointworld,pointworld,moved,-2,moved,-3
AUTOLab+9aed6d7a+2023-11-16-13h-51m-11s,710,0,0,20,18,pointworld,pointworld,same,0,moved,-2
AUTOLab+9aed6d7a+2023-11-16-13h-57m-43s,903,0,0,14,13,pointworld,pointworld,same,0,moved,-1
AUTOLab+9aed6d7a+2023-11-16-14h-04m-52s,893,0,0,15,14,pointworld,pointworld,same,0,moved,-1
AUTOLab+9aed6d7a+2023-11-16-14h-15m-39s,666,0,21,26,29,pointworld,pointworld,moved,21,moved,3
AUTOLab+9aed6d7a+2023-11-16-14h-23m-27s,262,0,0,0,11,pointworld,pointworld,same,0,moved,11
AUTOLab+9aed6d7a+2023-11-16-14h-26m-27s,529,14,13,23,22,pointworld,pointworld,moved,-1,moved,-1
AUTOLab+9aed6d7a+2023-11-16-14h-36m-32s,581,0,0,17,15,pointworld,pointworld,same,0,moved,-2
AUTOLab+9aed6d7a+2023-11-16-14h-45m-17s,534,12,0,18,17,pointworld,pointworld,moved,-12,moved,-1
AUTOLab+9aed6d7a+2023-11-16-15h-38m-38s,152,0,0,0,0,pointworld,pointworld,same,0,same,0
AUTOLab+9aed6d7a+2023-11-16-15h-39m-00s,190,0,0,0,0,pointworld,pointworld,same,0,same,0
AUTOLab+9aed6d7a+2023-11-16-15h-41m-42s,201,0,0,15,12,pointworld,pointworld,same,0,moved,-3
AUTOLab+9aed6d7a+2023-11-16-15h-46m-25s,135,0,0,16,16,pointworld,pointworld,same,0,same,0
AUTOLab+9aed6d7a+2023-11-16-15h-46m-57s,196,0,0,13,0,pointworld,pointworld,same,0,moved,-13
AUTOLab+9aed6d7a+2023-11-16-15h-52m-16s,157,0,0,0,0,pointworld,pointworld,same,0,same,0
AUTOLab+9aed6d7a+2023-11-16-15h-54m-26s,207,0,0,10,0,pointworld,pointworld,same,0,moved,-10
AUTOLab+9aed6d7a+2023-11-16-16h-15m-06s,161,16,16,107,107,pointworld,pointworld,same,0,same,0
AUTOLab+9aed6d7a+2023-11-16-16h-18m-41s,99,0,0,20,20,pointworld,pointworld,same,0,same,0
AUTOLab+9aed6d7a+2023-11-16-16h-24m-31s,306,14,15,22,22,pointworld,pointworld,moved,1,same,0
AUTOLab+9aed6d7a+2023-11-16-16h-29m-52s,356,16,17,22,23,pointworld,pointworld,moved,1,moved,1
AUTOLab+9aed6d7a+2023-11-16-16h-31m-25s,218,0,0,19,19,pointworld,pointworld,same,0,same,0
AUTOLab+9aed6d7a+2023-11-16-16h-35m-48s,258,0,0,13,14,pointworld,pointworld,same,0,moved,1
AUTOLab+9aed6d7a+2023-11-16-16h-50m-11s,239,0,0,0,10,pointworld,pointworld,same,0,moved,10
AUTOLab+9aed6d7a+2023-11-16-16h-52m-07s,159,0,0,16,16,pointworld,pointworld,same,0,same,0
AUTOLab+9aed6d7a+2023-11-21-14h-36m-22s,139,0,0,12,0,pointworld,pointworld,same,0,moved,-12
AUTOLab+9aed6d7a+2023-11-21-14h-48m-04s,697,0,0,0,0,pointworld,pointworld,same,0,same,0
AUTOLab+9aed6d7a+2023-11-21-14h-56m-17s,126,0,0,17,16,pointworld,pointworld,same,0,moved,-1
AUTOLab+9aed6d7a+2023-11-21-15h-33m-18s,266,0,0,9,0,pointworld,pointworld,same,0,moved,-9
AUTOLab+9aed6d7a+2023-11-21-15h-52m-19s,384,13,11,19,18,pointworld,pointworld,moved,-2,moved,-1
AUTOLab+9aed6d7a+2023-11-21-16h-09m-11s,111,0,0,13,12,pointworld,pointworld,same,0,moved,-1
AUTOLab+9aed6d7a+2023-11-21-16h-13m-16s,488,0,0,10,0,pointworld,pointworld,same,0,moved,-10
AUTOLab+9aed6d7a+2023-11-21-16h-14m-05s,576,13,13,18,17,pointworld,pointworld,same,0,moved,-1
AUTOLab+9aed6d7a+2023-11-22-14h-11m-35s,580,0,0,10,0,pointworld,pointworld,same,0,moved,-10
AUTOLab+9aed6d7a+2023-11-22-14h-12m-52s,438,0,0,17,0,pointworld,pointworld,same,0,moved,-17
AUTOLab+9aed6d7a+2023-11-22-14h-20m-20s,350,0,0,0,0,pointworld,pointworld,same,0,same,0
AUTOLab+9aed6d7a+2023-11-30-12h-45m-40s,318,0,26,18,36,pointworld,pointworld,moved,26,moved,18
AUTOLab+9aed6d7a+2023-11-30-12h-49m-39s,99,0,0,0,34,pointworld,pointworld,same,0,moved,34
AUTOLab+9aed6d7a+2023-11-30-12h-51m-36s,572,0,24,0,32,pointworld,pointworld,moved,24,moved,32
AUTOLab+9aed6d7a+2023-11-30-12h-55m-34s,289,0,20,0,30,pointworld,pointworld,moved,20,moved,30
AUTOLab+9aed6d7a+2023-11-30-13h-00m-43s,516,0,19,0,26,pointworld,pointworld,moved,19,moved,26
AUTOLab+9aed6d7a+2023-11-30-13h-28m-17s,395,19,18,33,29,pointworld,pointworld,moved,-1,moved,-4
AUTOLab+9aed6d7a+2023-11-30-13h-31m-45s,515,21,20,28,27,pointworld,pointworld,moved,-1,moved,-1
AUTOLab+9aed6d7a+2023-11-30-13h-38m-23s,815,19,18,26,25,pointworld,pointworld,moved,-1,moved,-1
AUTOLab+9aed6d7a+2023-11-30-13h-40m-23s,807,17,16,24,23,pointworld,pointworld,moved,-1,moved,-1
AUTOLab+9aed6d7a+2023-11-30-13h-45m-48s,651,24,23,34,32,pointworld,pointworld,moved,-1,moved,-2
AUTOLab+9aed6d7a+2023-11-30-13h-47m-02s,621,20,20,28,27,pointworld,pointworld,same,0,moved,-1
AUTOLab+9aed6d7a+2023-11-30-13h-47m-57s,846,14,0,33,25,pointworld,pointworld,moved,-14,moved,-8
AUTOLab+9aed6d7a+2023-11-30-14h-03m-49s,1068,0,0,22,18,pointworld,pointworld,same,0,moved,-4
AUTOLab+9aed6d7a+2023-11-30-14h-19m-01s,998,0,0,20,19,pointworld,pointworld,same,0,moved,-1
AUTOLab+9aed6d7a+2023-11-30-14h-48m-00s,1076,0,0,21,19,pointworld,pointworld,same,0,moved,-2
AUTOLab+9aed6d7a+2023-11-30-16h-09m-51s,559,0,0,18,16,pointworld,pointworld,same,0,moved,-2
AUTOLab+9aed6d7a+2023-11-30-16h-19m-53s,926,16,14,35,34,pointworld,pointworld,moved,-2,moved,-1
AUTOLab+9aed6d7a+2023-11-30-16h-29m-48s,1124,19,17,29,27,pointworld,pointworld,moved,-2,moved,-2
AUTOLab+9aed6d7a+2023-12-02-16h-24m-32s,167,0,0,0,0,pointworld,pointworld,same,0,same,0
AUTOLab+9aed6d7a+2023-12-02-16h-29m-38s,149,0,0,0,0,pointworld,pointworld,same,0,same,0
AUTOLab+9aed6d7a+2023-12-02-17h-29m-15s,132,0,0,0,0,pointworld,pointworld,same,0,same,0
AUTOLab+9aed6d7a+2023-12-02-17h-34m-34s,118,0,0,0,0,pointworld,pointworld,same,0,same,0
AUTOLab+9aed6d7a+2023-12-02-17h-46m-11s,125,0,0,0,8,pointworld,pointworld,same,0,moved,8
AUTOLab+9aed6d7a+2023-12-02-17h-57m-27s,136,0,0,0,0,pointworld,pointworld,same,0,same,0
AUTOLab+9aed6d7a+2023-12-09-15h-58m-59s,510,20,20,36,27,pointworld,pointworld,same,0,moved,-9
AUTOLab+cf2a60c6+2023-11-05-10h-16m-29s,137,0,0,0,0,pointworld,pointworld,same,0,same,0
AUTOLab+cf2a60c6+2023-11-05-10h-45m-46s,134,0,0,0,0,pointworld,pointworld,same,0,same,0
AUTOLab+cf2a60c6+2023-11-05-11h-33m-32s,165,0,0,12,14,pointworld,pointworld,same,0,moved,2
AUTOLab+cf2a60c6+2023-11-18-17h-29m-55s,185,0,0,0,0,pointworld,pointworld,same,0,same,0
AUTOLab+cf2a60c6+2023-11-18-17h-39m-44s,258,0,0,47,51,pointworld,pointworld,same,0,moved,4
AUTOLab+cf2a60c6+2023-11-18-17h-40m-29s,167,0,0,0,0,pointworld,pointworld,same,0,same,0
AUTOLab+cf2a60c6+2023-11-18-17h-44m-14s,87,0,0,0,0,pointworld,pointworld,same,0,same,0
AUTOLab+cf2a60c6+2023-11-18-17h-55m-48s,203,0,0,0,0,pointworld,pointworld,same,0,same,0
AUTOLab+cf2a60c6+2023-11-18-17h-56m-17s,167,0,0,29,32,pointworld,pointworld,same,0,moved,3
AUTOLab+cf2a60c6+2023-11-18-17h-59m-35s,229,0,0,37,39,pointworld,pointworld,same,0,moved,2
AUTOLab+cf2a60c6+2023-11-18-18h-16m-50s,361,0,0,0,0,pointworld,pointworld,same,0,same,0
AUTOLab+cf2a60c6+2023-11-18-18h-24m-34s,595,0,0,0,0,pointworld,pointworld,same,0,same,0
AUTOLab+cf2a60c6+2023-11-18-18h-27m-29s,512,0,0,49,52,pointworld,pointworld,same,0,moved,3
AUTOLab+cf2a60c6+2023-11-18-18h-34m-53s,292,0,0,0,0,pointworld,pointworld,same,0,same,0
AUTOLab+cf2a60c6+2023-11-18-18h-43m-44s,597,0,0,0,36,pointworld,pointworld,same,0,moved,36
AUTOLab+cf2a60c6+2023-11-18-18h-44m-44s,413,0,0,96,92,pointworld,pointworld,same,0,moved,-4
AUTOLab+cf2a60c6+2023-11-18-18h-56m-57s,360,0,0,55,54,pointworld,pointworld,same,0,moved,-1
AUTOLab+cf2a60c6+2023-11-18-19h-01m-37s,290,0,0,92,92,pointworld,pointworld,same,0,same,0
AUTOLab+cf2a60c6+2023-11-18-19h-22m-34s,244,0,0,0,0,pointworld,pointworld,same,0,same,0
AUTOLab+cf2a60c6+2023-11-18-19h-31m-51s,477,0,0,0,0,pointworld,pointworld,same,0,same,0
AUTOLab+cf2a60c6+2023-11-19-22h-25m-22s,110,0,0,0,30,pointworld,pointworld,same,0,moved,30
AUTOLab+cf2a60c6+2023-11-19-22h-47m-07s,347,0,0,0,0,pointworld,pointworld,same,0,same,0
AUTOLab+cf2a60c6+2023-11-20-09h-03m-56s,453,0,0,49,50,pointworld,pointworld,same,0,moved,1
AUTOLab+cf2a60c6+2023-11-20-09h-12m-01s,902,0,75,101,103,pointworld,pointworld,moved,75,moved,2
AUTOLab+cf2a60c6+2023-11-20-09h-21m-37s,683,17,20,39,39,pointworld,pointworld,moved,3,same,0
AUTOLab+cf2a60c6+2023-11-20-09h-28m-02s,410,0,0,0,0,pointworld,pointworld,same,0,same,0
AUTOLab+cf2a60c6+2023-11-20-09h-44m-27s,605,0,0,0,43,pointworld,pointworld,same,0,moved,43
AUTOLab+cf2a60c6+2023-11-20-09h-46m-33s,413,0,13,24,27,pointworld,pointworld,moved,13,moved,3
AUTOLab+cf2a60c6+2023-11-20-09h-49m-08s,459,0,0,0,15,pointworld,pointworld,same,0,moved,15
AUTOLab+cf2a60c6+2023-11-20-09h-52m-01s,429,0,0,0,0,pointworld,pointworld,same,0,same,0
AUTOLab+cf2a60c6+2023-11-20-10h-09m-02s,301,0,0,0,0,pointworld,pointworld,same,0,same,0
AUTOLab+cf2a60c6+2023-11-20-10h-14m-48s,436,0,0,0,0,pointworld,pointworld,same,0,same,0
AUTOLab+cf2a60c6+2023-11-20-10h-38m-38s,138,0,0,0,0,pointworld,pointworld,same,0,same,0
AUTOLab+cf2a60c6+2023-11-20-11h-08m-20s,414,0,0,44,43,pointworld,pointworld,same,0,moved,-1
AUTOLab+cf2a60c6+2023-11-20-11h-17m-48s,481,0,0,32,32,pointworld,pointworld,same,0,same,0
AUTOLab+cf2a60c6+2023-11-20-11h-29m-16s,164,0,0,0,28,pointworld,pointworld,same,0,moved,28
AUTOLab+cf2a60c6+2023-11-20-11h-36m-03s,77,0,31,35,36,pointworld,pointworld,moved,31,moved,1
AUTOLab+cf2a60c6+2023-11-20-15h-41m-38s,338,0,0,35,35,pointworld,pointworld,same,0,same,0
AUTOLab+cf2a60c6+2023-11-21-08h-52m-49s,223,0,0,16,24,pointworld,pointworld,same,0,moved,8
AUTOLab+cf2a60c6+2023-11-21-09h-58m-42s,395,37,35,53,52,pointworld,pointworld,moved,-2,moved,-1
AUTOLab+cf2a60c6+2023-11-21-10h-28m-47s,293,0,0,0,0,pointworld,pointworld,same,0,same,0
AUTOLab+cf2a60c6+2023-11-21-11h-20m-49s,84,0,0,49,16,pointworld,pointworld,same,0,moved,-33
AUTOLab+cf2a60c6+2023-11-21-11h-36m-00s,667,0,0,0,0,pointworld,pointworld,same,0,same,0
AUTOLab+cf2a60c6+2023-11-27-08h-52m-26s,1063,0,0,0,0,pointworld,pointworld,same,0,same,0
AUTOLab+cf2a60c6+2023-11-27-08h-55m-59s,473,0,0,0,0,pointworld,pointworld,same,0,same,0
AUTOLab+cf2a60c6+2023-11-27-08h-59m-00s,171,0,0,0,0,pointworld,pointworld,same,0,same,0
AUTOLab+cf2a60c6+2023-11-27-09h-23m-09s,969,0,0,0,0,pointworld,pointworld,same,0,same,0
AUTOLab+cf2a60c6+2023-11-27-09h-38m-37s,1130,0,0,0,0,pointworld,pointworld,same,0,same,0
AUTOLab+cf2a60c6+2023-11-27-10h-07m-19s,558,0,0,0,0,pointworld,pointworld,same,0,same,0
AUTOLab+cf2a60c6+2023-11-27-10h-10m-25s,502,0,0,0,0,pointworld,pointworld,same,0,same,0
AUTOLab+cf2a60c6+2023-11-27-10h-18m-58s,462,0,0,0,0,pointworld,pointworld,same,0,same,0
AUTOLab+cf2a60c6+2023-11-27-10h-23m-29s,123,0,0,21,23,pointworld,pointworld,same,0,moved,2
AUTOLab+cf2a60c6+2023-12-16-17h-16m-01s,419,82,70,98,79,pointworld,pointworld,moved,-12,moved,-19
AUTOLab+cf2a60c6+2023-12-16-17h-20m-16s,443,56,52,74,57,pointworld,pointworld,moved,-4,moved,-17
AUTOLab+cf2a60c6+2023-12-16-17h-36m-21s,97,26,0,35,17,pointworld,pointworld,moved,-26,moved,-18
AUTOLab+cf2a60c6+2023-12-16-17h-41m-35s,274,32,22,37,29,pointworld,pointworld,moved,-10,moved,-8
AUTOLab+cf2a60c6+2023-12-16-17h-50m-12s,575,36,0,292,0,pointworld,pointworld,moved,-36,moved,-292
AUTOLab+cf2a60c6+2023-12-16-17h-53m-09s,249,42,0,51,31,pointworld,pointworld,moved,-42,moved,-20
AUTOLab+cf2a60c6+2023-12-17-15h-52m-26s,591,0,0,162,158,pointworld,pointworld,same,0,moved,-4
AUTOLab+cf2a60c6+2023-12-18-10h-49m-04s,533,0,0,0,24,pointworld,pointworld,same,0,moved,24
AUTOLab+cf2a60c6+2023-12-18-11h-01m-10s,926,0,30,36,37,pointworld,pointworld,moved,30,moved,1
AUTOLab+cf2a60c6+2023-12-18-11h-26m-08s,833,28,36,39,44,pointworld,pointworld,moved,8,moved,5
AUTOLab+cf2a60c6+2023-12-18-11h-32m-14s,1262,0,26,22,30,pointworld,pointworld,moved,26,moved,8
AUTOLab+cf2a60c6+2023-12-18-11h-42m-44s,712,14,16,27,21,pointworld,pointworld,moved,2,moved,-6
AUTOLab+cf2a60c6+2023-12-18-12h-12m-12s,340,28,27,39,32,pointworld,pointworld,moved,-1,moved,-7
AUTOLab+cf2a60c6+2023-12-18-12h-19m-01s,290,14,13,20,18,pointworld,pointworld,moved,-1,moved,-2
AUTOLab+cf2a60c6+2023-12-18-12h-25m-14s,676,0,0,32,28,pointworld,pointworld,same,0,moved,-4
AUTOLab+cf2a60c6+2023-12-18-12h-39m-32s,297,0,0,42,44,pointworld,pointworld,same,0,moved,2
AUTOLab+cf2a60c6+2023-12-18-12h-41m-06s,1123,31,33,38,38,pointworld,pointworld,moved,2,same,0
AUTOLab+cf2a60c6+2023-12-18-12h-42m-39s,1221,25,21,33,31,pointworld,pointworld,moved,-4,moved,-2
AUTOLab+cf2a60c6+2023-12-18-16h-40m-01s,178,0,0,59,61,pointworld,pointworld,same,0,moved,2
AUTOLab+cf2a60c6+2023-12-18-17h-14m-40s,568,75,70,102,169,pointworld,pointworld,moved,-5,moved,67
AUTOLab+cf2a60c6+2023-12-19-10h-26m-30s,550,0,0,27,29,pointworld,pointworld,same,0,moved,2
AUTOLab+cf2a60c6+2023-12-19-12h-04m-58s,132,0,27,25,34,pointworld,pointworld,moved,27,moved,9
AUTOLab+t3d58310+2023-08-12-13h-03m-32s,1562,0,0,35,36,pointworld,pointworld,same,0,moved,1
AUTOLab+t3d58310+2023-08-12-18h-05m-38s,1197,14,12,21,19,pointworld,pointworld,moved,-2,moved,-2
AUTOLab+t3d58310+2023-08-12-18h-25m-49s,1431,4,0,12,10,pointworld,pointworld,moved,-4,moved,-2
AUTOLab+t3d58310+2023-08-12-18h-37m-05s,813,16,16,20,21,pointworld,pointworld,same,0,moved,1
AUTOLab+t3d58310+2023-08-12-18h-39m-38s,901,0,0,15,15,pointworld,pointworld,same,0,same,0
AUTOLab+t3d58310+2023-08-12-18h-42m-00s,1113,8,9,13,13,pointworld,pointworld,moved,1,same,0
AUTOLab+t3d58310+2023-08-19-17h-40m-34s,771,0,0,38,39,pointworld,pointworld,same,0,moved,1
AUTOLab+t3d58310+2023-08-19-17h-41m-40s,1221,28,27,44,44,pointworld,pointworld,moved,-1,same,0
AUTOLab+t3d58310+2023-09-02-13h-33m-34s,949,57,57,75,75,pointworld,pointworld,same,0,same,0
AUTOLab+t3d58310+2023-09-02-14h-27m-35s,933,43,46,68,71,pointworld,pointworld,moved,3,moved,3
AUTOLab+t3d58310+2023-09-02-15h-15m-44s,972,52,185,291,448,pointworld,pointworld,moved,133,moved,157
CLVR+13759f6e+2023-05-15-00h-57m-17s,184,39,39,48,49,pointworld,pointworld,same,0,moved,1
CLVR+13759f6e+2023-05-15-01h-03m-33s,235,79,80,105,107,pointworld,pointworld,moved,1,moved,2
CLVR+13759f6e+2023-05-15-22h-10m-46s,224,70,48,110,70,pointworld,pointworld,moved,-22,moved,-40
CLVR+13759f6e+2023-05-15-22h-25m-23s,289,40,43,47,51,pointworld,pointworld,moved,3,moved,4
CLVR+13759f6e+2023-05-15-22h-32m-57s,228,32,35,63,64,pointworld,pointworld,moved,3,moved,1
CLVR+13759f6e+2023-05-15-22h-33m-22s,213,60,61,72,73,pointworld,pointworld,moved,1,moved,1
CLVR+13759f6e+2023-05-15-22h-36m-52s,194,42,42,69,70,pointworld,pointworld,same,0,moved,1
CLVR+13759f6e+2023-05-15-22h-39m-19s,412,21,23,31,43,pointworld,pointworld,moved,2,moved,12
CLVR+13759f6e+2023-05-15-22h-46m-15s,286,14,17,54,54,pointworld,pointworld,moved,3,same,0
CLVR+13759f6e+2023-05-15-23h-24m-03s,236,19,38,35,49,pointworld,pointworld,moved,19,moved,14
CLVR+13759f6e+2023-05-15-23h-26m-52s,224,18,33,37,70,pointworld,pointworld,moved,15,moved,33
CLVR+13759f6e+2023-05-15-23h-41m-47s,288,27,72,86,119,pointworld,pointworld,moved,45,moved,33
CLVR+13759f6e+2023-05-16-13h-58m-29s,264,42,39,49,46,pointworld,pointworld,moved,-3,moved,-3
CLVR+13759f6e+2023-05-16-14h-00m-56s,243,35,29,45,39,pointworld,pointworld,moved,-6,moved,-6
CLVR+13759f6e+2023-05-16-14h-48m-00s,274,16,19,24,27,pointworld,pointworld,moved,3,moved,3
CLVR+13759f6e+2023-05-16-21h-52m-56s,301,44,79,54,269,pointworld,pointworld,moved,35,moved,215
CLVR+13759f6e+2023-05-16-22h-07m-43s,173,28,22,36,28,pointworld,pointworld,moved,-6,moved,-8
CLVR+13759f6e+2023-05-16-22h-12m-26s,197,36,20,95,34,pointworld,pointworld,moved,-16,moved,-61
CLVR+13759f6e+2023-05-16-22h-23m-59s,171,58,42,88,58,pointworld,pointworld,moved,-16,moved,-30
CLVR+13759f6e+2023-05-17-17h-06m-19s,150,9,9,17,19,pointworld,pointworld,same,0,moved,2
CLVR+13759f6e+2023-05-17-17h-10m-15s,222,23,25,33,30,pointworld,pointworld,moved,2,moved,-3
CLVR+13759f6e+2023-05-17-17h-35m-09s,202,25,29,75,59,pointworld,pointworld,moved,4,moved,-16
CLVR+13759f6e+2023-05-17-17h-38m-15s,300,42,40,68,66,pointworld,pointworld,moved,-2,moved,-2
CLVR+13759f6e+2023-05-17-17h-41m-40s,237,45,46,53,54,pointworld,pointworld,moved,1,moved,1
CLVR+13759f6e+2023-05-17-17h-52m-31s,227,34,55,46,79,pointworld,pointworld,moved,21,moved,33
CLVR+13759f6e+2023-05-17-18h-07m-41s,341,135,137,154,158,pointworld,pointworld,moved,2,moved,4
CLVR+13759f6e+2023-05-17-18h-11m-21s,189,70,72,80,82,pointworld,pointworld,moved,2,moved,2
CLVR+13759f6e+2023-05-17-21h-25m-32s,146,0,0,25,24,pointworld,pointworld,same,0,moved,-1
CLVR+13759f6e+2023-05-17-21h-29m-10s,289,40,39,50,50,pointworld,pointworld,moved,-1,same,0
CLVR+13759f6e+2023-05-17-21h-32m-36s,257,32,35,45,46,pointworld,pointworld,moved,3,moved,1
CLVR+13759f6e+2023-05-17-21h-35m-23s,232,41,41,49,49,pointworld,pointworld,same,0,same,0
CLVR+13759f6e+2023-05-17-21h-44m-08s,183,16,18,23,24,pointworld,pointworld,moved,2,moved,1
CLVR+13759f6e+2023-05-17-21h-53m-35s,257,0,26,23,40,pointworld,pointworld,moved,26,moved,17
CLVR+13759f6e+2023-05-17-21h-54m-27s,436,0,25,23,37,pointworld,pointworld,moved,25,moved,14
CLVR+13759f6e+2023-05-17-21h-57m-56s,131,20,27,26,33,pointworld,pointworld,moved,7,moved,7
CLVR+13759f6e+2023-05-17-22h-12m-16s,153,18,28,25,33,pointworld,pointworld,moved,10,moved,8
CLVR+13759f6e+2023-05-18-15h-10m-32s,187,34,34,51,53,pointworld,pointworld,same,0,moved,2
CLVR+13759f6e+2023-05-18-15h-17m-02s,141,35,36,45,46,pointworld,pointworld,moved,1,moved,1
CLVR+13759f6e+2023-05-18-15h-27m-56s,205,38,38,46,47,pointworld,pointworld,same,0,moved,1
CLVR+13759f6e+2023-05-18-15h-32m-26s,212,93,95,98,100,pointworld,pointworld,moved,2,moved,2
CLVR+13759f6e+2023-05-18-15h-33m-15s,262,0,0,53,55,pointworld,pointworld,same,0,moved,2
CLVR+13759f6e+2023-05-18-16h-53m-28s,227,39,41,59,62,pointworld,pointworld,moved,2,moved,3
CLVR+13759f6e+2023-05-18-16h-55m-13s,327,45,52,56,65,pointworld,pointworld,moved,7,moved,9
CLVR+13759f6e+2023-05-18-16h-56m-47s,175,0,0,27,27,pointworld,pointworld,same,0,same,0
CLVR+13759f6e+2023-05-18-17h-00m-50s,208,38,39,63,64,pointworld,pointworld,moved,1,moved,1
CLVR+13759f6e+2023-05-18-17h-44m-10s,233,32,34,41,43,pointworld,pointworld,moved,2,moved,2
CLVR+13759f6e+2023-05-18-17h-45m-18s,323,0,0,22,23,pointworld,pointworld,same,0,moved,1
CLVR+13759f6e+2023-05-18-17h-54m-32s,140,26,29,52,53,pointworld,pointworld,moved,3,moved,1
CLVR+13759f6e+2023-05-18-17h-54m-49s,182,18,20,48,50,pointworld,pointworld,moved,2,moved,2
CLVR+13759f6e+2023-05-18-18h-04m-33s,236,50,51,56,68,pointworld,pointworld,moved,1,moved,12
CLVR+13759f6e+2023-05-18-19h-11m-18s,236,24,25,47,48,pointworld,pointworld,moved,1,moved,1
CLVR+13759f6e+2023-05-18-19h-15m-45s,186,22,23,28,29,pointworld,pointworld,moved,1,moved,1
CLVR+13759f6e+2023-05-18-19h-16m-14s,151,35,37,56,57,pointworld,pointworld,moved,2,moved,1
CLVR+13759f6e+2023-05-19-20h-52m-07s,161,21,22,31,31,pointworld,pointworld,moved,1,same,0
CLVR+13759f6e+2023-05-19-21h-51m-05s,201,27,53,47,89,pointworld,pointworld,moved,26,moved,42
CLVR+13759f6e+2023-05-19-21h-52m-54s,199,22,21,38,37,pointworld,pointworld,moved,-1,moved,-1
CLVR+13759f6e+2023-05-19-21h-54m-55s,223,22,12,30,29,pointworld,pointworld,moved,-10,moved,-1
CLVR+13759f6e+2023-05-19-21h-56m-36s,256,19,24,32,88,pointworld,pointworld,moved,5,moved,56
CLVR+13759f6e+2023-05-19-22h-01m-34s,265,43,41,159,45,pointworld,pointworld,moved,-2,moved,-114
CLVR+13759f6e+2023-05-19-22h-15m-53s,177,0,0,25,21,pointworld,pointworld,same,0,moved,-4
CLVR+13759f6e+2023-05-19-22h-43m-05s,156,21,36,42,130,pointworld,pointworld,moved,15,moved,88
CLVR+13759f6e+2023-05-19-23h-16m-50s,119,18,21,30,31,pointworld,pointworld,moved,3,moved,1
CLVR+13759f6e+2023-05-20-15h-22m-44s,227,0,164,30,-1,pointworld,pointworld,moved,164,lost,
CLVR+13759f6e+2023-05-20-15h-25m-34s,180,19,34,27,87,pointworld,pointworld,moved,15,moved,60
CLVR+13759f6e+2023-05-20-15h-25m-58s,179,19,48,51,53,pointworld,pointworld,moved,29,moved,2
CLVR+13759f6e+2023-05-20-17h-19m-08s,204,32,32,56,58,pointworld,pointworld,same,0,moved,2
CLVR+13759f6e+2023-05-20-17h-30m-46s,146,15,16,23,23,pointworld,pointworld,moved,1,same,0
CLVR+13759f6e+2023-05-20-17h-31m-06s,118,31,31,47,48,pointworld,pointworld,same,0,moved,1
CLVR+13759f6e+2023-05-20-17h-33m-35s,170,32,40,48,48,pointworld,pointworld,moved,8,same,0
CLVR+13759f6e+2023-06-03-00h-01m-15s,113,84,50,-1,-1,pointworld,pointworld,moved,-34,same,
CLVR+13759f6e+2023-06-03-00h-37m-51s,197,-1,0,-1,0,pointworld,pointworld,recovered,,recovered,
CLVR+13759f6e+2023-06-03-00h-38m-37s,227,43,24,-1,32,pointworld,pointworld,moved,-19,recovered,
CLVR+13759f6e+2023-06-03-00h-51m-46s,290,-1,35,-1,66,pointworld,pointworld,recovered,,recovered,
CLVR+13759f6e+2023-06-03-17h-19m-53s,300,-1,66,-1,126,pointworld,pointworld,recovered,,recovered,
CLVR+13759f6e+2023-06-03-17h-24m-42s,193,-1,60,-1,-1,pointworld,pointworld,recovered,,same,
CLVR+13759f6e+2023-06-03-17h-47m-31s,249,105,108,146,155,pointworld,pointworld,moved,3,moved,9
CLVR+13759f6e+2023-06-03-22h-12m-07s,309,26,21,35,35,pointworld,pointworld,moved,-5,same,0
CLVR+13759f6e+2023-06-03-22h-54m-58s,283,31,32,60,61,pointworld,pointworld,moved,1,moved,1
CLVR+13759f6e+2023-06-03-23h-57m-50s,210,0,13,19,20,pointworld,pointworld,moved,13,moved,1
CLVR+13759f6e+2023-06-04-00h-00m-11s,166,16,16,28,27,pointworld,pointworld,same,0,moved,-1
CLVR+13759f6e+2023-06-04-00h-01m-00s,230,28,28,56,56,pointworld,pointworld,same,0,same,0
CLVR+13759f6e+2023-06-04-00h-10m-42s,198,13,14,159,158,pointworld,pointworld,moved,1,moved,-1
CLVR+13759f6e+2023-06-04-15h-06m-37s,154,32,23,67,28,pointworld,pointworld,moved,-9,moved,-39
CLVR+13759f6e+2023-06-04-15h-12m-26s,174,39,35,43,38,pointworld,pointworld,moved,-4,moved,-5
CLVR+13759f6e+2023-06-04-15h-23m-28s,236,20,0,24,0,pointworld,pointworld,moved,-20,moved,-24
CLVR+13759f6e+2023-06-04-15h-23m-55s,238,17,0,21,17,pointworld,pointworld,moved,-17,moved,-4
CLVR+13759f6e+2023-06-04-15h-53m-35s,137,16,0,81,0,pointworld,pointworld,moved,-16,moved,-81
CLVR+13759f6e+2023-06-04-16h-13m-57s,229,0,0,0,0,pointworld,pointworld,same,0,same,0
CLVR+13759f6e+2023-06-04-16h-15m-21s,397,0,0,23,24,pointworld,pointworld,same,0,moved,1
CLVR+13759f6e+2023-06-04-16h-30m-57s,234,0,0,20,21,pointworld,pointworld,same,0,moved,1
CLVR+13759f6e+2023-06-04-17h-22m-49s,182,0,0,0,0,pointworld,pointworld,same,0,same,0
CLVR+13759f6e+2023-06-04-17h-23m-13s,186,0,0,23,0,pointworld,pointworld,same,0,moved,-23
CLVR+13759f6e+2023-06-04-18h-02m-43s,235,0,0,0,35,pointworld,pointworld,same,0,moved,35
CLVR+13759f6e+2023-06-04-18h-05m-10s,137,0,41,0,67,pointworld,pointworld,moved,41,moved,67
CLVR+13759f6e+2023-06-05-23h-03m-10s,134,0,0,14,15,pointworld,pointworld,same,0,moved,1
CLVR+13759f6e+2023-06-05-23h-06m-09s,171,0,0,0,0,pointworld,pointworld,same,0,same,0
CLVR+13759f6e+2023-06-05-23h-13m-49s,177,0,0,19,19,pointworld,pointworld,same,0,same,0
CLVR+13759f6e+2023-06-05-23h-14m-28s,168,0,0,20,21,pointworld,pointworld,same,0,moved,1
CLVR+13759f6e+2023-06-05-23h-17m-30s,133,0,0,0,14,pointworld,pointworld,same,0,moved,14
CLVR+13759f6e+2023-06-05-23h-41m-18s,119,0,20,19,49,pointworld,pointworld,moved,20,moved,30
CLVR+13759f6e+2023-06-05-23h-44m-21s,160,16,16,18,18,pointworld,pointworld,same,0,same,0
CLVR+13759f6e+2023-06-05-23h-46m-37s,249,13,13,20,20,pointworld,pointworld,same,0,same,0
CLVR+13759f6e+2023-06-05-23h-53m-19s,190,0,0,21,21,pointworld,pointworld,same,0,same,0
CLVR+13759f6e+2023-06-05-23h-53m-41s,126,0,0,19,20,pointworld,pointworld,same,0,moved,1
CLVR+13759f6e+2023-06-05-23h-56m-24s,199,0,0,13,14,pointworld,pointworld,same,0,moved,1
CLVR+13759f6e+2023-06-06-00h-02m-01s,177,0,0,19,20,pointworld,pointworld,same,0,moved,1
CLVR+13759f6e+2023-06-09-11h-23m-32s,118,14,33,18,39,pointworld,pointworld,moved,19,moved,21
CLVR+13759f6e+2023-06-13-01h-12m-42s,113,29,47,48,-1,pointworld,pointworld,moved,18,lost,
CLVR+13759f6e+2023-06-13-01h-33m-52s,142,45,0,55,58,pointworld,pointworld,moved,-45,moved,3
CLVR+13759f6e+2023-06-13-01h-43m-49s,32,16,17,22,22,pointworld,pointworld,moved,1,same,0
CLVR+13759f6e+2023-06-13-02h-29m-03s,168,42,19,48,41,pointworld,pointworld,moved,-23,moved,-7
CLVR+13759f6e+2023-06-13-02h-29m-24s,126,38,38,-1,-1,pointworld,pointworld,same,0,same,
CLVR+13759f6e+2023-06-19-16h-56m-15s,255,78,140,141,163,pointworld,pointworld,moved,62,moved,22
CLVR+13759f6e+2023-06-19-17h-10m-34s,159,49,49,56,56,pointworld,pointworld,same,0,same,0
CLVR+13759f6e+2023-06-19-17h-31m-46s,181,38,0,48,0,pointworld,pointworld,moved,-38,moved,-48
CLVR+13759f6e+2023-06-19-17h-38m-19s,256,26,0,70,20,pointworld,pointworld,moved,-26,moved,-50
CLVR+13759f6e+2023-06-19-17h-46m-00s,163,37,0,54,27,pointworld,pointworld,moved,-37,moved,-27
CLVR+13759f6e+2023-06-19-17h-47m-51s,236,52,21,76,54,pointworld,pointworld,moved,-31,moved,-22
CLVR+13759f6e+2023-06-19-23h-20m-53s,161,0,0,0,0,pointworld,pointworld,same,0,same,0
CLVR+13759f6e+2023-06-19-23h-26m-21s,333,0,0,22,22,pointworld,pointworld,same,0,same,0
CLVR+13759f6e+2023-06-19-23h-30m-07s,81,0,0,15,15,pointworld,pointworld,same,0,same,0
CLVR+13759f6e+2023-06-19-23h-59m-53s,136,0,0,13,13,pointworld,pointworld,same,0,same,0
CLVR+13759f6e+2023-06-20-00h-05m-04s,126,0,0,0,0,pointworld,pointworld,same,0,same,0
CLVR+13759f6e+2023-06-20-00h-12m-20s,215,0,0,0,0,pointworld,pointworld,same,0,same,0
CLVR+13759f6e+2023-06-20-00h-19m-48s,197,12,12,16,16,pointworld,pointworld,same,0,same,0
CLVR+13759f6e+2023-06-20-00h-24m-22s,243,14,14,19,19,pointworld,pointworld,same,0,same,0
CLVR+13759f6e+2023-06-20-00h-46m-44s,125,0,0,13,12,pointworld,pointworld,same,0,moved,-1
CLVR+13759f6e+2023-06-27-00h-49m-21s,163,0,0,0,13,pointworld,pointworld,same,0,moved,13
CLVR+13759f6e+2023-06-27-00h-59m-54s,190,13,13,19,23,pointworld,pointworld,same,0,moved,4
CLVR+13759f6e+2023-06-27-01h-04m-31s,119,14,15,19,20,pointworld,pointworld,moved,1,moved,1
CLVR+13759f6e+2023-06-27-01h-04m-54s,131,36,37,41,42,pointworld,pointworld,moved,1,moved,1
CLVR+13759f6e+2023-06-27-01h-12m-56s,103,14,16,33,34,pointworld,pointworld,moved,2,moved,1
CLVR+13759f6e+2023-06-27-01h-23m-41s,94,0,23,23,39,pointworld,pointworld,moved,23,moved,16
CLVR+13759f6e+2023-06-27-01h-24m-15s,213,12,44,45,62,pointworld,pointworld,moved,32,moved,17
CLVR+13759f6e+2023-06-27-01h-24m-53s,106,0,22,22,39,pointworld,pointworld,moved,22,moved,17
CLVR+13759f6e+2023-06-27-01h-28m-43s,137,24,27,46,47,pointworld,pointworld,moved,3,moved,1
CLVR+13759f6e+2023-06-27-01h-29m-00s,133,24,24,111,119,pointworld,pointworld,same,0,moved,8
CLVR+13759f6e+2023-06-27-01h-29m-36s,175,18,18,26,26,pointworld,pointworld,same,0,same,0
CLVR+13759f6e+2023-06-27-01h-37m-34s,246,22,23,29,29,pointworld,pointworld,moved,1,same,0
CLVR+13759f6e+2023-06-27-01h-44m-18s,101,19,19,24,25,pointworld,pointworld,same,0,moved,1
CLVR+13759f6e+2023-06-27-01h-45m-44s,101,22,22,39,40,pointworld,pointworld,same,0,moved,1
CLVR+236539bc+2023-05-09-02h-07m-26s,147,21,21,27,28,pointworld,pointworld,same,0,moved,1
CLVR+236539bc+2023-05-09-03h-30m-39s,190,27,27,41,41,pointworld,pointworld,same,0,same,0
CLVR+236539bc+2023-05-09-03h-34m-28s,150,24,24,38,38,pointworld,pointworld,same,0,same,0
CLVR+236539bc+2023-05-09-03h-37m-25s,148,40,41,48,48,pointworld,pointworld,moved,1,same,0
CLVR+236539bc+2023-05-09-03h-38m-02s,179,18,19,27,27,pointworld,pointworld,moved,1,same,0
CLVR+236539bc+2023-05-09-03h-38m-23s,148,24,24,31,31,pointworld,pointworld,same,0,same,0
CLVR+236539bc+2023-05-09-03h-38m-44s,138,0,0,35,35,pointworld,pointworld,same,0,same,0
CLVR+236539bc+2023-05-09-03h-39m-28s,194,22,22,37,36,pointworld,pointworld,same,0,moved,-1
CLVR+236539bc+2023-05-09-03h-40m-54s,190,17,18,28,28,pointworld,pointworld,moved,1,same,0
CLVR+236539bc+2023-05-09-03h-44m-37s,169,28,28,33,33,pointworld,pointworld,same,0,same,0
CLVR+236539bc+2023-05-09-03h-45m-06s,174,0,0,26,26,pointworld,pointworld,same,0,same,0
CLVR+236539bc+2023-05-09-03h-58m-00s,150,20,49,31,68,pointworld,pointworld,moved,29,moved,37
CLVR+236539bc+2023-05-09-04h-00m-03s,162,28,48,45,72,pointworld,pointworld,moved,20,moved,27
CLVR+236539bc+2023-05-09-04h-07m-08s,154,32,33,40,47,pointworld,pointworld,moved,1,moved,7
CLVR+236539bc+2023-05-09-04h-23m-06s,138,28,29,41,42,pointworld,pointworld,moved,1,moved,1
CLVR+236539bc+2023-05-09-04h-34m-43s,148,34,34,49,49,pointworld,pointworld,same,0,same,0
CLVR+236539bc+2023-05-09-04h-42m-25s,156,40,39,49,48,pointworld,pointworld,moved,-1,moved,-1
CLVR+236539bc+2023-05-09-04h-55m-16s,195,44,48,55,65,pointworld,pointworld,moved,4,moved,10
CLVR+236539bc+2023-05-16-19h-24m-38s,280,42,42,57,57,pointworld,pointworld,same,0,same,0
CLVR+236539bc+2023-05-16-19h-40m-53s,183,25,25,40,40,pointworld,pointworld,same,0,same,0
CLVR+236539bc+2023-05-16-19h-53m-56s,210,75,83,87,89,pointworld,pointworld,moved,8,moved,2
CLVR+236539bc+2023-05-16-20h-03m-58s,141,30,31,50,50,pointworld,pointworld,moved,1,same,0
CLVR+236539bc+2023-05-17-19h-01m-33s,160,37,0,53,0,pointworld,pointworld,moved,-37,moved,-53
CLVR+236539bc+2023-05-17-19h-03m-58s,142,30,0,57,0,pointworld,pointworld,moved,-30,moved,-57
CLVR+236539bc+2023-05-17-19h-15m-18s,208,20,18,35,34,pointworld,pointworld,moved,-2,moved,-1
CLVR+236539bc+2023-05-18-20h-21m-20s,164,23,29,38,45,pointworld,pointworld,moved,6,moved,7
CLVR+236539bc+2023-05-18-20h-22m-32s,188,32,39,41,54,pointworld,pointworld,moved,7,moved,13
CLVR+236539bc+2023-05-18-20h-27m-00s,126,22,27,29,38,pointworld,pointworld,moved,5,moved,9
CLVR+236539bc+2023-05-18-20h-27m-23s,135,26,32,33,52,pointworld,pointworld,moved,6,moved,19
CLVR+236539bc+2023-05-18-20h-28m-11s,112,19,22,25,30,pointworld,pointworld,moved,3,moved,5
CLVR+236539bc+2023-05-18-20h-31m-56s,143,20,25,37,45,pointworld,pointworld,moved,5,moved,8
CLVR+236539bc+2023-05-18-20h-47m-11s,128,29,35,44,45,pointworld,pointworld,moved,6,moved,1
CLVR+236539bc+2023-05-18-20h-51m-22s,210,43,44,51,52,pointworld,pointworld,moved,1,moved,1
CLVR+236539bc+2023-05-18-20h-51m-44s,128,19,20,25,26,pointworld,pointworld,moved,1,moved,1
CLVR+236539bc+2023-05-18-20h-55m-09s,198,49,50,67,68,pointworld,pointworld,moved,1,moved,1
CLVR+236539bc+2023-05-21-19h-26m-30s,148,52,52,67,67,pointworld,pointworld,same,0,same,0
CLVR+236539bc+2023-05-21-19h-47m-57s,121,26,26,40,39,pointworld,pointworld,same,0,moved,-1
CLVR+236539bc+2023-05-21-19h-50m-36s,117,29,28,36,35,pointworld,pointworld,moved,-1,moved,-1
CLVR+236539bc+2023-05-21-19h-53m-24s,110,17,17,31,30,pointworld,pointworld,same,0,moved,-1
CLVR+236539bc+2023-05-21-19h-53m-53s,123,36,36,43,43,pointworld,pointworld,same,0,same,0
CLVR+236539bc+2023-05-21-19h-54m-23s,109,27,27,42,41,pointworld,pointworld,same,0,moved,-1
CLVR+236539bc+2023-05-21-19h-55m-00s,146,27,26,41,40,pointworld,pointworld,moved,-1,moved,-1
CLVR+236539bc+2023-05-22-11h-49m-49s,284,27,31,45,52,pointworld,pointworld,moved,4,moved,7
CLVR+236539bc+2023-05-22-11h-51m-02s,199,28,32,40,56,pointworld,pointworld,moved,4,moved,16
CLVR+236539bc+2023-05-22-11h-51m-47s,141,27,30,36,49,pointworld,pointworld,moved,3,moved,13
CLVR+236539bc+2023-05-22-11h-55m-01s,163,30,34,48,53,pointworld,pointworld,moved,4,moved,5
CLVR+236539bc+2023-05-22-11h-59m-35s,147,31,30,51,45,pointworld,pointworld,moved,-1,moved,-6
CLVR+236539bc+2023-05-22-12h-04m-00s,162,44,54,59,60,pointworld,pointworld,moved,10,moved,1
CLVR+236539bc+2023-05-22-12h-13m-31s,143,44,45,51,52,pointworld,pointworld,moved,1,moved,1
CLVR+236539bc+2023-05-22-12h-15m-38s,115,24,25,41,42,pointworld,pointworld,moved,1,moved,1
CLVR+236539bc+2023-05-22-12h-21m-42s,119,41,42,50,51,pointworld,pointworld,moved,1,moved,1
CLVR+236539bc+2023-05-22-12h-22m-59s,116,0,23,40,40,pointworld,pointworld,moved,23,same,0
CLVR+236539bc+2023-05-29-21h-59m-48s,126,0,101,103,-1,pointworld,pointworld,moved,101,lost,
CLVR+236539bc+2023-05-29-22h-15m-11s,175,62,61,78,74,pointworld,pointworld,moved,-1,moved,-4
CLVR+236539bc+2023-05-29-22h-18m-18s,163,35,31,-1,53,pointworld,pointworld,moved,-4,recovered,
CLVR+236539bc+2023-05-29-22h-24m-17s,159,134,131,-1,-1,pointworld,pointworld,moved,-3,same,
CLVR+236539bc+2023-05-29-22h-25m-28s,173,46,41,60,53,pointworld,pointworld,moved,-5,moved,-7
CLVR+236539bc+2023-05-29-22h-34m-38s,375,39,38,49,47,pointworld,pointworld,moved,-1,moved,-2
CLVR+236539bc+2023-05-29-22h-37m-34s,101,75,72,-1,-1,pointworld,pointworld,moved,-3,same,
CLVR+236539bc+2023-05-29-22h-39m-00s,145,27,25,35,32,pointworld,pointworld,moved,-2,moved,-3
CLVR+236539bc+2023-05-29-23h-20m-35s,280,25,27,34,37,pointworld,pointworld,moved,2,moved,3
CLVR+236539bc+2023-05-29-23h-24m-06s,153,40,38,48,46,pointworld,pointworld,moved,-2,moved,-2
CLVR+236539bc+2023-05-29-23h-42m-29s,150,40,49,50,-1,pointworld,pointworld,moved,9,lost,
CLVR+236539bc+2023-05-29-23h-43m-03s,248,73,80,-1,-1,pointworld,pointworld,moved,7,same,
CLVR+236539bc+2023-05-29-23h-45m-34s,143,30,43,65,75,pointworld,pointworld,moved,13,moved,10
CLVR+236539bc+2023-05-29-23h-46m-10s,193,31,69,74,-1,pointworld,pointworld,moved,38,lost,
CLVR+236539bc+2023-05-29-23h-54m-53s,559,24,28,34,38,pointworld,pointworld,moved,4,moved,4
CLVR+236539bc+2023-05-30-00h-17m-53s,167,34,33,-1,68,pointworld,pointworld,moved,-1,recovered,
CLVR+236539bc+2023-05-30-00h-39m-16s,157,49,46,67,64,pointworld,pointworld,moved,-3,moved,-3
CLVR+236539bc+2023-05-30-00h-41m-43s,124,28,27,43,39,pointworld,pointworld,moved,-1,moved,-4
CLVR+236539bc+2023-05-30-00h-52m-44s,127,28,26,44,42,pointworld,pointworld,moved,-2,moved,-2
CLVR+236539bc+2023-05-30-00h-57m-21s,130,46,44,57,55,pointworld,pointworld,moved,-2,moved,-2
CLVR+236539bc+2023-05-30-00h-59m-09s,143,44,41,56,53,pointworld,pointworld,moved,-3,moved,-3
CLVR+236539bc+2023-05-30-01h-00m-01s,125,45,43,56,53,pointworld,pointworld,moved,-2,moved,-3
CLVR+236539bc+2023-05-30-01h-01m-07s,152,47,45,56,54,pointworld,pointworld,moved,-2,moved,-2
CLVR+236539bc+2023-05-30-01h-15m-45s,198,36,34,53,51,pointworld,pointworld,moved,-2,moved,-2
CLVR+236539bc+2023-05-30-01h-38m-26s,110,27,21,85,33,pointworld,pointworld,moved,-6,moved,-52
CLVR+236539bc+2023-05-30-01h-39m-29s,194,28,24,36,30,pointworld,pointworld,moved,-4,moved,-6
CLVR+236539bc+2023-05-31-13h-29m-18s,216,19,37,38,47,pointworld,pointworld,moved,18,moved,9
CLVR+236539bc+2023-06-06-00h-43m-50s,134,16,0,25,25,pointworld,pointworld,moved,-16,same,0
CLVR+236539bc+2023-06-06-01h-07m-40s,316,57,73,82,96,pointworld,pointworld,moved,16,moved,14
CLVR+236539bc+2023-06-06-01h-20m-51s,159,18,0,36,21,pointworld,pointworld,moved,-18,moved,-15
CLVR+236539bc+2023-06-06-01h-27m-28s,166,26,0,46,28,pointworld,pointworld,moved,-26,moved,-18
CLVR+236539bc+2023-06-06-01h-33m-08s,150,25,25,30,30,pointworld,pointworld,same,0,same,0
CLVR+236539bc+2023-06-06-01h-37m-02s,155,23,24,34,35,pointworld,pointworld,moved,1,moved,1
CLVR+236539bc+2023-06-06-01h-37m-40s,114,19,19,27,26,pointworld,pointworld,same,0,moved,-1
CLVR+236539bc+2023-06-06-01h-42m-34s,176,0,0,23,22,pointworld,pointworld,same,0,moved,-1
CLVR+236539bc+2023-06-06-01h-49m-08s,158,21,21,29,29,pointworld,pointworld,same,0,same,0
CLVR+236539bc+2023-06-06-01h-49m-40s,129,17,18,26,27,pointworld,pointworld,moved,1,moved,1
CLVR+236539bc+2023-06-06-01h-51m-04s,138,18,18,27,27,pointworld,pointworld,same,0,same,0
CLVR+236539bc+2023-06-06-01h-52m-42s,171,21,21,37,37,pointworld,pointworld,same,0,same,0
CLVR+236539bc+2023-06-06-02h-06m-40s,112,22,22,28,28,pointworld,pointworld,same,0,same,0
CLVR+236539bc+2023-06-20-02h-57m-02s,156,0,0,0,23,pointworld,pointworld,same,0,moved,23
CLVR+236539bc+2023-06-20-03h-01m-57s,118,0,0,0,19,pointworld,pointworld,same,0,moved,19
CLVR+236539bc+2023-06-20-03h-03m-53s,143,0,0,19,0,pointworld,pointworld,same,0,moved,-19
CLVR+236539bc+2023-06-20-03h-06m-56s,144,18,28,25,35,pointworld,pointworld,moved,10,moved,10
CLVR+236539bc+2023-06-20-03h-12m-40s,130,23,23,30,30,pointworld,pointworld,same,0,same,0
CLVR+236539bc+2023-06-20-03h-31m-05s,109,0,0,0,0,pointworld,pointworld,same,0,same,0
CLVR+236539bc+2023-06-20-03h-32m-39s,120,0,0,0,0,pointworld,pointworld,same,0,same,0
CLVR+236539bc+2023-06-20-03h-32m-54s,188,0,0,26,27,pointworld,pointworld,same,0,moved,1
CLVR+236539bc+2023-06-20-03h-35m-17s,153,20,0,27,26,pointworld,pointworld,moved,-20,moved,-1
CLVR+236539bc+2023-06-20-03h-36m-09s,121,0,0,0,0,pointworld,pointworld,same,0,same,0
CLVR+236539bc+2023-06-20-03h-36m-50s,116,0,0,25,25,pointworld,pointworld,same,0,same,0
CLVR+236539bc+2023-06-20-03h-47m-31s,108,17,17,29,28,pointworld,pointworld,same,0,moved,-1
CLVR+236539bc+2023-06-20-04h-19m-27s,141,24,38,31,59,pointworld,pointworld,moved,14,moved,28
CLVR+236539bc+2023-06-20-04h-20m-11s,118,21,29,27,35,pointworld,pointworld,moved,8,moved,8
CLVR+236539bc+2023-06-20-04h-25m-14s,194,22,22,44,44,pointworld,pointworld,same,0,same,0
CLVR+236539bc+2023-06-20-04h-26m-04s,195,20,20,32,31,pointworld,pointworld,same,0,moved,-1
CLVR+236539bc+2023-06-25-04h-35m-11s,340,42,42,64,64,pointworld,pointworld,same,0,same,0
CLVR+236539bc+2023-06-25-04h-46m-33s,93,27,26,36,35,pointworld,pointworld,moved,-1,moved,-1
CLVR+236539bc+2023-06-25-04h-51m-51s,139,31,32,48,47,pointworld,pointworld,moved,1,moved,-1
CLVR+236539bc+2023-06-25-17h-27m-37s,364,16,16,23,23,pointworld,pointworld,same,0,same,0
CLVR+236539bc+2023-06-25-17h-30m-33s,156,17,16,21,21,pointworld,pointworld,moved,-1,same,0
CLVR+236539bc+2023-06-25-17h-31m-26s,163,18,16,23,23,pointworld,pointworld,moved,-2,same,0
CLVR+236539bc+2023-06-25-17h-33m-47s,128,0,0,27,26,pointworld,pointworld,same,0,moved,-1
CLVR+236539bc+2023-06-25-17h-34m-45s,139,25,24,29,28,pointworld,pointworld,moved,-1,moved,-1
CLVR+236539bc+2023-06-25-17h-52m-04s,153,0,0,15,0,pointworld,pointworld,same,0,moved,-15
CLVR+236539bc+2023-06-25-18h-05m-13s,220,0,13,23,24,pointworld,pointworld,moved,13,moved,1
CLVR+236539bc+2023-06-25-18h-05m-38s,89,0,0,0,0,pointworld,pointworld,same,0,same,0
CLVR+236539bc+2023-06-25-18h-10m-23s,157,0,0,21,21,pointworld,pointworld,same,0,same,0
CLVR+236539bc+2023-06-25-18h-13m-08s,106,0,0,18,18,pointworld,pointworld,same,0,same,0
CLVR+236539bc+2023-06-25-18h-13m-22s,179,0,0,23,23,pointworld,pointworld,same,0,same,0
CLVR+236539bc+2023-06-25-18h-14m-50s,154,0,0,0,0,pointworld,pointworld,same,0,same,0
CLVR+236539bc+2023-06-25-18h-24m-07s,298,0,15,24,24,pointworld,pointworld,moved,15,same,0
CLVR+236539bc+2023-06-25-18h-47m-26s,192,0,0,14,15,pointworld,pointworld,same,0,moved,1
CLVR+236539bc+2023-06-25-18h-49m-54s,98,0,0,20,32,pointworld,pointworld,same,0,moved,12
CLVR+236539bc+2023-06-25-18h-51m-25s,336,0,0,24,25,pointworld,pointworld,same,0,moved,1
CLVR+236539bc+2023-06-25-18h-53m-33s,143,0,0,16,15,pointworld,pointworld,same,0,moved,-1
CLVR+236539bc+2023-08-06-19h-27m-40s,197,51,51,-1,-1,pointworld,pointworld,same,0,same,
CLVR+236539bc+2023-08-06-19h-44m-31s,208,-1,0,-1,68,pointworld,pointworld,recovered,,recovered,
CLVR+236539bc+2023-08-06-20h-39m-47s,205,23,23,36,37,pointworld,pointworld,same,0,moved,1
CLVR+236539bc+2023-08-06-22h-27m-42s,204,26,40,42,49,pointworld,pointworld,moved,14,moved,7
CLVR+236539bc+2023-08-06-22h-38m-05s,149,0,0,0,0,pointworld,pointworld,same,0,same,0
CLVR+236539bc+2023-08-06-22h-44m-45s,153,0,91,26,105,pointworld,pointworld,moved,91,moved,79
GuptaLab+553d1bd5+2023-04-20-12h-45m-08s,185,0,0,0,0,pointworld,pointworld,same,0,same,0
GuptaLab+553d1bd5+2023-04-20-12h-56m-47s,251,0,0,0,0,pointworld,pointworld,same,0,same,0
GuptaLab+553d1bd5+2023-04-20-13h-00m-56s,164,0,0,0,0,pointworld,pointworld,same,0,same,0
GuptaLab+553d1bd5+2023-04-20-13h-08m-59s,178,0,0,0,0,pointworld,pointworld,same,0,same,0
GuptaLab+553d1bd5+2023-04-20-13h-12m-56s,133,0,0,0,0,pointworld,pointworld,same,0,same,0
GuptaLab+553d1bd5+2023-04-20-13h-13m-40s,150,0,0,0,0,pointworld,pointworld,same,0,same,0
GuptaLab+553d1bd5+2023-04-20-13h-15m-01s,171,0,0,0,0,pointworld,pointworld,same,0,same,0
GuptaLab+553d1bd5+2023-04-20-13h-16m-00s,145,0,0,0,0,pointworld,pointworld,same,0,same,0
GuptaLab+553d1bd5+2023-04-20-14h-18m-53s,162,0,0,0,0,pointworld,pointworld,same,0,same,0
GuptaLab+553d1bd5+2023-04-20-14h-22m-58s,191,0,0,0,0,pointworld,pointworld,same,0,same,0
GuptaLab+553d1bd5+2023-04-20-14h-32m-32s,293,0,0,0,0,pointworld,pointworld,same,0,same,0
GuptaLab+553d1bd5+2023-04-20-14h-38m-52s,163,0,0,0,0,pointworld,pointworld,same,0,same,0
GuptaLab+553d1bd5+2023-04-20-14h-46m-15s,179,0,0,0,0,pointworld,pointworld,same,0,same,0
GuptaLab+553d1bd5+2023-04-20-14h-49m-31s,180,0,0,0,0,pointworld,pointworld,same,0,same,0
GuptaLab+553d1bd5+2023-04-20-14h-52m-45s,172,0,0,0,0,pointworld,pointworld,same,0,same,0
GuptaLab+553d1bd5+2023-04-20-14h-55m-05s,143,0,0,0,0,pointworld,pointworld,same,0,same,0
GuptaLab+553d1bd5+2023-04-20-14h-57m-42s,164,0,0,0,0,pointworld,pointworld,same,0,same,0
GuptaLab+553d1bd5+2023-04-30-12h-41m-09s,113,0,0,0,0,pointworld,pointworld,same,0,same,0
GuptaLab+553d1bd5+2023-04-30-12h-41m-53s,146,0,0,0,0,pointworld,pointworld,same,0,same,0
GuptaLab+553d1bd5+2023-04-30-12h-42m-23s,202,0,0,0,0,pointworld,pointworld,same,0,same,0
GuptaLab+553d1bd5+2023-04-30-12h-56m-54s,122,0,0,0,0,pointworld,pointworld,same,0,same,0
GuptaLab+553d1bd5+2023-04-30-12h-59m-43s,123,0,0,0,0,pointworld,pointworld,same,0,same,0
GuptaLab+553d1bd5+2023-04-30-13h-14m-39s,113,0,0,0,0,pointworld,pointworld,same,0,same,0
GuptaLab+553d1bd5+2023-04-30-14h-24m-53s,187,0,0,0,0,pointworld,pointworld,same,0,same,0
GuptaLab+553d1bd5+2023-04-30-14h-38m-12s,164,0,0,0,0,pointworld,pointworld,same,0,same,0
GuptaLab+553d1bd5+2023-04-30-14h-40m-59s,204,0,0,0,0,pointworld,pointworld,same,0,same,0
GuptaLab+553d1bd5+2023-04-30-14h-46m-15s,214,0,0,0,0,pointworld,pointworld,same,0,same,0
GuptaLab+553d1bd5+2023-04-30-14h-50m-41s,287,0,0,0,0,pointworld,pointworld,same,0,same,0
GuptaLab+553d1bd5+2023-04-30-14h-57m-19s,149,0,0,0,0,pointworld,pointworld,same,0,same,0
GuptaLab+553d1bd5+2023-04-30-14h-58m-45s,142,0,0,0,0,pointworld,pointworld,same,0,same,0
GuptaLab+553d1bd5+2023-04-30-14h-59m-15s,141,0,0,0,0,pointworld,pointworld,same,0,same,0
GuptaLab+553d1bd5+2023-04-30-15h-04m-28s,125,0,0,0,0,pointworld,pointworld,same,0,same,0
GuptaLab+553d1bd5+2023-04-30-15h-43m-36s,188,0,0,0,0,pointworld,pointworld,same,0,same,0
GuptaLab+553d1bd5+2023-04-30-15h-46m-41s,290,0,0,0,0,pointworld,pointworld,same,0,same,0
GuptaLab+553d1bd5+2023-04-30-16h-00m-24s,153,0,0,0,0,pointworld,pointworld,same,0,same,0
GuptaLab+553d1bd5+2023-04-30-16h-10m-56s,149,0,0,0,0,pointworld,pointworld,same,0,same,0
GuptaLab+553d1bd5+2023-04-30-16h-18m-25s,108,0,0,0,0,pointworld,pointworld,same,0,same,0
GuptaLab+553d1bd5+2023-04-30-16h-27m-49s,127,0,0,0,0,pointworld,pointworld,same,0,same,0
GuptaLab+553d1bd5+2023-04-30-17h-57m-30s,173,0,0,0,0,pointworld,pointworld,same,0,same,0
GuptaLab+553d1bd5+2023-04-30-18h-01m-08s,181,0,0,0,0,pointworld,pointworld,same,0,same,0
GuptaLab+553d1bd5+2023-04-30-18h-03m-40s,123,0,0,0,0,pointworld,pointworld,same,0,same,0
GuptaLab+553d1bd5+2023-04-30-18h-04m-14s,126,0,0,0,0,pointworld,pointworld,same,0,same,0
GuptaLab+553d1bd5+2023-04-30-18h-14m-48s,116,0,0,0,0,pointworld,pointworld,same,0,same,0
GuptaLab+553d1bd5+2023-04-30-18h-28m-50s,138,0,0,0,0,pointworld,pointworld,same,0,same,0
GuptaLab+553d1bd5+2023-04-30-18h-58m-50s,137,0,0,0,0,pointworld,pointworld,same,0,same,0
GuptaLab+553d1bd5+2023-04-30-19h-11m-16s,177,0,0,0,0,pointworld,pointworld,same,0,same,0
GuptaLab+553d1bd5+2023-04-30-19h-17m-10s,184,0,0,0,0,pointworld,pointworld,same,0,same,0
GuptaLab+553d1bd5+2023-04-30-19h-27m-43s,135,0,0,0,0,pointworld,pointworld,same,0,same,0
GuptaLab+553d1bd5+2023-04-30-19h-32m-09s,107,0,0,0,0,pointworld,pointworld,same,0,same,0
GuptaLab+553d1bd5+2023-05-19-10h-51m-36s,102,0,0,0,0,pointworld,pointworld,same,0,same,0
GuptaLab+553d1bd5+2023-05-19-10h-55m-09s,93,0,0,0,0,pointworld,pointworld,same,0,same,0
GuptaLab+553d1bd5+2023-05-19-11h-06m-55s,103,0,0,0,0,pointworld,pointworld,same,0,same,0
GuptaLab+553d1bd5+2023-05-28-15h-37m-38s,326,0,0,0,0,pointworld,pointworld,same,0,same,0
GuptaLab+553d1bd5+2023-05-28-15h-38m-14s,307,0,0,0,0,pointworld,pointworld,same,0,same,0
GuptaLab+553d1bd5+2023-05-28-15h-56m-14s,191,0,0,31,30,pointworld,pointworld,same,0,moved,-1
GuptaLab+553d1bd5+2023-05-28-15h-59m-01s,196,0,0,24,24,pointworld,pointworld,same,0,same,0
GuptaLab+553d1bd5+2023-05-28-16h-00m-17s,176,0,0,27,26,pointworld,pointworld,same,0,moved,-1
GuptaLab+553d1bd5+2023-05-28-16h-17m-58s,311,0,0,0,0,pointworld,pointworld,same,0,same,0
GuptaLab+553d1bd5+2023-05-28-16h-25m-17s,186,0,0,0,0,pointworld,pointworld,same,0,same,0
GuptaLab+553d1bd5+2023-05-28-16h-33m-02s,162,0,0,24,24,pointworld,pointworld,same,0,same,0
GuptaLab+553d1bd5+2023-05-28-16h-46m-39s,201,0,0,0,0,pointworld,pointworld,same,0,same,0
GuptaLab+553d1bd5+2023-05-28-16h-52m-13s,196,22,22,28,28,pointworld,pointworld,same,0,same,0
GuptaLab+553d1bd5+2023-05-28-16h-58m-59s,244,0,0,0,0,pointworld,pointworld,same,0,same,0
GuptaLab+553d1bd5+2023-05-28-17h-04m-35s,401,0,0,18,0,pointworld,pointworld,same,0,moved,-18
GuptaLab+553d1bd5+2023-05-28-17h-06m-33s,203,0,0,15,16,pointworld,pointworld,same,0,moved,1
GuptaLab+553d1bd5+2023-05-28-17h-13m-21s,138,0,0,24,25,pointworld,pointworld,same,0,moved,1
GuptaLab+553d1bd5+2023-05-28-17h-51m-54s,262,0,0,0,0,pointworld,pointworld,same,0,same,0
GuptaLab+553d1bd5+2023-05-28-18h-13m-43s,159,0,0,0,0,pointworld,pointworld,same,0,same,0
GuptaLab+553d1bd5+2023-06-18-16h-45m-57s,65,0,0,0,0,pointworld,pointworld,same,0,same,0
GuptaLab+553d1bd5+2023-06-18-16h-46m-29s,96,0,33,40,43,pointworld,pointworld,moved,33,moved,3
GuptaLab+553d1bd5+2023-06-18-16h-53m-13s,82,34,36,43,46,pointworld,pointworld,moved,2,moved,3
GuptaLab+553d1bd5+2023-06-18-16h-53m-29s,95,24,26,32,34,pointworld,pointworld,moved,2,moved,2
GuptaLab+553d1bd5+2023-06-18-17h-17m-33s,68,0,0,26,30,pointworld,pointworld,same,0,moved,4
GuptaLab+553d1bd5+2023-06-18-17h-18m-22s,79,0,0,27,29,pointworld,pointworld,same,0,moved,2
GuptaLab+553d1bd5+2023-06-18-17h-27m-15s,105,0,0,25,30,pointworld,pointworld,same,0,moved,5
GuptaLab+553d1bd5+2023-06-18-18h-00m-03s,76,0,0,23,49,pointworld,pointworld,same,0,moved,26
GuptaLab+553d1bd5+2023-06-18-18h-02m-29s,181,0,0,0,64,pointworld,pointworld,same,0,moved,64
GuptaLab+553d1bd5+2023-06-18-18h-13m-03s,90,0,0,0,0,pointworld,pointworld,same,0,same,0
GuptaLab+553d1bd5+2023-06-18-18h-36m-24s,75,0,0,21,26,pointworld,pointworld,same,0,moved,5
GuptaLab+553d1bd5+2023-06-18-18h-36m-43s,226,19,26,35,39,pointworld,pointworld,moved,7,moved,4
GuptaLab+553d1bd5+2023-06-18-18h-37m-39s,68,0,0,36,-1,pointworld,pointworld,same,0,lost,
GuptaLab+553d1bd5+2023-06-18-18h-37m-52s,64,0,0,0,0,pointworld,pointworld,same,0,same,0
GuptaLab+553d1bd5+2023-06-18-18h-44m-05s,85,0,17,24,28,pointworld,pointworld,moved,17,moved,4
GuptaLab+553d1bd5+2023-06-18-18h-44m-24s,71,0,0,21,23,pointworld,pointworld,same,0,moved,2
GuptaLab+553d1bd5+2023-06-18-18h-44m-39s,65,0,0,0,0,pointworld,pointworld,same,0,same,0
GuptaLab+553d1bd5+2023-06-18-18h-54m-02s,76,0,15,23,25,pointworld,pointworld,moved,15,moved,2
GuptaLab+553d1bd5+2023-06-18-18h-54m-30s,69,0,0,0,0,pointworld,pointworld,same,0,same,0
GuptaLab+553d1bd5+2023-06-18-18h-55m-42s,70,0,0,17,23,pointworld,pointworld,same,0,moved,6
GuptaLab+553d1bd5+2023-06-18-18h-55m-56s,78,0,0,0,0,pointworld,pointworld,same,0,same,0
GuptaLab+553d1bd5+2023-06-18-18h-56m-48s,97,0,0,34,37,pointworld,pointworld,same,0,moved,3
GuptaLab+553d1bd5+2023-06-18-19h-48m-56s,71,0,0,0,0,pointworld,pointworld,same,0,same,0
GuptaLab+553d1bd5+2023-06-18-19h-50m-37s,130,0,0,31,34,pointworld,pointworld,same,0,moved,3
GuptaLab+553d1bd5+2023-06-18-19h-53m-43s,118,0,0,0,18,pointworld,pointworld,same,0,moved,18
GuptaLab+553d1bd5+2023-06-18-19h-55m-48s,95,0,0,23,25,pointworld,pointworld,same,0,moved,2
GuptaLab+553d1bd5+2023-06-18-20h-18m-58s,97,0,0,0,0,pointworld,pointworld,same,0,same,0
GuptaLab+553d1bd5+2023-06-18-21h-02m-22s,170,0,0,21,26,pointworld,pointworld,same,0,moved,5
GuptaLab+553d1bd5+2023-06-18-21h-04m-13s,113,29,34,45,47,pointworld,pointworld,moved,5,moved,2
GuptaLab+553d1bd5+2023-06-18-21h-07m-50s,93,0,0,21,23,pointworld,pointworld,same,0,moved,2
GuptaLab+553d1bd5+2023-06-18-21h-08m-11s,100,20,24,30,34,pointworld,pointworld,moved,4,moved,4
GuptaLab+553d1bd5+2023-06-18-21h-11m-30s,91,0,0,31,32,pointworld,pointworld,same,0,moved,1
GuptaLab+553d1bd5+2023-06-18-21h-13m-40s,94,0,0,16,18,pointworld,pointworld,same,0,moved,2
GuptaLab+553d1bd5+2023-06-18-21h-19m-42s,84,0,0,16,20,pointworld,pointworld,same,0,moved,4
GuptaLab+553d1bd5+2023-06-18-21h-20m-42s,75,0,0,0,0,pointworld,pointworld,same,0,same,0
GuptaLab+553d1bd5+2023-06-18-21h-23m-16s,192,0,0,26,29,pointworld,pointworld,same,0,moved,3
GuptaLab+553d1bd5+2023-06-18-21h-28m-57s,144,0,10,18,33,pointworld,pointworld,moved,10,moved,15
GuptaLab+553d1bd5+2023-06-18-21h-47m-29s,62,0,0,2,16,pointworld,pointworld,same,0,moved,14
GuptaLab+553d1bd5+2023-06-18-21h-50m-33s,118,0,0,19,24,pointworld,pointworld,same,0,moved,5
ILIAD+50aee79f+2023-07-12-21h-10m-53s,502,91,91,109,109,pointworld,pointworld,same,0,same,0
ILIAD+50aee79f+2023-08-15-22h-47m-28s,418,67,65,92,91,pointworld,pointworld,moved,-2,moved,-1
ILIAD+50aee79f+2023-08-15-23h-14m-07s,286,10,13,34,31,pointworld,pointworld,moved,3,moved,-3
ILIAD+50aee79f+2023-08-15-23h-31m-50s,267,65,57,95,93,pointworld,pointworld,moved,-8,moved,-2
ILIAD+50aee79f+2023-08-15-23h-43m-26s,449,92,92,142,140,pointworld,pointworld,same,0,moved,-2
ILIAD+50aee79f+2023-08-17-15h-08m-06s,121,29,30,36,37,pointworld,pointworld,moved,1,moved,1
ILIAD+50aee79f+2023-08-17-15h-32m-21s,430,20,37,37,49,pointworld,pointworld,moved,17,moved,12
ILIAD+50aee79f+2023-08-17-19h-27m-06s,193,69,71,91,170,pointworld,pointworld,moved,2,moved,79
ILIAD+50aee79f+2023-08-17-21h-04m-24s,372,28,47,48,66,pointworld,pointworld,moved,19,moved,18
ILIAD+50aee79f+2023-08-19-11h-09m-48s,267,90,89,113,114,pointworld,pointworld,moved,-1,moved,1
ILIAD+50aee79f+2023-08-19-11h-18m-42s,225,15,15,-1,-1,pointworld,pointworld,same,0,same,
ILIAD+50aee79f+2023-08-19-11h-23m-10s,245,109,109,197,197,pointworld,pointworld,same,0,same,0
ILIAD+50aee79f+2023-08-20-10h-51m-32s,395,20,21,38,53,pointworld,pointworld,moved,1,moved,15
ILIAD+50aee79f+2023-08-20-11h-02m-04s,262,39,39,48,48,pointworld,pointworld,same,0,same,0
ILIAD+50aee79f+2023-08-20-11h-03m-01s,469,25,25,46,46,pointworld,pointworld,same,0,same,0
ILIAD+50aee79f+2023-08-20-11h-15m-17s,389,20,21,51,51,pointworld,pointworld,moved,1,same,0
ILIAD+50aee79f+2023-08-20-11h-35m-55s,294,49,48,75,75,pointworld,pointworld,moved,-1,same,0
ILIAD+50aee79f+2023-08-20-11h-46m-04s,281,32,34,43,44,pointworld,pointworld,moved,2,moved,1
ILIAD+50aee79f+2023-08-20-11h-57m-59s,260,32,33,58,59,pointworld,pointworld,moved,1,moved,1
ILIAD+50aee79f+2023-08-20-12h-14m-06s,158,17,18,30,32,pointworld,pointworld,moved,1,moved,2
ILIAD+50aee79f+2023-08-20-12h-14m-30s,271,21,21,39,40,pointworld,pointworld,same,0,moved,1
ILIAD+50aee79f+2023-08-26-20h-57m-35s,493,111,113,131,132,pointworld,pointworld,moved,2,moved,1
ILIAD+50aee79f+2023-08-27-22h-59m-00s,119,88,90,98,110,pointworld,pointworld,moved,2,moved,12
ILIAD+50aee79f+2023-08-29-20h-08m-00s,275,78,80,97,101,pointworld,pointworld,moved,2,moved,4
ILIAD+50aee79f+2023-09-01-23h-14m-14s,313,34,31,79,78,pointworld,pointworld,moved,-3,moved,-1
ILIAD+50aee79f+2023-09-02-00h-09m-55s,239,24,22,51,50,pointworld,pointworld,moved,-2,moved,-1
ILIAD+50aee79f+2023-09-02-20h-04m-55s,735,145,139,189,185,pointworld,pointworld,moved,-6,moved,-4
ILIAD+50aee79f+2023-09-02-20h-15m-57s,604,34,32,79,69,pointworld,pointworld,moved,-2,moved,-10
ILIAD+50aee79f+2023-09-02-20h-38m-50s,628,29,21,72,65,pointworld,pointworld,moved,-8,moved,-7
ILIAD+50aee79f+2023-09-02-21h-29m-26s,305,22,21,55,50,pointworld,pointworld,moved,-1,moved,-5
ILIAD+50aee79f+2023-09-03-20h-53m-38s,377,83,91,93,114,pointworld,pointworld,moved,8,moved,21
ILIAD+5e938e3b+2023-07-17-11h-21m-46s,333,0,0,71,71,pointworld,pointworld,same,0,same,0
ILIAD+5e938e3b+2023-07-17-11h-31m-36s,268,0,0,76,114,pointworld,pointworld,same,0,moved,38
ILIAD+5e938e3b+2023-07-17-11h-51m-13s,234,0,10,70,138,pointworld,pointworld,moved,10,moved,68
ILIAD+5e938e3b+2023-07-18-13h-01m-22s,176,0,0,7,6,pointworld,pointworld,same,0,moved,-1
ILIAD+5e938e3b+2023-07-18-13h-20m-37s,287,0,0,12,11,pointworld,pointworld,same,0,moved,-1
ILIAD+5e938e3b+2023-07-19-11h-56m-36s,689,0,0,0,0,pointworld,pointworld,same,0,same,0
ILIAD+5e938e3b+2023-07-19-12h-56m-56s,140,0,0,0,0,pointworld,pointworld,same,0,same,0
ILIAD+5e938e3b+2023-07-19-13h-15m-57s,247,0,0,0,0,pointworld,pointworld,same,0,same,0
ILIAD+5e938e3b+2023-07-19-13h-39m-49s,135,44,41,-1,-1,pointworld,pointworld,moved,-3,same,
ILIAD+5e938e3b+2023-07-19-13h-40m-32s,177,56,55,82,76,pointworld,pointworld,moved,-1,moved,-6
ILIAD+5e938e3b+2023-07-19-13h-52m-00s,137,0,0,-1,-1,pointworld,pointworld,same,0,same,
ILIAD+5e938e3b+2023-07-19-17h-54m-22s,199,0,0,87,87,pointworld,pointworld,same,0,same,0
ILIAD+5e938e3b+2023-07-19-17h-58m-50s,273,0,0,54,54,pointworld,pointworld,same,0,same,0
ILIAD+5e938e3b+2023-07-19-18h-08m-59s,195,37,37,58,58,pointworld,pointworld,same,0,same,0
ILIAD+5e938e3b+2023-07-19-18h-13m-07s,311,0,0,-1,-1,pointworld,pointworld,same,0,same,
ILIAD+5e938e3b+2023-07-19-18h-15m-33s,135,53,53,58,58,pointworld,pointworld,same,0,same,0
ILIAD+5e938e3b+2023-07-19-19h-29m-10s,130,85,97,-1,-1,pointworld,pointworld,moved,12,same,
ILIAD+5e938e3b+2023-07-19-19h-29m-30s,262,0,0,82,82,pointworld,pointworld,same,0,same,0
ILIAD+5e938e3b+2023-07-19-19h-31m-31s,539,0,0,170,170,pointworld,pointworld,same,0,same,0
ILIAD+5e938e3b+2023-07-19-19h-35m-58s,230,0,0,-1,-1,pointworld,pointworld,same,0,same,
ILIAD+5e938e3b+2023-07-19-19h-40m-43s,83,38,38,-1,-1,pointworld,pointworld,same,0,same,
ILIAD+5e938e3b+2023-07-19-19h-43m-13s,349,50,50,157,157,pointworld,pointworld,same,0,same,0
ILIAD+5e938e3b+2023-07-19-19h-46m-15s,197,49,49,-1,-1,pointworld,pointworld,same,0,same,
ILIAD+5e938e3b+2023-07-19-19h-57m-53s,293,55,55,-1,-1,pointworld,pointworld,same,0,same,
ILIAD+5e938e3b+2023-07-19-20h-03m-27s,1082,0,0,152,153,pointworld,pointworld,same,0,moved,1
ILIAD+5e938e3b+2023-07-19-20h-24m-49s,347,62,61,205,194,pointworld,pointworld,moved,-1,moved,-11
ILIAD+5e938e3b+2023-07-19-20h-34m-04s,187,12,13,-1,-1,pointworld,pointworld,moved,1,same,
ILIAD+5e938e3b+2023-07-19-20h-37m-36s,152,59,61,-1,-1,pointworld,pointworld,moved,2,same,
ILIAD+5e938e3b+2023-07-19-20h-41m-49s,120,0,0,57,56,pointworld,pointworld,same,0,moved,-1
ILIAD+5e938e3b+2023-07-19-20h-56m-25s,170,38,38,53,53,pointworld,pointworld,same,0,same,0
ILIAD+5e938e3b+2023-07-20-10h-30m-56s,1034,7,10,14,30,pointworld,pointworld,moved,3,moved,16
ILIAD+5e938e3b+2023-07-20-10h-35m-53s,147,18,22,30,34,pointworld,pointworld,moved,4,moved,4
ILIAD+5e938e3b+2023-07-20-10h-42m-16s,182,15,28,29,58,pointworld,pointworld,moved,13,moved,29
ILIAD+5e938e3b+2023-07-20-10h-43m-02s,248,8,11,14,31,pointworld,pointworld,moved,3,moved,17
ILIAD+5e938e3b+2023-07-20-10h-43m-29s,192,61,75,90,101,pointworld,pointworld,moved,14,moved,11
ILIAD+5e938e3b+2023-07-20-11h-50m-51s,120,13,12,18,17,pointworld,pointworld,moved,-1,moved,-1
ILIAD+5e938e3b+2023-07-20-11h-53m-46s,136,23,23,27,27,pointworld,pointworld,same,0,same,0
ILIAD+5e938e3b+2023-07-20-11h-56m-28s,565,11,11,16,16,pointworld,pointworld,same,0,same,0
ILIAD+5e938e3b+2023-07-20-12h-24m-32s,227,35,35,51,51,pointworld,pointworld,same,0,same,0
ILIAD+5e938e3b+2023-07-20-12h-28m-58s,365,15,15,29,29,pointworld,pointworld,same,0,same,0
ILIAD+5e938e3b+2023-07-20-12h-34m-18s,290,24,24,36,36,pointworld,pointworld,same,0,same,0
ILIAD+5e938e3b+2023-07-20-12h-37m-16s,155,63,62,-1,-1,pointworld,pointworld,moved,-1,same,
ILIAD+5e938e3b+2023-07-20-12h-43m-49s,258,30,30,34,34,pointworld,pointworld,same,0,same,0
ILIAD+5e938e3b+2023-07-20-12h-48m-15s,642,14,13,21,20,pointworld,pointworld,moved,-1,moved,-1
ILIAD+5e938e3b+2023-07-20-14h-10m-10s,184,8,8,12,12,pointworld,pointworld,same,0,same,0
ILIAD+5e938e3b+2023-07-20-14h-29m-48s,210,31,32,77,77,pointworld,pointworld,moved,1,same,0
ILIAD+5e938e3b+2023-07-20-14h-32m-24s,421,16,17,29,29,pointworld,pointworld,moved,1,same,0
ILIAD+5e938e3b+2023-07-21-09h-40m-43s,193,7,0,12,9,pointworld,pointworld,moved,-7,moved,-3
ILIAD+5e938e3b+2023-07-21-22h-16m-04s,148,0,0,63,63,pointworld,pointworld,same,0,same,0
ILIAD+5e938e3b+2023-07-27-22h-49m-38s,292,0,0,0,0,pointworld,pointworld,same,0,same,0
ILIAD+5e938e3b+2023-07-27-23h-23m-02s,318,0,0,0,0,pointworld,pointworld,same,0,same,0
ILIAD+5e938e3b+2023-07-27-23h-31m-22s,272,0,0,12,11,pointworld,pointworld,same,0,moved,-1
ILIAD+5e938e3b+2023-07-28-10h-27m-15s,446,0,0,0,0,pointworld,pointworld,same,0,same,0
ILIAD+5e938e3b+2023-07-28-10h-41m-54s,460,0,0,0,0,pointworld,pointworld,same,0,same,0
ILIAD+5e938e3b+2023-07-28-10h-44m-04s,274,0,0,0,0,pointworld,pointworld,same,0,same,0
ILIAD+5e938e3b+2023-07-28-10h-49m-28s,155,0,30,0,81,pointworld,pointworld,moved,30,moved,81
ILIAD+5e938e3b+2023-07-28-11h-21m-45s,378,0,0,21,42,pointworld,pointworld,same,0,moved,21
ILIAD+5e938e3b+2023-07-29-20h-45m-56s,574,25,26,44,49,pointworld,pointworld,moved,1,moved,5
ILIAD+5e938e3b+2023-07-29-20h-53m-58s,114,0,0,18,17,pointworld,pointworld,same,0,moved,-1
ILIAD+7ae1bcff+2023-05-12-16h-44m-32s,1619,0,0,240,49,pointworld,pointworld,same,0,moved,-191
ILIAD+7ae1bcff+2023-05-12-17h-36m-34s,370,82,0,-1,54,pointworld,pointworld,moved,-82,recovered,
ILIAD+7ae1bcff+2023-05-19-12h-18m-06s,274,116,117,232,255,pointworld,pointworld,moved,1,moved,23
ILIAD+7ae1bcff+2023-05-19-12h-55m-57s,409,41,130,102,157,pointworld,pointworld,moved,89,moved,55
ILIAD+7ae1bcff+2023-05-22-17h-14m-25s,210,74,77,104,105,pointworld,pointworld,moved,3,moved,1
ILIAD+7ae1bcff+2023-05-23-19h-10m-01s,375,31,29,108,107,pointworld,pointworld,moved,-2,moved,-1
ILIAD+7ae1bcff+2023-05-23-19h-18m-52s,326,88,87,125,124,pointworld,pointworld,moved,-1,moved,-1
ILIAD+7ae1bcff+2023-05-23-19h-25m-22s,369,118,117,320,318,pointworld,pointworld,moved,-1,moved,-2
ILIAD+7ae1bcff+2023-05-24-18h-47m-07s,348,-1,106,-1,182,pointworld,pointworld,recovered,,recovered,
ILIAD+7ae1bcff+2023-05-24-19h-01m-26s,421,92,0,115,87,pointworld,pointworld,moved,-92,moved,-28
ILIAD+7ae1bcff+2023-05-24-19h-03m-14s,318,99,57,108,82,pointworld,pointworld,moved,-42,moved,-26
ILIAD+7ae1bcff+2023-05-24-19h-07m-50s,245,84,42,-1,68,pointworld,pointworld,moved,-42,recovered,
ILIAD+7ae1bcff+2023-05-25-19h-20m-45s,213,37,51,61,74,pointworld,pointworld,moved,14,moved,13
ILIAD+7ae1bcff+2023-05-26-17h-55m-04s,338,0,0,218,244,pointworld,pointworld,same,0,moved,26
ILIAD+7ae1bcff+2023-05-29-19h-46m-07s,183,57,35,142,94,pointworld,pointworld,moved,-22,moved,-48
ILIAD+7ae1bcff+2023-05-29-20h-20m-04s,386,38,40,106,263,pointworld,pointworld,moved,2,moved,157
ILIAD+7ae1bcff+2023-05-30-16h-45m-45s,387,0,0,0,0,pointworld,pointworld,same,0,same,0
ILIAD+7ae1bcff+2023-05-30-17h-00m-22s,200,0,0,0,0,pointworld,pointworld,same,0,same,0
ILIAD+7ae1bcff+2023-05-30-18h-44m-47s,410,0,0,0,0,pointworld,pointworld,same,0,same,0
ILIAD+7ae1bcff+2023-05-30-18h-48m-16s,372,0,0,0,0,pointworld,pointworld,same,0,same,0
ILIAD+7ae1bcff+2023-05-30-19h-18m-22s,433,0,0,11,11,pointworld,pointworld,same,0,same,0
ILIAD+7ae1bcff+2023-05-30-19h-19m-25s,211,0,0,8,8,pointworld,pointworld,same,0,same,0
ILIAD+7ae1bcff+2023-05-30-19h-29m-43s,184,0,0,0,0,pointworld,pointworld,same,0,same,0
ILIAD+7ae1bcff+2023-05-30-19h-48m-30s,142,0,0,0,0,pointworld,pointworld,same,0,same,0
ILIAD+7ae1bcff+2023-05-31-17h-49m-48s,200,0,0,0,0,pointworld,pointworld,same,0,same,0
ILIAD+7ae1bcff+2023-05-31-17h-51m-50s,326,0,0,0,39,pointworld,pointworld,same,0,moved,39
ILIAD+7ae1bcff+2023-05-31-17h-56m-05s,185,0,0,9,10,pointworld,pointworld,same,0,moved,1
ILIAD+7ae1bcff+2023-05-31-18h-15m-27s,401,0,0,0,0,pointworld,pointworld,same,0,same,0
ILIAD+7ae1bcff+2023-05-31-19h-24m-49s,288,0,51,49,69,pointworld,pointworld,moved,51,moved,20
ILIAD+7ae1bcff+2023-06-03-18h-51m-01s,374,42,42,62,63,pointworld,pointworld,same,0,moved,1
ILIAD+7ae1bcff+2023-06-03-19h-05m-51s,252,0,0,83,84,pointworld,pointworld,same,0,moved,1
ILIAD+7ae1bcff+2023-06-04-18h-46m-27s,458,8,0,78,10,pointworld,pointworld,moved,-8,moved,-68
ILIAD+7ae1bcff+2023-06-04-19h-59m-28s,169,17,21,24,41,pointworld,pointworld,moved,4,moved,17
ILIAD+7ae1bcff+2023-06-04-20h-00m-59s,151,29,52,49,59,pointworld,pointworld,moved,23,moved,10
ILIAD+7ae1bcff+2023-06-04-20h-19m-40s,218,14,45,45,49,pointworld,pointworld,moved,31,moved,4
ILIAD+7ae1bcff+2023-06-04-20h-25m-47s,398,0,170,38,181,pointworld,pointworld,moved,170,moved,143
ILIAD+7ae1bcff+2023-06-04-20h-38m-36s,229,73,71,93,94,pointworld,pointworld,moved,-2,moved,1
ILIAD+j807b3f8+2023-04-19-16h-49m-15s,960,30,30,56,45,pointworld,pointworld,same,0,moved,-11
ILIAD+j807b3f8+2023-04-19-17h-01m-03s,425,0,0,79,77,pointworld,pointworld,same,0,moved,-2
ILIAD+j807b3f8+2023-04-19-17h-01m-57s,376,0,0,22,22,pointworld,pointworld,same,0,same,0
ILIAD+j807b3f8+2023-04-19-17h-10m-49s,370,57,56,67,66,pointworld,pointworld,moved,-1,moved,-1
ILIAD+j807b3f8+2023-05-11-16h-56m-10s,203,29,31,36,39,pointworld,pointworld,moved,2,moved,3
ILIAD+j807b3f8+2023-05-11-17h-34m-39s,328,13,0,19,16,pointworld,pointworld,moved,-13,moved,-3
ILIAD+j807b3f8+2023-05-11-17h-36m-49s,208,26,20,35,31,pointworld,pointworld,moved,-6,moved,-4
ILIAD+j807b3f8+2023-05-11-17h-40m-08s,338,67,64,74,70,pointworld,pointworld,moved,-3,moved,-4
ILIAD+j807b3f8+2023-05-11-17h-55m-19s,215,0,0,12,13,pointworld,pointworld,same,0,moved,1
ILIAD+j807b3f8+2023-05-11-17h-55m-46s,293,36,39,48,50,pointworld,pointworld,moved,3,moved,2
ILIAD+j807b3f8+2023-06-11-14h-56m-46s,360,23,0,352,0,pointworld,pointworld,moved,-23,moved,-352
ILIAD+j807b3f8+2023-06-11-15h-21m-07s,453,0,0,0,0,pointworld,pointworld,same,0,same,0
ILIAD+j807b3f8+2023-06-11-15h-23m-00s,347,0,0,18,20,pointworld,pointworld,same,0,moved,2
ILIAD+j807b3f8+2023-06-11-15h-59m-47s,526,0,0,0,0,pointworld,pointworld,same,0,same,0
ILIAD+j807b3f8+2023-06-11-16h-15m-56s,292,0,0,0,0,pointworld,pointworld,same,0,same,0
ILIAD+j807b3f8+2023-06-11-16h-39m-07s,548,0,0,0,0,pointworld,pointworld,same,0,same,0
ILIAD+j807b3f8+2023-06-11-16h-41m-00s,388,0,0,0,0,pointworld,pointworld,same,0,same,0
ILIAD+j807b3f8+2023-06-11-17h-19m-09s,426,0,0,0,0,pointworld,pointworld,same,0,same,0
ILIAD+j807b3f8+2023-06-11-17h-23m-53s,432,0,0,0,0,pointworld,pointworld,same,0,same,0
ILIAD+j807b3f8+2023-06-11-17h-34m-34s,597,0,0,0,0,pointworld,pointworld,same,0,same,0
ILIAD+j807b3f8+2023-06-12-18h-31m-10s,340,0,0,0,54,pointworld,pointworld,same,0,moved,54
ILIAD+j807b3f8+2023-06-12-18h-32m-21s,314,0,51,13,61,pointworld,pointworld,moved,51,moved,48
ILIAD+j807b3f8+2023-06-12-18h-41m-54s,416,0,74,71,83,pointworld,pointworld,moved,74,moved,12
ILIAD+j807b3f8+2023-06-12-18h-44m-46s,548,0,16,0,28,pointworld,pointworld,moved,16,moved,28
ILIAD+j807b3f8+2023-06-12-19h-31m-05s,453,0,0,34,34,pointworld,pointworld,same,0,same,0
ILIAD+j807b3f8+2023-06-12-19h-43m-07s,327,0,0,27,27,pointworld,pointworld,same,0,same,0
ILIAD+j807b3f8+2023-06-12-19h-43m-41s,291,39,39,57,57,pointworld,pointworld,same,0,same,0
ILIAD+j807b3f8+2023-06-12-19h-51m-00s,480,0,0,27,27,pointworld,pointworld,same,0,same,0
ILIAD+j807b3f8+2023-06-12-19h-51m-43s,421,0,0,26,26,pointworld,pointworld,same,0,same,0
ILIAD+j807b3f8+2023-06-14-16h-26m-20s,149,0,0,0,0,pointworld,pointworld,same,0,same,0
ILIAD+j807b3f8+2023-06-15-11h-36m-19s,301,0,20,17,25,pointworld,pointworld,moved,20,moved,8
ILIAD+j807b3f8+2023-06-15-12h-04m-34s,381,0,0,0,9,pointworld,pointworld,same,0,moved,9
ILIAD+j807b3f8+2023-06-15-12h-12m-32s,274,17,17,24,26,pointworld,pointworld,same,0,moved,2
ILIAD+j807b3f8+2023-06-15-13h-38m-27s,167,18,18,47,47,pointworld,pointworld,same,0,same,0
ILIAD+j807b3f8+2023-06-15-14h-15m-44s,215,0,0,42,40,pointworld,pointworld,same,0,moved,-2
ILIAD+sbd7d2c6+2023-05-07-16h-37m-49s,135,18,21,24,28,pointworld,pointworld,moved,3,moved,4
ILIAD+sbd7d2c6+2023-05-07-16h-54m-37s,643,0,10,13,15,pointworld,pointworld,moved,10,moved,2
ILIAD+sbd7d2c6+2023-05-07-17h-16m-15s,283,0,0,39,40,pointworld,pointworld,same,0,moved,1
ILIAD+sbd7d2c6+2023-05-07-17h-19m-28s,282,24,25,35,36,pointworld,pointworld,moved,1,moved,1
ILIAD+sbd7d2c6+2023-05-17-17h-46m-49s,293,0,62,58,89,pointworld,pointworld,moved,62,moved,31
ILIAD+sbd7d2c6+2023-12-24-15h-51m-25s,277,0,22,22,47,pointworld,pointworld,moved,22,moved,25
ILIAD+sbd7d2c6+2023-12-24-16h-10m-24s,491,0,0,129,131,pointworld,pointworld,same,0,moved,2
ILIAD+sbd7d2c6+2023-12-24-16h-14m-37s,195,0,0,49,46,pointworld,pointworld,same,0,moved,-3
ILIAD+sbd7d2c6+2023-12-24-16h-22m-00s,195,0,0,18,20,pointworld,pointworld,same,0,moved,2
ILIAD+sbd7d2c6+2023-12-24-16h-23m-03s,206,56,60,85,87,pointworld,pointworld,moved,4,moved,2
ILIAD+sbd7d2c6+2023-12-24-16h-26m-01s,304,0,0,65,68,pointworld,pointworld,same,0,moved,3
ILIAD+sbd7d2c6+2023-12-24-16h-30m-15s,269,77,80,89,94,pointworld,pointworld,moved,3,moved,5
ILIAD+sbd7d2c6+2023-12-24-16h-44m-15s,175,0,0,21,26,pointworld,pointworld,same,0,moved,5
ILIAD+sbd7d2c6+2023-12-24-16h-45m-59s,235,29,0,47,45,pointworld,pointworld,moved,-29,moved,-2
ILIAD+sbd7d2c6+2023-12-24-16h-49m-15s,173,24,25,51,35,pointworld,pointworld,moved,1,moved,-16
ILIAD+sbd7d2c6+2023-12-24-17h-00m-39s,314,29,37,59,61,pointworld,pointworld,moved,8,moved,2
ILIAD+sbd7d2c6+2023-12-24-17h-02m-47s,188,0,0,24,20,pointworld,pointworld,same,0,moved,-4
ILIAD+sbd7d2c6+2023-12-24-17h-09m-08s,278,0,0,11,8,pointworld,pointworld,same,0,moved,-3
ILIAD+sbd7d2c6+2023-12-24-17h-10m-15s,201,0,0,0,0,pointworld,pointworld,same,0,same,0
ILIAD+sbd7d2c6+2023-12-24-17h-13m-11s,282,0,0,47,45,pointworld,pointworld,same,0,moved,-2
ILIAD+sbd7d2c6+2023-12-24-17h-27m-48s,210,24,25,31,33,pointworld,pointworld,moved,1,moved,2
ILIAD+sbd7d2c6+2023-12-24-17h-31m-41s,390,0,0,0,95,pointworld,pointworld,same,0,moved,95
ILIAD+sbd7d2c6+2023-12-24-17h-39m-22s,138,0,0,8,11,pointworld,pointworld,same,0,moved,3
ILIAD+sbd7d2c6+2023-12-24-18h-00m-38s,462,0,0,49,51,pointworld,pointworld,same,0,moved,2
ILIAD+sbd7d2c6+2023-12-24-18h-08m-03s,180,41,43,84,86,pointworld,pointworld,moved,2,moved,2
ILIAD+sbd7d2c6+2023-12-24-18h-12m-29s,188,36,33,53,52,pointworld,pointworld,moved,-3,moved,-1
ILIAD+sbd7d2c6+2023-12-24-18h-21m-27s,156,0,0,19,16,pointworld,pointworld,same,0,moved,-3
ILIAD+sbd7d2c6+2023-12-24-18h-23m-07s,179,30,23,46,48,pointworld,pointworld,moved,-7,moved,2
ILIAD+sbd7d2c6+2023-12-24-18h-35m-37s,254,0,0,87,84,pointworld,pointworld,same,0,moved,-3
ILIAD+sbd7d2c6+2023-12-24-18h-39m-11s,163,0,0,19,17,pointworld,pointworld,same,0,moved,-2
ILIAD+sbd7d2c6+2023-12-24-18h-44m-03s,188,34,0,43,42,pointworld,pointworld,moved,-34,moved,-1
ILIAD+sbd7d2c6+2023-12-24-18h-50m-23s,599,0,0,106,108,pointworld,pointworld,same,0,moved,2
ILIAD+sbd7d2c6+2023-12-24-19h-01m-05s,168,43,40,52,50,pointworld,pointworld,moved,-3,moved,-2
ILIAD+sbd7d2c6+2023-12-24-19h-02m-07s,156,0,0,48,25,pointworld,pointworld,same,0,moved,-23
ILIAD+sbd7d2c6+2023-12-24-19h-02m-55s,370,79,74,107,106,pointworld,pointworld,moved,-5,moved,-1
ILIAD+sbd7d2c6+2023-12-24-19h-04m-45s,174,31,33,51,52,pointworld,pointworld,moved,2,moved,1
IPRL+2fe9715d+2023-08-21-12h-14m-59s,438,0,0,25,24,pointworld,pointworld,same,0,moved,-1
IPRL+2fe9715d+2023-08-21-16h-52m-39s,355,0,0,97,100,pointworld,pointworld,same,0,moved,3
IPRL+2fe9715d+2023-08-21-17h-35m-33s,348,0,0,89,89,pointworld,pointworld,same,0,same,0
IPRL+2fe9715d+2023-08-21-17h-37m-07s,339,35,35,45,44,pointworld,pointworld,same,0,moved,-1
IPRL+2fe9715d+2023-08-21-18h-28m-50s,344,0,0,0,44,pointworld,pointworld,same,0,moved,44
IPRL+2fe9715d+2023-08-21-20h-57m-38s,256,41,43,58,60,pointworld,pointworld,moved,2,moved,2
IPRL+2fe9715d+2023-08-21-21h-03m-17s,597,0,20,39,45,pointworld,pointworld,moved,20,moved,6
IPRL+2fe9715d+2023-08-21-21h-08m-47s,576,0,0,0,8,pointworld,pointworld,same,0,moved,8
IPRL+2fe9715d+2023-08-21-21h-17m-46s,428,0,0,8,12,pointworld,pointworld,same,0,moved,4
IPRL+2fe9715d+2023-08-21-21h-42m-31s,370,17,18,45,47,pointworld,pointworld,moved,1,moved,2
IPRL+2fe9715d+2023-08-21-21h-49m-09s,376,18,20,31,32,pointworld,pointworld,moved,2,moved,1
IPRL+2fe9715d+2023-08-21-22h-20m-24s,255,0,20,65,67,pointworld,pointworld,moved,20,moved,2
IPRL+2fe9715d+2023-08-21-22h-54m-01s,234,0,13,22,27,pointworld,pointworld,moved,13,moved,5
IPRL+2fe9715d+2023-08-21-23h-10m-12s,311,50,53,62,65,pointworld,pointworld,moved,3,moved,3
IPRL+2fe9715d+2023-08-21-23h-41m-44s,246,0,0,11,16,pointworld,pointworld,same,0,moved,5
IPRL+2fe9715d+2023-08-22-00h-02m-59s,342,15,16,20,22,pointworld,pointworld,moved,1,moved,2
IPRL+2fe9715d+2023-08-22-00h-08m-29s,228,10,12,14,16,pointworld,pointworld,moved,2,moved,2
IPRL+2fe9715d+2023-08-22-11h-46m-59s,221,0,0,131,-1,pointworld,pointworld,same,0,lost,
IPRL+2fe9715d+2023-08-22-12h-37m-25s,125,0,0,-1,0,pointworld,pointworld,same,0,recovered,
IPRL+2fe9715d+2023-08-22-20h-50m-51s,241,0,0,27,27,pointworld,pointworld,same,0,same,0
IPRL+2fe9715d+2023-08-22-21h-22m-00s,674,0,0,17,18,pointworld,pointworld,same,0,moved,1
IPRL+2fe9715d+2023-08-22-21h-23m-29s,399,17,18,24,24,pointworld,pointworld,moved,1,same,0
IPRL+2fe9715d+2023-08-22-21h-51m-34s,209,0,0,0,0,pointworld,pointworld,same,0,same,0
IPRL+2fe9715d+2023-08-22-23h-36m-17s,323,49,54,52,67,pointworld,pointworld,moved,5,moved,15
IPRL+2fe9715d+2023-08-23-12h-16m-57s,157,0,0,0,0,pointworld,pointworld,same,0,same,0
IPRL+2fe9715d+2023-08-23-12h-35m-46s,330,0,0,21,21,pointworld,pointworld,same,0,same,0
IPRL+2fe9715d+2023-08-23-12h-40m-07s,421,0,0,0,0,pointworld,pointworld,same,0,same,0
IPRL+2fe9715d+2023-08-24-12h-34m-31s,307,0,0,11,11,pointworld,pointworld,same,0,same,0
IPRL+2fe9715d+2023-08-24-12h-39m-35s,265,0,0,0,0,pointworld,pointworld,same,0,same,0
IPRL+2fe9715d+2023-08-24-13h-21m-32s,521,0,0,0,0,pointworld,pointworld,same,0,same,0
IPRL+2fe9715d+2023-08-24-18h-43m-40s,528,0,0,0,0,pointworld,pointworld,same,0,same,0
IPRL+2fe9715d+2023-08-24-19h-11m-15s,358,0,0,11,10,pointworld,pointworld,same,0,moved,-1
IPRL+2fe9715d+2023-08-24-20h-29m-28s,410,0,0,0,0,pointworld,pointworld,same,0,same,0
IPRL+2fe9715d+2023-08-24-21h-29m-53s,401,0,0,4,0,pointworld,pointworld,same,0,moved,-4
IPRL+2fe9715d+2023-08-24-21h-40m-58s,183,0,0,26,0,pointworld,pointworld,same,0,moved,-26
IPRL+2fe9715d+2023-08-24-22h-10m-30s,400,0,0,0,0,pointworld,pointworld,same,0,same,0
IPRL+2fe9715d+2023-08-24-22h-11m-19s,152,0,0,0,0,pointworld,pointworld,same,0,same,0
IPRL+2fe9715d+2023-08-24-22h-24m-04s,222,0,0,0,0,pointworld,pointworld,same,0,same,0
IPRL+2fe9715d+2023-08-24-22h-31m-35s,172,0,0,0,0,pointworld,pointworld,same,0,same,0
IPRL+2fe9715d+2023-08-24-22h-40m-55s,300,0,0,0,0,pointworld,pointworld,same,0,same,0
IPRL+2fe9715d+2023-08-24-22h-57m-47s,522,0,0,9,8,pointworld,pointworld,same,0,moved,-1
IPRL+2fe9715d+2023-08-25-14h-15m-17s,282,0,0,0,0,pointworld,pointworld,same,0,same,0
IPRL+2fe9715d+2023-08-25-14h-24m-22s,337,0,0,0,0,pointworld,pointworld,same,0,same,0
IPRL+2fe9715d+2023-08-25-14h-34m-17s,148,0,0,12,13,pointworld,pointworld,same,0,moved,1
IPRL+2fe9715d+2023-08-25-15h-47m-53s,216,0,0,0,0,pointworld,pointworld,same,0,same,0
IPRL+2fe9715d+2023-08-25-15h-57m-51s,211,0,0,0,0,pointworld,pointworld,same,0,same,0
IPRL+2fe9715d+2023-08-25-16h-03m-40s,526,0,0,8,10,pointworld,pointworld,same,0,moved,2
IPRL+2fe9715d+2023-08-25-16h-07m-12s,170,0,0,15,17,pointworld,pointworld,same,0,moved,2
IPRL+41a1536a+2023-10-26-23h-37m-56s,710,0,0,66,65,pointworld,pointworld,same,0,moved,-1
IPRL+41a1536a+2023-10-30-18h-34m-52s,300,0,0,0,0,pointworld,pointworld,same,0,same,0
IPRL+41a1536a+2023-10-30-18h-39m-58s,287,0,0,0,0,pointworld,pointworld,same,0,same,0
IPRL+41a1536a+2023-10-30-18h-46m-09s,485,0,0,0,0,pointworld,pointworld,same,0,same,0
IPRL+41a1536a+2023-11-01-22h-11m-26s,344,0,0,0,0,pointworld,pointworld,same,0,same,0
IPRL+41a1536a+2023-11-02-17h-07m-34s,313,0,0,-1,-1,pointworld,pointworld,same,0,same,
IPRL+41a1536a+2023-11-02-17h-11m-31s,244,0,0,0,0,pointworld,pointworld,same,0,same,0
IPRL+41a1536a+2023-11-02-21h-12m-49s,263,0,0,0,0,pointworld,pointworld,same,0,same,0
IPRL+41a1536a+2023-11-02-21h-14m-21s,240,12,11,25,24,pointworld,pointworld,moved,-1,moved,-1
IPRL+41a1536a+2023-11-02-21h-19m-04s,214,0,0,0,0,pointworld,pointworld,same,0,same,0
IPRL+41a1536a+2023-11-02-21h-24m-01s,208,0,0,0,0,pointworld,pointworld,same,0,same,0
IPRL+41a1536a+2023-11-02-21h-24m-25s,543,0,0,20,18,pointworld,pointworld,same,0,moved,-2
IPRL+41a1536a+2023-11-02-21h-38m-00s,283,0,0,0,0,pointworld,pointworld,same,0,same,0
IPRL+41a1536a+2023-11-02-22h-09m-31s,393,0,0,0,0,pointworld,pointworld,same,0,same,0
IPRL+41a1536a+2023-11-02-22h-40m-19s,210,0,0,0,0,pointworld,pointworld,same,0,same,0
IPRL+41a1536a+2023-11-08-23h-17m-09s,541,0,0,0,0,pointworld,pointworld,same,0,same,0
IPRL+41a1536a+2023-11-08-23h-18m-54s,883,0,0,0,0,pointworld,pointworld,same,0,same,0
IPRL+41a1536a+2023-11-08-23h-26m-23s,296,0,0,0,0,pointworld,pointworld,same,0,same,0
IPRL+41a1536a+2023-11-08-23h-27m-01s,245,0,0,0,0,pointworld,pointworld,same,0,same,0
IPRL+41a1536a+2023-11-08-23h-33m-16s,408,0,0,0,0,pointworld,pointworld,same,0,same,0
IPRL+41a1536a+2023-11-08-23h-40m-44s,431,0,0,0,0,pointworld,pointworld,same,0,same,0
IPRL+41a1536a+2023-11-09-16h-55m-17s,403,0,0,11,10,pointworld,pointworld,same,0,moved,-1
IPRL+41a1536a+2023-11-09-17h-27m-17s,255,0,0,0,0,pointworld,pointworld,same,0,same,0
IPRL+41a1536a+2023-11-09-17h-36m-16s,230,0,0,0,0,pointworld,pointworld,same,0,same,0
IPRL+41a1536a+2023-11-09-18h-11m-36s,371,0,0,0,0,pointworld,pointworld,same,0,same,0
IPRL+41a1536a+2023-11-09-18h-16m-50s,504,0,0,0,0,pointworld,pointworld,same,0,same,0
IPRL+41a1536a+2023-11-09-18h-27m-17s,531,0,0,0,0,pointworld,pointworld,same,0,same,0
IPRL+41a1536a+2023-11-13-23h-59m-55s,491,0,0,0,0,pointworld,pointworld,same,0,same,0
IPRL+41a1536a+2023-11-14-00h-06m-08s,581,0,0,0,0,pointworld,pointworld,same,0,same,0
IPRL+41a1536a+2023-11-14-00h-10m-21s,349,0,0,0,0,pointworld,pointworld,same,0,same,0
IPRL+41a1536a+2023-11-14-00h-27m-13s,230,0,0,0,0,pointworld,pointworld,same,0,same,0
IPRL+41a1536a+2023-11-14-00h-30m-20s,374,0,0,0,0,pointworld,pointworld,same,0,same,0
IPRL+41a1536a+2023-11-14-13h-59m-53s,195,0,0,0,0,pointworld,pointworld,same,0,same,0
IPRL+41a1536a+2023-11-14-14h-00m-59s,484,0,0,0,0,pointworld,pointworld,same,0,same,0
IPRL+41a1536a+2023-11-14-15h-08m-37s,232,0,0,0,0,pointworld,pointworld,same,0,same,0
IPRL+41a1536a+2023-11-14-15h-15m-27s,189,0,0,0,10,pointworld,pointworld,same,0,moved,10
IPRL+5085c3ce+2023-10-08-14h-00m-12s,217,0,0,0,0,pointworld,pointworld,same,0,same,0
IPRL+5085c3ce+2023-10-11-01h-33m-03s,308,0,0,0,0,pointworld,pointworld,same,0,same,0
IPRL+5085c3ce+2023-10-11-02h-10m-59s,248,0,0,0,0,pointworld,pointworld,same,0,same,0
IPRL+5085c3ce+2023-10-11-02h-12m-15s,240,0,0,0,0,pointworld,pointworld,same,0,same,0
IPRL+5085c3ce+2023-10-11-03h-19m-46s,341,0,0,0,0,pointworld,pointworld,same,0,same,0
IPRL+5085c3ce+2023-10-11-22h-38m-54s,179,0,0,0,0,pointworld,pointworld,same,0,same,0
IPRL+5085c3ce+2023-10-11-23h-13m-48s,409,0,0,0,0,pointworld,pointworld,same,0,same,0
IPRL+5085c3ce+2023-10-11-23h-19m-58s,494,0,0,0,0,pointworld,pointworld,same,0,same,0
IPRL+5085c3ce+2023-10-11-23h-27m-23s,289,0,0,0,0,pointworld,pointworld,same,0,same,0
IPRL+5085c3ce+2023-10-11-23h-34m-56s,373,0,0,0,0,pointworld,pointworld,same,0,same,0
IPRL+5085c3ce+2023-10-11-23h-39m-37s,251,0,0,0,0,pointworld,pointworld,same,0,same,0
IPRL+5085c3ce+2023-10-11-23h-53m-08s,165,0,0,0,0,pointworld,pointworld,same,0,same,0
IPRL+5085c3ce+2023-10-11-23h-53m-50s,238,0,0,0,0,pointworld,pointworld,same,0,same,0
IPRL+5085c3ce+2023-10-12-01h-25m-40s,698,0,0,0,0,pointworld,pointworld,same,0,same,0
IPRL+5085c3ce+2023-10-12-23h-26m-03s,181,0,0,0,0,pointworld,pointworld,same,0,same,0
IPRL+5085c3ce+2023-10-13-13h-38m-14s,354,0,0,0,0,pointworld,pointworld,same,0,same,0
IPRL+5085c3ce+2023-10-13-22h-08m-30s,1045,0,0,0,0,pointworld,pointworld,same,0,same,0
IPRL+5085c3ce+2023-10-14-21h-06m-37s,355,0,0,0,0,pointworld,pointworld,same,0,same,0
IPRL+5085c3ce+2023-10-14-21h-22m-06s,241,0,0,0,0,pointworld,pointworld,same,0,same,0
IPRL+5085c3ce+2023-10-14-21h-33m-59s,238,0,0,0,0,pointworld,pointworld,same,0,same,0
IPRL+5085c3ce+2023-10-14-22h-05m-10s,1156,0,0,0,0,pointworld,pointworld,same,0,same,0
IPRL+5085c3ce+2023-10-14-22h-56m-25s,349,0,0,0,0,pointworld,pointworld,same,0,same,0
IPRL+5085c3ce+2023-10-16-20h-07m-32s,482,0,0,0,0,pointworld,pointworld,same,0,same,0
IPRL+5085c3ce+2023-10-16-20h-20m-19s,214,0,0,0,0,pointworld,pointworld,same,0,same,0
IPRL+5085c3ce+2023-10-16-20h-55m-58s,127,0,0,0,0,pointworld,pointworld,same,0,same,0
IPRL+5085c3ce+2023-10-17-21h-14m-05s,650,0,0,0,0,pointworld,pointworld,same,0,same,0
IPRL+5085c3ce+2023-10-17-21h-31m-47s,673,0,0,0,39,pointworld,pointworld,same,0,moved,39
IPRL+5085c3ce+2023-10-17-21h-35m-33s,470,0,0,0,0,pointworld,pointworld,same,0,same,0
IPRL+5085c3ce+2023-10-17-21h-41m-05s,431,0,0,0,0,pointworld,pointworld,same,0,same,0
IPRL+5085c3ce+2023-10-17-22h-31m-22s,896,0,0,0,0,pointworld,pointworld,same,0,same,0
IPRL+5085c3ce+2023-10-17-22h-45m-23s,863,0,0,0,0,pointworld,pointworld,same,0,same,0
IPRL+5085c3ce+2023-10-18-21h-12m-27s,170,0,0,0,0,pointworld,pointworld,same,0,same,0
IPRL+5085c3ce+2023-10-19-21h-43m-00s,1165,0,0,0,0,pointworld,pointworld,same,0,same,0
IPRL+5085c3ce+2023-10-19-23h-00m-22s,422,0,0,0,0,pointworld,pointworld,same,0,same,0
IPRL+5085c3ce+2023-10-19-23h-03m-38s,254,0,0,0,0,pointworld,pointworld,same,0,same,0
IPRL+5085c3ce+2023-10-19-23h-12m-40s,307,0,0,0,0,pointworld,pointworld,same,0,same,0
IPRL+5085c3ce+2023-10-19-23h-13m-08s,190,0,0,0,0,pointworld,pointworld,same,0,same,0
IPRL+5085c3ce+2023-10-19-23h-49m-40s,423,0,0,21,21,pointworld,pointworld,same,0,same,0
IPRL+5085c3ce+2023-10-19-23h-51m-11s,270,0,0,0,0,pointworld,pointworld,same,0,same,0
IPRL+5085c3ce+2023-10-21-14h-31m-29s,477,0,0,0,0,pointworld,pointworld,same,0,same,0
IPRL+5085c3ce+2023-10-21-15h-10m-49s,218,0,0,0,0,pointworld,pointworld,same,0,same,0
IPRL+5085c3ce+2023-10-21-15h-36m-30s,246,0,0,0,0,pointworld,pointworld,same,0,same,0
IPRL+5085c3ce+2023-10-21-17h-45m-44s,198,0,0,0,0,pointworld,pointworld,same,0,same,0
IPRL+5085c3ce+2023-10-21-19h-22m-59s,243,0,0,0,0,pointworld,pointworld,same,0,same,0
IPRL+5085c3ce+2023-10-21-19h-25m-45s,280,0,0,0,0,pointworld,pointworld,same,0,same,0
IPRL+5085c3ce+2023-10-21-19h-29m-24s,198,0,0,0,0,pointworld,pointworld,same,0,same,0
IPRL+5085c3ce+2023-10-21-19h-46m-56s,202,0,0,0,0,pointworld,pointworld,same,0,same,0
IPRL+5085c3ce+2023-10-21-19h-47m-18s,192,0,0,0,0,pointworld,pointworld,same,0,same,0
IPRL+5085c3ce+2023-10-21-21h-34m-36s,341,0,0,0,0,pointworld,pointworld,same,0,same,0
IPRL+5085c3ce+2023-10-22-00h-46m-49s,254,0,0,0,0,pointworld,pointworld,same,0,same,0
IPRL+5085c3ce+2023-10-22-00h-59m-27s,241,0,0,0,0,pointworld,pointworld,same,0,same,0
IPRL+5085c3ce+2023-10-22-10h-47m-48s,668,0,0,0,0,pointworld,pointworld,same,0,same,0
IPRL+5085c3ce+2023-10-22-13h-50m-44s,134,0,0,0,0,pointworld,pointworld,same,0,same,0
IPRL+5085c3ce+2023-10-22-14h-49m-04s,309,0,0,0,0,pointworld,pointworld,same,0,same,0
IPRL+5085c3ce+2023-10-22-14h-52m-00s,1052,0,0,0,0,pointworld,pointworld,same,0,same,0
IPRL+5085c3ce+2023-10-22-15h-00m-46s,346,0,0,0,0,pointworld,pointworld,same,0,same,0
IPRL+7790ec0a+2023-03-31-16h-23m-48s,318,0,163,173,250,pointworld,pointworld,moved,163,moved,77
IPRL+7790ec0a+2023-04-19-17h-59m-17s,529,0,0,0,0,pointworld,pointworld,same,0,same,0
IPRL+7790ec0a+2023-04-19-19h-02m-15s,202,0,0,22,22,pointworld,pointworld,same,0,same,0
IPRL+7790ec0a+2023-04-21-20h-44m-25s,243,0,0,23,23,pointworld,pointworld,same,0,same,0
IPRL+7790ec0a+2023-04-21-20h-48m-06s,243,0,0,27,27,pointworld,pointworld,same,0,same,0
IPRL+7790ec0a+2023-04-21-21h-38m-56s,249,0,0,22,22,pointworld,pointworld,same,0,same,0
IPRL+7790ec0a+2023-04-21-21h-50m-00s,185,0,0,0,0,pointworld,pointworld,same,0,same,0
IPRL+7790ec0a+2023-04-21-21h-55m-26s,117,0,0,0,0,pointworld,pointworld,same,0,same,0
IPRL+7790ec0a+2023-04-21-21h-55m-44s,156,0,0,0,0,pointworld,pointworld,same,0,same,0
IPRL+7790ec0a+2023-04-21-21h-58m-01s,152,0,0,0,0,pointworld,pointworld,same,0,same,0
IPRL+7790ec0a+2023-04-24-16h-33m-55s,156,0,0,0,0,pointworld,pointworld,same,0,same,0
IPRL+7790ec0a+2023-04-24-16h-36m-17s,186,0,0,32,46,pointworld,pointworld,same,0,moved,14
IPRL+7790ec0a+2023-04-24-16h-41m-38s,205,15,17,33,35,pointworld,pointworld,moved,2,moved,2
IPRL+7790ec0a+2023-04-24-16h-58m-11s,252,0,0,0,0,pointworld,pointworld,same,0,same,0
IPRL+7790ec0a+2023-04-24-16h-58m-51s,243,0,0,0,0,pointworld,pointworld,same,0,same,0
IPRL+7790ec0a+2023-04-24-17h-00m-49s,167,0,0,0,0,pointworld,pointworld,same,0,same,0
IPRL+7790ec0a+2023-04-30-18h-17m-27s,240,0,0,84,0,pointworld,pointworld,same,0,moved,-84
IPRL+7790ec0a+2023-04-30-18h-20m-20s,331,0,0,0,0,pointworld,pointworld,same,0,same,0
IPRL+7790ec0a+2023-04-30-18h-22m-00s,233,0,0,0,0,pointworld,pointworld,same,0,same,0
IPRL+7790ec0a+2023-04-30-18h-25m-48s,191,0,0,0,0,pointworld,pointworld,same,0,same,0
IPRL+7790ec0a+2023-04-30-18h-55m-45s,203,0,0,0,0,pointworld,pointworld,same,0,same,0
IPRL+7790ec0a+2023-04-30-19h-04m-53s,237,0,0,0,0,pointworld,pointworld,same,0,same,0
IPRL+7790ec0a+2023-04-30-19h-05m-45s,377,0,0,18,17,pointworld,pointworld,same,0,moved,-1
IPRL+7790ec0a+2023-04-30-19h-24m-22s,196,0,0,23,25,pointworld,pointworld,same,0,moved,2
IPRL+7790ec0a+2023-04-30-19h-24m-44s,208,0,0,0,0,pointworld,pointworld,same,0,same,0
IPRL+7790ec0a+2023-04-30-19h-39m-02s,138,0,0,0,0,pointworld,pointworld,same,0,same,0
IPRL+7790ec0a+2023-04-30-19h-40m-24s,119,0,0,0,0,pointworld,pointworld,same,0,same,0
IPRL+7790ec0a+2023-04-30-19h-42m-21s,151,0,0,13,14,pointworld,pointworld,same,0,moved,1
IPRL+7790ec0a+2023-05-05-15h-57m-21s,151,0,0,0,0,pointworld,pointworld,same,0,same,0
IPRL+7790ec0a+2023-05-05-16h-09m-59s,128,0,0,0,0,pointworld,pointworld,same,0,same,0
IPRL+7790ec0a+2023-05-05-16h-19m-59s,119,0,0,0,0,pointworld,pointworld,same,0,same,0
IPRL+7790ec0a+2023-05-05-16h-31m-19s,155,0,0,22,22,pointworld,pointworld,same,0,same,0
IPRL+7790ec0a+2023-05-05-16h-34m-59s,182,0,0,0,0,pointworld,pointworld,same,0,same,0
IPRL+7790ec0a+2023-05-05-16h-51m-15s,112,0,0,0,0,pointworld,pointworld,same,0,same,0
IPRL+7790ec0a+2023-05-05-16h-54m-53s,183,0,0,0,0,pointworld,pointworld,same,0,same,0
IPRL+7790ec0a+2023-05-05-17h-09m-49s,202,0,0,0,0,pointworld,pointworld,same,0,same,0
IPRL+7790ec0a+2023-05-05-17h-18m-21s,169,0,0,27,26,pointworld,pointworld,same,0,moved,-1
IPRL+7790ec0a+2023-05-05-17h-22m-13s,188,0,0,14,12,pointworld,pointworld,same,0,moved,-2
IPRL+7790ec0a+2023-05-05-17h-37m-50s,102,0,0,0,0,pointworld,pointworld,same,0,same,0
IPRL+7790ec0a+2023-05-05-17h-44m-38s,137,0,0,0,0,pointworld,pointworld,same,0,same,0
IPRL+7790ec0a+2023-05-05-17h-46m-21s,161,0,0,0,0,pointworld,pointworld,same,0,same,0
IPRL+7790ec0a+2023-06-19-22h-56m-28s,481,64,60,90,82,pointworld,pointworld,moved,-4,moved,-8
IPRL+7790ec0a+2023-06-19-22h-58m-35s,770,0,0,26,31,pointworld,pointworld,same,0,moved,5
IPRL+7790ec0a+2023-06-19-23h-18m-53s,262,35,33,44,43,pointworld,pointworld,moved,-2,moved,-1
IPRL+7790ec0a+2023-06-26-23h-24m-08s,147,46,23,53,46,pointworld,pointworld,moved,-23,moved,-7
IPRL+7790ec0a+2023-06-27-20h-37m-26s,143,33,36,108,108,pointworld,pointworld,moved,3,same,0
IPRL+7790ec0a+2023-06-27-20h-42m-35s,140,45,47,72,72,pointworld,pointworld,moved,2,same,0
IPRL+7790ec0a+2023-06-27-20h-57m-09s,105,21,22,28,29,pointworld,pointworld,moved,1,moved,1
IPRL+7790ec0a+2023-06-30-17h-15m-06s,259,-1,0,-1,0,pointworld,pointworld,recovered,,recovered,
IPRL+7790ec0a+2023-06-30-17h-19m-02s,219,216,0,-1,0,pointworld,pointworld,moved,-216,recovered,
IPRL+7790ec0a+2023-06-30-17h-28m-48s,243,-1,0,-1,0,pointworld,pointworld,recovered,,recovered,
IPRL+7790ec0a+2023-06-30-17h-51m-29s,587,18,0,286,0,pointworld,pointworld,moved,-18,moved,-286
IPRL+7790ec0a+2023-06-30-18h-04m-49s,348,13,0,90,0,pointworld,pointworld,moved,-13,moved,-90
IPRL+7790ec0a+2023-06-30-18h-51m-44s,204,0,0,0,0,pointworld,pointworld,same,0,same,0
IPRL+7790ec0a+2023-06-30-18h-53m-25s,165,0,0,0,0,pointworld,pointworld,same,0,same,0
IPRL+7790ec0a+2023-06-30-18h-58m-00s,94,0,0,0,14,pointworld,pointworld,same,0,moved,14
IPRL+7790ec0a+2023-06-30-19h-19m-56s,200,0,0,0,19,pointworld,pointworld,same,0,moved,19
IPRL+7790ec0a+2023-06-30-19h-21m-57s,143,0,0,0,0,pointworld,pointworld,same,0,same,0
IPRL+7790ec0a+2023-06-30-20h-19m-16s,133,0,0,0,0,pointworld,pointworld,same,0,same,0
IPRL+7790ec0a+2023-06-30-20h-20m-44s,412,0,0,0,0,pointworld,pointworld,same,0,same,0
IPRL+7790ec0a+2023-06-30-21h-25m-20s,153,0,0,0,0,pointworld,pointworld,same,0,same,0
IPRL+7790ec0a+2023-06-30-21h-29m-26s,183,0,0,0,0,pointworld,pointworld,same,0,same,0
IPRL+7790ec0a+2023-06-30-21h-29m-45s,181,0,0,0,0,pointworld,pointworld,same,0,same,0
IPRL+7790ec0a+2023-06-30-21h-30m-06s,182,0,0,0,10,pointworld,pointworld,same,0,moved,10
IPRL+7790ec0a+2023-06-30-21h-37m-23s,692,0,0,0,0,pointworld,pointworld,same,0,same,0
IPRL+7790ec0a+2023-06-30-22h-03m-28s,213,0,0,0,0,pointworld,pointworld,same,0,same,0
IPRL+7790ec0a+2023-06-30-22h-08m-05s,156,0,0,0,0,pointworld,pointworld,same,0,same,0
IPRL+7790ec0a+2023-06-30-22h-12m-02s,236,0,0,18,17,pointworld,pointworld,same,0,moved,-1
IPRL+7790ec0a+2023-07-01-09h-42m-14s,172,0,0,19,19,pointworld,pointworld,same,0,same,0
IPRL+7790ec0a+2023-07-01-09h-53m-06s,857,0,0,17,17,pointworld,pointworld,same,0,same,0
IPRL+7790ec0a+2023-07-01-10h-15m-22s,718,0,0,0,0,pointworld,pointworld,same,0,same,0
IPRL+7790ec0a+2023-07-01-10h-19m-16s,550,0,0,0,0,pointworld,pointworld,same,0,same,0
IPRL+7790ec0a+2023-07-01-10h-26m-31s,372,0,0,17,18,pointworld,pointworld,same,0,moved,1
IPRL+7790ec0a+2023-07-01-10h-27m-05s,420,0,0,24,24,pointworld,pointworld,same,0,same,0
IPRL+7790ec0a+2023-07-01-10h-33m-09s,342,0,0,15,15,pointworld,pointworld,same,0,same,0
IPRL+7790ec0a+2023-07-01-11h-36m-05s,163,0,0,11,13,pointworld,pointworld,same,0,moved,2
IPRL+7790ec0a+2023-10-07-15h-41m-14s,338,0,0,0,0,pointworld,pointworld,same,0,same,0
IPRL+89b42cd2+2023-11-24-20h-19m-51s,346,0,0,0,0,pointworld,pointworld,same,0,same,0
IPRL+89b42cd2+2023-11-24-20h-28m-40s,622,0,0,0,0,pointworld,pointworld,same,0,same,0
IPRL+89b42cd2+2023-11-24-21h-06m-16s,470,0,0,42,0,pointworld,pointworld,same,0,moved,-42
IPRL+89b42cd2+2023-11-24-21h-09m-27s,1189,0,0,65,0,pointworld,pointworld,same,0,moved,-65
IPRL+89b42cd2+2023-11-24-21h-21m-26s,311,0,0,0,0,pointworld,pointworld,same,0,same,0
IPRL+89b42cd2+2023-11-24-22h-18m-29s,505,0,0,0,0,pointworld,pointworld,same,0,same,0
IPRL+89b42cd2+2023-11-27-17h-00m-44s,485,0,0,13,18,pointworld,pointworld,same,0,moved,5
IPRL+89b42cd2+2023-11-27-17h-15m-46s,947,0,0,0,25,pointworld,pointworld,same,0,moved,25
IPRL+89b42cd2+2023-11-27-18h-11m-33s,407,0,0,0,0,pointworld,pointworld,same,0,same,0
IPRL+89b42cd2+2023-11-27-19h-56m-05s,472,0,0,143,142,pointworld,pointworld,same,0,moved,-1
IPRL+89b42cd2+2023-11-27-19h-58m-59s,247,0,0,50,49,pointworld,pointworld,same,0,moved,-1
IPRL+89b42cd2+2023-11-27-20h-01m-41s,331,0,0,0,0,pointworld,pointworld,same,0,same,0
IPRL+89b42cd2+2023-11-27-20h-13m-46s,554,38,53,43,112,pointworld,pointworld,moved,15,moved,69
IPRL+c850f181+2023-07-01-16h-30m-41s,681,0,0,0,13,pointworld,pointworld,same,0,moved,13
IPRL+edf28ef3+2023-04-23-10h-42m-26s,508,0,0,0,0,pointworld,pointworld,same,0,same,0
IPRL+edf28ef3+2023-04-23-11h-01m-16s,264,0,0,32,33,pointworld,pointworld,same,0,moved,1
IPRL+edf28ef3+2023-04-23-11h-04m-04s,341,0,0,0,0,pointworld,pointworld,same,0,same,0
IPRL+edf28ef3+2023-04-23-11h-06m-02s,351,0,0,0,0,pointworld,pointworld,same,0,same,0
IPRL+edf28ef3+2023-05-12-15h-33m-28s,409,0,0,30,28,pointworld,pointworld,same,0,moved,-2
IPRL+edf28ef3+2023-05-12-15h-35m-38s,167,0,0,34,0,pointworld,pointworld,same,0,moved,-34
IPRL+edf28ef3+2023-05-12-16h-06m-57s,278,0,32,0,40,pointworld,pointworld,moved,32,moved,40
IPRL+edf28ef3+2023-05-12-16h-35m-59s,542,35,35,41,41,pointworld,pointworld,same,0,same,0
IPRL+edf28ef3+2023-12-18-15h-42m-35s,150,0,0,0,0,pointworld,pointworld,same,0,same,0
IPRL+edf28ef3+2023-12-18-15h-46m-44s,215,0,0,0,0,pointworld,pointworld,same,0,same,0
IPRL+edf28ef3+2023-12-18-15h-52m-44s,114,0,0,0,0,pointworld,pointworld,same,0,same,0
IPRL+edf28ef3+2023-12-18-15h-54m-46s,169,0,0,0,0,pointworld,pointworld,same,0,same,0
IPRL+edf28ef3+2023-12-18-16h-00m-46s,116,0,0,0,0,pointworld,pointworld,same,0,same,0
IPRL+edf28ef3+2023-12-18-16h-05m-10s,130,0,0,0,0,pointworld,pointworld,same,0,same,0
IPRL+edf28ef3+2023-12-18-16h-05m-46s,106,0,0,0,0,pointworld,pointworld,same,0,same,0
IPRL+edf28ef3+2023-12-18-16h-07m-26s,101,0,0,0,0,pointworld,pointworld,same,0,same,0
IPRL+edf28ef3+2023-12-18-16h-09m-03s,96,0,0,0,0,pointworld,pointworld,same,0,same,0
IPRL+edf28ef3+2023-12-18-16h-14m-21s,98,0,0,0,0,pointworld,pointworld,same,0,same,0
IPRL+edf28ef3+2023-12-18-16h-16m-08s,89,0,0,0,0,pointworld,pointworld,same,0,same,0
IPRL+edf28ef3+2023-12-18-16h-24m-51s,315,0,0,0,0,pointworld,pointworld,same,0,same,0
IPRL+edf28ef3+2023-12-18-16h-25m-59s,125,0,0,0,0,pointworld,pointworld,same,0,same,0
IPRL+edf28ef3+2023-12-18-16h-39m-28s,115,0,0,0,0,pointworld,pointworld,same,0,same,0
IPRL+edf28ef3+2023-12-18-16h-40m-46s,122,0,0,0,0,pointworld,pointworld,same,0,same,0
IPRL+edf28ef3+2023-12-18-17h-02m-47s,137,0,0,0,0,pointworld,pointworld,same,0,same,0
IPRL+edf28ef3+2023-12-18-17h-07m-44s,138,0,0,0,0,pointworld,pointworld,same,0,same,0
IPRL+edf28ef3+2023-12-18-17h-08m-02s,217,0,0,0,0,pointworld,pointworld,same,0,same,0
IPRL+edf28ef3+2023-12-18-17h-11m-15s,116,0,0,0,0,pointworld,pointworld,same,0,same,0
IPRL+edf28ef3+2023-12-18-17h-14m-34s,97,0,0,0,0,pointworld,pointworld,same,0,same,0
IPRL+edf28ef3+2023-12-18-17h-25m-01s,106,0,0,0,0,pointworld,pointworld,same,0,same,0
IPRL+edf28ef3+2023-12-18-17h-25m-49s,101,0,0,0,0,pointworld,pointworld,same,0,same,0
IPRL+edf28ef3+2023-12-18-17h-26m-04s,114,0,0,0,0,pointworld,pointworld,same,0,same,0
IPRL+edf28ef3+2023-12-18-17h-27m-12s,93,0,0,0,0,pointworld,pointworld,same,0,same,0
IPRL+edf28ef3+2023-12-18-17h-54m-06s,296,0,0,0,0,pointworld,pointworld,same,0,same,0
IPRL+edf28ef3+2023-12-18-18h-29m-51s,243,0,0,0,0,pointworld,pointworld,same,0,same,0
IPRL+edf28ef3+2023-12-18-18h-52m-57s,218,0,0,0,0,pointworld,pointworld,same,0,same,0
IPRL+edf28ef3+2023-12-18-19h-06m-50s,158,0,0,101,102,pointworld,pointworld,same,0,moved,1
IPRL+edf28ef3+2023-12-18-19h-14m-43s,256,0,0,0,74,pointworld,pointworld,same,0,moved,74
IPRL+edf28ef3+2023-12-18-19h-15m-28s,229,0,0,73,90,pointworld,pointworld,same,0,moved,17
IPRL+edf28ef3+2023-12-18-20h-24m-09s,288,0,0,49,50,pointworld,pointworld,same,0,moved,1
IPRL+edf28ef3+2023-12-18-20h-41m-14s,304,0,0,75,74,pointworld,pointworld,same,0,moved,-1
IPRL+edf28ef3+2023-12-18-21h-03m-16s,850,0,0,0,0,pointworld,pointworld,same,0,same,0
IPRL+edf28ef3+2023-12-18-22h-42m-31s,329,0,0,0,0,pointworld,pointworld,same,0,same,0
IPRL+edf28ef3+2023-12-18-22h-58m-35s,325,0,0,0,0,pointworld,pointworld,same,0,same,0
IPRL+edf28ef3+2023-12-18-23h-54m-47s,261,0,0,0,0,pointworld,pointworld,same,0,same,0
IPRL+edf28ef3+2023-12-19-11h-08m-56s,288,0,0,0,0,pointworld,pointworld,same,0,same,0
IPRL+edf28ef3+2023-12-19-21h-15m-45s,523,15,15,50,32,pointworld,pointworld,same,0,moved,-18
IPRL+edf28ef3+2023-12-19-22h-17m-20s,146,33,33,41,40,pointworld,pointworld,same,0,moved,-1
IPRL+edf28ef3+2023-12-19-22h-26m-56s,189,9,10,18,17,pointworld,pointworld,moved,1,moved,-1
IPRL+edf28ef3+2023-12-19-22h-57m-34s,151,13,12,18,17,pointworld,pointworld,moved,-1,moved,-1
IPRL+edf28ef3+2023-12-19-23h-04m-44s,141,31,31,35,35,pointworld,pointworld,same,0,same,0
IPRL+edf28ef3+2023-12-20-12h-04m-47s,429,0,30,0,43,pointworld,pointworld,moved,30,moved,43
IPRL+edf28ef3+2023-12-20-12h-28m-16s,485,22,21,38,35,pointworld,pointworld,moved,-1,moved,-3
IPRL+edf28ef3+2023-12-20-12h-46m-02s,326,0,0,60,59,pointworld,pointworld,same,0,moved,-1
IPRL+edf28ef3+2023-12-20-12h-49m-22s,730,0,0,39,33,pointworld,pointworld,same,0,moved,-6
IPRL+edf28ef3+2023-12-20-13h-11m-41s,218,20,20,28,28,pointworld,pointworld,same,0,same,0
IPRL+edf28ef3+2023-12-20-14h-54m-21s,233,34,33,58,57,pointworld,pointworld,moved,-1,moved,-1
IPRL+edf28ef3+2023-12-20-14h-56m-03s,561,27,26,45,45,pointworld,pointworld,moved,-1,same,0
IPRL+edf28ef3+2023-12-20-15h-37m-25s,172,20,20,26,25,pointworld,pointworld,same,0,moved,-1
IPRL+edf28ef3+2024-01-01-10h-24m-59s,191,0,0,0,0,pointworld,pointworld,same,0,same,0
IPRL+edf28ef3+2024-01-01-10h-34m-34s,149,0,0,0,0,pointworld,pointworld,same,0,same,0
IPRL+edf28ef3+2024-01-01-10h-46m-29s,150,0,0,0,0,pointworld,pointworld,same,0,same,0
IPRL+edf28ef3+2024-01-01-10h-46m-51s,154,0,0,0,0,pointworld,pointworld,same,0,same,0
IPRL+edf28ef3+2024-01-01-10h-49m-15s,122,0,0,0,0,pointworld,pointworld,same,0,same,0
IPRL+edf28ef3+2024-01-01-10h-59m-47s,273,0,0,0,0,pointworld,pointworld,same,0,same,0
IPRL+edf28ef3+2024-01-01-11h-05m-23s,195,0,0,0,0,pointworld,pointworld,same,0,same,0
IPRL+edf28ef3+2024-01-01-11h-06m-52s,255,0,0,0,0,pointworld,pointworld,same,0,same,0
IPRL+edf28ef3+2024-01-01-11h-11m-30s,187,0,0,0,0,pointworld,pointworld,same,0,same,0
IPRL+edf28ef3+2024-01-01-11h-14m-54s,326,0,0,0,0,pointworld,pointworld,same,0,same,0
IPRL+edf28ef3+2024-01-01-11h-28m-05s,205,0,0,0,0,pointworld,pointworld,same,0,same,0
IPRL+edf28ef3+2024-01-01-11h-38m-26s,231,0,0,0,0,pointworld,pointworld,same,0,same,0
IPRL+edf28ef3+2024-01-01-12h-02m-26s,162,0,0,0,0,pointworld,pointworld,same,0,same,0
IPRL+edf28ef3+2024-01-01-12h-17m-01s,362,0,0,0,0,pointworld,pointworld,same,0,same,0
IPRL+edf28ef3+2024-01-01-12h-23m-27s,293,0,0,0,0,pointworld,pointworld,same,0,same,0
IPRL+edf28ef3+2024-01-01-12h-32m-17s,256,0,0,0,0,pointworld,pointworld,same,0,same,0
IPRL+edf28ef3+2024-01-01-12h-37m-15s,211,0,0,0,0,pointworld,pointworld,same,0,same,0
IPRL+edf28ef3+2024-01-01-17h-53m-19s,195,0,0,0,0,pointworld,pointworld,same,0,same,0
IPRL+edf28ef3+2024-01-01-17h-54m-33s,255,0,0,0,0,pointworld,pointworld,same,0,same,0
IPRL+edf28ef3+2024-01-01-18h-07m-51s,171,0,0,0,0,pointworld,pointworld,same,0,same,0
IPRL+edf28ef3+2024-01-01-18h-08m-13s,134,0,0,0,0,pointworld,pointworld,same,0,same,0
IPRL+edf28ef3+2024-01-02-10h-22m-08s,1360,24,25,50,50,pointworld,pointworld,moved,1,same,0
IPRL+edf28ef3+2024-01-02-10h-39m-13s,2016,17,17,37,37,pointworld,pointworld,same,0,same,0
IPRL+edf28ef3+2024-01-02-10h-50m-10s,1806,25,25,42,42,pointworld,pointworld,same,0,same,0
IPRL+edf28ef3+2024-01-02-10h-54m-10s,1338,20,20,36,36,pointworld,pointworld,same,0,same,0
IPRL+edf28ef3+2024-01-02-10h-58m-33s,1001,29,30,49,50,pointworld,pointworld,moved,1,moved,1
IPRL+edf28ef3+2024-01-02-12h-14m-54s,94,26,24,-1,-1,pointworld,pointworld,moved,-2,same,
IPRL+edf28ef3+2024-01-02-13h-02m-06s,1458,314,331,-1,-1,pointworld,pointworld,moved,17,same,
IPRL+edf28ef3+2024-01-02-15h-21m-01s,2437,74,73,80,79,pointworld,pointworld,moved,-1,moved,-1
IPRL+edf28ef3+2024-01-02-20h-28m-23s,295,-1,0,-1,0,pointworld,pointworld,recovered,,recovered,
IPRL+edf28ef3+2024-01-02-20h-59m-43s,776,-1,0,-1,0,pointworld,pointworld,recovered,,recovered,
IPRL+edf28ef3+2024-01-02-21h-03m-31s,404,-1,0,-1,0,pointworld,pointworld,recovered,,recovered,
IPRL+edf28ef3+2024-01-02-21h-13m-34s,499,-1,0,-1,0,pointworld,pointworld,recovered,,recovered,
IPRL+edf28ef3+2024-01-02-22h-27m-04s,1310,0,0,0,0,pointworld,pointworld,same,0,same,0
IPRL+w026bb9b+2023-04-20-23h-02m-05s,214,67,66,81,81,pointworld,pointworld,moved,-1,same,0
IPRL+w026bb9b+2023-04-20-23h-08m-29s,349,83,84,109,109,pointworld,pointworld,moved,1,same,0
IPRL+w026bb9b+2023-04-20-23h-22m-49s,153,31,30,-1,69,pointworld,pointworld,moved,-1,recovered,
IPRL+w026bb9b+2023-04-20-23h-33m-44s,180,43,43,64,64,pointworld,pointworld,same,0,same,0
IPRL+w026bb9b+2023-04-20-23h-46m-13s,421,0,0,41,27,pointworld,pointworld,same,0,moved,-14
IPRL+w026bb9b+2023-04-21-00h-10m-46s,190,42,41,-1,-1,pointworld,pointworld,moved,-1,same,
IPRL+w026bb9b+2023-04-21-00h-27m-34s,135,27,27,-1,-1,pointworld,pointworld,same,0,same,
IPRL+w026bb9b+2023-04-21-00h-28m-25s,66,23,23,30,30,pointworld,pointworld,same,0,same,0
IPRL+w026bb9b+2023-04-21-00h-35m-57s,219,46,47,68,68,pointworld,pointworld,moved,1,same,0
IPRL+w026bb9b+2023-04-21-00h-48m-34s,163,27,26,-1,54,pointworld,pointworld,moved,-1,recovered,
IPRL+w026bb9b+2023-09-22-17h-41m-52s,336,0,0,0,0,pointworld,pointworld,same,0,same,0
IPRL+w026bb9b+2023-09-22-17h-53m-21s,322,0,0,0,0,pointworld,pointworld,same,0,same,0
IPRL+w026bb9b+2023-09-22-18h-05m-40s,268,0,0,0,0,pointworld,pointworld,same,0,same,0
IPRL+w026bb9b+2023-09-22-18h-14m-54s,326,0,0,0,0,pointworld,pointworld,same,0,same,0
IPRL+w026bb9b+2023-09-22-18h-19m-29s,332,0,0,0,0,pointworld,pointworld,same,0,same,0
IPRL+w026bb9b+2023-09-22-18h-29m-49s,223,0,0,22,23,pointworld,pointworld,same,0,moved,1
IPRL+w026bb9b+2023-09-22-18h-40m-41s,1095,0,0,0,12,pointworld,pointworld,same,0,moved,12
IPRL+w026bb9b+2023-09-22-19h-06m-41s,202,0,0,0,0,pointworld,pointworld,same,0,same,0
IPRL+w026bb9b+2023-09-22-19h-18m-58s,273,0,0,24,26,pointworld,pointworld,same,0,moved,2
IPRL+w026bb9b+2023-09-22-19h-30m-08s,168,0,0,0,0,pointworld,pointworld,same,0,same,0
IPRL+w026bb9b+2023-09-22-19h-43m-58s,157,0,0,0,0,pointworld,pointworld,same,0,same,0
IPRL+w026bb9b+2023-09-22-19h-51m-11s,84,0,0,0,0,pointworld,pointworld,same,0,same,0
IPRL+w026bb9b+2023-09-22-19h-51m-50s,94,0,0,0,0,pointworld,pointworld,same,0,same,0
IPRL+w026bb9b+2023-09-22-19h-52m-33s,124,0,0,0,0,pointworld,pointworld,same,0,same,0
IPRL+w026bb9b+2023-09-22-19h-54m-19s,195,0,0,27,27,pointworld,pointworld,same,0,same,0
IPRL+w026bb9b+2023-09-22-19h-58m-25s,154,0,0,19,21,pointworld,pointworld,same,0,moved,2
IPRL+w026bb9b+2023-09-22-20h-07m-26s,242,0,0,0,0,pointworld,pointworld,same,0,same,0
IPRL+w026bb9b+2023-09-22-20h-12m-31s,124,0,0,0,0,pointworld,pointworld,same,0,same,0
IPRL+w026bb9b+2023-09-22-20h-50m-19s,157,0,0,0,28,pointworld,pointworld,same,0,moved,28
IPRL+w026bb9b+2023-09-22-22h-26m-35s,164,0,0,0,0,pointworld,pointworld,same,0,same,0
IPRL+w026bb9b+2023-09-22-22h-57m-01s,145,0,0,20,22,pointworld,pointworld,same,0,moved,2
IPRL+w026bb9b+2023-09-22-23h-19m-14s,267,0,0,0,0,pointworld,pointworld,same,0,same,0
IPRL+w026bb9b+2023-09-22-23h-46m-18s,149,0,0,28,30,pointworld,pointworld,same,0,moved,2
IPRL+w026bb9b+2023-09-23-03h-00m-36s,104,0,0,0,0,pointworld,pointworld,same,0,same,0
IRIS+0db32f7c+2023-12-07-14h-06m-52s,808,82,0,92,23,pointworld,pointworld,moved,-82,moved,-69
IRIS+226b9f35+2023-07-10-19h-43m-13s,413,36,37,78,78,pointworld,pointworld,moved,1,same,0
IRIS+226b9f35+2023-07-10-20h-00m-45s,468,0,0,50,49,pointworld,pointworld,same,0,moved,-1
IRIS+226b9f35+2023-07-11-11h-46m-06s,312,0,-1,-1,-1,pointworld,pointworld,lost,,same,
IRIS+226b9f35+2023-07-11-12h-47m-47s,218,0,0,16,0,pointworld,pointworld,same,0,moved,-16
IRIS+226b9f35+2023-07-11-12h-51m-21s,453,0,0,-1,0,pointworld,pointworld,same,0,recovered,
IRIS+226b9f35+2023-07-11-13h-00m-50s,582,198,0,-1,0,pointworld,pointworld,moved,-198,recovered,
IRIS+226b9f35+2023-07-11-13h-15m-33s,367,-1,0,-1,0,pointworld,pointworld,recovered,,recovered,
IRIS+226b9f35+2023-07-11-13h-22m-48s,276,48,0,126,0,pointworld,pointworld,moved,-48,moved,-126
IRIS+226b9f35+2023-07-11-13h-35m-43s,294,187,0,-1,0,pointworld,pointworld,moved,-187,recovered,
IRIS+226b9f35+2023-07-11-21h-57m-23s,294,0,0,0,0,pointworld,pointworld,same,0,same,0
IRIS+226b9f35+2023-07-11-22h-02m-09s,188,0,0,0,0,pointworld,pointworld,same,0,same,0
IRIS+226b9f35+2023-07-11-22h-22m-39s,583,0,0,0,0,pointworld,pointworld,same,0,same,0
IRIS+226b9f35+2023-07-11-23h-31m-57s,291,0,0,0,0,pointworld,pointworld,same,0,same,0
IRIS+226b9f35+2023-07-11-23h-35m-51s,349,0,0,0,0,pointworld,pointworld,same,0,same,0
IRIS+226b9f35+2023-07-11-23h-36m-55s,300,0,0,0,0,pointworld,pointworld,same,0,same,0
IRIS+226b9f35+2023-07-11-23h-56m-04s,205,0,0,0,0,pointworld,pointworld,same,0,same,0
IRIS+226b9f35+2023-07-16-15h-35m-06s,364,0,0,40,0,pointworld,pointworld,same,0,moved,-40
IRIS+226b9f35+2023-07-16-16h-44m-16s,202,0,0,0,0,pointworld,pointworld,same,0,same,0
IRIS+226b9f35+2023-07-16-17h-28m-13s,414,0,0,0,15,pointworld,pointworld,same,0,moved,15
IRIS+226b9f35+2023-07-16-17h-30m-15s,245,0,0,0,0,pointworld,pointworld,same,0,same,0
IRIS+226b9f35+2023-07-18-21h-57m-46s,391,0,0,0,0,pointworld,pointworld,same,0,same,0
IRIS+226b9f35+2023-07-18-22h-08m-23s,554,0,0,0,0,pointworld,pointworld,same,0,same,0
IRIS+226b9f35+2023-07-18-22h-10m-38s,204,0,0,0,0,pointworld,pointworld,same,0,same,0
IRIS+226b9f35+2023-07-18-22h-25m-35s,439,0,0,0,0,pointworld,pointworld,same,0,same,0
IRIS+226b9f35+2023-07-18-22h-28m-20s,1194,0,0,0,0,pointworld,pointworld,same,0,same,0
IRIS+226b9f35+2023-07-18-22h-38m-05s,570,0,0,0,0,pointworld,pointworld,same,0,same,0
IRIS+226b9f35+2023-07-18-22h-45m-45s,397,0,0,0,0,pointworld,pointworld,same,0,same,0
IRIS+226b9f35+2023-07-18-22h-56m-18s,494,0,0,0,0,pointworld,pointworld,same,0,same,0
IRIS+226b9f35+2023-10-31-18h-40m-41s,124,16,0,34,11,pointworld,pointworld,moved,-16,moved,-23
IRIS+7dfa2da3+2023-04-13-15h-04m-58s,246,46,47,63,63,pointworld,pointworld,moved,1,same,0
IRIS+7dfa2da3+2023-04-13-15h-12m-56s,243,40,0,55,0,pointworld,pointworld,moved,-40,moved,-55
IRIS+7dfa2da3+2023-04-13-15h-24m-31s,283,35,0,51,0,pointworld,pointworld,moved,-35,moved,-51
IRIS+7dfa2da3+2023-04-17-15h-42m-53s,259,0,0,0,54,pointworld,pointworld,same,0,moved,54
IRIS+7dfa2da3+2023-04-17-15h-47m-31s,284,0,22,31,45,pointworld,pointworld,moved,22,moved,14
IRIS+7dfa2da3+2023-04-17-15h-52m-19s,224,0,0,0,55,pointworld,pointworld,same,0,moved,55
IRIS+7dfa2da3+2023-04-17-15h-53m-42s,225,0,0,0,0,pointworld,pointworld,same,0,same,0
IRIS+7dfa2da3+2023-04-17-15h-56m-36s,468,0,0,0,31,pointworld,pointworld,same,0,moved,31
IRIS+7dfa2da3+2023-04-18-10h-47m-59s,223,0,0,25,36,pointworld,pointworld,same,0,moved,11
IRIS+7dfa2da3+2023-04-18-10h-48m-25s,293,19,28,33,38,pointworld,pointworld,moved,9,moved,5
IRIS+7dfa2da3+2023-04-18-11h-30m-20s,174,18,15,57,56,pointworld,pointworld,moved,-3,moved,-1
IRIS+7dfa2da3+2023-04-18-11h-56m-29s,377,64,78,105,119,pointworld,pointworld,moved,14,moved,14
IRIS+7dfa2da3+2023-04-19-10h-09m-32s,249,84,25,112,48,pointworld,pointworld,moved,-59,moved,-64
IRIS+7dfa2da3+2023-04-26-09h-52m-21s,267,42,50,75,84,pointworld,pointworld,moved,8,moved,9
IRIS+7dfa2da3+2023-04-26-10h-12m-33s,228,0,30,39,43,pointworld,pointworld,moved,30,moved,4
IRIS+7dfa2da3+2023-04-26-10h-13m-10s,245,42,47,57,86,pointworld,pointworld,moved,5,moved,29
IRIS+7dfa2da3+2023-04-26-10h-14m-27s,206,0,33,39,68,pointworld,pointworld,moved,33,moved,29
IRIS+7dfa2da3+2023-04-27-14h-58m-52s,225,31,32,40,41,pointworld,pointworld,moved,1,moved,1
IRIS+7dfa2da3+2023-04-27-15h-04m-15s,218,31,32,38,39,pointworld,pointworld,moved,1,moved,1
IRIS+7dfa2da3+2023-04-27-15h-10m-30s,369,62,55,208,203,pointworld,pointworld,moved,-7,moved,-5
IRIS+7dfa2da3+2023-04-27-15h-12m-20s,229,35,40,69,71,pointworld,pointworld,moved,5,moved,2
IRIS+7dfa2da3+2023-04-27-15h-40m-48s,252,25,25,32,32,pointworld,pointworld,same,0,same,0
IRIS+7dfa2da3+2023-05-03-09h-35m-38s,198,0,29,18,37,pointworld,pointworld,moved,29,moved,19
IRIS+7dfa2da3+2023-05-03-09h-52m-20s,234,0,22,25,36,pointworld,pointworld,moved,22,moved,11
IRIS+7dfa2da3+2023-05-03-09h-52m-51s,286,0,0,0,14,pointworld,pointworld,same,0,moved,14
IRIS+7dfa2da3+2023-05-03-09h-55m-32s,186,0,0,0,14,pointworld,pointworld,same,0,moved,14
IRIS+7dfa2da3+2023-05-05-10h-14m-39s,153,18,17,31,31,pointworld,pointworld,moved,-1,same,0
IRIS+7dfa2da3+2023-05-05-10h-19m-44s,182,32,31,41,41,pointworld,pointworld,moved,-1,same,0
IRIS+7dfa2da3+2023-05-05-10h-22m-47s,162,0,0,39,37,pointworld,pointworld,same,0,moved,-2
IRIS+7dfa2da3+2023-05-05-10h-25m-03s,126,17,16,22,21,pointworld,pointworld,moved,-1,moved,-1
IRIS+7dfa2da3+2023-05-05-10h-29m-21s,137,26,24,39,37,pointworld,pointworld,moved,-2,moved,-2
IRIS+7dfa2da3+2023-05-05-10h-32m-20s,154,34,41,63,75,pointworld,pointworld,moved,7,moved,12
IRIS+7dfa2da3+2023-05-05-10h-43m-22s,103,13,11,23,23,pointworld,pointworld,moved,-2,same,0
IRIS+7dfa2da3+2023-05-05-10h-47m-40s,161,25,27,42,42,pointworld,pointworld,moved,2,same,0
IRIS+7dfa2da3+2023-05-05-10h-49m-34s,128,11,0,21,20,pointworld,pointworld,moved,-11,moved,-1
IRIS+7dfa2da3+2023-05-05-10h-59m-22s,123,16,16,26,25,pointworld,pointworld,same,0,moved,-1
IRIS+7dfa2da3+2023-05-05-11h-00m-57s,169,51,50,70,70,pointworld,pointworld,moved,-1,same,0
IRIS+7dfa2da3+2023-05-05-11h-13m-19s,221,49,48,87,86,pointworld,pointworld,moved,-1,moved,-1
IRIS+7dfa2da3+2023-05-05-11h-14m-21s,175,38,38,68,68,pointworld,pointworld,same,0,same,0
IRIS+7dfa2da3+2023-05-05-11h-15m-43s,137,21,21,27,27,pointworld,pointworld,same,0,same,0
IRIS+7dfa2da3+2023-05-05-11h-22m-24s,153,45,44,50,50,pointworld,pointworld,moved,-1,same,0
IRIS+7dfa2da3+2023-05-05-11h-24m-25s,115,21,26,29,37,pointworld,pointworld,moved,5,moved,8
IRIS+7dfa2da3+2023-05-05-11h-27m-51s,247,14,14,23,22,pointworld,pointworld,same,0,moved,-1
IRIS+7dfa2da3+2023-05-05-11h-28m-43s,178,28,27,61,61,pointworld,pointworld,moved,-1,same,0
IRIS+7dfa2da3+2023-05-05-11h-46m-45s,148,27,27,44,43,pointworld,pointworld,same,0,moved,-1
IRIS+7dfa2da3+2023-05-05-11h-47m-08s,114,19,23,26,32,pointworld,pointworld,moved,4,moved,6
IRIS+7dfa2da3+2023-05-05-11h-53m-05s,265,25,25,33,34,pointworld,pointworld,same,0,moved,1
IRIS+7dfa2da3+2023-05-05-11h-57m-40s,122,20,19,31,30,pointworld,pointworld,moved,-1,moved,-1
IRIS+7dfa2da3+2023-05-08-14h-35m-09s,171,20,27,45,61,pointworld,pointworld,moved,7,moved,16
IRIS+7dfa2da3+2023-05-08-14h-36m-35s,180,26,33,50,54,pointworld,pointworld,moved,7,moved,4
IRIS+7dfa2da3+2023-05-08-15h-29m-33s,173,61,0,100,52,pointworld,pointworld,moved,-61,moved,-48
IRIS+7dfa2da3+2023-05-08-15h-58m-24s,196,29,0,39,0,pointworld,pointworld,moved,-29,moved,-39
IRIS+7dfa2da3+2023-05-08-16h-13m-44s,187,0,0,13,13,pointworld,pointworld,same,0,same,0
IRIS+7dfa2da3+2023-05-08-16h-15m-17s,257,0,0,0,0,pointworld,pointworld,same,0,same,0
IRIS+7dfa2da3+2023-05-11-14h-07m-32s,149,0,0,0,0,pointworld,pointworld,same,0,same,0
IRIS+7dfa2da3+2023-05-11-14h-13m-53s,179,0,0,0,0,pointworld,pointworld,same,0,same,0
IRIS+7dfa2da3+2023-05-11-14h-27m-22s,159,0,27,0,36,pointworld,pointworld,moved,27,moved,36
IRIS+7dfa2da3+2023-05-11-14h-56m-58s,243,85,72,100,95,pointworld,pointworld,moved,-13,moved,-5
IRIS+7dfa2da3+2023-05-11-15h-14m-30s,205,58,30,80,50,pointworld,pointworld,moved,-28,moved,-30
IRIS+7dfa2da3+2023-05-11-15h-14m-54s,169,32,25,53,37,pointworld,pointworld,moved,-7,moved,-16
IRIS+7dfa2da3+2023-05-11-15h-16m-40s,202,42,40,72,73,pointworld,pointworld,moved,-2,moved,1
IRIS+7dfa2da3+2023-05-11-15h-17m-03s,254,20,0,52,55,pointworld,pointworld,moved,-20,moved,3
IRIS+7dfa2da3+2023-05-11-15h-27m-22s,260,24,25,60,60,pointworld,pointworld,moved,1,same,0
IRIS+7dfa2da3+2023-05-11-15h-27m-53s,173,27,27,47,48,pointworld,pointworld,same,0,moved,1
IRIS+7dfa2da3+2023-05-11-15h-32m-38s,172,0,0,93,93,pointworld,pointworld,same,0,same,0
IRIS+7dfa2da3+2023-05-11-15h-33m-05s,197,12,12,23,23,pointworld,pointworld,same,0,same,0
IRIS+7dfa2da3+2023-05-11-15h-37m-39s,176,19,19,28,28,pointworld,pointworld,same,0,same,0
IRIS+7dfa2da3+2023-05-11-15h-49m-17s,389,0,59,19,95,pointworld,pointworld,moved,59,moved,76
IRIS+7dfa2da3+2023-05-11-15h-51m-30s,137,0,40,22,55,pointworld,pointworld,moved,40,moved,33
IRIS+7dfa2da3+2023-05-11-15h-54m-04s,137,21,35,26,55,pointworld,pointworld,moved,14,moved,29
IRIS+7dfa2da3+2023-05-12-10h-43m-19s,170,57,0,78,20,pointworld,pointworld,moved,-57,moved,-58
IRIS+7dfa2da3+2023-05-12-10h-50m-12s,129,36,0,57,23,pointworld,pointworld,moved,-36,moved,-34
IRIS+7dfa2da3+2023-05-12-10h-54m-37s,157,68,15,-1,30,pointworld,pointworld,moved,-53,recovered,
IRIS+7dfa2da3+2023-05-12-10h-55m-51s,191,107,31,-1,63,pointworld,pointworld,moved,-76,recovered,
IRIS+7dfa2da3+2023-05-12-10h-58m-20s,214,49,0,86,31,pointworld,pointworld,moved,-49,moved,-55
IRIS+7dfa2da3+2023-05-12-11h-28m-17s,202,51,51,170,90,pointworld,pointworld,same,0,moved,-80
IRIS+7dfa2da3+2023-05-12-11h-29m-25s,177,62,63,155,156,pointworld,pointworld,moved,1,moved,1
IRIS+7dfa2da3+2023-05-12-11h-29m-48s,225,51,52,208,68,pointworld,pointworld,moved,1,moved,-140
IRIS+7dfa2da3+2023-05-12-11h-30m-18s,517,73,74,120,178,pointworld,pointworld,moved,1,moved,58
IRIS+7dfa2da3+2023-05-12-11h-41m-10s,171,57,59,80,73,pointworld,pointworld,moved,2,moved,-7
IRIS+7dfa2da3+2023-05-12-11h-54m-03s,166,0,61,116,71,pointworld,pointworld,moved,61,moved,-45
IRIS+7dfa2da3+2023-05-15-15h-32m-30s,196,0,0,24,22,pointworld,pointworld,same,0,moved,-2
IRIS+7dfa2da3+2023-05-15-16h-01m-18s,140,0,0,19,19,pointworld,pointworld,same,0,same,0
IRIS+7dfa2da3+2023-05-15-16h-07m-54s,185,0,0,0,0,pointworld,pointworld,same,0,same,0
IRIS+7dfa2da3+2023-05-15-16h-08m-19s,113,0,0,0,0,pointworld,pointworld,same,0,same,0
IRIS+7dfa2da3+2023-05-15-16h-11m-33s,310,0,0,0,0,pointworld,pointworld,same,0,same,0
IRIS+7dfa2da3+2023-05-15-16h-20m-25s,137,0,0,0,0,pointworld,pointworld,same,0,same,0
IRIS+7dfa2da3+2023-05-17-09h-31m-48s,137,0,0,0,0,pointworld,pointworld,same,0,same,0
IRIS+7dfa2da3+2023-05-17-09h-35m-21s,182,0,0,0,0,pointworld,pointworld,same,0,same,0
IRIS+7dfa2da3+2023-05-18-13h-57m-15s,161,0,18,0,120,pointworld,pointworld,moved,18,moved,120
IRIS+7dfa2da3+2023-05-18-14h-04m-35s,173,0,0,0,10,pointworld,pointworld,same,0,moved,10
IRIS+7dfa2da3+2023-05-18-14h-16m-19s,141,0,0,0,0,pointworld,pointworld,same,0,same,0
IRIS+7dfa2da3+2023-05-18-14h-49m-06s,163,0,0,0,0,pointworld,pointworld,same,0,same,0
IRIS+7dfa2da3+2023-05-18-15h-12m-08s,102,0,0,0,0,pointworld,pointworld,same,0,same,0
IRIS+7dfa2da3+2023-05-18-15h-18m-42s,215,0,0,0,0,pointworld,pointworld,same,0,same,0
IRIS+7dfa2da3+2023-05-19-10h-25m-10s,277,0,0,0,0,pointworld,pointworld,same,0,same,0
IRIS+7dfa2da3+2023-05-19-10h-28m-14s,237,0,0,0,0,pointworld,pointworld,same,0,same,0
IRIS+7dfa2da3+2023-05-19-10h-46m-07s,150,0,0,0,0,pointworld,pointworld,same,0,same,0
IRIS+7dfa2da3+2023-05-22-15h-05m-42s,404,0,0,0,0,pointworld,pointworld,same,0,same,0
IRIS+7dfa2da3+2023-05-22-15h-07m-51s,213,0,0,0,0,pointworld,pointworld,same,0,same,0
IRIS+7dfa2da3+2023-05-23-10h-58m-26s,297,19,20,45,39,pointworld,pointworld,moved,1,moved,-6
IRIS+7dfa2da3+2023-05-24-09h-27m-45s,221,0,0,0,0,pointworld,pointworld,same,0,same,0
IRIS+7dfa2da3+2023-05-24-09h-34m-02s,158,0,12,0,21,pointworld,pointworld,moved,12,moved,21
IRIS+7dfa2da3+2023-05-24-09h-34m-50s,263,0,0,46,43,pointworld,pointworld,same,0,moved,-3
IRIS+7dfa2da3+2023-05-24-09h-49m-28s,234,0,0,0,23,pointworld,pointworld,same,0,moved,23
IRIS+7dfa2da3+2023-05-25-13h-49m-00s,315,199,0,210,0,pointworld,pointworld,moved,-199,moved,-210
IRIS+7dfa2da3+2023-05-25-14h-00m-19s,231,-1,0,-1,0,pointworld,pointworld,recovered,,recovered,
IRIS+7dfa2da3+2023-05-25-14h-09m-30s,219,0,0,0,0,pointworld,pointworld,same,0,same,0
IRIS+7dfa2da3+2023-05-25-15h-03m-33s,149,0,0,0,12,pointworld,pointworld,same,0,moved,12
IRIS+7dfa2da3+2023-05-25-15h-31m-42s,591,0,34,0,41,pointworld,pointworld,moved,34,moved,41
IRIS+7dfa2da3+2023-06-01-13h-35m-56s,137,0,0,35,102,pointworld,pointworld,same,0,moved,67
IRIS+7dfa2da3+2023-06-01-14h-17m-25s,182,0,38,32,43,pointworld,pointworld,moved,38,moved,11
IRIS+7dfa2da3+2023-06-01-14h-51m-09s,148,45,22,69,27,pointworld,pointworld,moved,-23,moved,-42
IRIS+7dfa2da3+2023-06-01-15h-12m-24s,113,77,0,-1,22,pointworld,pointworld,moved,-77,recovered,
IRIS+7dfa2da3+2023-06-01-15h-13m-28s,190,27,0,37,0,pointworld,pointworld,moved,-27,moved,-37
IRIS+7dfa2da3+2023-06-01-15h-22m-47s,138,35,0,61,29,pointworld,pointworld,moved,-35,moved,-32
IRIS+7dfa2da3+2023-06-02-10h-53m-00s,194,41,80,74,153,pointworld,pointworld,moved,39,moved,79
IRIS+7dfa2da3+2023-06-02-10h-53m-58s,223,0,0,44,51,pointworld,pointworld,same,0,moved,7
IRIS+7dfa2da3+2023-06-02-10h-56m-44s,297,0,33,34,42,pointworld,pointworld,moved,33,moved,8
IRIS+7dfa2da3+2023-06-02-11h-01m-46s,462,0,0,0,41,pointworld,pointworld,same,0,moved,41
IRIS+7dfa2da3+2023-06-02-11h-21m-20s,211,0,0,38,0,pointworld,pointworld,same,0,moved,-38
IRIS+7dfa2da3+2023-06-05-14h-40m-17s,193,0,0,0,0,pointworld,pointworld,same,0,same,0
IRIS+7dfa2da3+2023-06-05-16h-06m-09s,143,0,0,0,0,pointworld,pointworld,same,0,same,0
IRIS+7dfa2da3+2023-06-06-10h-56m-29s,122,0,0,0,0,pointworld,pointworld,same,0,same,0
IRIS+7dfa2da3+2023-06-06-11h-08m-58s,182,0,0,0,0,pointworld,pointworld,same,0,same,0
IRIS+7dfa2da3+2023-06-06-11h-15m-44s,233,14,0,22,18,pointworld,pointworld,moved,-14,moved,-4
IRIS+7dfa2da3+2023-06-06-11h-22m-09s,171,0,0,0,0,pointworld,pointworld,same,0,same,0
IRIS+7dfa2da3+2023-06-06-11h-53m-15s,242,0,0,56,58,pointworld,pointworld,same,0,moved,2
IRIS+7dfa2da3+2023-06-07-09h-49m-14s,168,21,15,38,26,pointworld,pointworld,moved,-6,moved,-12
IRIS+7dfa2da3+2023-06-07-09h-49m-34s,149,10,0,16,13,pointworld,pointworld,moved,-10,moved,-3
IRIS+7dfa2da3+2023-06-07-09h-52m-11s,198,0,0,21,0,pointworld,pointworld,same,0,moved,-21
IRIS+7dfa2da3+2023-06-07-09h-53m-57s,178,10,0,17,13,pointworld,pointworld,moved,-10,moved,-4
IRIS+7dfa2da3+2023-06-07-10h-10m-39s,127,0,0,18,0,pointworld,pointworld,same,0,moved,-18
IRIS+7dfa2da3+2023-06-08-15h-11m-33s,190,0,48,18,61,pointworld,pointworld,moved,48,moved,43
IRIS+7dfa2da3+2023-06-08-15h-43m-52s,200,0,0,14,14,pointworld,pointworld,same,0,same,0
IRIS+7dfa2da3+2023-06-08-15h-44m-32s,170,26,25,43,43,pointworld,pointworld,moved,-1,same,0
IRIS+7dfa2da3+2023-06-12-14h-49m-21s,648,0,0,19,0,pointworld,pointworld,same,0,moved,-19
IRIS+7dfa2da3+2023-06-12-14h-54m-18s,156,0,0,0,0,pointworld,pointworld,same,0,same,0
IRIS+7dfa2da3+2023-06-12-15h-16m-07s,110,26,33,33,42,pointworld,pointworld,moved,7,moved,9
IRIS+7dfa2da3+2023-06-12-15h-18m-17s,119,0,32,32,63,pointworld,pointworld,moved,32,moved,31
IRIS+7dfa2da3+2023-06-13-10h-58m-01s,227,0,0,18,18,pointworld,pointworld,same,0,same,0
IRIS+7dfa2da3+2023-06-13-11h-00m-01s,148,0,0,0,0,pointworld,pointworld,same,0,same,0
IRIS+7dfa2da3+2023-06-13-11h-01m-04s,154,0,0,17,18,pointworld,pointworld,same,0,moved,1
IRIS+7dfa2da3+2023-11-01-11h-39m-08s,169,0,0,0,0,pointworld,pointworld,same,0,same,0
IRIS+7dfa2da3+2023-11-01-11h-41m-32s,207,0,0,0,0,pointworld,pointworld,same,0,same,0
IRIS+7dfa2da3+2023-11-01-11h-44m-08s,139,0,0,0,0,pointworld,pointworld,same,0,same,0
IRIS+7dfa2da3+2023-11-01-11h-44m-40s,246,0,0,0,0,pointworld,pointworld,same,0,same,0
IRIS+7dfa2da3+2023-11-02-15h-53m-59s,158,30,0,46,24,pointworld,pointworld,moved,-30,moved,-22
IRIS+7dfa2da3+2023-11-02-15h-58m-17s,263,23,0,40,23,pointworld,pointworld,moved,-23,moved,-17
IRIS+7dfa2da3+2023-11-02-15h-59m-36s,166,27,0,45,22,pointworld,pointworld,moved,-27,moved,-23
IRIS+7dfa2da3+2023-11-02-16h-03m-05s,145,20,0,25,14,pointworld,pointworld,moved,-20,moved,-11
IRIS+7dfa2da3+2023-11-14-11h-31m-21s,153,24,38,43,46,pointworld,pointworld,moved,14,moved,3
IRIS+7dfa2da3+2023-11-16-15h-53m-17s,121,25,28,45,60,pointworld,pointworld,moved,3,moved,15
IRIS+7dfa2da3+2023-12-04-16h-15m-50s,122,0,0,17,41,pointworld,pointworld,same,0,moved,24
IRIS+85a5958f+2023-07-01-01h-32m-19s,285,0,0,0,0,pointworld,pointworld,same,0,same,0
IRIS+85a5958f+2023-07-01-01h-35m-04s,364,0,0,0,0,pointworld,pointworld,same,0,same,0
IRIS+85a5958f+2023-07-01-01h-39m-09s,194,0,0,0,0,pointworld,pointworld,same,0,same,0
IRIS+85a5958f+2023-07-01-01h-41m-00s,358,0,0,0,0,pointworld,pointworld,same,0,same,0
IRIS+85a5958f+2023-07-01-01h-43m-19s,176,0,0,0,0,pointworld,pointworld,same,0,same,0
IRIS+85a5958f+2023-07-01-02h-03m-47s,272,0,0,0,0,pointworld,pointworld,same,0,same,0
IRIS+85a5958f+2023-07-04-16h-45m-37s,424,0,0,0,0,pointworld,pointworld,same,0,same,0
IRIS+85a5958f+2023-07-05-01h-14m-53s,150,0,0,0,0,pointworld,pointworld,same,0,same,0
IRIS+85a5958f+2023-07-05-01h-25m-57s,224,0,0,0,0,pointworld,pointworld,same,0,same,0
IRIS+85a5958f+2023-07-05-01h-33m-07s,577,0,0,0,0,pointworld,pointworld,same,0,same,0
IRIS+85a5958f+2023-07-05-01h-43m-41s,359,0,0,0,0,pointworld,pointworld,same,0,same,0
IRIS+85a5958f+2023-07-05-15h-50m-42s,310,0,0,53,52,pointworld,pointworld,same,0,moved,-1
IRIS+85a5958f+2023-07-05-16h-12m-50s,195,0,0,0,0,pointworld,pointworld,same,0,same,0
IRIS+89b42cd2+2023-12-02-11h-41m-23s,298,0,0,49,49,pointworld,pointworld,same,0,same,0
IRIS+89b42cd2+2023-12-02-11h-53m-15s,541,0,0,0,0,pointworld,pointworld,same,0,same,0
IRIS+89b42cd2+2023-12-02-13h-40m-05s,398,0,0,28,29,pointworld,pointworld,same,0,moved,1
IRIS+89b42cd2+2023-12-02-13h-41m-50s,1162,0,0,39,39,pointworld,pointworld,same,0,same,0
IRIS+89b42cd2+2023-12-02-14h-24m-28s,2152,0,18,29,29,pointworld,pointworld,moved,18,same,0
IRIS+89b42cd2+2023-12-02-14h-58m-08s,577,0,0,12,12,pointworld,pointworld,same,0,same,0
IRIS+89b42cd2+2023-12-06-17h-40m-13s,424,0,0,24,24,pointworld,pointworld,same,0,same,0
IRIS+938130c4+2023-07-10-15h-57m-13s,339,0,0,0,22,pointworld,pointworld,same,0,moved,22
IRIS+938130c4+2023-07-10-16h-29m-44s,209,0,0,0,0,pointworld,pointworld,same,0,same,0
IRIS+938130c4+2023-07-14-14h-51m-39s,380,0,0,15,0,pointworld,pointworld,same,0,moved,-15
IRIS+938130c4+2023-07-14-15h-01m-44s,357,0,0,0,0,pointworld,pointworld,same,0,same,0
IRIS+938130c4+2023-07-14-15h-06m-17s,324,0,0,0,0,pointworld,pointworld,same,0,same,0
IRIS+938130c4+2023-07-14-15h-12m-58s,314,0,0,0,0,pointworld,pointworld,same,0,same,0
IRIS+938130c4+2023-07-14-15h-14m-29s,210,0,0,0,0,pointworld,pointworld,same,0,same,0
IRIS+938130c4+2023-07-14-15h-16m-14s,252,0,0,0,0,pointworld,pointworld,same,0,same,0
IRIS+938130c4+2023-07-14-16h-16m-40s,315,0,0,0,0,pointworld,pointworld,same,0,same,0
IRIS+938130c4+2023-07-14-16h-19m-48s,148,0,0,0,0,pointworld,pointworld,same,0,same,0
IRIS+938130c4+2023-07-14-16h-22m-12s,488,0,0,0,0,pointworld,pointworld,same,0,same,0
IRIS+938130c4+2023-07-14-17h-10m-00s,164,0,0,0,7,pointworld,pointworld,same,0,moved,7
IRIS+938130c4+2023-07-14-17h-12m-22s,119,0,0,0,0,pointworld,pointworld,same,0,same,0
IRIS+938130c4+2023-07-14-17h-14m-44s,172,0,0,12,15,pointworld,pointworld,same,0,moved,3
IRIS+938130c4+2023-07-14-17h-23m-08s,225,0,0,0,0,pointworld,pointworld,same,0,same,0
IRIS+938130c4+2023-07-14-17h-24m-37s,191,0,0,0,0,pointworld,pointworld,same,0,same,0
IRIS+938130c4+2023-07-14-17h-27m-24s,175,0,0,85,83,pointworld,pointworld,same,0,moved,-2
IRIS+938130c4+2023-07-14-17h-30m-52s,204,0,0,0,8,pointworld,pointworld,same,0,moved,8
IRIS+938130c4+2023-07-17-11h-27m-36s,220,0,0,0,0,pointworld,pointworld,same,0,same,0
IRIS+938130c4+2023-07-17-11h-39m-39s,198,0,0,0,0,pointworld,pointworld,same,0,same,0
IRIS+938130c4+2023-07-17-11h-52m-58s,145,0,0,10,0,pointworld,pointworld,same,0,moved,-10
IRIS+938130c4+2023-07-17-11h-53m-15s,144,0,0,0,0,pointworld,pointworld,same,0,same,0
IRIS+938130c4+2023-07-17-12h-11m-19s,322,0,0,0,0,pointworld,pointworld,same,0,same,0
IRIS+938130c4+2023-07-17-12h-18m-54s,92,0,0,0,0,pointworld,pointworld,same,0,same,0
IRIS+938130c4+2023-07-17-12h-22m-59s,141,0,0,0,0,pointworld,pointworld,same,0,same,0
IRIS+938130c4+2023-07-17-15h-39m-36s,250,0,0,0,0,pointworld,pointworld,same,0,same,0
IRIS+ef107c48+2023-03-02-15h-00m-48s,112,0,0,0,0,pointworld,pointworld,same,0,same,0
IRIS+ef107c48+2023-03-02-15h-17m-35s,140,0,0,0,0,pointworld,pointworld,same,0,same,0
IRIS+ef107c48+2023-03-02-15h-18m-14s,108,0,0,0,0,pointworld,pointworld,same,0,same,0
IRIS+ef107c48+2023-03-02-15h-22m-54s,154,0,0,0,23,pointworld,pointworld,same,0,moved,23
IRIS+ef107c48+2023-03-02-15h-23m-14s,194,0,0,25,29,pointworld,pointworld,same,0,moved,4
IRIS+ef107c48+2023-03-02-18h-23m-18s,118,0,9,14,15,pointworld,pointworld,moved,9,moved,1
IRIS+ef107c48+2023-03-02-18h-26m-28s,123,13,16,18,20,pointworld,pointworld,moved,3,moved,2
IRIS+ef107c48+2023-03-02-18h-28m-03s,144,0,0,23,23,pointworld,pointworld,same,0,same,0
IRIS+ef107c48+2023-03-02-21h-51m-55s,147,17,17,25,24,pointworld,pointworld,same,0,moved,-1
IRIS+ef107c48+2023-03-02-22h-02m-06s,94,0,0,17,17,pointworld,pointworld,same,0,same,0
IRIS+ef107c48+2023-03-02-22h-02m-21s,163,0,0,14,14,pointworld,pointworld,same,0,same,0
IRIS+ef107c48+2023-03-02-22h-04m-33s,118,0,0,0,0,pointworld,pointworld,same,0,same,0
IRIS+ef107c48+2023-03-02-22h-05m-08s,132,10,10,14,14,pointworld,pointworld,same,0,same,0
IRIS+ef107c48+2023-03-03-15h-31m-24s,135,0,108,16,-1,pointworld,pointworld,moved,108,lost,
IRIS+ef107c48+2023-03-07-15h-54m-28s,149,26,19,33,25,pointworld,pointworld,moved,-7,moved,-8
IRIS+ef107c48+2023-03-07-15h-55m-16s,147,19,12,24,17,pointworld,pointworld,moved,-7,moved,-7
IRIS+ef107c48+2023-03-07-17h-20m-57s,168,46,46,64,64,pointworld,pointworld,same,0,same,0
IRIS+ef107c48+2023-03-07-17h-59m-19s,126,21,0,30,18,pointworld,pointworld,moved,-21,moved,-12
IRIS+ef107c48+2023-03-08-14h-03m-02s,121,10,11,16,17,pointworld,pointworld,moved,1,moved,1
IRIS+ef107c48+2023-03-08-16h-47m-52s,269,0,0,0,12,pointworld,pointworld,same,0,moved,12
IRIS+ef107c48+2023-03-08-16h-54m-46s,139,0,0,0,15,pointworld,pointworld,same,0,moved,15
IRIS+ef107c48+2023-03-08-17h-01m-45s,109,0,22,19,29,pointworld,pointworld,moved,22,moved,10
IRIS+ef107c48+2023-03-08-17h-40m-12s,130,18,43,23,55,pointworld,pointworld,moved,25,moved,32
IRIS+ef107c48+2023-03-08-17h-41m-10s,152,0,12,19,24,pointworld,pointworld,moved,12,moved,5
IRIS+ef107c48+2023-03-08-18h-50m-19s,117,12,20,17,32,pointworld,pointworld,moved,8,moved,15
IRIS+ef107c48+2023-03-08-18h-52m-42s,172,0,16,20,54,pointworld,pointworld,moved,16,moved,34
IRIS+ef107c48+2023-03-08-19h-37m-02s,81,11,14,15,20,pointworld,pointworld,moved,3,moved,5
IRIS+ef107c48+2023-03-08-19h-44m-01s,181,10,20,19,-1,pointworld,pointworld,moved,10,lost,
IRIS+ef107c48+2023-03-08-19h-50m-41s,118,0,18,19,-1,pointworld,pointworld,moved,18,lost,
IRIS+ef107c48+2023-03-08-19h-52m-34s,92,13,18,18,25,pointworld,pointworld,moved,5,moved,7
IRIS+ef107c48+2023-03-09-18h-04m-09s,157,9,0,15,13,pointworld,pointworld,moved,-9,moved,-2
IRIS+ef107c48+2023-03-09-18h-10m-03s,106,14,0,20,17,pointworld,pointworld,moved,-14,moved,-3
IRIS+ef107c48+2023-03-09-18h-30m-16s,147,0,18,16,24,pointworld,pointworld,moved,18,moved,8
IRIS+ef107c48+2023-03-09-19h-34m-23s,148,36,16,43,22,pointworld,pointworld,moved,-20,moved,-21
IRIS+ef107c48+2023-03-09-19h-35m-04s,94,12,0,17,9,pointworld,pointworld,moved,-12,moved,-8
IRIS+ef107c48+2023-03-09-19h-44m-20s,122,13,0,20,0,pointworld,pointworld,moved,-13,moved,-20
IRIS+ef107c48+2023-04-07-13h-29m-41s,149,19,19,25,25,pointworld,pointworld,same,0,same,0
IRIS+ef107c48+2023-04-07-13h-35m-09s,127,18,18,23,23,pointworld,pointworld,same,0,same,0
IRIS+ef107c48+2023-04-07-13h-37m-35s,138,18,41,23,57,pointworld,pointworld,moved,23,moved,34
IRIS+ef107c48+2023-04-07-13h-40m-32s,138,15,18,19,23,pointworld,pointworld,moved,3,moved,4
IRIS+ef107c48+2023-04-07-13h-40m-49s,94,13,17,17,22,pointworld,pointworld,moved,4,moved,5
IRIS+ef107c48+2023-04-07-13h-47m-38s,122,15,24,22,43,pointworld,pointworld,moved,9,moved,21
IRIS+ef107c48+2023-05-30-11h-37m-37s,126,0,0,12,0,pointworld,pointworld,same,0,moved,-12
IRIS+ef107c48+2023-05-30-11h-40m-10s,366,0,0,0,31,pointworld,pointworld,same,0,moved,31
IRIS+ef107c48+2023-05-31-09h-35m-54s,102,22,0,37,0,pointworld,pointworld,moved,-22,moved,-37
IRIS+ef107c48+2023-05-31-09h-39m-49s,140,39,0,-1,0,pointworld,pointworld,moved,-39,recovered,
IRIS+ef107c48+2023-05-31-10h-01m-37s,96,39,0,51,0,pointworld,pointworld,moved,-39,moved,-51
IRIS+ef107c48+2023-05-31-10h-02m-28s,127,31,0,43,0,pointworld,pointworld,moved,-31,moved,-43
IRIS+ef107c48+2023-11-19-17h-13m-12s,72,0,0,0,0,pointworld,pointworld,same,0,same,0
IRIS+f94b8622+2023-12-07-17h-36m-43s,513,46,0,61,0,pointworld,pointworld,moved,-46,moved,-61
IRIS+f94b8622+2023-12-08-13h-18m-13s,583,0,0,0,0,pointworld,pointworld,same,0,same,0
IRIS+f94b8622+2023-12-12-17h-28m-56s,283,0,0,0,0,pointworld,pointworld,same,0,same,0
IRIS+f94b8622+2023-12-12-19h-39m-25s,284,0,-1,0,-1,pointworld,pointworld,lost,,lost,
PennPAL+06b0ffa5+2023-04-27-22h-35m-59s,108,17,16,35,22,pointworld,pointworld,moved,-1,moved,-13
PennPAL+06b0ffa5+2023-04-27-23h-10m-06s,124,10,15,48,41,pointworld,pointworld,moved,5,moved,-7
PennPAL+06b0ffa5+2023-04-29-16h-35m-45s,119,0,0,36,0,pointworld,pointworld,same,0,moved,-36
PennPAL+06b0ffa5+2023-04-29-16h-45m-25s,159,20,0,53,26,pointworld,pointworld,moved,-20,moved,-27
PennPAL+06b0ffa5+2023-04-29-18h-04m-38s,132,24,23,48,46,pointworld,pointworld,moved,-1,moved,-2
PennPAL+06b0ffa5+2023-04-29-18h-26m-53s,120,20,20,44,43,pointworld,pointworld,same,0,moved,-1
PennPAL+06b0ffa5+2023-04-29-18h-50m-13s,108,15,15,38,36,pointworld,pointworld,same,0,moved,-2
PennPAL+06b0ffa5+2023-04-29-18h-56m-52s,123,19,20,37,39,pointworld,pointworld,moved,1,moved,2
PennPAL+06b0ffa5+2023-04-29-20h-37m-31s,90,15,17,36,36,pointworld,pointworld,moved,2,same,0
PennPAL+06b0ffa5+2023-04-29-20h-45m-50s,99,42,22,49,47,pointworld,pointworld,moved,-20,moved,-2
PennPAL+06b0ffa5+2023-04-29-20h-52m-05s,84,18,30,35,38,pointworld,pointworld,moved,12,moved,3
PennPAL+06b0ffa5+2023-04-29-20h-56m-46s,80,16,17,34,37,pointworld,pointworld,moved,1,moved,3
PennPAL+06b0ffa5+2023-04-29-21h-18m-54s,85,16,17,32,36,pointworld,pointworld,moved,1,moved,4
PennPAL+06b0ffa5+2023-04-29-21h-20m-58s,95,27,19,33,34,pointworld,pointworld,moved,-8,moved,1
PennPAL+06b0ffa5+2023-04-29-21h-22m-54s,76,12,14,31,34,pointworld,pointworld,moved,2,moved,3
PennPAL+06b0ffa5+2023-04-29-21h-24m-34s,90,9,9,37,43,pointworld,pointworld,same,0,moved,6
PennPAL+06b0ffa5+2023-04-29-21h-51m-55s,144,77,75,-1,-1,pointworld,pointworld,moved,-2,same,
PennPAL+06b0ffa5+2023-04-29-23h-12m-19s,116,15,16,22,22,pointworld,pointworld,moved,1,same,0
PennPAL+06b0ffa5+2023-04-29-23h-18m-24s,130,33,33,40,40,pointworld,pointworld,same,0,same,0
PennPAL+06b0ffa5+2023-04-29-23h-30m-30s,138,33,32,54,52,pointworld,pointworld,moved,-1,moved,-2
PennPAL+06b0ffa5+2023-04-29-23h-38m-42s,94,9,9,35,32,pointworld,pointworld,same,0,moved,-3
PennPAL+acda9df3+2023-06-15-17h-17m-19s,232,0,0,0,0,pointworld,pointworld,same,0,same,0
PennPAL+acda9df3+2023-06-15-18h-02m-09s,335,0,0,0,0,pointworld,pointworld,same,0,same,0
PennPAL+acda9df3+2023-06-15-18h-39m-46s,235,0,0,60,59,pointworld,pointworld,same,0,moved,-1
PennPAL+acda9df3+2023-06-15-18h-47m-13s,323,0,0,0,0,pointworld,pointworld,same,0,same,0
PennPAL+acda9df3+2023-06-15-18h-53m-11s,237,0,0,87,87,pointworld,pointworld,same,0,same,0
PennPAL+acda9df3+2023-06-16-17h-32m-24s,279,0,0,45,45,pointworld,pointworld,same,0,same,0
PennPAL+acda9df3+2023-06-16-17h-39m-03s,446,0,0,0,0,pointworld,pointworld,same,0,same,0
PennPAL+acda9df3+2023-06-16-18h-32m-58s,166,0,0,0,0,pointworld,pointworld,same,0,same,0
PennPAL+acda9df3+2023-06-16-19h-07m-01s,262,0,0,75,77,pointworld,pointworld,same,0,moved,2
PennPAL+acda9df3+2023-06-18-20h-09m-33s,287,-1,224,-1,-1,pointworld,pointworld,recovered,,same,
PennPAL+acda9df3+2023-06-18-20h-21m-34s,260,-1,234,-1,-1,pointworld,pointworld,recovered,,same,
PennPAL+acda9df3+2023-06-18-21h-02m-25s,430,113,114,132,146,pointworld,pointworld,moved,1,moved,14
PennPAL+acda9df3+2023-06-18-21h-11m-53s,174,40,42,60,62,pointworld,pointworld,moved,2,moved,2
PennPAL+acda9df3+2023-06-18-21h-25m-49s,350,48,48,58,59,pointworld,pointworld,same,0,moved,1
PennPAL+acda9df3+2023-06-20-17h-21m-06s,456,0,0,0,29,pointworld,pointworld,same,0,moved,29
PennPAL+acda9df3+2023-06-20-17h-24m-21s,708,0,0,0,0,pointworld,pointworld,same,0,same,0
PennPAL+acda9df3+2023-06-20-17h-49m-43s,591,26,29,89,91,pointworld,pointworld,moved,3,moved,2
PennPAL+acda9df3+2023-06-20-17h-53m-45s,569,0,0,34,35,pointworld,pointworld,same,0,moved,1
PennPAL+acda9df3+2023-06-20-17h-57m-03s,386,0,0,0,0,pointworld,pointworld,same,0,same,0
PennPAL+acda9df3+2023-06-20-18h-27m-06s,393,0,0,53,53,pointworld,pointworld,same,0,same,0
PennPAL+acda9df3+2023-06-20-18h-29m-57s,532,0,0,47,48,pointworld,pointworld,same,0,moved,1
PennPAL+acda9df3+2023-06-20-18h-53m-21s,207,41,42,162,163,pointworld,pointworld,moved,1,moved,1
PennPAL+acda9df3+2023-06-20-18h-57m-27s,350,48,49,78,78,pointworld,pointworld,moved,1,same,0
PennPAL+acda9df3+2023-06-23-19h-39m-11s,184,34,34,45,45,pointworld,pointworld,same,0,same,0
PennPAL+acda9df3+2023-06-23-20h-05m-13s,577,0,0,43,43,pointworld,pointworld,same,0,same,0
PennPAL+acda9df3+2023-06-23-20h-44m-52s,477,0,0,34,35,pointworld,pointworld,same,0,moved,1
PennPAL+acda9df3+2023-06-23-21h-03m-18s,319,0,0,65,68,pointworld,pointworld,same,0,moved,3
PennPAL+acda9df3+2023-06-25-18h-39m-15s,440,0,0,-1,-1,pointworld,pointworld,same,0,same,
PennPAL+acda9df3+2023-06-29-19h-02m-43s,272,0,0,0,0,pointworld,pointworld,same,0,same,0
PennPAL+acda9df3+2023-06-29-20h-32m-25s,202,0,0,-1,-1,pointworld,pointworld,same,0,same,
PennPAL+acda9df3+2023-06-29-20h-33m-25s,481,0,0,0,0,pointworld,pointworld,same,0,same,0
PennPAL+acda9df3+2023-06-29-20h-41m-32s,230,0,0,0,0,pointworld,pointworld,same,0,same,0
PennPAL+acda9df3+2023-06-29-20h-43m-02s,284,0,0,0,0,pointworld,pointworld,same,0,same,0
PennPAL+acda9df3+2023-06-29-20h-43m-52s,324,0,0,0,0,pointworld,pointworld,same,0,same,0
PennPAL+acda9df3+2023-07-07-19h-35m-18s,259,51,53,62,63,pointworld,pointworld,moved,2,moved,1
PennPAL+acda9df3+2023-07-07-20h-26m-38s,245,0,0,34,35,pointworld,pointworld,same,0,moved,1
PennPAL+acda9df3+2023-07-07-20h-39m-36s,233,0,0,0,0,pointworld,pointworld,same,0,same,0
PennPAL+acda9df3+2023-07-07-21h-07m-37s,314,0,0,0,0,pointworld,pointworld,same,0,same,0
PennPAL+acda9df3+2023-07-07-21h-13m-41s,229,0,0,0,0,pointworld,pointworld,same,0,same,0
PennPAL+acda9df3+2023-07-07-21h-14m-11s,272,0,0,0,0,pointworld,pointworld,same,0,same,0
PennPAL+acda9df3+2023-07-07-21h-37m-09s,243,0,0,17,18,pointworld,pointworld,same,0,moved,1
PennPAL+acda9df3+2023-07-10-20h-39m-08s,227,88,86,-1,-1,pointworld,pointworld,moved,-2,same,
PennPAL+acda9df3+2023-07-10-21h-26m-16s,190,60,57,-1,-1,pointworld,pointworld,moved,-3,same,
PennPAL+acda9df3+2023-07-10-21h-36m-23s,387,35,35,70,71,pointworld,pointworld,same,0,moved,1
PennPAL+acda9df3+2023-07-10-21h-39m-35s,350,43,44,54,55,pointworld,pointworld,moved,1,moved,1
PennPAL+acda9df3+2023-07-14-16h-42m-21s,202,122,121,192,-1,pointworld,pointworld,moved,-1,lost,
PennPAL+acda9df3+2023-07-14-16h-43m-26s,247,52,51,83,84,pointworld,pointworld,moved,-1,moved,1
PennPAL+acda9df3+2023-07-14-16h-47m-43s,560,99,100,125,125,pointworld,pointworld,moved,1,same,0
PennPAL+acda9df3+2023-07-14-16h-49m-23s,446,86,85,98,112,pointworld,pointworld,moved,-1,moved,14
PennPAL+acda9df3+2023-07-14-16h-50m-43s,500,43,43,69,69,pointworld,pointworld,same,0,same,0
PennPAL+acda9df3+2023-07-14-16h-52m-28s,421,44,45,66,66,pointworld,pointworld,moved,1,same,0
PennPAL+acda9df3+2023-07-14-16h-54m-33s,346,66,65,78,78,pointworld,pointworld,moved,-1,same,0
PennPAL+acda9df3+2023-07-14-17h-07m-42s,264,80,81,112,113,pointworld,pointworld,moved,1,moved,1
PennPAL+acda9df3+2023-07-14-17h-13m-07s,277,49,50,75,76,pointworld,pointworld,moved,1,moved,1
PennPAL+acda9df3+2023-07-15-23h-08m-02s,375,64,0,86,0,pointworld,pointworld,moved,-64,moved,-86
PennPAL+acda9df3+2023-07-15-23h-14m-43s,326,69,0,89,58,pointworld,pointworld,moved,-69,moved,-31
PennPAL+acda9df3+2023-07-19-16h-08m-52s,760,46,43,57,56,pointworld,pointworld,moved,-3,moved,-1
PennPAL+acda9df3+2023-07-19-16h-12m-57s,494,0,0,65,65,pointworld,pointworld,same,0,same,0
PennPAL+acda9df3+2023-07-19-16h-13m-46s,660,42,0,63,63,pointworld,pointworld,moved,-42,same,0
PennPAL+acda9df3+2023-07-19-16h-25m-46s,629,0,0,33,33,pointworld,pointworld,same,0,same,0
PennPAL+acda9df3+2023-07-19-16h-39m-12s,442,0,0,0,0,pointworld,pointworld,same,0,same,0
PennPAL+acda9df3+2023-07-19-16h-41m-53s,488,0,0,56,56,pointworld,pointworld,same,0,same,0
PennPAL+acda9df3+2023-07-19-16h-42m-50s,437,0,0,49,48,pointworld,pointworld,same,0,moved,-1
PennPAL+acda9df3+2023-07-19-16h-46m-16s,531,0,0,71,71,pointworld,pointworld,same,0,same,0
PennPAL+acda9df3+2023-07-19-16h-53m-20s,420,0,0,79,79,pointworld,pointworld,same,0,same,0
PennPAL+acda9df3+2023-07-19-16h-56m-16s,432,0,0,0,0,pointworld,pointworld,same,0,same,0
PennPAL+acda9df3+2023-07-19-16h-57m-21s,418,0,0,100,101,pointworld,pointworld,same,0,moved,1
PennPAL+acda9df3+2023-07-19-17h-01m-23s,402,0,0,36,36,pointworld,pointworld,same,0,same,0
PennPAL+acda9df3+2023-07-19-17h-15m-05s,783,0,0,0,0,pointworld,pointworld,same,0,same,0
PennPAL+acda9df3+2023-07-19-17h-22m-48s,689,0,0,0,0,pointworld,pointworld,same,0,same,0
PennPAL+acda9df3+2023-08-16-17h-31m-09s,399,0,95,0,142,pointworld,pointworld,moved,95,moved,142
PennPAL+acda9df3+2023-08-16-17h-46m-35s,668,0,241,96,275,pointworld,pointworld,moved,241,moved,179
PennPAL+acda9df3+2023-08-16-18h-02m-15s,454,0,70,70,131,pointworld,pointworld,moved,70,moved,61
PennPAL+acda9df3+2023-08-16-18h-04m-55s,308,0,62,31,89,pointworld,pointworld,moved,62,moved,58
PennPAL+acda9df3+2023-08-23-20h-46m-48s,313,0,0,0,0,pointworld,pointworld,same,0,same,0
PennPAL+acda9df3+2023-08-23-20h-57m-36s,290,0,0,0,0,pointworld,pointworld,same,0,same,0
PennPAL+acda9df3+2023-08-23-21h-28m-53s,447,0,0,0,0,pointworld,pointworld,same,0,same,0
PennPAL+acda9df3+2023-08-23-21h-41m-29s,210,0,0,0,0,pointworld,pointworld,same,0,same,0
PennPAL+acda9df3+2023-08-23-22h-33m-22s,250,0,0,38,61,pointworld,pointworld,same,0,moved,23
PennPAL+c5f808b7+2023-06-15-17h-07m-51s,164,52,52,63,63,pointworld,pointworld,same,0,same,0
PennPAL+c5f808b7+2023-06-15-17h-10m-02s,153,0,0,46,45,pointworld,pointworld,same,0,moved,-1
PennPAL+c5f808b7+2023-06-16-15h-54m-23s,198,0,0,0,0,pointworld,pointworld,same,0,same,0
PennPAL+c5f808b7+2023-06-16-16h-11m-27s,164,0,0,0,0,pointworld,pointworld,same,0,same,0
PennPAL+c5f808b7+2023-06-16-16h-35m-10s,189,0,0,0,25,pointworld,pointworld,same,0,moved,25
PennPAL+c5f808b7+2023-10-01-17h-10m-20s,195,26,52,120,-1,pointworld,pointworld,moved,26,lost,
PennPAL+c5f808b7+2023-10-01-17h-50m-46s,358,27,27,45,45,pointworld,pointworld,same,0,same,0
PennPAL+c5f808b7+2023-10-01-17h-51m-48s,224,50,50,67,68,pointworld,pointworld,same,0,moved,1
PennPAL+c5f808b7+2023-10-01-17h-54m-26s,332,1,0,24,24,pointworld,pointworld,moved,-1,same,0
PennPAL+c5f808b7+2023-10-01-18h-12m-10s,254,20,20,25,24,pointworld,pointworld,same,0,moved,-1
PennPAL+c5f808b7+2023-10-06-19h-32m-56s,153,27,0,52,25,pointworld,pointworld,moved,-27,moved,-27
PennPAL+c5f808b7+2023-10-06-19h-34m-59s,309,55,0,109,87,pointworld,pointworld,moved,-55,moved,-22
PennPAL+c5f808b7+2023-10-06-19h-46m-29s,252,0,0,33,0,pointworld,pointworld,same,0,moved,-33
PennPAL+c5f808b7+2023-10-06-20h-00m-55s,370,38,32,59,40,pointworld,pointworld,moved,-6,moved,-19
PennPAL+c5f808b7+2023-10-06-20h-06m-44s,412,19,18,52,52,pointworld,pointworld,moved,-1,same,0
PennPAL+c5f808b7+2023-10-06-20h-51m-05s,226,56,56,79,77,pointworld,pointworld,same,0,moved,-2
PennPAL+c5f808b7+2023-10-09-20h-56m-13s,118,0,0,0,0,pointworld,pointworld,same,0,same,0
PennPAL+c5f808b7+2023-10-09-21h-09m-54s,72,24,0,31,24,pointworld,pointworld,moved,-24,moved,-7
PennPAL+c5f808b7+2023-10-09-21h-12m-33s,102,0,0,35,0,pointworld,pointworld,same,0,moved,-35
PennPAL+c5f808b7+2023-10-09-21h-30m-33s,168,0,0,0,0,pointworld,pointworld,same,0,same,0
PennPAL+c5f808b7+2023-10-09-21h-33m-37s,234,0,0,0,38,pointworld,pointworld,same,0,moved,38
PennPAL+c5f808b7+2023-10-09-21h-53m-21s,142,0,0,0,0,pointworld,pointworld,same,0,same,0
PennPAL+c5f808b7+2023-10-09-21h-55m-46s,213,0,0,37,42,pointworld,pointworld,same,0,moved,5
PennPAL+c5f808b7+2023-10-19-00h-35m-35s,274,0,0,0,0,pointworld,pointworld,same,0,same,0
PennPAL+c5f808b7+2023-10-19-00h-48m-13s,110,0,0,0,0,pointworld,pointworld,same,0,same,0
PennPAL+c5f808b7+2023-10-19-00h-58m-23s,365,0,0,0,0,pointworld,pointworld,same,0,same,0
PennPAL+c5f808b7+2023-10-24-17h-35m-48s,313,0,0,0,0,pointworld,pointworld,same,0,same,0
PennPAL+c5f808b7+2023-10-24-17h-41m-19s,316,0,0,0,0,pointworld,pointworld,same,0,same,0
PennPAL+c5f808b7+2023-10-27-17h-54m-07s,283,0,0,0,0,pointworld,pointworld,same,0,same,0
PennPAL+c5f808b7+2023-10-27-17h-55m-42s,272,0,0,0,0,pointworld,pointworld,same,0,same,0
PennPAL+c5f808b7+2023-10-27-17h-57m-27s,266,0,0,0,0,pointworld,pointworld,same,0,same,0
PennPAL+c5f808b7+2023-10-29-20h-43m-25s,491,0,0,0,0,pointworld,pointworld,same,0,same,0
PennPAL+c5f808b7+2023-10-29-20h-55m-16s,771,0,0,0,0,pointworld,pointworld,same,0,same,0
PennPAL+c5f808b7+2023-10-30-17h-52m-20s,334,0,0,0,0,pointworld,pointworld,same,0,same,0
PennPAL+c5f808b7+2023-10-30-18h-37m-06s,356,0,0,0,0,pointworld,pointworld,same,0,same,0
PennPAL+c5f808b7+2023-10-30-18h-54m-35s,288,0,0,0,0,pointworld,pointworld,same,0,same,0
PennPAL+c5f808b7+2023-10-30-19h-04m-26s,186,0,0,22,23,pointworld,pointworld,same,0,moved,1
PennPAL+c5f808b7+2023-10-30-19h-09m-04s,179,0,0,24,25,pointworld,pointworld,same,0,moved,1
PennPAL+c5f808b7+2023-10-30-19h-24m-27s,480,0,0,0,0,pointworld,pointworld,same,0,same,0
PennPAL+c5f808b7+2023-10-31-13h-45m-44s,195,0,0,0,0,pointworld,pointworld,same,0,same,0
PennPAL+c5f808b7+2023-10-31-13h-53m-12s,275,0,0,18,19,pointworld,pointworld,same,0,moved,1
PennPAL+c5f808b7+2023-10-31-14h-01m-30s,318,0,0,0,39,pointworld,pointworld,same,0,moved,39
RAD+62828209+2023-08-31-13h-55m-59s,161,0,0,0,0,pointworld,pointworld,same,0,same,0
RAD+62828209+2023-09-09-07h-01m-12s,197,0,0,0,0,pointworld,pointworld,same,0,same,0
RAD+62828209+2023-09-09-07h-35m-49s,466,0,0,0,0,pointworld,pointworld,same,0,same,0
RAD+62828209+2023-09-09-09h-08m-51s,308,0,0,0,0,pointworld,pointworld,same,0,same,0
RAD+62828209+2023-09-09-09h-09m-40s,232,0,0,0,0,pointworld,pointworld,same,0,same,0
RAD+62828209+2023-11-26-13h-42m-00s,536,0,0,0,0,pointworld,pointworld,same,0,same,0
RAD+62828209+2023-11-26-13h-45m-02s,1347,0,0,0,0,pointworld,pointworld,same,0,same,0
RAD+62828209+2023-11-26-15h-58m-29s,207,0,0,0,0,pointworld,pointworld,same,0,same,0
RAD+62828209+2023-11-26-16h-03m-49s,210,0,0,0,0,pointworld,pointworld,same,0,same,0
RAD+62828209+2023-11-26-16h-04m-34s,284,0,0,0,0,pointworld,pointworld,same,0,same,0
RAD+62828209+2023-12-19-10h-48m-06s,380,0,0,0,0,pointworld,pointworld,same,0,same,0
RAD+62828209+2023-12-19-11h-26m-09s,224,0,0,0,0,pointworld,pointworld,same,0,same,0
RAD+62828209+2023-12-19-11h-26m-58s,245,0,0,0,0,pointworld,pointworld,same,0,same,0
RAD+62828209+2023-12-19-11h-30m-49s,342,0,0,0,0,pointworld,pointworld,same,0,same,0
RAD+62828209+2023-12-19-11h-40m-17s,425,0,0,0,0,pointworld,pointworld,same,0,same,0
RAD+62828209+2023-12-19-12h-01m-58s,212,0,0,0,0,pointworld,pointworld,same,0,same,0
RAD+62828209+2023-12-19-12h-02m-24s,938,0,0,0,0,pointworld,pointworld,same,0,same,0
RAD+62828209+2023-12-20-11h-32m-09s,504,0,0,0,0,pointworld,pointworld,same,0,same,0
RAD+62828209+2023-12-20-11h-36m-14s,337,0,0,0,0,pointworld,pointworld,same,0,same,0
RAD+62828209+2023-12-21-12h-04m-35s,165,0,0,0,0,pointworld,pointworld,same,0,same,0
RAD+62828209+2023-12-22-14h-38m-21s,200,0,0,0,11,pointworld,pointworld,same,0,moved,11
RAD+62828209+2023-12-22-14h-43m-08s,198,9,9,16,15,pointworld,pointworld,same,0,moved,-1
RAD+62828209+2023-12-22-15h-01m-20s,972,0,0,14,14,pointworld,pointworld,same,0,same,0
RAD+c6cf6b42+2023-08-31-16h-20m-36s,279,0,0,0,0,pointworld,pointworld,same,0,same,0
RAD+c6cf6b42+2023-08-31-18h-00m-13s,336,0,0,0,53,pointworld,pointworld,same,0,moved,53
RAD+c6cf6b42+2023-08-31-18h-04m-42s,219,0,0,23,23,pointworld,pointworld,same,0,same,0
RAD+c6cf6b42+2023-08-31-18h-05m-14s,257,0,0,11,11,pointworld,pointworld,same,0,same,0
RAD+c6cf6b42+2023-08-31-18h-08m-11s,340,0,0,0,0,pointworld,pointworld,same,0,same,0
RAD+c6cf6b42+2023-08-31-18h-09m-46s,191,0,0,0,10,pointworld,pointworld,same,0,moved,10
RAD+c6cf6b42+2023-08-31-18h-10m-08s,427,0,0,0,0,pointworld,pointworld,same,0,same,0
RAD+c6cf6b42+2023-08-31-18h-12m-10s,217,0,0,0,0,pointworld,pointworld,same,0,same,0
RAD+c6cf6b42+2023-08-31-18h-29m-05s,488,0,15,11,22,pointworld,pointworld,moved,15,moved,11
RAD+c6cf6b42+2023-11-18-16h-14m-44s,999,0,0,0,0,pointworld,pointworld,same,0,same,0
RAD+c6cf6b42+2023-11-18-16h-27m-34s,371,0,0,0,0,pointworld,pointworld,same,0,same,0
RAD+c6cf6b42+2023-11-18-16h-30m-39s,272,0,0,0,0,pointworld,pointworld,same,0,same,0
RAD+c6cf6b42+2023-11-18-16h-34m-15s,362,0,0,0,0,pointworld,pointworld,same,0,same,0
RAD+c6cf6b42+2023-11-18-16h-59m-10s,550,0,0,0,0,pointworld,pointworld,same,0,same,0
RAD+c6cf6b42+2023-11-18-18h-03m-16s,351,0,0,0,0,pointworld,pointworld,same,0,same,0
RAD+c6cf6b42+2023-11-18-18h-08m-48s,322,0,0,0,0,pointworld,pointworld,same,0,same,0
RAD+c6cf6b42+2023-11-18-18h-11m-32s,468,0,0,0,0,pointworld,pointworld,same,0,same,0
RAD+c6cf6b42+2023-11-18-18h-13m-56s,310,0,0,0,0,pointworld,pointworld,same,0,same,0
RAD+c6cf6b42+2023-11-18-18h-14m-55s,385,0,0,0,0,pointworld,pointworld,same,0,same,0
RAD+c6cf6b42+2023-11-18-18h-15m-30s,786,0,0,0,0,pointworld,pointworld,same,0,same,0
RAD+c6cf6b42+2023-11-18-18h-55m-43s,412,0,0,0,0,pointworld,pointworld,same,0,same,0
RAD+c6cf6b42+2023-11-25-18h-45m-33s,378,0,0,0,0,pointworld,pointworld,same,0,same,0
RAD+c6cf6b42+2023-11-25-20h-02m-11s,624,0,0,0,0,pointworld,pointworld,same,0,same,0
RAD+c6cf6b42+2023-12-17-17h-01m-55s,500,0,0,0,0,pointworld,pointworld,same,0,same,0
RAD+c6cf6b42+2023-12-17-17h-07m-07s,629,0,0,0,0,pointworld,pointworld,same,0,same,0
RAD+c6cf6b42+2023-12-17-17h-21m-11s,725,0,0,0,0,pointworld,pointworld,same,0,same,0
RAD+c6cf6b42+2023-12-17-20h-04m-32s,412,0,0,0,0,pointworld,pointworld,same,0,same,0
RAD+c6cf6b42+2023-12-17-20h-08m-17s,1950,0,0,0,0,pointworld,pointworld,same,0,same,0
RAIL+80edfcb1+2023-04-12-14h-27m-18s,182,24,38,36,-1,pointworld,pointworld,moved,14,lost,
RAIL+80edfcb1+2023-04-12-14h-28m-45s,234,61,76,75,104,pointworld,pointworld,moved,15,moved,29
RAIL+80edfcb1+2023-04-12-16h-14m-56s,171,37,44,45,56,pointworld,pointworld,moved,7,moved,11
RAIL+80edfcb1+2023-04-12-16h-41m-22s,186,27,33,38,42,pointworld,pointworld,moved,6,moved,4
RAIL+80edfcb1+2023-04-17-14h-47m-13s,173,22,22,32,33,pointworld,pointworld,same,0,moved,1
RAIL+80edfcb1+2023-04-17-14h-48m-05s,166,21,21,28,28,pointworld,pointworld,same,0,same,0
RAIL+80edfcb1+2023-04-17-14h-49m-33s,126,29,30,38,38,pointworld,pointworld,moved,1,same,0
RAIL+80edfcb1+2023-04-17-14h-49m-59s,202,28,28,80,81,pointworld,pointworld,same,0,moved,1
RAIL+80edfcb1+2023-04-17-14h-52m-52s,178,19,19,29,30,pointworld,pointworld,same,0,moved,1
RAIL+80edfcb1+2023-04-17-15h-02m-04s,195,28,28,38,38,pointworld,pointworld,same,0,same,0
RAIL+80edfcb1+2023-04-17-15h-03m-37s,250,37,38,50,50,pointworld,pointworld,moved,1,same,0
RAIL+80edfcb1+2023-04-17-15h-09m-41s,573,454,454,466,466,pointworld,pointworld,same,0,same,0
RAIL+80edfcb1+2023-04-17-15h-10m-58s,181,59,59,71,71,pointworld,pointworld,same,0,same,0
RAIL+80edfcb1+2023-04-17-15h-43m-28s,165,27,26,37,37,pointworld,pointworld,moved,-1,same,0
RAIL+80edfcb1+2023-04-17-15h-43m-50s,160,27,27,39,39,pointworld,pointworld,same,0,same,0
RAIL+80edfcb1+2023-04-19-13h-24m-24s,184,32,32,39,39,pointworld,pointworld,same,0,same,0
RAIL+80edfcb1+2023-04-19-13h-38m-51s,171,28,28,39,40,pointworld,pointworld,same,0,moved,1
RAIL+80edfcb1+2023-04-19-14h-13m-07s,133,29,29,38,38,pointworld,pointworld,same,0,same,0
RAIL+80edfcb1+2023-04-19-14h-14m-16s,180,59,59,72,73,pointworld,pointworld,same,0,moved,1
RAIL+80edfcb1+2023-04-19-14h-21m-16s,249,119,119,130,130,pointworld,pointworld,same,0,same,0
RAIL+80edfcb1+2023-04-19-14h-23m-59s,140,36,36,45,46,pointworld,pointworld,same,0,moved,1
RAIL+80edfcb1+2023-04-19-14h-35m-28s,151,34,35,44,45,pointworld,pointworld,moved,1,moved,1
RAIL+80edfcb1+2023-04-19-14h-40m-19s,163,36,37,48,49,pointworld,pointworld,moved,1,moved,1
RAIL+80edfcb1+2023-04-19-14h-40m-40s,116,17,18,27,27,pointworld,pointworld,moved,1,same,0
RAIL+80edfcb1+2023-04-19-15h-12m-23s,245,52,52,62,62,pointworld,pointworld,same,0,same,0
RAIL+80edfcb1+2023-04-26-15h-46m-50s,152,18,19,28,28,pointworld,pointworld,moved,1,same,0
RAIL+80edfcb1+2023-04-26-15h-49m-55s,138,12,13,23,23,pointworld,pointworld,moved,1,same,0
RAIL+80edfcb1+2023-04-26-15h-57m-29s,221,39,39,50,50,pointworld,pointworld,same,0,same,0
RAIL+80edfcb1+2023-04-26-16h-02m-55s,189,42,42,53,53,pointworld,pointworld,same,0,same,0
RAIL+80edfcb1+2023-04-26-16h-12m-06s,112,0,0,0,0,pointworld,pointworld,same,0,same,0
RAIL+80edfcb1+2023-04-26-16h-22m-57s,319,234,235,242,242,pointworld,pointworld,moved,1,same,0
RAIL+80edfcb1+2023-04-26-16h-53m-22s,299,58,58,66,66,pointworld,pointworld,same,0,same,0
RAIL+80edfcb1+2023-06-21-12h-48m-40s,464,54,49,69,62,pointworld,pointworld,moved,-5,moved,-7
RAIL+80edfcb1+2023-06-21-12h-55m-12s,205,80,75,94,86,pointworld,pointworld,moved,-5,moved,-8
RAIL+80edfcb1+2023-06-26-13h-19m-06s,171,33,33,41,40,pointworld,pointworld,same,0,moved,-1
RAIL+80edfcb1+2023-06-26-13h-23m-07s,292,36,36,44,43,pointworld,pointworld,same,0,moved,-1
RAIL+80edfcb1+2023-06-26-13h-44m-01s,136,27,27,34,34,pointworld,pointworld,same,0,same,0
RAIL+80edfcb1+2023-06-26-13h-45m-00s,263,38,38,44,44,pointworld,pointworld,same,0,same,0
RAIL+80edfcb1+2023-06-26-14h-09m-12s,265,27,27,33,33,pointworld,pointworld,same,0,same,0
RAIL+80edfcb1+2023-06-26-14h-13m-04s,165,53,53,61,61,pointworld,pointworld,same,0,same,0
RAIL+80edfcb1+2023-06-26-14h-16m-03s,185,28,28,37,37,pointworld,pointworld,same,0,same,0
RAIL+80edfcb1+2023-06-26-15h-37m-34s,157,50,49,58,56,pointworld,pointworld,moved,-1,moved,-2
RAIL+80edfcb1+2023-06-26-15h-49m-47s,181,21,21,27,27,pointworld,pointworld,same,0,same,0
RAIL+80edfcb1+2023-06-29-12h-52m-47s,147,38,39,45,46,pointworld,pointworld,moved,1,moved,1
RAIL+80edfcb1+2023-06-29-13h-10m-09s,143,27,28,34,36,pointworld,pointworld,moved,1,moved,2
RAIL+80edfcb1+2023-06-29-13h-10m-31s,137,27,27,36,36,pointworld,pointworld,same,0,same,0
RAIL+80edfcb1+2023-06-29-13h-13m-23s,205,67,70,78,85,pointworld,pointworld,moved,3,moved,7
RAIL+80edfcb1+2023-06-29-13h-23m-42s,100,12,12,20,20,pointworld,pointworld,same,0,same,0
RAIL+80edfcb1+2023-06-29-13h-25m-27s,225,29,29,35,35,pointworld,pointworld,same,0,same,0
RAIL+80edfcb1+2023-06-29-15h-27m-23s,172,39,39,53,53,pointworld,pointworld,same,0,same,0
RAIL+80edfcb1+2023-06-29-15h-31m-50s,107,33,34,42,43,pointworld,pointworld,moved,1,moved,1
RAIL+80edfcb1+2023-06-29-15h-40m-59s,152,65,64,-1,89,pointworld,pointworld,moved,-1,recovered,
RAIL+80edfcb1+2023-06-29-15h-43m-06s,160,29,30,35,35,pointworld,pointworld,moved,1,same,0
RAIL+80edfcb1+2023-06-29-15h-44m-51s,120,38,39,54,-1,pointworld,pointworld,moved,1,lost,
RAIL+80edfcb1+2023-06-29-15h-45m-07s,331,31,32,38,39,pointworld,pointworld,moved,1,moved,1
RAIL+80edfcb1+2023-06-30-13h-24m-58s,336,33,32,42,42,pointworld,pointworld,moved,-1,same,0
RAIL+80edfcb1+2023-06-30-13h-27m-17s,170,37,36,44,44,pointworld,pointworld,moved,-1,same,0
RAIL+80edfcb1+2023-06-30-13h-34m-41s,159,63,56,91,64,pointworld,pointworld,moved,-7,moved,-27
RAIL+80edfcb1+2023-06-30-13h-39m-26s,141,46,45,60,59,pointworld,pointworld,moved,-1,moved,-1
RAIL+80edfcb1+2023-06-30-13h-59m-52s,156,51,50,61,60,pointworld,pointworld,moved,-1,moved,-1
RAIL+80edfcb1+2023-06-30-14h-06m-39s,212,29,28,34,34,pointworld,pointworld,moved,-1,same,0
RAIL+80edfcb1+2023-06-30-14h-08m-44s,129,35,34,41,41,pointworld,pointworld,moved,-1,same,0
RAIL+80edfcb1+2023-06-30-14h-46m-15s,156,30,30,37,37,pointworld,pointworld,same,0,same,0
RAIL+80edfcb1+2023-06-30-14h-47m-09s,88,31,29,46,44,pointworld,pointworld,moved,-2,moved,-2
RAIL+80edfcb1+2023-06-30-14h-54m-01s,114,27,27,32,32,pointworld,pointworld,same,0,same,0
RAIL+80edfcb1+2023-06-30-15h-01m-35s,113,23,23,29,29,pointworld,pointworld,same,0,same,0
RAIL+80edfcb1+2023-06-30-15h-02m-42s,85,20,20,32,32,pointworld,pointworld,same,0,same,0
RAIL+80edfcb1+2023-06-30-15h-07m-16s,126,16,16,22,23,pointworld,pointworld,same,0,moved,1
RAIL+80edfcb1+2023-06-30-15h-31m-18s,145,47,46,51,51,pointworld,pointworld,moved,-1,same,0
RAIL+80edfcb1+2023-06-30-15h-50m-17s,176,35,34,39,39,pointworld,pointworld,moved,-1,same,0
RAIL+80edfcb1+2023-06-30-15h-55m-09s,118,26,25,34,33,pointworld,pointworld,moved,-1,moved,-1
RAIL+80edfcb1+2023-07-05-18h-03m-50s,136,19,21,26,28,pointworld,pointworld,moved,2,moved,2
RAIL+80edfcb1+2023-07-05-18h-32m-58s,208,118,118,140,139,pointworld,pointworld,same,0,moved,-1
RAIL+80edfcb1+2023-07-05-18h-38m-38s,153,60,60,67,67,pointworld,pointworld,same,0,same,0
RAIL+80edfcb1+2023-07-05-18h-40m-16s,85,19,19,25,25,pointworld,pointworld,same,0,same,0
RAIL+80edfcb1+2023-07-05-18h-42m-17s,137,34,34,43,43,pointworld,pointworld,same,0,same,0
RAIL+80edfcb1+2023-07-05-18h-45m-12s,204,20,21,63,63,pointworld,pointworld,moved,1,same,0
RAIL+80edfcb1+2023-07-13-20h-19m-30s,100,35,35,41,41,pointworld,pointworld,same,0,same,0
RAIL+80edfcb1+2023-07-13-20h-28m-53s,64,14,14,22,21,pointworld,pointworld,same,0,moved,-1
RAIL+80edfcb1+2023-07-13-20h-29m-29s,69,15,15,22,21,pointworld,pointworld,same,0,moved,-1
RAIL+80edfcb1+2023-07-13-20h-53m-43s,146,28,28,33,33,pointworld,pointworld,same,0,same,0
RAIL+80edfcb1+2023-07-13-21h-15m-04s,103,31,45,47,66,pointworld,pointworld,moved,14,moved,19
RAIL+80edfcb1+2023-07-13-21h-23m-04s,169,99,117,116,134,pointworld,pointworld,moved,18,moved,18
RAIL+80edfcb1+2023-07-13-21h-25m-37s,123,59,64,67,73,pointworld,pointworld,moved,5,moved,6
RAIL+80edfcb1+2023-07-14-13h-00m-28s,184,61,61,67,67,pointworld,pointworld,same,0,same,0
RAIL+80edfcb1+2023-07-14-13h-01m-11s,110,26,26,32,31,pointworld,pointworld,same,0,moved,-1
RAIL+80edfcb1+2023-07-14-13h-05m-54s,89,27,26,36,35,pointworld,pointworld,moved,-1,moved,-1
RAIL+80edfcb1+2023-07-14-13h-06m-12s,109,43,43,50,50,pointworld,pointworld,same,0,same,0
RAIL+80edfcb1+2023-07-14-13h-07m-46s,95,28,27,35,34,pointworld,pointworld,moved,-1,moved,-1
RAIL+80edfcb1+2023-07-14-13h-09m-38s,120,31,30,39,38,pointworld,pointworld,moved,-1,moved,-1
RAIL+80edfcb1+2023-07-14-13h-09m-58s,99,22,20,28,26,pointworld,pointworld,moved,-2,moved,-2
RAIL+80edfcb1+2023-07-14-13h-12m-28s,97,30,29,35,34,pointworld,pointworld,moved,-1,moved,-1
RAIL+80edfcb1+2023-07-14-13h-12m-46s,90,23,22,29,29,pointworld,pointworld,moved,-1,same,0
RAIL+80edfcb1+2023-07-14-13h-15m-33s,96,27,27,32,32,pointworld,pointworld,same,0,same,0
RAIL+80edfcb1+2023-07-14-13h-19m-22s,124,38,37,60,59,pointworld,pointworld,moved,-1,moved,-1
RAIL+80edfcb1+2023-07-14-14h-28m-45s,128,41,41,47,47,pointworld,pointworld,same,0,same,0
RAIL+80edfcb1+2023-07-14-14h-29m-20s,177,23,23,40,40,pointworld,pointworld,same,0,same,0
RAIL+80edfcb1+2023-07-14-14h-48m-41s,211,47,47,66,66,pointworld,pointworld,same,0,same,0
RAIL+80edfcb1+2023-07-14-14h-49m-22s,143,31,31,39,39,pointworld,pointworld,same,0,same,0
RAIL+80edfcb1+2023-07-14-14h-50m-00s,137,34,34,52,52,pointworld,pointworld,same,0,same,0
RAIL+80edfcb1+2023-07-14-14h-51m-14s,117,31,31,39,39,pointworld,pointworld,same,0,same,0
RAIL+80edfcb1+2023-07-14-15h-00m-33s,128,28,28,36,36,pointworld,pointworld,same,0,same,0
RAIL+80edfcb1+2023-07-14-15h-51m-50s,156,31,30,46,40,pointworld,pointworld,moved,-1,moved,-6
RAIL+80edfcb1+2023-07-14-15h-52m-54s,126,24,24,30,29,pointworld,pointworld,same,0,moved,-1
RAIL+80edfcb1+2023-07-14-15h-55m-55s,112,16,15,25,24,pointworld,pointworld,moved,-1,moved,-1
RAIL+80edfcb1+2023-07-14-16h-01m-48s,96,27,27,32,31,pointworld,pointworld,same,0,moved,-1
RAIL+80edfcb1+2023-07-14-16h-04m-10s,134,38,38,49,48,pointworld,pointworld,same,0,moved,-1
RAIL+80edfcb1+2023-07-14-16h-07m-12s,113,20,19,29,29,pointworld,pointworld,moved,-1,same,0
RAIL+80edfcb1+2023-07-14-16h-09m-39s,135,43,43,48,48,pointworld,pointworld,same,0,same,0
RAIL+80edfcb1+2023-07-14-16h-12m-10s,321,53,52,70,70,pointworld,pointworld,moved,-1,same,0
RAIL+80edfcb1+2023-07-14-16h-18m-11s,117,17,17,24,24,pointworld,pointworld,same,0,same,0
RAIL+80edfcb1+2023-07-14-16h-27m-09s,184,29,28,35,35,pointworld,pointworld,moved,-1,same,0
RAIL+80edfcb1+2023-07-14-16h-28m-03s,108,16,15,23,22,pointworld,pointworld,moved,-1,moved,-1
RAIL+80edfcb1+2023-07-14-17h-04m-18s,126,23,23,28,29,pointworld,pointworld,same,0,moved,1
RAIL+80edfcb1+2023-07-14-17h-07m-42s,112,18,18,24,24,pointworld,pointworld,same,0,same,0
RAIL+80edfcb1+2023-07-14-17h-08m-56s,139,45,45,56,56,pointworld,pointworld,same,0,same,0
RAIL+80edfcb1+2023-07-14-17h-13m-16s,438,20,19,26,26,pointworld,pointworld,moved,-1,same,0
RAIL+80edfcb1+2023-07-14-17h-29m-27s,110,27,27,32,32,pointworld,pointworld,same,0,same,0
RAIL+80edfcb1+2023-07-14-17h-31m-03s,166,57,57,68,68,pointworld,pointworld,same,0,same,0
RAIL+80edfcb1+2023-07-14-17h-34m-46s,112,16,16,22,22,pointworld,pointworld,same,0,same,0
RAIL+80edfcb1+2023-07-14-17h-39m-17s,130,28,28,49,49,pointworld,pointworld,same,0,same,0
RAIL+80edfcb1+2023-07-14-17h-44m-41s,129,19,20,27,27,pointworld,pointworld,moved,1,same,0
RAIL+80edfcb1+2023-07-14-17h-45m-17s,86,18,18,24,24,pointworld,pointworld,same,0,same,0
RAIL+80edfcb1+2023-07-15-18h-54m-49s,357,18,18,23,23,pointworld,pointworld,same,0,same,0
RAIL+80edfcb1+2023-07-15-19h-12m-31s,289,25,25,37,37,pointworld,pointworld,same,0,same,0
RAIL+80edfcb1+2023-07-15-19h-13m-26s,127,33,33,43,43,pointworld,pointworld,same,0,same,0
RAIL+80edfcb1+2023-07-15-19h-16m-15s,175,26,26,30,30,pointworld,pointworld,same,0,same,0
RAIL+80edfcb1+2023-07-21-16h-16m-38s,141,19,19,25,25,pointworld,pointworld,same,0,same,0
RAIL+80edfcb1+2023-07-21-16h-25m-10s,91,26,19,38,30,pointworld,pointworld,moved,-7,moved,-8
RAIL+80edfcb1+2023-07-21-16h-25m-47s,100,24,21,39,27,pointworld,pointworld,moved,-3,moved,-12
RAIL+80edfcb1+2023-07-21-16h-28m-32s,99,16,14,26,26,pointworld,pointworld,moved,-2,same,0
RAIL+80edfcb1+2023-07-21-16h-39m-33s,126,35,31,45,40,pointworld,pointworld,moved,-4,moved,-5
RAIL+80edfcb1+2023-07-21-16h-41m-36s,150,31,28,59,50,pointworld,pointworld,moved,-3,moved,-9
RAIL+80edfcb1+2023-07-21-17h-20m-58s,152,28,28,42,42,pointworld,pointworld,same,0,same,0
RAIL+80edfcb1+2023-07-21-17h-26m-45s,118,32,32,38,39,pointworld,pointworld,same,0,moved,1
RAIL+80edfcb1+2023-07-21-17h-38m-05s,93,26,26,33,34,pointworld,pointworld,same,0,moved,1
RAIL+80edfcb1+2023-07-21-17h-43m-11s,146,44,43,55,55,pointworld,pointworld,moved,-1,same,0
RAIL+80edfcb1+2023-07-21-17h-44m-00s,137,30,30,39,39,pointworld,pointworld,same,0,same,0
RAIL+80edfcb1+2023-07-21-17h-52m-21s,100,29,36,36,61,pointworld,pointworld,moved,7,moved,25
RAIL+80edfcb1+2023-07-21-17h-55m-26s,171,28,28,39,38,pointworld,pointworld,same,0,moved,-1
RAIL+80edfcb1+2023-07-21-18h-34m-12s,228,49,48,58,57,pointworld,pointworld,moved,-1,moved,-1
RAIL+80edfcb1+2023-07-21-18h-35m-50s,149,26,26,38,38,pointworld,pointworld,same,0,same,0
RAIL+80edfcb1+2023-07-21-18h-50m-29s,99,31,31,38,37,pointworld,pointworld,same,0,moved,-1
RAIL+80edfcb1+2023-07-21-18h-55m-54s,120,25,25,32,32,pointworld,pointworld,same,0,same,0
RAIL+80edfcb1+2023-07-21-19h-00m-12s,134,57,57,65,65,pointworld,pointworld,same,0,same,0
RAIL+80edfcb1+2023-07-21-19h-03m-28s,127,17,17,23,23,pointworld,pointworld,same,0,same,0
RAIL+80edfcb1+2023-07-21-20h-07m-19s,185,26,29,44,44,pointworld,pointworld,moved,3,same,0
RAIL+80edfcb1+2023-07-21-20h-08m-46s,236,44,43,51,51,pointworld,pointworld,moved,-1,same,0
RAIL+80edfcb1+2023-07-21-20h-13m-36s,135,23,22,37,37,pointworld,pointworld,moved,-1,same,0
RAIL+80edfcb1+2023-07-28-15h-04m-39s,139,29,30,34,47,pointworld,pointworld,moved,1,moved,13
RAIL+80edfcb1+2023-07-28-15h-05m-03s,129,0,0,0,0,pointworld,pointworld,same,0,same,0
RAIL+80edfcb1+2023-08-03-19h-57m-52s,86,20,18,26,24,pointworld,pointworld,moved,-2,moved,-2
RAIL+80edfcb1+2023-08-03-20h-12m-47s,121,24,22,43,28,pointworld,pointworld,moved,-2,moved,-15
RAIL+80edfcb1+2023-08-03-20h-31m-55s,242,113,113,121,121,pointworld,pointworld,same,0,same,0
RAIL+80edfcb1+2023-08-03-20h-32m-31s,172,31,30,37,37,pointworld,pointworld,moved,-1,same,0
RAIL+ah6fcd56+2023-05-31-10h-56m-11s,184,32,37,37,42,pointworld,pointworld,moved,5,moved,5
RAIL+ah6fcd56+2023-05-31-10h-56m-56s,377,151,156,156,180,pointworld,pointworld,moved,5,moved,24
RAIL+ah6fcd56+2023-05-31-11h-06m-24s,215,34,40,40,45,pointworld,pointworld,moved,6,moved,5
RAIL+ah6fcd56+2023-07-18-16h-22m-14s,161,53,52,64,64,pointworld,pointworld,moved,-1,same,0
RAIL+ah6fcd56+2023-07-18-16h-26m-31s,279,47,47,59,60,pointworld,pointworld,same,0,moved,1
RAIL+ah6fcd56+2023-07-18-16h-46m-14s,134,64,67,77,80,pointworld,pointworld,moved,3,moved,3
RAIL+ah6fcd56+2023-07-18-16h-46m-58s,158,25,26,79,98,pointworld,pointworld,moved,1,moved,19
RAIL+ah6fcd56+2023-07-18-16h-48m-38s,254,45,47,71,78,pointworld,pointworld,moved,2,moved,7
RAIL+ah6fcd56+2023-07-18-16h-54m-43s,180,97,100,164,-1,pointworld,pointworld,moved,3,lost,
RAIL+ah6fcd56+2023-07-18-17h-05m-42s,199,28,29,37,40,pointworld,pointworld,moved,1,moved,3
RAIL+c3d50939+2023-10-14-11h-14m-02s,731,323,321,392,387,pointworld,pointworld,moved,-2,moved,-5
RAIL+c3d50939+2023-10-14-11h-28m-01s,792,102,104,298,296,pointworld,pointworld,moved,2,moved,-2
RAIL+c3d50939+2023-10-20-17h-36m-30s,297,-1,179,-1,-1,pointworld,pointworld,recovered,,same,
RAIL+c3d50939+2023-11-04-10h-45m-38s,1018,0,0,111,108,pointworld,pointworld,same,0,moved,-3
RAIL+c3d50939+2023-11-04-11h-06m-54s,586,0,0,280,246,pointworld,pointworld,same,0,moved,-34
RAIL+c3d50939+2023-11-20-17h-05m-00s,226,41,21,145,40,pointworld,pointworld,moved,-20,moved,-105
RAIL+d027f2ae+2023-05-30-14h-45m-15s,220,0,0,27,28,pointworld,pointworld,same,0,moved,1
RAIL+d027f2ae+2023-05-30-14h-56m-21s,213,0,14,25,25,pointworld,pointworld,moved,14,same,0
RAIL+d027f2ae+2023-05-30-15h-02m-19s,99,0,0,22,22,pointworld,pointworld,same,0,same,0
RAIL+d027f2ae+2023-05-30-15h-59m-53s,88,46,49,-1,-1,pointworld,pointworld,moved,3,same,
RAIL+d027f2ae+2023-05-30-16h-27m-03s,222,37,37,42,43,pointworld,pointworld,same,0,moved,1
RAIL+d027f2ae+2023-05-30-17h-05m-27s,146,17,0,26,11,pointworld,pointworld,moved,-17,moved,-15
RAIL+d027f2ae+2023-06-02-11h-45m-37s,204,81,81,87,87,pointworld,pointworld,same,0,same,0
RAIL+d027f2ae+2023-06-05-16h-04m-34s,98,64,31,-1,59,pointworld,pointworld,moved,-33,recovered,
RAIL+d027f2ae+2023-06-05-16h-07m-51s,177,64,34,113,54,pointworld,pointworld,moved,-30,moved,-59
RAIL+d027f2ae+2023-06-05-16h-09m-03s,231,35,0,43,28,pointworld,pointworld,moved,-35,moved,-15
RAIL+d027f2ae+2023-06-05-17h-08m-47s,70,0,42,26,-1,pointworld,pointworld,moved,42,lost,
RAIL+d027f2ae+2023-06-06-14h-20m-40s,127,38,39,44,44,pointworld,pointworld,moved,1,same,0
RAIL+d027f2ae+2023-06-06-14h-23m-54s,147,58,59,64,65,pointworld,pointworld,moved,1,moved,1
RAIL+d027f2ae+2023-06-06-14h-54m-42s,179,45,49,60,75,pointworld,pointworld,moved,4,moved,15
RAIL+d027f2ae+2023-06-06-15h-00m-25s,162,43,45,50,50,pointworld,pointworld,moved,2,same,0
RAIL+d027f2ae+2023-06-06-15h-08m-34s,177,48,64,83,95,pointworld,pointworld,moved,16,moved,12
RAIL+d027f2ae+2023-06-06-15h-54m-46s,279,41,35,48,43,pointworld,pointworld,moved,-6,moved,-5
RAIL+d027f2ae+2023-06-06-16h-57m-01s,197,36,28,45,36,pointworld,pointworld,moved,-8,moved,-9
RAIL+d027f2ae+2023-06-06-16h-58m-40s,172,48,41,59,50,pointworld,pointworld,moved,-7,moved,-9
RAIL+d027f2ae+2023-06-06-17h-03m-57s,140,34,31,40,36,pointworld,pointworld,moved,-3,moved,-4
RAIL+d027f2ae+2023-06-08-10h-38m-55s,196,83,84,95,91,pointworld,pointworld,moved,1,moved,-4
RAIL+d027f2ae+2023-06-08-11h-59m-05s,210,37,36,46,45,pointworld,pointworld,moved,-1,moved,-1
RAIL+d027f2ae+2023-06-08-12h-26m-18s,71,47,47,59,58,pointworld,pointworld,same,0,moved,-1
RAIL+d027f2ae+2023-06-08-12h-27m-24s,136,34,35,52,53,pointworld,pointworld,moved,1,moved,1
RAIL+d027f2ae+2023-06-08-12h-31m-42s,175,43,43,72,63,pointworld,pointworld,same,0,moved,-9
RAIL+d027f2ae+2023-06-08-13h-03m-02s,210,35,36,42,43,pointworld,pointworld,moved,1,moved,1
RAIL+d027f2ae+2023-06-08-13h-04m-33s,212,34,35,44,47,pointworld,pointworld,moved,1,moved,3
RAIL+d027f2ae+2023-06-12-16h-14m-34s,191,57,56,63,63,pointworld,pointworld,moved,-1,same,0
RAIL+d027f2ae+2023-06-20-17h-59m-27s,182,72,83,89,-1,pointworld,pointworld,moved,11,lost,
RAIL+d027f2ae+2023-06-20-19h-06m-10s,185,49,49,134,134,pointworld,pointworld,same,0,same,0
RAIL+d027f2ae+2023-06-20-19h-06m-46s,194,54,55,86,93,pointworld,pointworld,moved,1,moved,7
RAIL+d027f2ae+2023-06-20-19h-07m-07s,164,48,48,59,59,pointworld,pointworld,same,0,same,0
RAIL+d027f2ae+2023-06-22-16h-44m-46s,134,29,29,39,38,pointworld,pointworld,same,0,moved,-1
RAIL+d027f2ae+2023-06-22-16h-47m-43s,157,45,43,73,71,pointworld,pointworld,moved,-2,moved,-2
RAIL+d027f2ae+2023-06-22-17h-00m-59s,104,28,33,37,47,pointworld,pointworld,moved,5,moved,10
RAIL+d027f2ae+2023-06-22-17h-06m-35s,97,28,26,49,44,pointworld,pointworld,moved,-2,moved,-5
RAIL+d027f2ae+2023-06-27-21h-07m-03s,98,31,30,44,45,pointworld,pointworld,moved,-1,moved,1
RAIL+d027f2ae+2023-08-07-14h-57m-54s,177,70,70,80,80,pointworld,pointworld,same,0,same,0
RAIL+d027f2ae+2023-08-07-15h-00m-51s,86,60,61,71,71,pointworld,pointworld,moved,1,same,0
RAIL+d027f2ae+2023-08-07-15h-14m-31s,148,37,37,43,43,pointworld,pointworld,same,0,same,0
RAIL+d027f2ae+2023-08-07-15h-22m-05s,83,33,34,40,40,pointworld,pointworld,moved,1,same,0
RAIL+d027f2ae+2023-08-07-16h-14m-49s,141,49,50,61,62,pointworld,pointworld,moved,1,moved,1
RAIL+d027f2ae+2023-08-07-17h-03m-04s,115,42,46,53,57,pointworld,pointworld,moved,4,moved,4
RAIL+d027f2ae+2023-08-07-17h-33m-30s,131,44,46,57,70,pointworld,pointworld,moved,2,moved,13
RAIL+d027f2ae+2023-08-07-17h-55m-11s,120,19,20,24,25,pointworld,pointworld,moved,1,moved,1
RAIL+d027f2ae+2023-08-07-18h-03m-12s,122,27,27,32,33,pointworld,pointworld,same,0,moved,1
RAIL+d027f2ae+2023-09-20-18h-02m-09s,184,53,53,57,58,pointworld,pointworld,same,0,moved,1
RAIL+d027f2ae+2023-09-20-18h-07m-42s,183,57,59,66,69,pointworld,pointworld,moved,2,moved,3
RAIL+d027f2ae+2023-09-20-18h-11m-19s,122,28,29,35,37,pointworld,pointworld,moved,1,moved,2
RAIL+d027f2ae+2023-09-21-09h-55m-02s,124,32,34,40,42,pointworld,pointworld,moved,2,moved,2
RAIL+d027f2ae+2023-09-21-09h-55m-22s,132,36,38,43,44,pointworld,pointworld,moved,2,moved,1
RAIL+d027f2ae+2023-09-21-09h-59m-54s,109,25,26,29,30,pointworld,pointworld,moved,1,moved,1
RAIL+d027f2ae+2023-09-21-10h-16m-18s,66,24,24,29,30,pointworld,pointworld,same,0,moved,1
RAIL+d027f2ae+2023-09-21-16h-49m-34s,679,320,321,350,350,pointworld,pointworld,moved,1,same,0
RAIL+d027f2ae+2023-09-29-10h-58m-24s,127,34,43,50,105,pointworld,pointworld,moved,9,moved,55
RAIL+d027f2ae+2023-09-29-11h-03m-11s,139,34,33,45,48,pointworld,pointworld,moved,-1,moved,3
RAIL+d027f2ae+2023-09-29-19h-12m-59s,152,30,19,39,34,pointworld,pointworld,moved,-11,moved,-5
RAIL+d027f2ae+2023-09-29-19h-32m-36s,159,38,36,53,51,pointworld,pointworld,moved,-2,moved,-2
RAIL+d027f2ae+2023-09-29-19h-49m-21s,126,24,24,29,29,pointworld,pointworld,same,0,same,0
RAIL+d027f2ae+2023-09-29-19h-49m-40s,132,29,29,36,36,pointworld,pointworld,same,0,same,0
RAIL+d027f2ae+2023-10-03-10h-10m-55s,116,29,29,38,38,pointworld,pointworld,same,0,same,0
RAIL+d027f2ae+2023-10-03-11h-08m-39s,110,23,23,31,31,pointworld,pointworld,same,0,same,0
RAIL+d027f2ae+2023-10-03-11h-09m-16s,116,28,28,35,36,pointworld,pointworld,same,0,moved,1
RAIL+d027f2ae+2023-10-04-10h-45m-20s,98,22,21,37,35,pointworld,pointworld,moved,-1,moved,-2
RAIL+d027f2ae+2023-10-04-10h-52m-54s,118,32,31,43,41,pointworld,pointworld,moved,-1,moved,-2
RAIL+d027f2ae+2023-10-05-09h-49m-51s,97,25,24,35,32,pointworld,pointworld,moved,-1,moved,-3
RAIL+d027f2ae+2023-10-05-09h-55m-13s,94,36,34,47,45,pointworld,pointworld,moved,-2,moved,-2
RAIL+d027f2ae+2023-10-09-09h-58m-13s,122,25,28,35,38,pointworld,pointworld,moved,3,moved,3
RAIL+d027f2ae+2023-10-09-10h-10m-24s,81,22,24,28,30,pointworld,pointworld,moved,2,moved,2
RAIL+d027f2ae+2023-10-09-10h-11m-48s,100,33,35,41,42,pointworld,pointworld,moved,2,moved,1
RAIL+d027f2ae+2023-10-09-10h-22m-09s,143,0,30,40,41,pointworld,pointworld,moved,30,moved,1
RAIL+d027f2ae+2023-10-09-10h-23m-59s,137,18,27,38,40,pointworld,pointworld,moved,9,moved,2
RAIL+d027f2ae+2023-10-09-10h-42m-12s,155,20,21,26,27,pointworld,pointworld,moved,1,moved,1
RAIL+d027f2ae+2023-10-09-10h-43m-49s,90,30,30,38,39,pointworld,pointworld,same,0,moved,1
RAIL+d027f2ae+2023-10-09-10h-46m-41s,122,26,26,32,33,pointworld,pointworld,same,0,moved,1
RAIL+d027f2ae+2023-10-09-10h-47m-36s,106,28,28,35,35,pointworld,pointworld,same,0,same,0
RAIL+d027f2ae+2023-10-09-10h-56m-07s,100,29,29,35,35,pointworld,pointworld,same,0,same,0
RAIL+d027f2ae+2023-10-10-09h-59m-07s,152,39,39,49,50,pointworld,pointworld,same,0,moved,1
RAIL+d027f2ae+2023-10-10-10h-01m-46s,118,34,35,43,43,pointworld,pointworld,moved,1,same,0
RAIL+d027f2ae+2023-10-10-10h-09m-25s,132,40,41,53,56,pointworld,pointworld,moved,1,moved,3
RAIL+d027f2ae+2023-10-10-10h-17m-34s,151,37,38,48,50,pointworld,pointworld,moved,1,moved,2
RAIL+d027f2ae+2023-10-10-10h-18m-01s,120,35,37,46,47,pointworld,pointworld,moved,2,moved,1
RAIL+d027f2ae+2023-10-10-10h-22m-19s,143,50,51,57,58,pointworld,pointworld,moved,1,moved,1
RAIL+d027f2ae+2023-10-10-10h-24m-48s,112,26,27,33,34,pointworld,pointworld,moved,1,moved,1
RAIL+d027f2ae+2023-10-10-10h-32m-07s,111,24,24,32,33,pointworld,pointworld,same,0,moved,1
RAIL+d027f2ae+2023-10-11-10h-14m-10s,52,19,19,27,26,pointworld,pointworld,same,0,moved,-1
RAIL+d027f2ae+2023-10-11-10h-34m-09s,111,15,15,22,22,pointworld,pointworld,same,0,same,0
RAIL+d027f2ae+2023-10-11-10h-41m-46s,109,18,17,24,24,pointworld,pointworld,moved,-1,same,0
RAIL+d027f2ae+2023-10-11-10h-42m-03s,101,26,26,35,35,pointworld,pointworld,same,0,same,0
RAIL+d027f2ae+2023-10-11-10h-46m-27s,100,23,23,29,29,pointworld,pointworld,same,0,same,0
RAIL+d027f2ae+2023-10-11-10h-46m-42s,72,24,25,35,35,pointworld,pointworld,moved,1,same,0
RAIL+d027f2ae+2023-10-16-10h-24m-19s,107,28,29,48,44,pointworld,pointworld,moved,1,moved,-4
RAIL+d027f2ae+2023-10-16-10h-57m-45s,97,33,34,39,41,pointworld,pointworld,moved,1,moved,2
RAIL+d027f2ae+2023-10-18-10h-31m-24s,103,28,28,32,32,pointworld,pointworld,same,0,same,0
RAIL+d027f2ae+2023-10-19-10h-16m-07s,178,33,33,39,38,pointworld,pointworld,same,0,moved,-1
RAIL+d027f2ae+2023-10-19-10h-16m-49s,98,29,29,33,33,pointworld,pointworld,same,0,same,0
RAIL+d027f2ae+2023-10-19-10h-17m-38s,146,22,22,26,26,pointworld,pointworld,same,0,same,0
RAIL+d027f2ae+2023-10-19-10h-24m-02s,96,27,26,32,31,pointworld,pointworld,moved,-1,moved,-1
RAIL+d027f2ae+2023-10-23-09h-57m-09s,102,24,24,30,30,pointworld,pointworld,same,0,same,0
RAIL+d027f2ae+2023-10-23-10h-02m-40s,104,13,13,17,17,pointworld,pointworld,same,0,same,0
RAIL+d027f2ae+2023-10-23-10h-10m-18s,86,29,29,34,33,pointworld,pointworld,same,0,moved,-1
RAIL+d027f2ae+2023-10-23-10h-13m-24s,116,32,32,37,36,pointworld,pointworld,same,0,moved,-1
RAIL+d027f2ae+2023-10-23-10h-14m-28s,104,19,19,23,23,pointworld,pointworld,same,0,same,0
RAIL+d027f2ae+2023-10-23-10h-17m-52s,133,35,35,40,40,pointworld,pointworld,same,0,same,0
RAIL+d027f2ae+2023-10-23-10h-52m-02s,112,36,35,41,40,pointworld,pointworld,moved,-1,moved,-1
RAIL+d027f2ae+2023-10-24-10h-13m-19s,81,22,22,26,26,pointworld,pointworld,same,0,same,0
RAIL+d027f2ae+2023-10-24-10h-14m-09s,97,24,24,30,30,pointworld,pointworld,same,0,same,0
RAIL+d027f2ae+2023-10-24-10h-20m-54s,99,28,28,32,32,pointworld,pointworld,same,0,same,0
RAIL+d027f2ae+2023-10-24-10h-21m-46s,109,20,20,26,26,pointworld,pointworld,same,0,same,0
RAIL+d027f2ae+2023-10-26-10h-43m-45s,60,17,18,25,22,pointworld,pointworld,moved,1,moved,-3
RAIL+d027f2ae+2023-10-26-10h-45m-11s,147,30,28,34,35,pointworld,pointworld,moved,-2,moved,1
RAIL+d027f2ae+2023-10-26-10h-47m-42s,80,18,15,22,19,pointworld,pointworld,moved,-3,moved,-3
RAIL+d027f2ae+2023-10-26-10h-48m-25s,87,11,13,18,20,pointworld,pointworld,moved,2,moved,2
RAIL+d027f2ae+2023-10-26-10h-49m-05s,64,21,16,25,22,pointworld,pointworld,moved,-5,moved,-3
RAIL+d027f2ae+2023-10-26-10h-50m-09s,61,14,16,20,20,pointworld,pointworld,moved,2,same,0
RAIL+d027f2ae+2023-10-26-11h-01m-53s,100,24,23,29,28,pointworld,pointworld,moved,-1,moved,-1
RAIL+d027f2ae+2023-10-26-18h-22m-17s,69,25,25,33,33,pointworld,pointworld,same,0,same,0
RAIL+d027f2ae+2023-10-26-18h-43m-45s,80,26,26,32,33,pointworld,pointworld,same,0,moved,1
RAIL+d027f2ae+2023-10-27-11h-25m-39s,86,20,32,26,40,pointworld,pointworld,moved,12,moved,14
RAIL+d027f2ae+2023-10-27-11h-26m-09s,105,16,24,21,29,pointworld,pointworld,moved,8,moved,8
RAIL+d027f2ae+2023-11-01-10h-34m-13s,139,33,33,38,38,pointworld,pointworld,same,0,same,0
RAIL+d027f2ae+2023-11-01-10h-35m-06s,94,36,36,42,42,pointworld,pointworld,same,0,same,0
RAIL+d027f2ae+2023-11-01-10h-53m-37s,121,28,28,33,33,pointworld,pointworld,same,0,same,0
RAIL+d027f2ae+2023-11-03-10h-25m-37s,150,23,22,27,27,pointworld,pointworld,moved,-1,same,0
RAIL+d027f2ae+2023-11-03-10h-32m-13s,144,22,21,27,26,pointworld,pointworld,moved,-1,moved,-1
RAIL+d027f2ae+2023-11-03-10h-36m-17s,90,34,33,39,38,pointworld,pointworld,moved,-1,moved,-1
RAIL+d027f2ae+2023-11-03-10h-47m-25s,87,30,28,34,33,pointworld,pointworld,moved,-2,moved,-1
RAIL+d027f2ae+2023-11-03-10h-47m-40s,111,23,22,27,26,pointworld,pointworld,moved,-1,moved,-1
RAIL+d027f2ae+2023-11-03-10h-48m-23s,113,26,25,31,30,pointworld,pointworld,moved,-1,moved,-1
RAIL+d027f2ae+2023-11-03-10h-55m-57s,67,21,21,26,25,pointworld,pointworld,same,0,moved,-1
RAIL+d027f2ae+2023-11-03-20h-35m-30s,144,36,0,45,21,pointworld,pointworld,moved,-36,moved,-24
RAIL+d027f2ae+2023-11-03-20h-40m-04s,101,32,14,45,23,pointworld,pointworld,moved,-18,moved,-22
RAIL+d027f2ae+2023-11-04-14h-05m-20s,192,28,28,34,34,pointworld,pointworld,same,0,same,0
RAIL+d027f2ae+2023-11-04-14h-10m-06s,153,22,23,28,28,pointworld,pointworld,moved,1,same,0
RAIL+d027f2ae+2023-11-04-14h-19m-59s,105,46,20,61,32,pointworld,pointworld,moved,-26,moved,-29
RAIL+d027f2ae+2023-11-04-14h-46m-23s,104,24,26,28,35,pointworld,pointworld,moved,2,moved,7
RAIL+d027f2ae+2023-11-06-10h-14m-16s,124,19,15,25,21,pointworld,pointworld,moved,-4,moved,-4
RAIL+d027f2ae+2023-11-06-10h-17m-47s,76,15,11,20,16,pointworld,pointworld,moved,-4,moved,-4
RAIL+d027f2ae+2023-11-06-10h-44m-47s,81,18,17,21,20,pointworld,pointworld,moved,-1,moved,-1
RAIL+d027f2ae+2023-11-06-10h-46m-14s,126,0,0,20,0,pointworld,pointworld,same,0,moved,-20
RAIL+d027f2ae+2023-11-06-10h-46m-34s,110,22,20,26,27,pointworld,pointworld,moved,-2,moved,1
RAIL+d027f2ae+2023-11-06-10h-52m-14s,59,22,20,27,29,pointworld,pointworld,moved,-2,moved,2
RAIL+d027f2ae+2023-11-06-11h-35m-36s,71,20,23,23,28,pointworld,pointworld,moved,3,moved,5
RAIL+d027f2ae+2023-11-06-11h-35m-52s,107,20,24,24,30,pointworld,pointworld,moved,4,moved,6
RAIL+d027f2ae+2023-11-07-10h-52m-24s,104,28,33,32,41,pointworld,pointworld,moved,5,moved,9
RAIL+d027f2ae+2023-11-14-18h-31m-41s,115,17,15,21,19,pointworld,pointworld,moved,-2,moved,-2
RAIL+d027f2ae+2023-11-14-18h-38m-04s,162,20,18,23,22,pointworld,pointworld,moved,-2,moved,-1
RAIL+d027f2ae+2023-11-14-18h-41m-13s,138,14,16,20,24,pointworld,pointworld,moved,2,moved,4
RAIL+d027f2ae+2023-11-14-18h-45m-00s,110,22,22,26,27,pointworld,pointworld,same,0,moved,1
RAIL+d027f2ae+2023-11-14-19h-04m-51s,111,26,30,30,34,pointworld,pointworld,moved,4,moved,4
RAIL+d027f2ae+2023-11-14-19h-05m-51s,158,51,65,76,94,pointworld,pointworld,moved,14,moved,18
RAIL+d027f2ae+2023-11-14-19h-06m-29s,163,48,56,98,75,pointworld,pointworld,moved,8,moved,-23
RAIL+d027f2ae+2023-11-14-19h-16m-12s,81,0,41,39,59,pointworld,pointworld,moved,41,moved,20
RAIL+d027f2ae+2023-11-15-10h-53m-11s,108,0,22,15,31,pointworld,pointworld,moved,22,moved,16
RAIL+d027f2ae+2023-11-16-11h-17m-36s,130,26,26,30,31,pointworld,pointworld,same,0,moved,1
RAIL+d027f2ae+2023-11-16-11h-20m-44s,114,24,20,32,26,pointworld,pointworld,moved,-4,moved,-6
RAIL+d027f2ae+2023-11-17-10h-32m-10s,90,19,39,28,48,pointworld,pointworld,moved,20,moved,20
RAIL+d027f2ae+2023-11-17-10h-34m-02s,112,16,35,23,46,pointworld,pointworld,moved,19,moved,23
RAIL+d027f2ae+2023-11-17-10h-51m-11s,123,14,28,18,35,pointworld,pointworld,moved,14,moved,17
RAIL+d027f2ae+2023-11-20-11h-09m-53s,76,18,43,25,-1,pointworld,pointworld,moved,25,lost,
RAIL+d027f2ae+2023-11-20-11h-14m-29s,106,16,20,49,26,pointworld,pointworld,moved,4,moved,-23
RAIL+d027f2ae+2023-11-20-11h-18m-03s,108,8,15,14,21,pointworld,pointworld,moved,7,moved,7
RAIL+d027f2ae+2023-11-20-11h-18m-18s,80,17,18,45,24,pointworld,pointworld,moved,1,moved,-21
RAIL+d027f2ae+2023-11-29-16h-55m-54s,115,28,36,36,-1,pointworld,pointworld,moved,8,lost,
RAIL+d027f2ae+2023-11-29-17h-06m-11s,126,60,63,73,-1,pointworld,pointworld,moved,3,lost,
RAIL+d027f2ae+2023-11-30-11h-41m-12s,90,21,21,25,25,pointworld,pointworld,same,0,same,0
RAIL+d027f2ae+2023-11-30-11h-44m-14s,110,42,46,48,59,pointworld,pointworld,moved,4,moved,11
RAIL+d027f2ae+2023-11-30-11h-49m-14s,110,32,32,37,36,pointworld,pointworld,same,0,moved,-1
RAIL+d027f2ae+2023-11-30-11h-55m-49s,99,35,35,46,46,pointworld,pointworld,same,0,same,0
RAIL+d027f2ae+2023-12-02-16h-31m-06s,104,31,32,39,39,pointworld,pointworld,moved,1,same,0
RAIL+d027f2ae+2023-12-02-16h-32m-37s,78,41,34,52,43,pointworld,pointworld,moved,-7,moved,-9
RAIL+d027f2ae+2023-12-02-17h-30m-20s,127,24,24,32,32,pointworld,pointworld,same,0,same,0
RAIL+daf8a660+2023-08-29-15h-29m-27s,157,34,35,43,43,pointworld,pointworld,moved,1,same,0
RAIL+daf8a660+2023-08-31-10h-52m-55s,248,30,30,39,38,pointworld,pointworld,same,0,moved,-1
RAIL+daf8a660+2023-08-31-10h-53m-22s,149,31,30,38,37,pointworld,pointworld,moved,-1,moved,-1
RAIL+daf8a660+2023-08-31-14h-52m-34s,408,22,22,27,27,pointworld,pointworld,same,0,same,0
RAIL+daf8a660+2023-08-31-14h-53m-15s,291,26,26,35,34,pointworld,pointworld,same,0,moved,-1
RAIL+daf8a660+2023-08-31-15h-11m-00s,184,67,68,74,75,pointworld,pointworld,moved,1,moved,1
RAIL+daf8a660+2023-08-31-15h-17m-32s,190,14,15,20,21,pointworld,pointworld,moved,1,moved,1
RAIL+daf8a660+2023-08-31-15h-19m-28s,144,18,18,25,26,pointworld,pointworld,same,0,moved,1
RAIL+daf8a660+2023-08-31-15h-41m-52s,99,32,33,39,40,pointworld,pointworld,moved,1,moved,1
RAIL+daf8a660+2023-08-31-15h-43m-39s,157,33,34,43,44,pointworld,pointworld,moved,1,moved,1
RAIL+daf8a660+2023-08-31-15h-52m-46s,174,24,24,31,32,pointworld,pointworld,same,0,moved,1
RAIL+daf8a660+2023-09-01-15h-30m-43s,121,55,53,66,64,pointworld,pointworld,moved,-2,moved,-2
RAIL+daf8a660+2023-09-01-15h-32m-04s,101,23,22,37,36,pointworld,pointworld,moved,-1,moved,-1
RAIL+daf8a660+2023-09-01-15h-42m-09s,180,31,31,39,38,pointworld,pointworld,same,0,moved,-1
RAIL+daf8a660+2023-09-01-15h-48m-29s,180,18,20,24,25,pointworld,pointworld,moved,2,moved,1
RAIL+daf8a660+2023-09-12-10h-38m-39s,201,22,22,26,26,pointworld,pointworld,same,0,same,0
RAIL+daf8a660+2023-09-12-10h-44m-28s,153,31,31,36,37,pointworld,pointworld,same,0,moved,1
RAIL+daf8a660+2023-10-13-11h-00m-53s,201,0,0,36,35,pointworld,pointworld,same,0,moved,-1
RAIL+daf8a660+2023-10-13-11h-14m-11s,65,30,30,40,40,pointworld,pointworld,same,0,same,0
RAIL+daf8a660+2023-10-13-11h-26m-51s,109,33,32,48,47,pointworld,pointworld,moved,-1,moved,-1
RAIL+daf8a660+2023-10-13-11h-33m-49s,113,17,0,49,48,pointworld,pointworld,moved,-17,moved,-1
RAIL+daf8a660+2023-11-29-13h-19m-21s,113,18,18,24,24,pointworld,pointworld,same,0,same,0
RAIL+daf8a660+2023-11-29-13h-23m-53s,94,18,18,26,26,pointworld,pointworld,same,0,same,0
RAIL+daf8a660+2023-11-29-14h-13m-31s,150,48,49,56,57,pointworld,pointworld,moved,1,moved,1
RAIL+daf8a660+2023-11-29-14h-13m-50s,138,25,24,30,30,pointworld,pointworld,moved,-1,same,0
RAIL+daf8a660+2023-11-29-14h-30m-43s,146,22,22,27,27,pointworld,pointworld,same,0,same,0
RAIL+daf8a660+2023-11-29-14h-33m-29s,150,19,20,25,25,pointworld,pointworld,moved,1,same,0
RAIL+eh61f232+2023-04-07-19h-34m-07s,413,0,321,313,338,pointworld,pointworld,moved,321,moved,25
RAIL+eh61f232+2023-05-15-11h-14m-40s,134,21,22,34,36,pointworld,pointworld,moved,1,moved,2
RAIL+eh61f232+2023-05-15-11h-18m-18s,135,25,25,40,40,pointworld,pointworld,same,0,same,0
RAIL+eh61f232+2023-05-15-11h-22m-46s,135,32,33,47,48,pointworld,pointworld,moved,1,moved,1
RAIL+eh61f232+2023-10-26-17h-31m-25s,1333,431,416,488,443,pointworld,pointworld,moved,-15,moved,-45
RAIL+eh61f232+2023-10-26-17h-33m-59s,672,313,153,-1,328,pointworld,pointworld,moved,-160,recovered,
RAIL+eh61f232+2023-10-26-17h-35m-23s,310,81,54,-1,86,pointworld,pointworld,moved,-27,recovered,
RAIL+t3d58310+2023-05-19-15h-23m-47s,121,24,0,38,37,pointworld,pointworld,moved,-24,moved,-1
RAIL+t3d58310+2023-05-19-15h-33m-06s,132,0,0,35,34,pointworld,pointworld,same,0,moved,-1
RAIL+t3d58310+2023-05-19-15h-40m-50s,114,25,25,34,34,pointworld,pointworld,same,0,same,0
RAIL+t3d58310+2023-05-19-15h-43m-29s,117,27,27,45,45,pointworld,pointworld,same,0,same,0
RAIL+t3d58310+2023-05-19-16h-51m-01s,124,43,43,49,50,pointworld,pointworld,same,0,moved,1
RAIL+t3d58310+2023-05-20-14h-10m-35s,179,60,66,75,112,pointworld,pointworld,moved,6,moved,37
RAIL+t3d58310+2023-05-20-14h-12m-01s,97,43,55,52,-1,pointworld,pointworld,moved,12,lost,
RAIL+t3d58310+2023-05-20-14h-39m-06s,155,0,22,37,56,pointworld,pointworld,moved,22,moved,19
RAIL+t3d58310+2023-05-20-14h-39m-25s,129,25,48,49,65,pointworld,pointworld,moved,23,moved,16
RAIL+t3d58310+2023-05-20-14h-40m-53s,143,38,38,47,51,pointworld,pointworld,same,0,moved,4
RAIL+t3d58310+2023-05-20-14h-46m-25s,134,10,16,17,38,pointworld,pointworld,moved,6,moved,21
RAIL+t3d58310+2023-05-20-14h-51m-12s,214,20,20,36,36,pointworld,pointworld,same,0,same,0
RAIL+t3d58310+2023-05-20-15h-03m-11s,130,35,36,40,41,pointworld,pointworld,moved,1,moved,1
RAIL+t3d58310+2023-05-20-15h-05m-40s,95,23,38,38,44,pointworld,pointworld,moved,15,moved,6
RAIL+t3d58310+2023-05-20-15h-06m-37s,127,29,29,34,34,pointworld,pointworld,same,0,same,0
RAIL+t3d58310+2023-05-20-15h-07m-17s,134,18,23,25,42,pointworld,pointworld,moved,5,moved,17
RAIL+t3d58310+2023-05-20-15h-09m-46s,205,26,28,42,43,pointworld,pointworld,moved,2,moved,1
RAIL+t3d58310+2023-05-28-14h-51m-43s,197,20,20,57,55,pointworld,pointworld,same,0,moved,-2
RAIL+t3d58310+2023-05-28-15h-01m-40s,144,11,11,16,16,pointworld,pointworld,same,0,same,0
RAIL+t3d58310+2023-05-28-15h-03m-45s,227,17,17,22,22,pointworld,pointworld,same,0,same,0
RAIL+t3d58310+2023-05-28-15h-08m-56s,158,18,18,24,24,pointworld,pointworld,same,0,same,0
RAIL+t3d58310+2023-05-28-15h-47m-49s,160,18,18,24,24,pointworld,pointworld,same,0,same,0
RAIL+t3d58310+2023-05-28-16h-02m-44s,163,14,14,19,19,pointworld,pointworld,same,0,same,0
RAIL+t3d58310+2023-05-28-16h-45m-01s,187,27,27,58,58,pointworld,pointworld,same,0,same,0
RAIL+t3d58310+2023-05-28-16h-45m-41s,170,9,10,15,15,pointworld,pointworld,moved,1,same,0
RAIL+t3d58310+2023-05-28-16h-47m-28s,242,23,22,37,30,pointworld,pointworld,moved,-1,moved,-7
RAIL+t3d58310+2023-05-28-16h-57m-06s,359,38,39,45,45,pointworld,pointworld,moved,1,same,0
RAIL+t3d58310+2023-05-28-17h-01m-52s,176,36,37,43,43,pointworld,pointworld,moved,1,same,0
RAIL+t3d58310+2023-05-28-17h-06m-06s,155,35,34,40,39,pointworld,pointworld,moved,-1,moved,-1
RAIL+t3d58310+2023-05-28-17h-11m-52s,128,8,8,12,12,pointworld,pointworld,same,0,same,0
RAIL+t3d58310+2023-05-28-17h-24m-18s,110,18,18,23,23,pointworld,pointworld,same,0,same,0
RAIL+t3d58310+2023-05-28-17h-44m-07s,112,16,16,21,21,pointworld,pointworld,same,0,same,0
RAIL+t3d58310+2023-07-13-15h-50m-45s,289,131,131,167,165,pointworld,pointworld,same,0,moved,-2
RAIL+t3d58310+2023-07-27-15h-54m-57s,549,76,64,83,82,pointworld,pointworld,moved,-12,moved,-1
RAIL+t3d58310+2023-07-27-17h-11m-43s,212,52,49,74,73,pointworld,pointworld,moved,-3,moved,-1
RAIL+t3d58310+2023-07-27-17h-17m-43s,497,49,51,68,70,pointworld,pointworld,moved,2,moved,2
RAIL+t3d58310+2023-07-27-17h-22m-46s,405,79,80,85,86,pointworld,pointworld,moved,1,moved,1
RAIL+t3d58310+2023-07-27-17h-28m-55s,380,57,60,101,102,pointworld,pointworld,moved,3,moved,1
RAIL+t3d58310+2023-07-27-17h-30m-58s,125,25,26,37,38,pointworld,pointworld,moved,1,moved,1
RAIL+t3d58310+2023-07-27-17h-47m-03s,562,38,39,42,51,pointworld,pointworld,moved,1,moved,9
RAIL+t3d58310+2023-07-28-17h-26m-05s,645,26,28,33,32,pointworld,pointworld,moved,2,moved,-1
RAIL+t3d58310+2023-07-28-18h-02m-42s,833,47,49,58,179,pointworld,pointworld,moved,2,moved,121
RAIL+t3d58310+2023-07-28-18h-10m-28s,765,66,77,80,83,pointworld,pointworld,moved,11,moved,3
RAIL+t3d58310+2023-07-28-18h-27m-22s,501,55,73,79,162,pointworld,pointworld,moved,18,moved,83
RAIL+t3d58310+2023-08-08-17h-00m-30s,684,22,22,51,54,pointworld,pointworld,same,0,moved,3
RAIL+t3d58310+2023-08-08-18h-02m-28s,268,56,55,61,62,pointworld,pointworld,moved,-1,moved,1
RAIL+t3d58310+2023-08-12-15h-02m-31s,1352,43,43,59,58,pointworld,pointworld,same,0,moved,-1
RAIL+t3d58310+2023-08-12-16h-51m-15s,1464,44,26,50,49,pointworld,pointworld,moved,-18,moved,-1
RAIL+t3d58310+2023-08-12-17h-11m-35s,1283,21,21,47,47,pointworld,pointworld,same,0,same,0
REAL+4dbb5646+2023-04-14-16h-31m-52s,572,78,77,121,120,pointworld,pointworld,moved,-1,moved,-1
REAL+4dbb5646+2023-04-17-14h-56m-15s,627,0,0,24,28,pointworld,pointworld,same,0,moved,4
REAL+4dbb5646+2023-04-18-15h-35m-54s,314,0,0,0,0,pointworld,pointworld,same,0,same,0
REAL+4dbb5646+2023-04-18-16h-50m-14s,393,0,0,0,0,pointworld,pointworld,same,0,same,0
REAL+4dbb5646+2023-04-18-16h-52m-32s,280,0,0,0,0,pointworld,pointworld,same,0,same,0
REAL+4dbb5646+2023-05-17-11h-07m-32s,262,0,0,8,8,pointworld,pointworld,same,0,same,0
REAL+4dbb5646+2023-05-17-11h-13m-14s,179,0,0,21,22,pointworld,pointworld,same,0,moved,1
REAL+4dbb5646+2023-05-17-11h-15m-17s,493,0,0,27,28,pointworld,pointworld,same,0,moved,1
REAL+4dbb5646+2023-05-17-16h-08m-46s,242,7,9,23,24,pointworld,pointworld,moved,2,moved,1
REAL+4dbb5646+2023-05-17-16h-09m-15s,164,0,7,17,17,pointworld,pointworld,moved,7,same,0
REAL+4dbb5646+2023-05-17-16h-10m-36s,248,0,0,13,15,pointworld,pointworld,same,0,moved,2
REAL+4dbb5646+2023-05-17-16h-13m-12s,176,0,0,42,43,pointworld,pointworld,same,0,moved,1
REAL+4dbb5646+2023-05-17-16h-18m-18s,182,0,0,0,0,pointworld,pointworld,same,0,same,0
REAL+4dbb5646+2023-05-17-16h-20m-22s,184,0,0,50,51,pointworld,pointworld,same,0,moved,1
REAL+4dbb5646+2023-05-19-12h-48m-33s,467,0,0,59,59,pointworld,pointworld,same,0,same,0
REAL+4dbb5646+2023-05-19-16h-18m-41s,391,24,17,33,62,pointworld,pointworld,moved,-7,moved,29
REAL+4dbb5646+2023-05-19-16h-20m-27s,416,0,10,16,52,pointworld,pointworld,moved,10,moved,36
REAL+4dbb5646+2023-05-19-16h-21m-41s,429,0,13,20,43,pointworld,pointworld,moved,13,moved,23
REAL+4dbb5646+2023-05-30-16h-08m-42s,159,0,18,8,25,pointworld,pointworld,moved,18,moved,17
REAL+4dbb5646+2023-05-30-16h-15m-06s,134,0,7,0,15,pointworld,pointworld,moved,7,moved,15
REAL+4dbb5646+2023-05-30-16h-17m-25s,214,0,14,0,30,pointworld,pointworld,moved,14,moved,30
REAL+4dbb5646+2023-05-30-16h-41m-21s,174,0,11,0,16,pointworld,pointworld,moved,11,moved,16
REAL+4dbb5646+2023-05-30-16h-42m-23s,321,0,13,0,20,pointworld,pointworld,moved,13,moved,20
REAL+4dbb5646+2023-06-07-11h-33m-32s,285,7,0,15,9,pointworld,pointworld,moved,-7,moved,-6
REAL+4dbb5646+2023-06-07-11h-40m-00s,189,0,0,17,14,pointworld,pointworld,same,0,moved,-3
REAL+4dbb5646+2023-06-07-11h-41m-40s,245,15,10,32,28,pointworld,pointworld,moved,-5,moved,-4
REAL+4dbb5646+2023-06-07-11h-46m-04s,202,12,10,34,30,pointworld,pointworld,moved,-2,moved,-4
REAL+4dbb5646+2023-06-07-11h-56m-17s,404,25,23,44,42,pointworld,pointworld,moved,-2,moved,-2
REAL+4dbb5646+2023-06-07-11h-57m-41s,216,17,14,24,20,pointworld,pointworld,moved,-3,moved,-4
REAL+4dbb5646+2023-06-07-11h-59m-09s,189,23,20,42,28,pointworld,pointworld,moved,-3,moved,-14
REAL+4dbb5646+2023-06-07-12h-01m-04s,207,12,9,23,18,pointworld,pointworld,moved,-3,moved,-5
REAL+4dbb5646+2023-06-07-12h-01m-28s,191,29,26,48,45,pointworld,pointworld,moved,-3,moved,-3
REAL+4dbb5646+2023-06-07-12h-10m-31s,508,15,15,28,61,pointworld,pointworld,same,0,moved,33
REAL+4dbb5646+2023-06-07-12h-26m-40s,151,10,11,27,29,pointworld,pointworld,moved,1,moved,2
REAL+4dbb5646+2023-06-21-15h-42m-14s,277,26,31,41,58,pointworld,pointworld,moved,5,moved,17
REAL+4dbb5646+2023-06-21-15h-47m-05s,217,58,75,69,90,pointworld,pointworld,moved,17,moved,21
REAL+4dbb5646+2023-06-21-15h-48m-30s,173,18,27,28,41,pointworld,pointworld,moved,9,moved,13
REAL+4dbb5646+2023-06-21-15h-51m-08s,257,18,96,93,147,pointworld,pointworld,moved,78,moved,54
REAL+4dbb5646+2023-06-21-15h-52m-18s,215,49,163,172,-1,pointworld,pointworld,moved,114,lost,
REAL+4dbb5646+2023-06-21-16h-01m-31s,215,24,27,39,67,pointworld,pointworld,moved,3,moved,28
REAL+4dbb5646+2023-06-21-16h-02m-25s,209,17,27,25,47,pointworld,pointworld,moved,10,moved,22
REAL+4dbb5646+2023-06-21-16h-07m-02s,195,35,39,42,54,pointworld,pointworld,moved,4,moved,12
REAL+4dbb5646+2023-06-21-16h-11m-19s,212,15,21,23,31,pointworld,pointworld,moved,6,moved,8
REAL+4dbb5646+2023-06-21-16h-24m-22s,187,27,44,50,-1,pointworld,pointworld,moved,17,lost,
REAL+4dbb5646+2023-06-21-16h-31m-37s,178,20,21,36,36,pointworld,pointworld,moved,1,same,0
REAL+4dbb5646+2023-07-25-14h-22m-55s,166,22,21,30,29,pointworld,pointworld,moved,-1,moved,-1
REAL+4dbb5646+2023-07-25-14h-23m-42s,174,18,17,26,26,pointworld,pointworld,moved,-1,same,0
REAL+4dbb5646+2023-07-25-14h-24m-24s,118,22,21,29,28,pointworld,pointworld,moved,-1,moved,-1
REAL+4dbb5646+2023-07-25-14h-26m-22s,191,26,25,34,33,pointworld,pointworld,moved,-1,moved,-1
REAL+4dbb5646+2023-07-25-14h-32m-51s,170,21,20,27,26,pointworld,pointworld,moved,-1,moved,-1
REAL+4dbb5646+2023-07-25-14h-33m-56s,208,28,27,38,36,pointworld,pointworld,moved,-1,moved,-2
REAL+4dbb5646+2023-07-25-14h-37m-38s,172,30,29,36,35,pointworld,pointworld,moved,-1,moved,-1
REAL+4dbb5646+2023-07-25-14h-38m-35s,184,32,31,40,39,pointworld,pointworld,moved,-1,moved,-1
REAL+4dbb5646+2023-07-25-14h-39m-14s,105,21,20,28,27,pointworld,pointworld,moved,-1,moved,-1
REAL+4dbb5646+2023-07-25-14h-39m-34s,162,17,17,26,25,pointworld,pointworld,same,0,moved,-1
REAL+4dbb5646+2023-07-25-14h-47m-36s,171,20,20,28,27,pointworld,pointworld,same,0,moved,-1
REAL+4dbb5646+2023-07-25-14h-55m-22s,130,0,0,17,16,pointworld,pointworld,same,0,moved,-1
REAL+4f8ca688+2023-05-17-10h-45m-52s,275,26,28,44,45,pointworld,pointworld,moved,2,moved,1
REAL+4f8ca688+2023-05-17-10h-54m-25s,124,17,18,23,23,pointworld,pointworld,moved,1,same,0
REAL+4f8ca688+2023-05-20-11h-45m-27s,284,43,0,51,-1,pointworld,pointworld,moved,-43,lost,
REAL+4f8ca688+2023-05-20-11h-50m-07s,525,17,0,32,205,pointworld,pointworld,moved,-17,moved,173
REAL+4f8ca688+2023-05-21-09h-09m-19s,392,55,0,150,33,pointworld,pointworld,moved,-55,moved,-117
REAL+4f8ca688+2023-05-21-09h-22m-04s,366,21,0,26,0,pointworld,pointworld,moved,-21,moved,-26
REAL+4f8ca688+2023-05-21-09h-26m-58s,288,22,0,30,0,pointworld,pointworld,moved,-22,moved,-30
REAL+4f8ca688+2023-05-21-09h-28m-40s,91,0,0,14,0,pointworld,pointworld,same,0,moved,-14
REAL+4f8ca688+2023-05-21-09h-33m-01s,300,25,0,30,21,pointworld,pointworld,moved,-25,moved,-9
REAL+4f8ca688+2023-05-27-10h-45m-35s,323,0,21,0,29,pointworld,pointworld,moved,21,moved,29
REAL+4f8ca688+2023-05-27-11h-08m-47s,110,0,15,11,32,pointworld,pointworld,moved,15,moved,21
REAL+4f8ca688+2023-05-27-11h-28m-13s,286,0,0,0,17,pointworld,pointworld,same,0,moved,17
REAL+4f8ca688+2023-05-27-11h-30m-12s,199,0,22,21,26,pointworld,pointworld,moved,22,moved,5
REAL+4f8ca688+2023-05-27-11h-44m-34s,279,21,22,30,30,pointworld,pointworld,moved,1,same,0
REAL+4f8ca688+2023-05-27-11h-55m-27s,200,13,14,19,19,pointworld,pointworld,moved,1,same,0
REAL+4f8ca688+2023-05-27-11h-56m-55s,94,0,0,13,13,pointworld,pointworld,same,0,same,0
REAL+4f8ca688+2023-05-31-10h-26m-18s,665,29,28,54,54,pointworld,pointworld,moved,-1,same,0
REAL+4f8ca688+2023-05-31-10h-27m-45s,712,31,31,51,50,pointworld,pointworld,same,0,moved,-1
REAL+4f8ca688+2023-05-31-10h-37m-58s,1041,0,0,26,26,pointworld,pointworld,same,0,same,0
REAL+4f8ca688+2023-05-31-10h-43m-25s,244,16,15,23,22,pointworld,pointworld,moved,-1,moved,-1
REAL+4f8ca688+2023-05-31-10h-51m-42s,307,5,0,17,16,pointworld,pointworld,moved,-5,moved,-1
REAL+4f8ca688+2023-05-31-11h-05m-04s,191,0,0,22,21,pointworld,pointworld,same,0,moved,-1
REAL+4f8ca688+2023-06-08-12h-23m-57s,186,16,0,40,65,pointworld,pointworld,moved,-16,moved,25
REAL+4f8ca688+2023-06-08-14h-23m-57s,150,26,15,52,22,pointworld,pointworld,moved,-11,moved,-30
REAL+4f8ca688+2023-06-08-14h-29m-21s,473,65,35,172,42,pointworld,pointworld,moved,-30,moved,-130
REAL+4f8ca688+2023-06-08-14h-36m-12s,425,41,23,50,47,pointworld,pointworld,moved,-18,moved,-3
REAL+4f8ca688+2023-06-08-14h-44m-20s,167,37,34,65,45,pointworld,pointworld,moved,-3,moved,-20
REAL+4f8ca688+2023-06-08-14h-48m-03s,313,61,60,87,86,pointworld,pointworld,moved,-1,moved,-1
REAL+4f8ca688+2023-06-08-14h-51m-50s,193,46,24,135,31,pointworld,pointworld,moved,-22,moved,-104
REAL+4f8ca688+2023-06-08-14h-52m-35s,267,28,21,69,29,pointworld,pointworld,moved,-7,moved,-40
REAL+4f8ca688+2023-06-08-15h-00m-30s,402,23,14,61,26,pointworld,pointworld,moved,-9,moved,-35
REAL+4f8ca688+2023-06-15-14h-58m-11s,250,27,27,44,44,pointworld,pointworld,same,0,same,0
REAL+4f8ca688+2023-06-15-15h-05m-48s,571,47,0,476,35,pointworld,pointworld,moved,-47,moved,-441
REAL+4f8ca688+2023-06-15-15h-17m-33s,794,55,11,-1,39,pointworld,pointworld,moved,-44,recovered,
REAL+4f8ca688+2023-06-15-15h-21m-30s,404,61,26,80,55,pointworld,pointworld,moved,-35,moved,-25
REAL+4f8ca688+2023-06-27-11h-35m-05s,112,15,25,21,32,pointworld,pointworld,moved,10,moved,11
REAL+4f8ca688+2023-06-27-11h-46m-30s,343,26,37,33,42,pointworld,pointworld,moved,11,moved,9
REAL+4f8ca688+2023-07-04-12h-35m-57s,351,68,67,77,75,pointworld,pointworld,moved,-1,moved,-2
REAL+4f8ca688+2023-07-04-12h-37m-04s,378,35,38,42,56,pointworld,pointworld,moved,3,moved,14
REAL+4f8ca688+2023-07-04-12h-47m-50s,333,35,34,42,41,pointworld,pointworld,moved,-1,moved,-1
REAL+4f8ca688+2023-07-04-15h-15m-17s,473,28,27,34,33,pointworld,pointworld,moved,-1,moved,-1
REAL+4f8ca688+2023-07-04-15h-20m-13s,426,23,23,31,31,pointworld,pointworld,same,0,same,0
REAL+4f8ca688+2023-07-11-12h-02m-44s,173,0,0,-1,-1,pointworld,pointworld,same,0,same,
REAL+4f8ca688+2023-07-11-12h-42m-31s,263,19,19,28,28,pointworld,pointworld,same,0,same,0
REAL+4f8ca688+2023-07-13-13h-26m-29s,378,40,0,64,54,pointworld,pointworld,moved,-40,moved,-10
REAL+4f8ca688+2023-07-13-13h-57m-11s,149,14,13,20,19,pointworld,pointworld,moved,-1,moved,-1
REAL+4f8ca688+2023-07-13-13h-59m-04s,342,16,0,31,21,pointworld,pointworld,moved,-16,moved,-10
REAL+4f8ca688+2023-07-13-14h-12m-29s,395,18,14,25,22,pointworld,pointworld,moved,-4,moved,-3
REAL+4f8ca688+2023-07-13-14h-31m-50s,246,0,0,19,21,pointworld,pointworld,same,0,moved,2
REAL+4f8ca688+2023-07-15-11h-48m-33s,192,33,35,42,43,pointworld,pointworld,moved,2,moved,1
REAL+4f8ca688+2023-07-15-11h-58m-22s,214,25,24,50,49,pointworld,pointworld,moved,-1,moved,-1
REAL+4f8ca688+2023-07-15-12h-41m-47s,428,15,18,56,56,pointworld,pointworld,moved,3,same,0
REAL+4f8ca688+2023-07-15-12h-53m-35s,420,50,50,63,63,pointworld,pointworld,same,0,same,0
REAL+4f8ca688+2023-07-20-13h-10m-12s,261,40,38,54,52,pointworld,pointworld,moved,-2,moved,-2
REAL+4f8ca688+2023-07-20-13h-19m-43s,152,0,0,19,19,pointworld,pointworld,same,0,same,0
REAL+4f8ca688+2023-07-20-13h-20m-35s,272,0,0,37,36,pointworld,pointworld,same,0,moved,-1
REAL+4f8ca688+2023-07-20-15h-06m-47s,46,0,0,23,23,pointworld,pointworld,same,0,same,0
REAL+4f8ca688+2023-07-25-12h-52m-10s,115,22,22,29,29,pointworld,pointworld,same,0,same,0
REAL+4f8ca688+2023-07-25-13h-46m-36s,248,8,6,23,21,pointworld,pointworld,moved,-2,moved,-2
REAL+4f8ca688+2023-07-25-13h-47m-01s,491,3,0,17,15,pointworld,pointworld,moved,-3,moved,-2
REAL+4f8ca688+2023-08-15-12h-56m-12s,125,19,18,46,49,pointworld,pointworld,moved,-1,moved,3
REAL+4f8ca688+2023-08-15-13h-05m-52s,217,34,34,42,42,pointworld,pointworld,same,0,same,0
REAL+4f8ca688+2023-08-15-14h-24m-05s,588,22,23,29,30,pointworld,pointworld,moved,1,moved,1
REAL+4f8ca688+2023-08-15-14h-25m-49s,128,19,20,24,25,pointworld,pointworld,moved,1,moved,1
REAL+4f8ca688+2023-08-15-14h-35m-30s,93,0,0,41,48,pointworld,pointworld,same,0,moved,7
REAL+4f8ca688+2023-08-15-14h-55m-57s,82,30,32,45,49,pointworld,pointworld,moved,2,moved,4
REAL+4f8ca688+2023-08-15-15h-00m-43s,157,0,14,20,21,pointworld,pointworld,moved,14,moved,1
REAL+4f8ca688+2023-08-24-14h-23m-28s,510,0,0,0,0,pointworld,pointworld,same,0,same,0
REAL+4f8ca688+2023-08-24-14h-30m-43s,495,14,15,24,25,pointworld,pointworld,moved,1,moved,1
REAL+4f8ca688+2023-08-24-15h-08m-38s,240,19,20,26,27,pointworld,pointworld,moved,1,moved,1
REAL+4f8ca688+2023-08-24-15h-16m-22s,636,13,13,21,21,pointworld,pointworld,same,0,same,0
REAL+4f8ca688+2023-08-24-15h-17m-16s,234,8,9,14,15,pointworld,pointworld,moved,1,moved,1
REAL+4f8ca688+2023-08-24-15h-20m-02s,161,0,0,12,12,pointworld,pointworld,same,0,same,0
REAL+4f8ca688+2023-08-24-15h-35m-32s,653,17,19,29,30,pointworld,pointworld,moved,2,moved,1
REAL+4f8ca688+2023-08-29-13h-07m-06s,279,16,15,26,25,pointworld,pointworld,moved,-1,moved,-1
REAL+4f8ca688+2023-08-29-13h-07m-34s,200,20,19,34,30,pointworld,pointworld,moved,-1,moved,-4
REAL+4f8ca688+2023-08-29-13h-13m-25s,231,22,20,35,32,pointworld,pointworld,moved,-2,moved,-3
REAL+4f8ca688+2023-08-29-13h-26m-05s,275,17,15,37,36,pointworld,pointworld,moved,-2,moved,-1
REAL+4f8ca688+2023-08-29-13h-32m-37s,157,0,0,44,38,pointworld,pointworld,same,0,moved,-6
REAL+4f8ca688+2023-08-29-13h-36m-08s,347,16,15,24,23,pointworld,pointworld,moved,-1,moved,-1
REAL+4f8ca688+2023-08-29-14h-11m-41s,252,15,13,27,26,pointworld,pointworld,moved,-2,moved,-1
REAL+4f8ca688+2023-08-29-14h-16m-55s,157,32,29,82,78,pointworld,pointworld,moved,-3,moved,-4
REAL+4f8ca688+2023-08-29-14h-36m-57s,316,13,13,50,47,pointworld,pointworld,same,0,moved,-3
REAL+4f8ca688+2023-08-29-14h-46m-45s,326,14,13,19,19,pointworld,pointworld,moved,-1,same,0
REAL+4f8ca688+2023-08-29-14h-50m-19s,198,17,16,22,22,pointworld,pointworld,moved,-1,same,0
REAL+4f8ca688+2023-08-29-14h-56m-20s,71,7,7,13,12,pointworld,pointworld,same,0,moved,-1
REAL+4f8ca688+2023-08-31-13h-02m-15s,191,0,0,14,0,pointworld,pointworld,same,0,moved,-14
REAL+4f8ca688+2023-08-31-13h-11m-04s,359,14,0,24,0,pointworld,pointworld,moved,-14,moved,-24
REAL+4f8ca688+2023-08-31-13h-50m-38s,141,0,0,0,0,pointworld,pointworld,same,0,same,0
REAL+4f8ca688+2023-08-31-13h-59m-53s,183,0,0,0,0,pointworld,pointworld,same,0,same,0
REAL+4f8ca688+2023-08-31-14h-03m-08s,158,0,0,0,0,pointworld,pointworld,same,0,same,0
REAL+4f8ca688+2023-08-31-14h-07m-56s,114,0,0,0,0,pointworld,pointworld,same,0,same,0
REAL+4f8ca688+2023-08-31-15h-08m-29s,380,55,57,86,88,pointworld,pointworld,moved,2,moved,2
REAL+4f8ca688+2023-08-31-15h-20m-30s,197,0,0,29,56,pointworld,pointworld,same,0,moved,27
REAL+4f8ca688+2023-08-31-15h-33m-09s,236,8,11,51,60,pointworld,pointworld,moved,3,moved,9
REAL+4f8ca688+2023-08-31-15h-34m-42s,220,0,0,11,12,pointworld,pointworld,same,0,moved,1
REAL+4f8ca688+2023-09-07-13h-07m-58s,285,0,0,7,6,pointworld,pointworld,same,0,moved,-1
REAL+4f8ca688+2023-09-07-13h-17m-30s,256,0,0,13,9,pointworld,pointworld,same,0,moved,-4
REAL+4f8ca688+2023-09-07-13h-38m-28s,165,0,0,49,0,pointworld,pointworld,same,0,moved,-49
REAL+4f8ca688+2023-09-07-13h-42m-00s,232,18,0,44,14,pointworld,pointworld,moved,-18,moved,-30
REAL+75b7b0f9+2023-06-23-15h-14m-42s,451,53,0,76,0,pointworld,pointworld,moved,-53,moved,-76
REAL+75b7b0f9+2023-06-23-15h-16m-52s,271,61,0,86,48,pointworld,pointworld,moved,-61,moved,-38
REAL+75b7b0f9+2023-06-23-15h-22m-18s,357,52,0,58,44,pointworld,pointworld,moved,-52,moved,-14
REAL+75b7b0f9+2023-06-23-15h-32m-29s,315,33,0,38,27,pointworld,pointworld,moved,-33,moved,-11
REAL+75b7b0f9+2023-06-23-15h-35m-21s,198,34,0,45,25,pointworld,pointworld,moved,-34,moved,-20
REAL+75b7b0f9+2023-06-23-15h-45m-50s,133,30,0,36,0,pointworld,pointworld,moved,-30,moved,-36
REAL+75b7b0f9+2023-06-23-16h-00m-36s,204,0,0,39,40,pointworld,pointworld,same,0,moved,1
REAL+75b7b0f9+2023-06-23-16h-01m-43s,186,17,17,29,30,pointworld,pointworld,same,0,moved,1
REAL+75b7b0f9+2023-06-23-16h-27m-17s,360,0,0,29,29,pointworld,pointworld,same,0,same,0
REAL+75b7b0f9+2023-06-23-16h-44m-23s,124,0,10,21,22,pointworld,pointworld,moved,10,moved,1
REAL+75b7b0f9+2023-06-23-16h-58m-01s,203,0,0,11,14,pointworld,pointworld,same,0,moved,3
REAL+75b7b0f9+2023-06-23-17h-03m-29s,166,11,12,26,26,pointworld,pointworld,moved,1,same,0
REAL+75b7b0f9+2023-06-23-17h-04m-08s,332,0,0,117,116,pointworld,pointworld,same,0,moved,-1
REAL+75b7b0f9+2023-09-10-11h-52m-58s,196,20,0,26,22,pointworld,pointworld,moved,-20,moved,-4
REAL+75b7b0f9+2023-09-10-11h-53m-31s,161,0,0,13,0,pointworld,pointworld,same,0,moved,-13
REAL+75b7b0f9+2023-09-10-11h-54m-36s,171,18,0,24,16,pointworld,pointworld,moved,-18,moved,-8
REAL+75b7b0f9+2023-09-10-11h-59m-20s,166,0,0,0,0,pointworld,pointworld,same,0,same,0
REAL+75b7b0f9+2023-09-10-12h-08m-29s,67,0,0,18,0,pointworld,pointworld,same,0,moved,-18
REAL+75b7b0f9+2023-09-10-12h-17m-17s,89,24,16,32,23,pointworld,pointworld,moved,-8,moved,-9
REAL+75b7b0f9+2023-09-10-12h-17m-53s,81,0,0,23,0,pointworld,pointworld,same,0,moved,-23
REAL+9f2719b2+2023-05-12-14h-24m-04s,221,30,29,48,47,pointworld,pointworld,moved,-1,moved,-1
REAL+a73643bb+2023-05-30-17h-14m-18s,265,16,17,29,29,pointworld,pointworld,moved,1,same,0
REAL+a73643bb+2023-06-06-17h-33m-11s,674,36,37,47,48,pointworld,pointworld,moved,1,moved,1
REAL+b04f2af4+2023-05-21-14h-13m-27s,1306,0,0,107,0,pointworld,pointworld,same,0,moved,-107
REAL+b04f2af4+2023-05-21-14h-21m-26s,1093,33,0,209,0,pointworld,pointworld,moved,-33,moved,-209
REAL+b04f2af4+2023-06-01-18h-56m-59s,258,31,31,40,40,pointworld,pointworld,same,0,same,0
REAL+b04f2af4+2023-06-11-15h-49m-55s,238,12,14,20,22,pointworld,pointworld,moved,2,moved,2
REAL+b04f2af4+2023-07-15-13h-51m-44s,270,32,24,40,31,pointworld,pointworld,moved,-8,moved,-9
REAL+b04f2af4+2023-07-15-13h-56m-24s,392,38,15,70,43,pointworld,pointworld,moved,-23,moved,-27
REAL+b04f2af4+2023-07-15-14h-06m-25s,140,31,13,47,35,pointworld,pointworld,moved,-18,moved,-12
REAL+b04f2af4+2023-07-15-14h-53m-48s,241,0,0,13,15,pointworld,pointworld,same,0,moved,2
REAL+b04f2af4+2023-09-10-14h-57m-19s,169,0,0,0,0,pointworld,pointworld,same,0,same,0
REAL+b04f2af4+2023-09-10-15h-34m-05s,73,0,0,0,0,pointworld,pointworld,same,0,same,0
REAL+b04f2af4+2023-09-10-15h-37m-51s,163,0,0,0,0,pointworld,pointworld,same,0,same,0
REAL+b04f2af4+2023-09-10-15h-38m-35s,244,0,0,0,0,pointworld,pointworld,same,0,same,0
REAL+b04f2af4+2023-09-10-15h-49m-25s,255,0,0,0,0,pointworld,pointworld,same,0,same,0
REAL+de601749+2023-05-19-11h-48m-18s,605,64,0,71,75,pointworld,pointworld,moved,-64,moved,4
REAL+de601749+2023-05-19-12h-07m-20s,342,36,0,47,37,pointworld,pointworld,moved,-36,moved,-10
REAL+de601749+2023-05-19-12h-25m-44s,534,50,0,57,196,pointworld,pointworld,moved,-50,moved,139
REAL+de601749+2023-05-19-12h-29m-37s,220,27,0,44,45,pointworld,pointworld,moved,-27,moved,1
REAL+de601749+2023-05-20-14h-56m-27s,416,0,38,0,197,pointworld,pointworld,moved,38,moved,197
REAL+de601749+2023-05-20-16h-05m-05s,610,36,34,42,41,pointworld,pointworld,moved,-2,moved,-1
REAL+de601749+2023-05-28-15h-22m-53s,438,18,0,24,0,pointworld,pointworld,moved,-18,moved,-24
REAL+de601749+2023-05-28-15h-25m-00s,468,0,0,12,0,pointworld,pointworld,same,0,moved,-12
REAL+de601749+2023-05-28-15h-27m-40s,114,0,0,20,0,pointworld,pointworld,same,0,moved,-20
REAL+de601749+2023-05-28-15h-50m-57s,610,0,0,0,0,pointworld,pointworld,same,0,same,0
REAL+de601749+2023-05-28-15h-53m-23s,523,0,0,0,0,pointworld,pointworld,same,0,same,0
REAL+de601749+2023-05-28-16h-29m-57s,538,0,0,0,0,pointworld,pointworld,same,0,same,0
REAL+de601749+2023-06-01-18h-21m-08s,388,0,47,45,56,pointworld,pointworld,moved,47,moved,11
REAL+de601749+2023-06-01-18h-24m-16s,702,38,59,53,110,pointworld,pointworld,moved,21,moved,57
REAL+de601749+2023-06-09-12h-31m-16s,319,33,25,41,34,pointworld,pointworld,moved,-8,moved,-7
REAL+de601749+2023-06-09-12h-36m-45s,328,37,24,55,35,pointworld,pointworld,moved,-13,moved,-20
REAL+de601749+2023-06-09-12h-40m-00s,149,41,25,55,40,pointworld,pointworld,moved,-16,moved,-15
REAL+de601749+2023-06-09-12h-44m-55s,212,43,28,64,42,pointworld,pointworld,moved,-15,moved,-22
REAL+de601749+2023-06-09-12h-48m-58s,322,36,26,48,34,pointworld,pointworld,moved,-10,moved,-14
REAL+de601749+2023-06-09-12h-51m-53s,238,35,22,72,36,pointworld,pointworld,moved,-13,moved,-36
REAL+de601749+2023-06-09-13h-01m-42s,356,37,25,53,34,pointworld,pointworld,moved,-12,moved,-19
REAL+de601749+2023-06-09-13h-03m-04s,222,21,12,31,19,pointworld,pointworld,moved,-9,moved,-12
REAL+de601749+2023-06-09-13h-09m-41s,258,47,26,59,39,pointworld,pointworld,moved,-21,moved,-20
REAL+de601749+2023-06-09-13h-10m-29s,190,39,13,158,40,pointworld,pointworld,moved,-26,moved,-118
REAL+de601749+2023-06-10-13h-36m-07s,424,25,26,32,34,pointworld,pointworld,moved,1,moved,2
REAL+de601749+2023-06-10-14h-21m-10s,152,19,19,25,26,pointworld,pointworld,same,0,moved,1
REAL+de601749+2023-06-10-14h-37m-54s,156,0,0,35,35,pointworld,pointworld,same,0,same,0
REAL+de601749+2023-06-11-16h-17m-48s,195,25,27,33,36,pointworld,pointworld,moved,2,moved,3
REAL+de601749+2023-06-15-18h-14m-02s,241,23,23,33,33,pointworld,pointworld,same,0,same,0
REAL+de601749+2023-06-15-18h-14m-28s,179,31,32,47,47,pointworld,pointworld,moved,1,same,0
REAL+de601749+2023-06-15-18h-15m-25s,130,23,24,36,37,pointworld,pointworld,moved,1,moved,1
REAL+de601749+2023-06-17-11h-33m-58s,94,28,27,37,34,pointworld,pointworld,moved,-1,moved,-3
REAL+de601749+2023-06-17-11h-36m-04s,207,36,33,46,42,pointworld,pointworld,moved,-3,moved,-4
REAL+de601749+2023-06-17-11h-36m-34s,161,31,37,45,47,pointworld,pointworld,moved,6,moved,2
REAL+de601749+2023-06-17-11h-37m-28s,170,31,34,43,45,pointworld,pointworld,moved,3,moved,2
REAL+de601749+2023-06-17-11h-56m-21s,258,58,53,70,63,pointworld,pointworld,moved,-5,moved,-7
REAL+de601749+2023-06-17-12h-02m-53s,159,35,37,58,59,pointworld,pointworld,moved,2,moved,1
REAL+de601749+2023-06-17-13h-46m-26s,193,47,47,58,57,pointworld,pointworld,same,0,moved,-1
REAL+de601749+2023-06-17-13h-52m-08s,152,28,28,37,38,pointworld,pointworld,same,0,moved,1
REAL+de601749+2023-06-17-13h-53m-27s,212,50,50,66,66,pointworld,pointworld,same,0,same,0
REAL+de601749+2023-06-17-13h-54m-16s,179,43,43,55,55,pointworld,pointworld,same,0,same,0
REAL+de601749+2023-06-17-13h-57m-02s,159,33,33,48,48,pointworld,pointworld,same,0,same,0
REAL+de601749+2023-06-17-13h-57m-25s,216,27,27,37,36,pointworld,pointworld,same,0,moved,-1
REAL+de601749+2023-06-17-14h-18m-45s,201,31,30,37,37,pointworld,pointworld,moved,-1,same,0
REAL+de601749+2023-06-19-16h-25m-38s,199,28,16,38,25,pointworld,pointworld,moved,-12,moved,-13
REAL+de601749+2023-06-19-16h-41m-07s,175,36,0,52,28,pointworld,pointworld,moved,-36,moved,-24
REAL+de601749+2023-06-19-16h-46m-30s,124,32,27,41,39,pointworld,pointworld,moved,-5,moved,-2
REAL+de601749+2023-06-19-16h-47m-45s,203,40,28,50,40,pointworld,pointworld,moved,-12,moved,-10
REAL+de601749+2023-06-19-16h-48m-09s,167,44,28,57,40,pointworld,pointworld,moved,-16,moved,-17
REAL+de601749+2023-06-19-16h-49m-56s,164,42,21,58,33,pointworld,pointworld,moved,-21,moved,-25
REAL+de601749+2023-06-19-16h-51m-15s,217,34,28,42,34,pointworld,pointworld,moved,-6,moved,-8
REAL+de601749+2023-06-19-16h-56m-06s,168,43,28,58,41,pointworld,pointworld,moved,-15,moved,-17
REAL+de601749+2023-06-19-17h-06m-45s,175,30,31,42,45,pointworld,pointworld,moved,1,moved,3
REAL+de601749+2023-06-19-17h-11m-44s,189,29,28,44,43,pointworld,pointworld,moved,-1,moved,-1
REAL+de601749+2023-06-19-19h-01m-07s,237,23,24,31,31,pointworld,pointworld,moved,1,same,0
REAL+de601749+2023-06-19-19h-01m-32s,146,21,22,28,29,pointworld,pointworld,moved,1,moved,1
REAL+de601749+2023-06-19-19h-04m-52s,183,0,0,23,24,pointworld,pointworld,same,0,moved,1
REAL+de601749+2023-06-19-19h-07m-40s,318,25,25,33,34,pointworld,pointworld,same,0,moved,1
REAL+de601749+2023-06-19-19h-08m-56s,165,21,22,29,30,pointworld,pointworld,moved,1,moved,1
REAL+de601749+2023-06-19-19h-10m-48s,191,19,21,25,28,pointworld,pointworld,moved,2,moved,3
REAL+de601749+2023-06-19-19h-34m-42s,215,19,19,25,26,pointworld,pointworld,same,0,moved,1
REAL+de601749+2023-06-19-19h-37m-13s,136,0,0,21,20,pointworld,pointworld,same,0,moved,-1
REAL+de601749+2023-08-27-10h-26m-13s,95,0,0,0,17,pointworld,pointworld,same,0,moved,17
REAL+de601749+2023-08-27-10h-27m-31s,239,0,0,0,0,pointworld,pointworld,same,0,same,0
REAL+de601749+2023-12-14-13h-59m-56s,114,0,25,0,32,pointworld,pointworld,moved,25,moved,32
REAL+de601749+2023-12-18-16h-53m-29s,73,24,20,29,25,pointworld,pointworld,moved,-4,moved,-4
REAL+de601749+2023-12-18-16h-59m-50s,126,21,17,25,22,pointworld,pointworld,moved,-4,moved,-3
REAL+de601749+2023-12-18-17h-01m-48s,124,20,15,32,22,pointworld,pointworld,moved,-5,moved,-10
REAL+de601749+2023-12-18-17h-07m-28s,117,22,19,30,25,pointworld,pointworld,moved,-3,moved,-5
REAL+de601749+2023-12-18-17h-08m-03s,109,27,22,35,30,pointworld,pointworld,moved,-5,moved,-5
REAL+de601749+2023-12-18-17h-09m-52s,150,17,0,22,17,pointworld,pointworld,moved,-17,moved,-5
REAL+de601749+2023-12-18-17h-12m-24s,142,20,14,29,26,pointworld,pointworld,moved,-6,moved,-3
REAL+de601749+2023-12-18-17h-16m-57s,108,31,0,41,34,pointworld,pointworld,moved,-31,moved,-7
REAL+de601749+2023-12-18-17h-18m-59s,116,23,18,29,24,pointworld,pointworld,moved,-5,moved,-5
REAL+de601749+2023-12-18-17h-19m-38s,163,21,15,27,23,pointworld,pointworld,moved,-6,moved,-4
REAL+de601749+2023-12-19-16h-57m-59s,105,35,35,84,86,pointworld,pointworld,same,0,moved,2
REAL+de601749+2023-12-19-16h-58m-30s,82,31,32,65,67,pointworld,pointworld,moved,1,moved,2
REAL+de601749+2023-12-19-17h-03m-10s,106,36,37,-1,-1,pointworld,pointworld,moved,1,same,
REAL+de601749+2023-12-19-17h-10m-26s,111,38,39,-1,-1,pointworld,pointworld,moved,1,same,
REAL+de601749+2023-12-19-17h-12m-55s,150,55,58,131,132,pointworld,pointworld,moved,3,moved,1
REAL+de601749+2023-12-19-18h-11m-35s,132,0,0,0,0,pointworld,pointworld,same,0,same,0
REAL+de601749+2023-12-19-18h-13m-15s,106,0,0,0,15,pointworld,pointworld,same,0,moved,15
REAL+de601749+2023-12-19-18h-16m-35s,70,0,0,0,0,pointworld,pointworld,same,0,same,0
REAL+de601749+2023-12-19-18h-17m-23s,98,0,0,0,0,pointworld,pointworld,same,0,same,0
REAL+de601749+2023-12-19-18h-23m-17s,122,0,0,0,0,pointworld,pointworld,same,0,same,0
REAL+de601749+2023-12-19-18h-30m-25s,93,0,0,15,18,pointworld,pointworld,same,0,moved,3
REAL+de601749+2023-12-19-18h-35m-45s,123,0,0,0,0,pointworld,pointworld,same,0,same,0
REAL+de601749+2023-12-19-18h-39m-25s,110,0,0,0,0,pointworld,pointworld,same,0,same,0
REAL+de601749+2023-12-19-18h-40m-38s,94,0,0,16,18,pointworld,pointworld,same,0,moved,2
REAL+de601749+2023-12-19-18h-43m-01s,108,0,0,28,22,pointworld,pointworld,same,0,moved,-6
REAL+de601749+2023-12-19-18h-47m-30s,105,0,0,15,0,pointworld,pointworld,same,0,moved,-15
RPL+32cba90c+2023-11-30-21h-36m-01s,217,0,0,0,0,pointworld,pointworld,same,0,same,0
RPL+32cba90c+2023-11-30-21h-49m-49s,299,0,0,28,32,pointworld,pointworld,same,0,moved,4
RPL+32cba90c+2023-11-30-21h-53m-41s,161,0,0,0,0,pointworld,pointworld,same,0,same,0
RPL+32cba90c+2023-11-30-21h-57m-33s,140,0,0,0,0,pointworld,pointworld,same,0,same,0
RPL+32cba90c+2023-11-30-22h-01m-40s,169,0,0,23,24,pointworld,pointworld,same,0,moved,1
RPL+32cba90c+2023-11-30-22h-02m-31s,199,0,0,31,31,pointworld,pointworld,same,0,same,0
RPL+32cba90c+2023-11-30-22h-06m-08s,207,0,0,18,19,pointworld,pointworld,same,0,moved,1
RPL+32cba90c+2023-11-30-22h-09m-26s,189,0,0,26,27,pointworld,pointworld,same,0,moved,1
RPL+32cba90c+2023-11-30-22h-28m-23s,180,0,0,25,26,pointworld,pointworld,same,0,moved,1
RPL+32cba90c+2023-11-30-22h-29m-42s,189,0,0,22,19,pointworld,pointworld,same,0,moved,-3
RPL+32cba90c+2023-11-30-22h-30m-07s,160,0,0,18,0,pointworld,pointworld,same,0,moved,-18
RPL+32cba90c+2023-11-30-22h-32m-28s,194,0,0,0,0,pointworld,pointworld,same,0,same,0
RPL+32cba90c+2023-11-30-22h-49m-26s,141,0,0,0,10,pointworld,pointworld,same,0,moved,10
RPL+32cba90c+2023-11-30-22h-57m-20s,159,0,0,18,19,pointworld,pointworld,same,0,moved,1
RPL+32cba90c+2023-11-30-23h-07m-15s,181,0,0,28,28,pointworld,pointworld,same,0,same,0
RPL+32cba90c+2023-11-30-23h-09m-25s,175,0,0,18,19,pointworld,pointworld,same,0,moved,1
RPL+32cba90c+2023-12-01-15h-56m-13s,337,17,17,25,25,pointworld,pointworld,same,0,same,0
RPL+32cba90c+2023-12-01-16h-14m-38s,322,0,0,14,0,pointworld,pointworld,same,0,moved,-14
RPL+32cba90c+2023-12-01-16h-17m-30s,218,0,0,0,0,pointworld,pointworld,same,0,same,0
RPL+32cba90c+2023-12-01-16h-42m-59s,208,0,0,0,0,pointworld,pointworld,same,0,same,0
RPL+32cba90c+2023-12-01-17h-02m-12s,403,0,0,0,0,pointworld,pointworld,same,0,same,0
RPL+32cba90c+2023-12-01-17h-02m-47s,437,0,0,0,0,pointworld,pointworld,same,0,same,0
RPL+32cba90c+2023-12-01-17h-06m-33s,450,0,0,0,0,pointworld,pointworld,same,0,same,0
RPL+32cba90c+2023-12-01-17h-12m-27s,400,0,0,45,44,pointworld,pointworld,same,0,moved,-1
RPL+32cba90c+2023-12-01-18h-10m-09s,593,0,0,0,0,pointworld,pointworld,same,0,same,0
RPL+32cba90c+2023-12-01-19h-45m-32s,499,0,0,0,0,pointworld,pointworld,same,0,same,0
RPL+32cba90c+2023-12-01-19h-48m-29s,547,0,0,23,22,pointworld,pointworld,same,0,moved,-1
RPL+32cba90c+2023-12-01-20h-44m-28s,384,0,0,0,0,pointworld,pointworld,same,0,same,0
RPL+32cba90c+2023-12-01-21h-11m-44s,544,0,0,0,0,pointworld,pointworld,same,0,same,0
RPL+32cba90c+2023-12-01-21h-17m-54s,353,0,0,0,0,pointworld,pointworld,same,0,same,0
RPL+32cba90c+2023-12-01-21h-25m-45s,409,0,0,0,0,pointworld,pointworld,same,0,same,0
RPL+32cba90c+2023-12-01-21h-26m-24s,363,0,0,0,0,pointworld,pointworld,same,0,same,0
RPL+32cba90c+2023-12-01-21h-29m-40s,272,0,0,0,0,pointworld,pointworld,same,0,same,0
RPL+32cba90c+2023-12-03-14h-26m-29s,981,0,37,38,53,pointworld,pointworld,moved,37,moved,15
RPL+32cba90c+2023-12-03-14h-42m-35s,489,37,38,54,55,pointworld,pointworld,moved,1,moved,1
RPL+32cba90c+2023-12-03-14h-46m-03s,626,0,0,25,26,pointworld,pointworld,same,0,moved,1
RPL+32cba90c+2023-12-03-14h-47m-55s,699,29,30,46,46,pointworld,pointworld,moved,1,same,0
RPL+32cba90c+2023-12-03-14h-52m-41s,843,0,0,31,33,pointworld,pointworld,same,0,moved,2
RPL+32cba90c+2023-12-03-15h-13m-26s,651,0,0,20,21,pointworld,pointworld,same,0,moved,1
RPL+32cba90c+2023-12-03-15h-14m-26s,780,0,0,35,36,pointworld,pointworld,same,0,moved,1
RPL+32cba90c+2023-12-03-15h-34m-30s,760,0,0,57,58,pointworld,pointworld,same,0,moved,1
RPL+32cba90c+2023-12-03-15h-57m-15s,421,0,0,25,26,pointworld,pointworld,same,0,moved,1
RPL+32cba90c+2023-12-03-17h-09m-46s,1057,0,0,35,36,pointworld,pointworld,same,0,moved,1
RPL+32cba90c+2023-12-04-14h-31m-39s,1245,0,0,41,40,pointworld,pointworld,same,0,moved,-1
RPL+32cba90c+2023-12-04-14h-40m-43s,1246,0,0,35,33,pointworld,pointworld,same,0,moved,-2
RPL+32cba90c+2023-12-04-14h-53m-05s,251,0,0,12,0,pointworld,pointworld,same,0,moved,-12
RPL+32cba90c+2023-12-04-14h-53m-33s,756,0,0,11,0,pointworld,pointworld,same,0,moved,-11
RPL+32cba90c+2023-12-04-15h-22m-38s,629,0,0,21,19,pointworld,pointworld,same,0,moved,-2
RPL+32cba90c+2023-12-04-15h-27m-13s,788,0,0,17,15,pointworld,pointworld,same,0,moved,-2
RPL+32cba90c+2023-12-04-15h-52m-56s,267,0,0,121,119,pointworld,pointworld,same,0,moved,-2
RPL+32cba90c+2023-12-04-17h-33m-56s,737,0,0,0,0,pointworld,pointworld,same,0,same,0
RPL+32cba90c+2023-12-04-17h-52m-18s,780,14,13,22,21,pointworld,pointworld,moved,-1,moved,-1
RPL+32cba90c+2023-12-04-18h-30m-04s,1139,0,0,282,22,pointworld,pointworld,same,0,moved,-260
RPL+32cba90c+2023-12-04-18h-39m-19s,956,38,28,158,41,pointworld,pointworld,moved,-10,moved,-117
RPL+32cba90c+2023-12-05-15h-24m-28s,1032,21,27,46,81,pointworld,pointworld,moved,6,moved,35
RPL+32cba90c+2023-12-05-16h-11m-10s,635,22,30,46,45,pointworld,pointworld,moved,8,moved,-1
RPL+32cba90c+2023-12-05-17h-02m-44s,1015,62,0,78,56,pointworld,pointworld,moved,-62,moved,-22
RPL+32cba90c+2023-12-05-17h-07m-46s,927,33,0,58,20,pointworld,pointworld,moved,-33,moved,-38
RPL+32cba90c+2023-12-05-17h-18m-54s,588,0,0,40,22,pointworld,pointworld,same,0,moved,-18
RPL+32cba90c+2023-12-07-16h-53m-15s,1181,21,21,37,37,pointworld,pointworld,same,0,same,0
RPL+32cba90c+2023-12-07-16h-59m-30s,1044,18,18,35,35,pointworld,pointworld,same,0,same,0
RPL+32cba90c+2023-12-07-17h-21m-24s,918,0,0,15,15,pointworld,pointworld,same,0,same,0
RPL+32cba90c+2023-12-07-17h-25m-43s,1213,0,0,49,48,pointworld,pointworld,same,0,moved,-1
RPL+32cba90c+2023-12-07-17h-55m-29s,1080,29,29,48,48,pointworld,pointworld,same,0,same,0
RPL+32cba90c+2023-12-07-17h-57m-19s,1112,0,0,24,24,pointworld,pointworld,same,0,same,0
RPL+32cba90c+2023-12-07-18h-08m-41s,931,30,30,51,51,pointworld,pointworld,same,0,same,0
RPL+32cba90c+2023-12-07-18h-14m-40s,171,0,0,0,0,pointworld,pointworld,same,0,same,0
RPL+32cba90c+2023-12-07-18h-14m-59s,1056,14,14,32,32,pointworld,pointworld,same,0,same,0
RPL+32cba90c+2023-12-07-18h-37m-33s,1294,19,19,31,31,pointworld,pointworld,same,0,same,0
RPL+32cba90c+2023-12-07-19h-39m-15s,1174,18,42,46,82,pointworld,pointworld,moved,24,moved,36
RPL+32cba90c+2023-12-07-21h-01m-43s,1325,0,0,54,54,pointworld,pointworld,same,0,same,0
RPL+32cba90c+2023-12-07-21h-04m-28s,1337,0,0,42,42,pointworld,pointworld,same,0,same,0
RPL+32cba90c+2023-12-07-21h-12m-39s,1034,30,30,41,42,pointworld,pointworld,same,0,moved,1
RPL+32cba90c+2023-12-07-22h-03m-31s,958,0,0,0,0,pointworld,pointworld,same,0,same,0
RPL+32cba90c+2023-12-07-22h-16m-38s,234,87,87,142,143,pointworld,pointworld,same,0,moved,1
RPL+32cba90c+2023-12-07-22h-41m-37s,1050,0,0,36,39,pointworld,pointworld,same,0,moved,3
RPL+32cba90c+2023-12-07-22h-43m-44s,1213,24,0,66,29,pointworld,pointworld,moved,-24,moved,-37
RPL+32cba90c+2023-12-07-23h-53m-09s,729,0,0,16,16,pointworld,pointworld,same,0,same,0
RPL+32cba90c+2023-12-08-14h-08m-53s,1233,0,29,0,46,pointworld,pointworld,moved,29,moved,46
RPL+32cba90c+2023-12-08-14h-11m-12s,1192,25,33,42,73,pointworld,pointworld,moved,8,moved,31
RPL+32cba90c+2023-12-08-14h-24m-11s,1324,0,0,0,40,pointworld,pointworld,same,0,moved,40
RPL+32cba90c+2023-12-08-14h-43m-36s,377,0,9,12,24,pointworld,pointworld,moved,9,moved,12
RPL+32cba90c+2023-12-08-14h-47m-54s,1072,0,0,0,34,pointworld,pointworld,same,0,moved,34
RPL+32cba90c+2023-12-08-15h-03m-19s,689,0,18,12,97,pointworld,pointworld,moved,18,moved,85
RPL+32cba90c+2023-12-08-15h-46m-28s,1388,18,17,33,33,pointworld,pointworld,moved,-1,same,0
RPL+32cba90c+2023-12-08-15h-51m-47s,1134,44,68,89,90,pointworld,pointworld,moved,24,moved,1
RPL+32cba90c+2023-12-08-16h-53m-07s,395,24,23,37,37,pointworld,pointworld,moved,-1,same,0
RPL+32cba90c+2023-12-08-17h-53m-24s,315,41,53,52,87,pointworld,pointworld,moved,12,moved,35
RPL+32cba90c+2023-12-09-14h-23m-47s,323,115,77,130,126,pointworld,pointworld,moved,-38,moved,-4
RPL+cb4f6842+2023-05-23-12h-28m-40s,279,0,0,0,0,pointworld,pointworld,same,0,same,0
RPL+cb4f6842+2023-05-23-12h-33m-48s,270,0,0,0,0,pointworld,pointworld,same,0,same,0
RPL+cb4f6842+2023-05-23-12h-37m-29s,101,0,0,0,0,pointworld,pointworld,same,0,same,0
RPL+cb4f6842+2023-05-23-12h-38m-50s,343,0,0,0,0,pointworld,pointworld,same,0,same,0
RPL+cb4f6842+2023-05-23-13h-19m-11s,281,0,0,0,0,pointworld,pointworld,same,0,same,0
RPL+cb4f6842+2023-05-23-13h-24m-15s,152,0,0,0,0,pointworld,pointworld,same,0,same,0
RPL+cb4f6842+2023-05-23-13h-40m-12s,200,0,0,0,0,pointworld,pointworld,same,0,same,0
RPL+cb4f6842+2023-05-23-14h-41m-38s,429,0,0,0,0,pointworld,pointworld,same,0,same,0
RPL+cb4f6842+2023-05-23-14h-42m-38s,174,0,0,0,0,pointworld,pointworld,same,0,same,0
RPL+cb4f6842+2023-05-25-10h-45m-16s,195,0,0,0,0,pointworld,pointworld,same,0,same,0
RPL+cb4f6842+2023-05-25-11h-03m-51s,193,0,0,0,0,pointworld,pointworld,same,0,same,0
RPL+cb4f6842+2023-05-25-11h-19m-50s,229,0,0,0,0,pointworld,pointworld,same,0,same,0
RPL+cb4f6842+2023-05-25-11h-42m-07s,401,0,0,0,0,pointworld,pointworld,same,0,same,0
RPL+cb4f6842+2023-05-25-11h-50m-50s,498,0,0,0,0,pointworld,pointworld,same,0,same,0
RPL+cb4f6842+2023-05-25-11h-58m-40s,241,0,0,0,0,pointworld,pointworld,same,0,same,0
RPL+cb4f6842+2023-05-25-13h-12m-21s,503,0,0,0,0,pointworld,pointworld,same,0,same,0
RPL+cb4f6842+2023-05-25-13h-38m-34s,301,0,0,0,0,pointworld,pointworld,same,0,same,0
RPL+cb4f6842+2023-05-25-13h-41m-24s,413,0,0,0,0,pointworld,pointworld,same,0,same,0
RPL+cb4f6842+2023-05-29-15h-49m-13s,272,0,0,0,0,pointworld,pointworld,same,0,same,0
RPL+cb4f6842+2023-05-29-15h-52m-07s,143,0,0,0,0,pointworld,pointworld,same,0,same,0
RPL+cb4f6842+2023-05-29-15h-52m-44s,399,0,0,0,0,pointworld,pointworld,same,0,same,0
RPL+cb4f6842+2023-05-29-16h-38m-50s,259,0,0,0,0,pointworld,pointworld,same,0,same,0
RPL+cb4f6842+2023-05-29-16h-40m-23s,91,0,0,0,0,pointworld,pointworld,same,0,same,0
RPL+cb4f6842+2023-05-29-16h-47m-06s,243,0,0,0,0,pointworld,pointworld,same,0,same,0
RPL+cb4f6842+2023-05-29-16h-51m-45s,275,0,0,0,0,pointworld,pointworld,same,0,same,0
RPL+cb4f6842+2023-05-29-17h-13m-42s,232,0,0,0,0,pointworld,pointworld,same,0,same,0
RPL+cb4f6842+2023-05-29-17h-18m-20s,225,0,0,0,0,pointworld,pointworld,same,0,same,0
RPL+cb4f6842+2023-05-29-17h-19m-14s,224,0,0,0,0,pointworld,pointworld,same,0,same,0
RPL+cb4f6842+2023-05-29-17h-29m-05s,278,0,0,0,0,pointworld,pointworld,same,0,same,0
RPL+cb4f6842+2023-05-29-17h-58m-33s,338,0,0,0,0,pointworld,pointworld,same,0,same,0
RPL+cb4f6842+2023-05-29-18h-07m-40s,267,0,0,0,0,pointworld,pointworld,same,0,same,0
RPL+cb4f6842+2023-05-30-15h-49m-08s,284,0,0,0,0,pointworld,pointworld,same,0,same,0
RPL+cb4f6842+2023-05-30-16h-56m-44s,107,0,0,0,0,pointworld,pointworld,same,0,same,0
RPL+cb4f6842+2023-06-04-12h-21m-49s,223,0,0,0,0,pointworld,pointworld,same,0,same,0
RPL+cb4f6842+2023-06-04-12h-39m-08s,248,0,0,0,0,pointworld,pointworld,same,0,same,0
RPL+cb4f6842+2023-06-04-12h-46m-12s,253,0,0,0,0,pointworld,pointworld,same,0,same,0
RPL+cb4f6842+2023-06-04-12h-47m-14s,217,0,0,0,0,pointworld,pointworld,same,0,same,0
RPL+cb4f6842+2023-06-04-12h-48m-14s,267,0,0,0,0,pointworld,pointworld,same,0,same,0
RPL+cb4f6842+2023-06-04-12h-55m-27s,312,0,0,0,0,pointworld,pointworld,same,0,same,0
RPL+cb4f6842+2023-06-04-13h-06m-26s,270,0,0,0,0,pointworld,pointworld,same,0,same,0
RPL+cb4f6842+2023-06-04-13h-09m-24s,304,0,0,0,0,pointworld,pointworld,same,0,same,0
RPL+cb4f6842+2023-06-04-13h-12m-57s,144,0,0,0,0,pointworld,pointworld,same,0,same,0
RPL+cb4f6842+2023-06-04-13h-14m-52s,142,0,0,0,0,pointworld,pointworld,same,0,same,0
RPL+cb4f6842+2023-06-04-13h-28m-08s,342,0,0,0,0,pointworld,pointworld,same,0,same,0
RPL+cb4f6842+2023-06-04-13h-38m-44s,264,0,0,0,0,pointworld,pointworld,same,0,same,0
RPL+cb4f6842+2023-06-04-13h-42m-08s,334,0,0,0,0,pointworld,pointworld,same,0,same,0
RPL+cb4f6842+2023-06-04-13h-54m-07s,334,0,0,0,0,pointworld,pointworld,same,0,same,0
RPL+cb4f6842+2023-06-04-14h-18m-32s,217,0,0,0,0,pointworld,pointworld,same,0,same,0
RPL+cb4f6842+2023-06-04-14h-23m-54s,235,0,0,0,0,pointworld,pointworld,same,0,same,0
RPL+cb4f6842+2023-06-04-14h-25m-46s,284,0,0,0,0,pointworld,pointworld,same,0,same,0
RPL+cb4f6842+2023-06-04-14h-41m-37s,301,0,0,0,0,pointworld,pointworld,same,0,same,0
RPL+cb4f6842+2023-06-04-14h-43m-20s,268,0,0,0,0,pointworld,pointworld,same,0,same,0
RPL+cb4f6842+2023-06-04-14h-47m-05s,190,0,0,0,0,pointworld,pointworld,same,0,same,0
RPL+cb4f6842+2023-06-04-14h-55m-07s,303,0,0,0,0,pointworld,pointworld,same,0,same,0
RPL+cb4f6842+2023-06-04-14h-58m-22s,293,0,0,0,0,pointworld,pointworld,same,0,same,0
RPL+cb4f6842+2023-06-05-16h-08m-25s,192,0,0,0,0,pointworld,pointworld,same,0,same,0
RPL+cb4f6842+2023-06-05-16h-09m-19s,240,0,0,0,0,pointworld,pointworld,same,0,same,0
RPL+cb4f6842+2023-06-05-16h-09m-48s,217,0,0,0,0,pointworld,pointworld,same,0,same,0
RPL+cb4f6842+2023-06-05-16h-25m-13s,246,0,0,0,0,pointworld,pointworld,same,0,same,0
RPL+cb4f6842+2023-06-05-16h-33m-28s,278,0,0,0,0,pointworld,pointworld,same,0,same,0
RPL+cb4f6842+2023-06-05-16h-34m-32s,299,0,0,0,0,pointworld,pointworld,same,0,same,0
RPL+cb4f6842+2023-06-05-16h-35m-41s,264,0,0,0,0,pointworld,pointworld,same,0,same,0
RPL+cb4f6842+2023-06-05-16h-59m-05s,283,0,0,0,0,pointworld,pointworld,same,0,same,0
RPL+cb4f6842+2023-06-05-17h-09m-38s,259,0,0,0,0,pointworld,pointworld,same,0,same,0
RPL+cb4f6842+2023-06-05-17h-23m-13s,282,0,0,0,0,pointworld,pointworld,same,0,same,0
RPL+cb4f6842+2023-06-05-17h-54m-17s,288,0,0,0,0,pointworld,pointworld,same,0,same,0
RPL+cb4f6842+2023-06-05-17h-59m-35s,275,0,0,0,0,pointworld,pointworld,same,0,same,0
RPL+cb4f6842+2023-06-05-18h-23m-39s,175,0,0,0,0,pointworld,pointworld,same,0,same,0
RPL+cb4f6842+2023-06-05-18h-40m-10s,336,0,0,0,0,pointworld,pointworld,same,0,same,0
RPL+cb4f6842+2023-06-05-18h-53m-24s,226,0,0,0,0,pointworld,pointworld,same,0,same,0
RPL+cb4f6842+2023-06-05-18h-55m-17s,187,0,0,0,0,pointworld,pointworld,same,0,same,0
RPL+cb4f6842+2023-06-05-19h-16m-24s,184,0,0,0,0,pointworld,pointworld,same,0,same,0
RPL+cb4f6842+2023-06-05-19h-17m-21s,194,0,0,0,0,pointworld,pointworld,same,0,same,0
RPL+cb4f6842+2023-06-05-19h-21m-29s,184,0,0,0,0,pointworld,pointworld,same,0,same,0
RPL+cb4f6842+2023-06-05-19h-23m-52s,183,0,0,0,0,pointworld,pointworld,same,0,same,0
RPL+cb4f6842+2023-06-05-19h-46m-53s,246,0,0,0,0,pointworld,pointworld,same,0,same,0
RPL+cb4f6842+2023-06-05-19h-48m-28s,258,0,0,0,0,pointworld,pointworld,same,0,same,0
RPL+cb4f6842+2023-06-05-19h-53m-58s,202,0,0,0,0,pointworld,pointworld,same,0,same,0
RPL+cb4f6842+2023-06-05-19h-56m-52s,233,0,0,0,0,pointworld,pointworld,same,0,same,0
RPL+cb4f6842+2023-06-05-20h-04m-40s,223,0,0,0,0,pointworld,pointworld,same,0,same,0
RPL+cb4f6842+2023-06-05-20h-08m-24s,239,0,0,0,0,pointworld,pointworld,same,0,same,0
RPL+cb4f6842+2023-06-05-20h-19m-18s,245,0,0,0,0,pointworld,pointworld,same,0,same,0
RPL+cb4f6842+2023-06-05-20h-25m-58s,225,0,0,0,0,pointworld,pointworld,same,0,same,0
RPL+cb4f6842+2023-06-05-20h-26m-51s,193,0,0,0,0,pointworld,pointworld,same,0,same,0
RPL+cb4f6842+2023-11-10-17h-32m-41s,254,0,0,0,0,pointworld,pointworld,same,0,same,0
RPL+cb4f6842+2023-11-10-17h-47m-01s,239,0,0,0,0,pointworld,pointworld,same,0,same,0
RPL+cb4f6842+2023-11-10-17h-48m-06s,229,0,0,0,0,pointworld,pointworld,same,0,same,0
RPL+cb4f6842+2023-11-10-17h-52m-50s,227,0,0,0,0,pointworld,pointworld,same,0,same,0
RPL+cb4f6842+2023-11-10-17h-54m-50s,288,0,0,0,0,pointworld,pointworld,same,0,same,0
RPL+cb4f6842+2023-11-10-17h-57m-46s,300,0,0,0,0,pointworld,pointworld,same,0,same,0
RPL+cb4f6842+2023-11-10-18h-28m-11s,272,0,0,0,0,pointworld,pointworld,same,0,same,0
RPL+cb4f6842+2023-11-30-18h-06m-45s,275,0,0,0,0,pointworld,pointworld,same,0,same,0
RPL+cb4f6842+2023-11-30-18h-14m-40s,205,0,0,0,43,pointworld,pointworld,same,0,moved,43
RPL+cb4f6842+2023-11-30-18h-20m-14s,218,0,0,25,20,pointworld,pointworld,same,0,moved,-5
RPL+cb4f6842+2023-11-30-18h-24m-36s,230,0,0,0,0,pointworld,pointworld,same,0,same,0
RPL+cb4f6842+2023-11-30-19h-10m-50s,202,0,0,0,0,pointworld,pointworld,same,0,same,0
RPL+cb4f6842+2023-11-30-19h-11m-26s,228,0,0,0,0,pointworld,pointworld,same,0,same,0
RPL+cb4f6842+2023-11-30-19h-20m-03s,208,0,0,0,0,pointworld,pointworld,same,0,same,0
RPL+cb4f6842+2023-11-30-19h-34m-42s,229,0,0,0,0,pointworld,pointworld,same,0,same,0
RPL+cb4f6842+2023-11-30-20h-15m-20s,268,0,26,0,45,pointworld,pointworld,moved,26,moved,45
RPL+cb4f6842+2023-11-30-20h-27m-22s,241,15,0,30,14,pointworld,pointworld,moved,-15,moved,-16
RPL+cb4f6842+2023-11-30-20h-28m-45s,163,0,0,0,0,pointworld,pointworld,same,0,same,0
RPL+cb4f6842+2023-11-30-20h-37m-25s,176,0,0,0,0,pointworld,pointworld,same,0,same,0
RPL+cb4f6842+2023-11-30-20h-40m-13s,190,21,0,88,10,pointworld,pointworld,moved,-21,moved,-78
RPL+cb4f6842+2023-11-30-20h-46m-04s,237,0,0,0,23,pointworld,pointworld,same,0,moved,23
TRI+22cb038f+2023-09-21-09h-27m-40s,210,0,0,33,39,pointworld,pointworld,same,0,moved,6
TRI+22cb038f+2023-09-21-09h-29m-20s,195,0,0,0,0,pointworld,pointworld,same,0,same,0
TRI+22cb038f+2023-09-21-09h-32m-19s,198,0,0,0,0,pointworld,pointworld,same,0,same,0
TRI+22cb038f+2023-09-21-10h-02m-36s,243,0,0,0,23,pointworld,pointworld,same,0,moved,23
TRI+22cb038f+2023-09-21-10h-15m-01s,200,0,18,0,26,pointworld,pointworld,moved,18,moved,26
TRI+22cb038f+2023-09-21-10h-18m-55s,179,0,0,0,32,pointworld,pointworld,same,0,moved,32
TRI+22cb038f+2023-09-21-11h-26m-43s,208,0,0,22,22,pointworld,pointworld,same,0,same,0
TRI+22cb038f+2023-09-21-11h-27m-18s,292,0,0,-1,-1,pointworld,pointworld,same,0,same,
TRI+22cb038f+2023-09-21-12h-25m-01s,322,11,0,24,28,pointworld,pointworld,moved,-11,moved,4
TRI+22cb038f+2023-09-21-12h-27m-45s,237,0,0,28,0,pointworld,pointworld,same,0,moved,-28
TRI+22cb038f+2023-09-21-15h-08m-12s,175,0,16,17,34,pointworld,pointworld,moved,16,moved,17
TRI+22cb038f+2023-09-21-15h-14m-44s,164,28,28,38,38,pointworld,pointworld,same,0,same,0
TRI+22cb038f+2023-09-21-16h-14m-17s,189,32,41,43,74,pointworld,pointworld,moved,9,moved,31
TRI+22cb038f+2023-09-21-16h-15m-22s,277,47,46,63,62,pointworld,pointworld,moved,-1,moved,-1
TRI+22cb038f+2023-09-21-16h-42m-10s,224,11,11,26,26,pointworld,pointworld,same,0,same,0
TRI+22cb038f+2023-09-21-16h-43m-35s,165,0,21,29,66,pointworld,pointworld,moved,21,moved,37
TRI+22cb038f+2023-09-21-16h-44m-32s,267,0,0,17,17,pointworld,pointworld,same,0,same,0
TRI+22cb038f+2023-09-21-17h-46m-50s,168,0,33,30,115,pointworld,pointworld,moved,33,moved,85
TRI+22cb038f+2023-09-21-18h-03m-00s,210,14,18,30,38,pointworld,pointworld,moved,4,moved,8
TRI+22cb038f+2023-09-21-18h-04m-42s,232,20,20,53,52,pointworld,pointworld,same,0,moved,-1
TRI+22cb038f+2023-09-21-18h-08m-06s,228,25,24,46,41,pointworld,pointworld,moved,-1,moved,-5
TRI+22cb038f+2023-09-21-18h-08m-38s,172,0,0,16,15,pointworld,pointworld,same,0,moved,-1
TRI+22cb038f+2023-09-25-08h-39m-44s,166,16,33,35,68,pointworld,pointworld,moved,17,moved,33
TRI+22cb038f+2023-09-25-08h-52m-48s,182,23,22,31,30,pointworld,pointworld,moved,-1,moved,-1
TRI+22cb038f+2023-09-25-08h-53m-19s,285,0,0,0,72,pointworld,pointworld,same,0,moved,72
TRI+22cb038f+2023-09-25-09h-28m-12s,161,0,16,20,60,pointworld,pointworld,moved,16,moved,40
TRI+22cb038f+2023-09-25-09h-31m-25s,234,0,24,31,49,pointworld,pointworld,moved,24,moved,18
TRI+22cb038f+2023-09-25-09h-40m-12s,147,0,0,15,14,pointworld,pointworld,same,0,moved,-1
TRI+22cb038f+2023-09-25-09h-55m-53s,140,0,0,12,12,pointworld,pointworld,same,0,same,0
TRI+22cb038f+2023-09-25-10h-01m-19s,277,46,45,80,80,pointworld,pointworld,moved,-1,same,0
TRI+22cb038f+2023-09-25-10h-33m-55s,171,0,25,30,75,pointworld,pointworld,moved,25,moved,45
TRI+22cb038f+2023-09-25-11h-00m-59s,202,18,30,31,61,pointworld,pointworld,moved,12,moved,30
TRI+30510ef3+2023-10-12-12h-13m-20s,791,0,0,0,0,pointworld,pointworld,same,0,same,0
TRI+30510ef3+2023-10-12-12h-15m-25s,414,0,0,0,0,pointworld,pointworld,same,0,same,0
TRI+30510ef3+2023-10-12-12h-18m-22s,873,0,0,0,0,pointworld,pointworld,same,0,same,0
TRI+30510ef3+2023-10-12-16h-36m-54s,479,0,0,0,0,pointworld,pointworld,same,0,same,0
TRI+30510ef3+2023-10-12-16h-40m-47s,178,0,0,0,0,pointworld,pointworld,same,0,same,0
TRI+30510ef3+2023-10-12-16h-41m-09s,425,0,0,0,0,pointworld,pointworld,same,0,same,0
TRI+4b1a56cc+2023-09-05-16h-47m-08s,570,104,104,144,144,pointworld,pointworld,same,0,same,0
TRI+52ca9b6a+2023-10-16-10h-45m-34s,357,0,0,0,0,pointworld,pointworld,same,0,same,0
TRI+52ca9b6a+2023-10-16-10h-59m-15s,718,16,24,46,52,pointworld,pointworld,moved,8,moved,6
TRI+52ca9b6a+2023-10-16-11h-15m-04s,186,0,0,0,0,pointworld,pointworld,same,0,same,0
TRI+52ca9b6a+2023-10-16-12h-00m-47s,476,0,0,0,0,pointworld,pointworld,same,0,same,0
TRI+52ca9b6a+2023-10-16-12h-02m-03s,642,0,0,0,14,pointworld,pointworld,same,0,moved,14
TRI+52ca9b6a+2023-10-16-12h-03m-11s,247,0,0,0,0,pointworld,pointworld,same,0,same,0
TRI+52ca9b6a+2023-10-16-12h-05m-38s,295,0,0,0,0,pointworld,pointworld,same,0,same,0
TRI+52ca9b6a+2023-10-16-14h-27m-54s,242,0,0,0,0,pointworld,pointworld,same,0,same,0
TRI+52ca9b6a+2023-10-16-14h-46m-39s,231,0,0,0,0,pointworld,pointworld,same,0,same,0
TRI+52ca9b6a+2023-10-16-14h-48m-07s,299,0,0,19,20,pointworld,pointworld,same,0,moved,1
TRI+52ca9b6a+2023-10-16-14h-54m-50s,235,0,0,0,0,pointworld,pointworld,same,0,same,0
TRI+52ca9b6a+2023-10-16-15h-11m-54s,244,0,0,0,0,pointworld,pointworld,same,0,same,0
TRI+52ca9b6a+2023-10-16-15h-20m-22s,236,0,0,23,33,pointworld,pointworld,same,0,moved,10
TRI+52ca9b6a+2023-10-16-15h-33m-09s,346,0,0,0,0,pointworld,pointworld,same,0,same,0
TRI+52ca9b6a+2023-10-16-16h-09m-32s,301,0,0,0,-1,pointworld,pointworld,same,0,lost,
TRI+52ca9b6a+2023-10-16-16h-15m-56s,348,0,0,36,34,pointworld,pointworld,same,0,moved,-2
TRI+52ca9b6a+2023-10-16-16h-50m-34s,812,0,0,0,0,pointworld,pointworld,same,0,same,0
TRI+52ca9b6a+2023-10-16-16h-53m-28s,239,0,0,16,17,pointworld,pointworld,same,0,moved,1
TRI+52ca9b6a+2023-10-16-16h-57m-03s,466,0,0,0,0,pointworld,pointworld,same,0,same,0
TRI+52ca9b6a+2023-10-17-10h-08m-20s,547,0,0,0,0,pointworld,pointworld,same,0,same,0
TRI+52ca9b6a+2023-10-17-10h-09m-10s,270,0,0,0,0,pointworld,pointworld,same,0,same,0
TRI+52ca9b6a+2023-10-17-11h-19m-53s,213,0,0,32,26,pointworld,pointworld,same,0,moved,-6
TRI+52ca9b6a+2023-10-17-13h-51m-19s,564,-1,0,-1,0,pointworld,pointworld,recovered,,recovered,
TRI+52ca9b6a+2023-10-17-13h-59m-42s,466,-1,0,-1,378,pointworld,pointworld,recovered,,recovered,
TRI+52ca9b6a+2023-10-17-14h-10m-04s,190,0,0,0,11,pointworld,pointworld,same,0,moved,11
TRI+52ca9b6a+2023-10-17-14h-54m-51s,434,0,0,42,42,pointworld,pointworld,same,0,same,0
TRI+52ca9b6a+2023-10-17-15h-31m-20s,211,0,15,32,33,pointworld,pointworld,moved,15,moved,1
TRI+52ca9b6a+2023-10-17-15h-49m-35s,435,21,21,29,29,pointworld,pointworld,same,0,same,0
TRI+52ca9b6a+2023-10-17-16h-18m-16s,650,17,15,33,33,pointworld,pointworld,moved,-2,same,0
TRI+52ca9b6a+2023-10-17-16h-27m-22s,728,0,0,0,0,pointworld,pointworld,same,0,same,0
TRI+52ca9b6a+2023-10-17-16h-39m-39s,435,0,0,74,73,pointworld,pointworld,same,0,moved,-1
TRI+52ca9b6a+2023-10-17-17h-44m-18s,233,0,0,-1,-1,pointworld,pointworld,same,0,same,
TRI+52ca9b6a+2023-10-17-18h-34m-15s,272,0,0,14,14,pointworld,pointworld,same,0,same,0
TRI+52ca9b6a+2023-10-17-18h-37m-15s,268,0,0,22,22,pointworld,pointworld,same,0,same,0
TRI+52ca9b6a+2023-10-17-18h-37m-44s,180,22,22,26,26,pointworld,pointworld,same,0,same,0
TRI+52ca9b6a+2023-10-18-10h-53m-42s,324,10,11,21,23,pointworld,pointworld,moved,1,moved,2
TRI+52ca9b6a+2023-10-18-11h-35m-49s,279,0,0,0,0,pointworld,pointworld,same,0,same,0
TRI+52ca9b6a+2023-10-18-13h-17m-10s,372,0,13,16,30,pointworld,pointworld,moved,13,moved,14
TRI+52ca9b6a+2023-10-18-13h-21m-51s,136,0,20,20,34,pointworld,pointworld,moved,20,moved,14
TRI+52ca9b6a+2023-10-18-13h-28m-19s,273,0,0,0,0,pointworld,pointworld,same,0,same,0
TRI+52ca9b6a+2023-10-18-15h-51m-07s,346,139,142,143,148,pointworld,pointworld,moved,3,moved,5
TRI+52ca9b6a+2023-10-18-16h-04m-05s,689,0,0,0,0,pointworld,pointworld,same,0,same,0
TRI+52ca9b6a+2023-10-18-16h-11m-27s,427,0,0,116,123,pointworld,pointworld,same,0,moved,7
TRI+52ca9b6a+2023-10-18-16h-20m-14s,359,0,0,0,0,pointworld,pointworld,same,0,same,0
TRI+52ca9b6a+2023-10-18-16h-30m-05s,336,0,0,21,-1,pointworld,pointworld,same,0,lost,
TRI+52ca9b6a+2023-10-18-16h-31m-36s,261,0,0,-1,-1,pointworld,pointworld,same,0,same,
TRI+52ca9b6a+2023-10-18-16h-58m-15s,257,0,0,31,30,pointworld,pointworld,same,0,moved,-1
TRI+52ca9b6a+2023-10-18-17h-05m-59s,228,0,0,17,0,pointworld,pointworld,same,0,moved,-17
TRI+52ca9b6a+2023-10-18-17h-21m-51s,694,0,0,26,26,pointworld,pointworld,same,0,same,0
TRI+52ca9b6a+2023-10-18-18h-23m-12s,234,0,0,0,0,pointworld,pointworld,same,0,same,0
TRI+52ca9b6a+2023-10-18-18h-24m-10s,172,0,0,0,0,pointworld,pointworld,same,0,same,0
TRI+52ca9b6a+2023-10-18-18h-36m-11s,181,0,0,0,0,pointworld,pointworld,same,0,same,0
TRI+52ca9b6a+2023-10-19-09h-58m-07s,400,0,0,0,0,pointworld,pointworld,same,0,same,0
TRI+52ca9b6a+2023-10-19-10h-00m-12s,196,-1,0,-1,0,pointworld,pointworld,recovered,,recovered,
TRI+52ca9b6a+2023-10-19-10h-10m-51s,190,0,0,0,0,pointworld,pointworld,same,0,same,0
TRI+52ca9b6a+2023-10-19-10h-17m-50s,266,0,0,0,0,pointworld,pointworld,same,0,same,0
TRI+52ca9b6a+2023-10-19-10h-39m-02s,214,0,0,0,0,pointworld,pointworld,same,0,same,0
TRI+52ca9b6a+2023-10-19-11h-26m-21s,494,0,0,0,145,pointworld,pointworld,same,0,moved,145
TRI+52ca9b6a+2023-10-19-11h-43m-11s,614,13,0,39,17,pointworld,pointworld,moved,-13,moved,-22
TRI+52ca9b6a+2023-10-19-12h-32m-07s,320,22,18,57,26,pointworld,pointworld,moved,-4,moved,-31
TRI+52ca9b6a+2023-10-19-14h-14m-24s,369,0,0,0,0,pointworld,pointworld,same,0,same,0
TRI+52ca9b6a+2023-10-19-14h-25m-18s,409,0,0,10,11,pointworld,pointworld,same,0,moved,1
TRI+52ca9b6a+2023-10-19-14h-33m-09s,292,0,0,0,49,pointworld,pointworld,same,0,moved,49
TRI+52ca9b6a+2023-10-19-14h-36m-58s,239,0,0,0,0,pointworld,pointworld,same,0,same,0
TRI+52ca9b6a+2023-10-19-15h-36m-13s,271,0,0,13,13,pointworld,pointworld,same,0,same,0
TRI+52ca9b6a+2023-10-19-16h-41m-05s,169,0,0,0,0,pointworld,pointworld,same,0,same,0
TRI+52ca9b6a+2023-10-19-16h-50m-06s,404,0,0,0,0,pointworld,pointworld,same,0,same,0
TRI+52ca9b6a+2023-10-19-17h-03m-53s,208,0,0,0,0,pointworld,pointworld,same,0,same,0
TRI+52ca9b6a+2023-10-19-17h-05m-19s,370,0,0,0,0,pointworld,pointworld,same,0,same,0
TRI+52ca9b6a+2023-10-19-17h-28m-35s,672,0,0,13,13,pointworld,pointworld,same,0,same,0
TRI+52ca9b6a+2023-10-23-10h-22m-20s,423,0,0,0,0,pointworld,pointworld,same,0,same,0
TRI+52ca9b6a+2023-10-23-10h-57m-14s,268,0,0,0,0,pointworld,pointworld,same,0,same,0
TRI+52ca9b6a+2023-10-23-10h-57m-52s,454,0,0,0,14,pointworld,pointworld,same,0,moved,14
TRI+52ca9b6a+2023-10-23-10h-58m-32s,399,0,0,0,0,pointworld,pointworld,same,0,same,0
TRI+52ca9b6a+2023-10-23-11h-04m-18s,219,0,0,0,0,pointworld,pointworld,same,0,same,0
TRI+52ca9b6a+2023-10-23-11h-08m-52s,405,0,0,0,0,pointworld,pointworld,same,0,same,0
TRI+52ca9b6a+2023-10-23-13h-19m-23s,345,0,0,0,0,pointworld,pointworld,same,0,same,0
TRI+52ca9b6a+2023-10-23-13h-38m-07s,849,0,0,0,0,pointworld,pointworld,same,0,same,0
TRI+52ca9b6a+2023-10-23-13h-45m-05s,289,0,0,0,0,pointworld,pointworld,same,0,same,0
TRI+52ca9b6a+2023-10-23-13h-51m-13s,286,0,0,0,0,pointworld,pointworld,same,0,same,0
TRI+52ca9b6a+2023-10-23-13h-59m-31s,224,0,0,0,0,pointworld,pointworld,same,0,same,0
TRI+52ca9b6a+2023-10-23-14h-02m-09s,700,0,0,0,0,pointworld,pointworld,same,0,same,0
TRI+52ca9b6a+2023-10-23-14h-02m-23s,209,0,0,0,0,pointworld,pointworld,same,0,same,0
TRI+52ca9b6a+2023-10-23-14h-07m-03s,457,0,0,0,0,pointworld,pointworld,same,0,same,0
TRI+52ca9b6a+2023-10-23-14h-17m-21s,521,0,0,0,0,pointworld,pointworld,same,0,same,0
TRI+52ca9b6a+2023-10-23-14h-22m-35s,475,0,0,27,27,pointworld,pointworld,same,0,same,0
TRI+52ca9b6a+2023-10-23-14h-32m-23s,208,0,0,0,0,pointworld,pointworld,same,0,same,0
TRI+52ca9b6a+2023-10-23-14h-33m-08s,215,0,0,0,0,pointworld,pointworld,same,0,same,0
TRI+52ca9b6a+2023-10-23-14h-46m-52s,196,0,0,0,0,pointworld,pointworld,same,0,same,0
TRI+52ca9b6a+2023-10-23-14h-53m-39s,496,0,0,73,62,pointworld,pointworld,same,0,moved,-11
TRI+52ca9b6a+2023-10-23-14h-54m-51s,193,0,0,0,0,pointworld,pointworld,same,0,same,0
TRI+52ca9b6a+2023-10-23-15h-12m-45s,462,0,0,14,9,pointworld,pointworld,same,0,moved,-5
TRI+52ca9b6a+2023-10-23-15h-21m-30s,329,0,0,-1,-1,pointworld,pointworld,same,0,same,
TRI+52ca9b6a+2023-10-23-15h-36m-25s,397,0,0,21,19,pointworld,pointworld,same,0,moved,-2
TRI+52ca9b6a+2023-10-23-16h-01m-51s,1095,0,0,0,0,pointworld,pointworld,same,0,same,0
TRI+52ca9b6a+2023-10-23-16h-03m-21s,593,0,0,18,8,pointworld,pointworld,same,0,moved,-10
TRI+52ca9b6a+2023-10-23-16h-22m-09s,766,0,0,0,0,pointworld,pointworld,same,0,same,0
TRI+52ca9b6a+2023-10-23-16h-25m-40s,321,0,0,0,0,pointworld,pointworld,same,0,same,0
TRI+52ca9b6a+2023-10-23-16h-35m-41s,420,0,0,0,0,pointworld,pointworld,same,0,same,0
TRI+52ca9b6a+2023-10-23-16h-43m-52s,327,0,0,0,0,pointworld,pointworld,same,0,same,0
TRI+52ca9b6a+2023-10-23-16h-46m-46s,247,0,0,0,0,pointworld,pointworld,same,0,same,0
TRI+52ca9b6a+2023-10-23-17h-44m-41s,314,0,0,20,0,pointworld,pointworld,same,0,moved,-20
TRI+52ca9b6a+2023-10-23-17h-49m-56s,337,0,0,0,0,pointworld,pointworld,same,0,same,0
TRI+52ca9b6a+2023-10-23-17h-50m-54s,463,0,0,0,0,pointworld,pointworld,same,0,same,0
TRI+52ca9b6a+2023-10-23-17h-51m-35s,499,0,0,0,0,pointworld,pointworld,same,0,same,0
TRI+52ca9b6a+2023-10-23-17h-53m-32s,189,0,0,0,0,pointworld,pointworld,same,0,same,0
TRI+52ca9b6a+2023-10-23-17h-55m-18s,262,0,0,42,0,pointworld,pointworld,same,0,moved,-42
TRI+52ca9b6a+2023-10-23-18h-14m-54s,250,0,0,30,28,pointworld,pointworld,same,0,moved,-2
TRI+52ca9b6a+2023-10-23-18h-22m-32s,851,65,0,83,69,pointworld,pointworld,moved,-65,moved,-14
TRI+52ca9b6a+2023-10-23-18h-24m-24s,351,0,0,7,7,pointworld,pointworld,same,0,same,0
TRI+52ca9b6a+2023-10-24-10h-21m-45s,179,0,0,0,0,pointworld,pointworld,same,0,same,0
TRI+52ca9b6a+2023-10-24-10h-30m-34s,640,0,0,0,0,pointworld,pointworld,same,0,same,0
TRI+52ca9b6a+2023-10-24-10h-31m-29s,289,0,0,17,0,pointworld,pointworld,same,0,moved,-17
TRI+52ca9b6a+2023-10-24-10h-35m-46s,343,0,0,0,0,pointworld,pointworld,same,0,same,0
TRI+52ca9b6a+2023-10-24-10h-41m-28s,246,0,0,0,0,pointworld,pointworld,same,0,same,0
TRI+52ca9b6a+2023-10-24-11h-30m-35s,227,0,0,0,21,pointworld,pointworld,same,0,moved,21
TRI+52ca9b6a+2023-10-24-12h-06m-40s,681,0,0,0,0,pointworld,pointworld,same,0,same,0
TRI+52ca9b6a+2023-10-24-12h-11m-18s,251,0,0,25,25,pointworld,pointworld,same,0,same,0
TRI+52ca9b6a+2023-10-24-13h-22m-46s,149,25,0,46,29,pointworld,pointworld,moved,-25,moved,-17
TRI+52ca9b6a+2023-10-24-13h-35m-47s,679,0,0,17,17,pointworld,pointworld,same,0,same,0
TRI+52ca9b6a+2023-10-24-13h-50m-51s,1214,0,0,26,27,pointworld,pointworld,same,0,moved,1
TRI+52ca9b6a+2023-10-24-13h-54m-00s,450,0,0,14,14,pointworld,pointworld,same,0,same,0
TRI+52ca9b6a+2023-10-24-14h-07m-06s,293,0,0,50,50,pointworld,pointworld,same,0,same,0
TRI+52ca9b6a+2023-10-24-15h-07m-15s,209,0,0,0,0,pointworld,pointworld,same,0,same,0
TRI+52ca9b6a+2023-10-24-15h-19m-14s,222,0,0,0,0,pointworld,pointworld,same,0,same,0
TRI+52ca9b6a+2023-10-24-15h-32m-30s,677,0,0,1,2,pointworld,pointworld,same,0,moved,1
TRI+52ca9b6a+2023-10-24-15h-33m-31s,270,0,18,23,-1,pointworld,pointworld,moved,18,lost,
TRI+52ca9b6a+2023-10-24-16h-05m-39s,326,0,0,0,0,pointworld,pointworld,same,0,same,0
TRI+52ca9b6a+2023-10-24-17h-04m-58s,188,0,0,0,0,pointworld,pointworld,same,0,same,0
TRI+52ca9b6a+2023-10-24-17h-06m-18s,418,0,0,0,-1,pointworld,pointworld,same,0,lost,
TRI+52ca9b6a+2023-10-24-17h-10m-33s,130,17,19,73,-1,pointworld,pointworld,moved,2,lost,
TRI+52ca9b6a+2023-10-24-17h-13m-33s,188,0,0,-1,-1,pointworld,pointworld,same,0,same,
TRI+52ca9b6a+2023-10-24-17h-40m-31s,707,0,0,0,0,pointworld,pointworld,same,0,same,0
TRI+52ca9b6a+2023-10-24-17h-41m-13s,756,0,12,172,24,pointworld,pointworld,moved,12,moved,-148
TRI+52ca9b6a+2023-10-24-17h-51m-44s,442,0,0,20,23,pointworld,pointworld,same,0,moved,3
TRI+52ca9b6a+2023-10-24-17h-55m-34s,359,0,0,68,74,pointworld,pointworld,same,0,moved,6
TRI+52ca9b6a+2023-10-24-18h-00m-02s,108,0,0,20,21,pointworld,pointworld,same,0,moved,1
TRI+52ca9b6a+2023-10-24-18h-04m-58s,193,0,0,0,0,pointworld,pointworld,same,0,same,0
TRI+52ca9b6a+2023-10-24-18h-15m-17s,191,0,25,33,42,pointworld,pointworld,moved,25,moved,9
TRI+52ca9b6a+2023-10-24-18h-27m-00s,127,0,8,15,15,pointworld,pointworld,moved,8,same,0
TRI+52ca9b6a+2023-10-25-09h-42m-03s,242,0,0,15,15,pointworld,pointworld,same,0,same,0
TRI+52ca9b6a+2023-10-25-09h-44m-49s,199,21,21,30,29,pointworld,pointworld,same,0,moved,-1
TRI+52ca9b6a+2023-10-25-10h-08m-44s,782,0,0,12,12,pointworld,pointworld,same,0,same,0
TRI+52ca9b6a+2023-10-25-10h-15m-56s,212,20,19,33,32,pointworld,pointworld,moved,-1,moved,-1
TRI+52ca9b6a+2023-10-25-10h-21m-18s,276,0,0,0,0,pointworld,pointworld,same,0,same,0
TRI+52ca9b6a+2023-10-25-10h-21m-56s,304,0,0,27,26,pointworld,pointworld,same,0,moved,-1
TRI+52ca9b6a+2023-10-25-10h-23m-49s,684,0,0,0,0,pointworld,pointworld,same,0,same,0
TRI+52ca9b6a+2023-10-25-11h-42m-49s,317,40,20,45,41,pointworld,pointworld,moved,-20,moved,-4
TRI+52ca9b6a+2023-10-25-11h-44m-47s,787,0,0,0,13,pointworld,pointworld,same,0,moved,13
TRI+52ca9b6a+2023-10-25-14h-17m-03s,472,0,0,18,17,pointworld,pointworld,same,0,moved,-1
TRI+52ca9b6a+2023-10-25-14h-48m-15s,216,0,0,17,16,pointworld,pointworld,same,0,moved,-1
TRI+52ca9b6a+2023-10-25-15h-20m-02s,114,0,0,26,23,pointworld,pointworld,same,0,moved,-3
TRI+52ca9b6a+2023-10-25-15h-34m-57s,321,49,0,-1,72,pointworld,pointworld,moved,-49,recovered,
TRI+52ca9b6a+2023-10-25-15h-40m-08s,327,0,0,28,28,pointworld,pointworld,same,0,same,0
TRI+52ca9b6a+2023-10-25-15h-41m-28s,418,0,0,38,0,pointworld,pointworld,same,0,moved,-38
TRI+52ca9b6a+2023-10-25-16h-07m-29s,207,0,0,0,0,pointworld,pointworld,same,0,same,0
TRI+52ca9b6a+2023-10-25-16h-07m-37s,584,0,0,0,0,pointworld,pointworld,same,0,same,0
TRI+52ca9b6a+2023-10-25-16h-09m-59s,215,16,14,33,31,pointworld,pointworld,moved,-2,moved,-2
TRI+52ca9b6a+2023-10-25-16h-18m-01s,184,0,0,33,31,pointworld,pointworld,same,0,moved,-2
TRI+52ca9b6a+2023-10-25-16h-27m-34s,725,0,0,0,0,pointworld,pointworld,same,0,same,0
TRI+52ca9b6a+2023-10-25-16h-35m-12s,126,0,0,15,0,pointworld,pointworld,same,0,moved,-15
TRI+52ca9b6a+2023-10-25-17h-09m-40s,314,0,0,0,0,pointworld,pointworld,same,0,same,0
TRI+52ca9b6a+2023-10-25-17h-12m-00s,195,0,0,0,0,pointworld,pointworld,same,0,same,0
TRI+52ca9b6a+2023-10-25-17h-13m-52s,212,0,0,28,28,pointworld,pointworld,same,0,same,0
TRI+52ca9b6a+2023-10-25-17h-27m-59s,270,0,0,20,20,pointworld,pointworld,same,0,same,0
TRI+52ca9b6a+2023-10-25-17h-30m-53s,313,0,0,0,0,pointworld,pointworld,same,0,same,0
TRI+52ca9b6a+2023-10-25-17h-31m-42s,615,0,0,0,0,pointworld,pointworld,same,0,same,0
TRI+52ca9b6a+2023-10-25-17h-34m-08s,297,0,0,13,12,pointworld,pointworld,same,0,moved,-1
TRI+52ca9b6a+2023-10-25-17h-38m-17s,311,0,0,10,10,pointworld,pointworld,same,0,same,0
TRI+52ca9b6a+2023-10-25-17h-40m-36s,196,0,0,0,0,pointworld,pointworld,same,0,same,0
TRI+52ca9b6a+2023-10-26-11h-02m-15s,86,0,0,0,0,pointworld,pointworld,same,0,same,0
TRI+52ca9b6a+2023-10-26-11h-34m-28s,471,0,0,22,21,pointworld,pointworld,same,0,moved,-1
TRI+52ca9b6a+2023-10-26-11h-50m-58s,493,0,0,36,35,pointworld,pointworld,same,0,moved,-1
TRI+52ca9b6a+2023-10-26-11h-58m-58s,280,49,0,252,0,pointworld,pointworld,moved,-49,moved,-252
TRI+52ca9b6a+2023-10-26-12h-10m-58s,219,0,0,59,0,pointworld,pointworld,same,0,moved,-59
TRI+52ca9b6a+2023-10-26-12h-12m-14s,430,0,0,0,0,pointworld,pointworld,same,0,same,0
TRI+52ca9b6a+2023-10-26-13h-34m-14s,308,0,0,0,0,pointworld,pointworld,same,0,same,0
TRI+52ca9b6a+2023-10-26-13h-35m-32s,350,0,0,0,0,pointworld,pointworld,same,0,same,0
TRI+52ca9b6a+2023-10-26-13h-41m-35s,302,0,0,0,0,pointworld,pointworld,same,0,same,0
TRI+52ca9b6a+2023-10-26-13h-45m-54s,584,0,0,0,0,pointworld,pointworld,same,0,same,0
TRI+52ca9b6a+2023-10-26-13h-58m-12s,225,0,0,0,0,pointworld,pointworld,same,0,same,0
TRI+52ca9b6a+2023-10-26-14h-20m-08s,295,0,0,0,0,pointworld,pointworld,same,0,same,0
TRI+52ca9b6a+2023-10-26-14h-22m-45s,189,0,0,8,0,pointworld,pointworld,same,0,moved,-8
TRI+52ca9b6a+2023-10-26-14h-30m-07s,427,0,0,0,0,pointworld,pointworld,same,0,same,0
TRI+52ca9b6a+2023-10-26-14h-55m-11s,445,0,0,0,0,pointworld,pointworld,same,0,same,0
TRI+52ca9b6a+2023-10-26-15h-02m-35s,449,0,0,0,0,pointworld,pointworld,same,0,same,0
TRI+52ca9b6a+2023-10-26-15h-31m-47s,268,0,0,170,170,pointworld,pointworld,same,0,same,0
TRI+52ca9b6a+2023-10-30-15h-13m-06s,154,0,0,0,29,pointworld,pointworld,same,0,moved,29
TRI+52ca9b6a+2023-10-30-15h-19m-04s,490,0,0,0,0,pointworld,pointworld,same,0,same,0
TRI+52ca9b6a+2023-10-30-16h-19m-51s,458,38,38,49,49,pointworld,pointworld,same,0,same,0
TRI+52ca9b6a+2023-10-30-16h-21m-32s,365,0,0,0,12,pointworld,pointworld,same,0,moved,12
TRI+52ca9b6a+2023-10-30-16h-23m-35s,303,0,0,0,0,pointworld,pointworld,same,0,same,0
TRI+52ca9b6a+2023-10-30-16h-24m-14s,181,0,0,0,0,pointworld,pointworld,same,0,same,0
TRI+52ca9b6a+2023-10-30-16h-33m-01s,225,0,0,0,8,pointworld,pointworld,same,0,moved,8
TRI+52ca9b6a+2023-10-30-16h-34m-57s,1201,16,17,37,38,pointworld,pointworld,moved,1,moved,1
TRI+52ca9b6a+2023-10-30-16h-38m-41s,301,0,0,0,0,pointworld,pointworld,same,0,same,0
TRI+52ca9b6a+2023-10-30-16h-54m-29s,465,0,0,0,0,pointworld,pointworld,same,0,same,0
TRI+52ca9b6a+2023-10-30-17h-13m-43s,380,40,0,64,0,pointworld,pointworld,moved,-40,moved,-64
TRI+52ca9b6a+2023-10-30-17h-18m-48s,248,11,0,16,0,pointworld,pointworld,moved,-11,moved,-16
TRI+52ca9b6a+2023-10-30-17h-22m-50s,350,0,0,279,18,pointworld,pointworld,same,0,moved,-261
TRI+52ca9b6a+2023-10-30-17h-35m-23s,174,0,0,0,0,pointworld,pointworld,same,0,same,0
TRI+52ca9b6a+2023-10-31-13h-53m-49s,694,0,0,28,31,pointworld,pointworld,same,0,moved,3
TRI+52ca9b6a+2023-10-31-13h-56m-41s,275,0,0,0,0,pointworld,pointworld,same,0,same,0
TRI+52ca9b6a+2023-10-31-14h-11m-16s,232,0,0,14,15,pointworld,pointworld,same,0,moved,1
TRI+52ca9b6a+2023-10-31-14h-20m-26s,1118,0,0,0,0,pointworld,pointworld,same,0,same,0
TRI+52ca9b6a+2023-10-31-14h-53m-36s,561,0,0,15,19,pointworld,pointworld,same,0,moved,4
TRI+52ca9b6a+2023-10-31-14h-57m-32s,261,0,0,27,30,pointworld,pointworld,same,0,moved,3
TRI+52ca9b6a+2023-10-31-15h-17m-22s,376,0,0,0,0,pointworld,pointworld,same,0,same,0
TRI+52ca9b6a+2023-10-31-15h-21m-40s,407,0,26,80,79,pointworld,pointworld,moved,26,moved,-1
TRI+52ca9b6a+2023-10-31-15h-32m-01s,169,0,0,17,13,pointworld,pointworld,same,0,moved,-4
TRI+52ca9b6a+2023-10-31-15h-35m-06s,160,0,0,0,0,pointworld,pointworld,same,0,same,0
TRI+52ca9b6a+2023-10-31-15h-43m-37s,363,0,0,0,0,pointworld,pointworld,same,0,same,0
TRI+52ca9b6a+2023-10-31-16h-05m-30s,715,0,0,16,16,pointworld,pointworld,same,0,same,0
TRI+52ca9b6a+2023-10-31-16h-06m-48s,358,0,0,0,0,pointworld,pointworld,same,0,same,0
TRI+52ca9b6a+2023-10-31-16h-26m-52s,536,0,0,0,0,pointworld,pointworld,same,0,same,0
TRI+52ca9b6a+2023-10-31-16h-31m-52s,395,0,0,0,0,pointworld,pointworld,same,0,same,0
TRI+52ca9b6a+2023-10-31-16h-41m-26s,534,0,0,37,37,pointworld,pointworld,same,0,same,0
TRI+52ca9b6a+2023-10-31-16h-58m-48s,347,0,0,0,0,pointworld,pointworld,same,0,same,0
TRI+52ca9b6a+2023-10-31-17h-10m-36s,267,0,0,68,67,pointworld,pointworld,same,0,moved,-1
TRI+52ca9b6a+2023-10-31-17h-12m-55s,243,0,0,0,0,pointworld,pointworld,same,0,same,0
TRI+52ca9b6a+2023-10-31-17h-13m-19s,446,0,0,32,33,pointworld,pointworld,same,0,moved,1
TRI+52ca9b6a+2023-10-31-17h-13m-34s,290,70,69,80,80,pointworld,pointworld,moved,-1,same,0
TRI+52ca9b6a+2023-10-31-17h-15m-05s,662,0,0,52,53,pointworld,pointworld,same,0,moved,1
TRI+52ca9b6a+2023-10-31-17h-20m-07s,239,0,0,0,0,pointworld,pointworld,same,0,same,0
TRI+52ca9b6a+2023-10-31-17h-32m-53s,517,0,0,30,30,pointworld,pointworld,same,0,same,0
TRI+52ca9b6a+2023-11-01-09h-50m-05s,260,27,26,45,40,pointworld,pointworld,moved,-1,moved,-5
TRI+52ca9b6a+2023-11-01-09h-51m-57s,254,0,0,0,10,pointworld,pointworld,same,0,moved,10
TRI+52ca9b6a+2023-11-01-10h-07m-49s,768,0,0,0,0,pointworld,pointworld,same,0,same,0
TRI+52ca9b6a+2023-11-01-10h-09m-14s,607,0,0,16,16,pointworld,pointworld,same,0,same,0
TRI+52ca9b6a+2023-11-01-10h-33m-43s,250,0,0,20,20,pointworld,pointworld,same,0,same,0
TRI+52ca9b6a+2023-11-01-11h-04m-08s,283,0,0,0,0,pointworld,pointworld,same,0,same,0
TRI+52ca9b6a+2023-11-01-11h-12m-52s,454,0,0,45,26,pointworld,pointworld,same,0,moved,-19
TRI+52ca9b6a+2023-11-01-11h-15m-22s,123,-1,103,-1,-1,pointworld,pointworld,recovered,,same,
TRI+52ca9b6a+2023-11-01-11h-16m-51s,527,94,89,114,98,pointworld,pointworld,moved,-5,moved,-16
TRI+52ca9b6a+2023-11-01-11h-27m-49s,416,0,0,0,0,pointworld,pointworld,same,0,same,0
TRI+52ca9b6a+2023-11-01-13h-51m-43s,282,0,0,39,40,pointworld,pointworld,same,0,moved,1
TRI+52ca9b6a+2023-11-01-14h-14m-21s,157,43,0,147,145,pointworld,pointworld,moved,-43,moved,-2
TRI+52ca9b6a+2023-11-01-14h-16m-24s,588,49,49,64,65,pointworld,pointworld,same,0,moved,1
TRI+52ca9b6a+2023-11-01-14h-17m-05s,192,0,0,0,0,pointworld,pointworld,same,0,same,0
TRI+52ca9b6a+2023-11-01-14h-47m-47s,292,0,0,0,0,pointworld,pointworld,same,0,same,0
TRI+52ca9b6a+2023-11-01-15h-02m-36s,578,0,0,14,14,pointworld,pointworld,same,0,same,0
TRI+52ca9b6a+2023-11-01-15h-06m-35s,607,0,0,19,20,pointworld,pointworld,same,0,moved,1
TRI+52ca9b6a+2023-11-01-15h-24m-05s,1069,0,0,0,0,pointworld,pointworld,same,0,same,0
TRI+52ca9b6a+2023-11-01-15h-57m-06s,570,0,0,0,0,pointworld,pointworld,same,0,same,0
TRI+52ca9b6a+2023-11-01-16h-22m-11s,325,0,0,33,32,pointworld,pointworld,same,0,moved,-1
TRI+52ca9b6a+2023-11-01-16h-53m-17s,220,0,0,0,0,pointworld,pointworld,same,0,same,0
TRI+52ca9b6a+2023-11-01-17h-01m-51s,116,0,0,23,22,pointworld,pointworld,same,0,moved,-1
TRI+52ca9b6a+2023-11-01-17h-24m-38s,133,0,0,0,13,pointworld,pointworld,same,0,moved,13
TRI+52ca9b6a+2023-11-02-10h-16m-13s,187,0,0,18,18,pointworld,pointworld,same,0,same,0
TRI+52ca9b6a+2023-11-02-11h-04m-38s,284,0,0,0,0,pointworld,pointworld,same,0,same,0
TRI+52ca9b6a+2023-11-02-11h-08m-26s,479,0,0,12,13,pointworld,pointworld,same,0,moved,1
TRI+52ca9b6a+2023-11-02-11h-30m-33s,721,0,0,0,0,pointworld,pointworld,same,0,same,0
TRI+52ca9b6a+2023-11-02-11h-58m-11s,557,0,0,0,0,pointworld,pointworld,same,0,same,0
TRI+52ca9b6a+2023-11-02-11h-59m-39s,663,0,0,0,0,pointworld,pointworld,same,0,same,0
TRI+52ca9b6a+2023-11-02-12h-08m-16s,292,0,0,0,0,pointworld,pointworld,same,0,same,0
TRI+52ca9b6a+2023-11-02-12h-18m-31s,434,0,0,0,0,pointworld,pointworld,same,0,same,0
TRI+52ca9b6a+2023-11-02-13h-20m-47s,149,0,0,0,11,pointworld,pointworld,same,0,moved,11
TRI+52ca9b6a+2023-11-02-13h-31m-15s,744,0,16,14,41,pointworld,pointworld,moved,16,moved,27
TRI+52ca9b6a+2023-11-02-13h-43m-23s,379,0,0,0,0,pointworld,pointworld,same,0,same,0
TRI+52ca9b6a+2023-11-02-13h-49m-58s,416,14,0,20,20,pointworld,pointworld,moved,-14,same,0
TRI+52ca9b6a+2023-11-02-14h-11m-01s,767,32,30,69,67,pointworld,pointworld,moved,-2,moved,-2
TRI+52ca9b6a+2023-11-02-14h-29m-20s,522,25,23,35,34,pointworld,pointworld,moved,-2,moved,-1
TRI+52ca9b6a+2023-11-02-14h-35m-04s,675,23,22,52,51,pointworld,pointworld,moved,-1,moved,-1
TRI+52ca9b6a+2023-11-02-14h-39m-17s,355,0,0,110,109,pointworld,pointworld,same,0,moved,-1
TRI+52ca9b6a+2023-11-02-14h-42m-58s,401,16,15,46,45,pointworld,pointworld,moved,-1,moved,-1
TRI+52ca9b6a+2023-11-02-15h-09m-47s,665,0,0,64,64,pointworld,pointworld,same,0,same,0
TRI+52ca9b6a+2023-11-02-15h-18m-04s,278,0,0,0,0,pointworld,pointworld,same,0,same,0
TRI+52ca9b6a+2023-11-02-15h-27m-44s,235,21,0,35,22,pointworld,pointworld,moved,-21,moved,-13
TRI+52ca9b6a+2023-11-02-15h-41m-49s,718,0,0,0,0,pointworld,pointworld,same,0,same,0
TRI+52ca9b6a+2023-11-02-15h-41m-57s,292,0,0,9,9,pointworld,pointworld,same,0,same,0
TRI+52ca9b6a+2023-11-02-15h-42m-30s,169,15,15,20,20,pointworld,pointworld,same,0,same,0
TRI+52ca9b6a+2023-11-02-15h-45m-25s,232,14,14,29,22,pointworld,pointworld,same,0,moved,-7
TRI+52ca9b6a+2023-11-02-15h-47m-25s,173,0,0,41,41,pointworld,pointworld,same,0,same,0
TRI+52ca9b6a+2023-11-02-15h-49m-00s,292,21,21,27,27,pointworld,pointworld,same,0,same,0
TRI+52ca9b6a+2023-11-02-16h-18m-56s,416,0,0,19,18,pointworld,pointworld,same,0,moved,-1
TRI+52ca9b6a+2023-11-02-16h-32m-55s,165,0,0,0,0,pointworld,pointworld,same,0,same,0
TRI+52ca9b6a+2023-11-02-16h-37m-25s,398,16,16,37,38,pointworld,pointworld,same,0,moved,1
TRI+52ca9b6a+2023-11-02-16h-39m-49s,263,182,182,186,186,pointworld,pointworld,same,0,same,0
TRI+52ca9b6a+2023-11-02-16h-47m-11s,371,0,0,0,0,pointworld,pointworld,same,0,same,0
TRI+52ca9b6a+2023-11-02-17h-24m-25s,328,14,13,38,38,pointworld,pointworld,moved,-1,same,0
TRI+52ca9b6a+2023-11-02-17h-28m-51s,239,0,0,11,11,pointworld,pointworld,same,0,same,0
TRI+52ca9b6a+2023-11-02-17h-32m-00s,597,0,0,34,34,pointworld,pointworld,same,0,same,0
TRI+52ca9b6a+2023-11-02-17h-33m-25s,251,0,0,200,200,pointworld,pointworld,same,0,same,0
TRI+52ca9b6a+2023-11-02-17h-36m-36s,149,0,0,0,0,pointworld,pointworld,same,0,same,0
TRI+52ca9b6a+2023-11-02-17h-42m-47s,424,0,0,0,0,pointworld,pointworld,same,0,same,0
TRI+52ca9b6a+2023-11-06-10h-24m-15s,374,0,0,85,67,pointworld,pointworld,same,0,moved,-18
TRI+52ca9b6a+2023-11-06-10h-30m-46s,572,18,0,47,30,pointworld,pointworld,moved,-18,moved,-17
TRI+52ca9b6a+2023-11-06-10h-52m-05s,820,0,0,0,0,pointworld,pointworld,same,0,same,0
TRI+52ca9b6a+2023-11-06-11h-38m-59s,258,0,0,0,15,pointworld,pointworld,same,0,moved,15
TRI+52ca9b6a+2023-11-06-13h-16m-21s,213,0,0,25,0,pointworld,pointworld,same,0,moved,-25
TRI+52ca9b6a+2023-11-06-13h-19m-53s,228,0,0,19,34,pointworld,pointworld,same,0,moved,15
TRI+52ca9b6a+2023-11-06-13h-57m-18s,181,0,0,7,0,pointworld,pointworld,same,0,moved,-7
TRI+52ca9b6a+2023-11-06-13h-58m-12s,229,13,11,-1,18,pointworld,pointworld,moved,-2,recovered,
TRI+52ca9b6a+2023-11-06-14h-42m-32s,401,0,0,59,57,pointworld,pointworld,same,0,moved,-2
TRI+52ca9b6a+2023-11-06-14h-44m-51s,356,0,0,25,22,pointworld,pointworld,same,0,moved,-3
TRI+52ca9b6a+2023-11-06-15h-02m-44s,803,0,0,0,0,pointworld,pointworld,same,0,same,0
TRI+52ca9b6a+2023-11-06-15h-14m-57s,292,0,0,15,14,pointworld,pointworld,same,0,moved,-1
TRI+52ca9b6a+2023-11-06-15h-42m-53s,146,15,16,32,36,pointworld,pointworld,moved,1,moved,4
TRI+52ca9b6a+2023-11-06-15h-45m-19s,494,42,46,383,110,pointworld,pointworld,moved,4,moved,-273
TRI+52ca9b6a+2023-11-06-15h-52m-52s,200,0,0,0,0,pointworld,pointworld,same,0,same,0
TRI+52ca9b6a+2023-11-06-16h-07m-54s,268,0,57,61,62,pointworld,pointworld,moved,57,moved,1
TRI+52ca9b6a+2023-11-06-16h-11m-53s,283,19,29,34,41,pointworld,pointworld,moved,10,moved,7
TRI+52ca9b6a+2023-11-06-16h-21m-31s,387,154,109,184,174,pointworld,pointworld,moved,-45,moved,-10
TRI+52ca9b6a+2023-11-06-16h-30m-24s,210,0,0,31,0,pointworld,pointworld,same,0,moved,-31
TRI+52ca9b6a+2023-11-06-16h-31m-43s,287,151,0,155,0,pointworld,pointworld,moved,-151,moved,-155
TRI+52ca9b6a+2023-11-06-16h-33m-48s,505,0,0,15,8,pointworld,pointworld,same,0,moved,-7
TRI+52ca9b6a+2023-11-06-17h-03m-19s,177,0,0,-1,0,pointworld,pointworld,same,0,recovered,
TRI+52ca9b6a+2023-11-06-17h-14m-08s,345,33,30,66,62,pointworld,pointworld,moved,-3,moved,-4
TRI+52ca9b6a+2023-11-06-17h-33m-18s,181,0,0,0,0,pointworld,pointworld,same,0,same,0
TRI+52ca9b6a+2023-11-07-09h-49m-11s,60,0,0,0,0,pointworld,pointworld,same,0,same,0
TRI+52ca9b6a+2023-11-07-13h-16m-33s,418,0,0,21,0,pointworld,pointworld,same,0,moved,-21
TRI+52ca9b6a+2023-11-07-13h-27m-26s,147,0,0,45,0,pointworld,pointworld,same,0,moved,-45
TRI+52ca9b6a+2023-11-07-13h-41m-43s,160,0,0,0,0,pointworld,pointworld,same,0,same,0
TRI+52ca9b6a+2023-11-07-13h-44m-01s,160,0,0,0,0,pointworld,pointworld,same,0,same,0
TRI+52ca9b6a+2023-11-07-13h-44m-24s,185,0,0,0,0,pointworld,pointworld,same,0,same,0
TRI+52ca9b6a+2023-11-07-14h-16m-39s,390,0,0,0,0,pointworld,pointworld,same,0,same,0
TRI+52ca9b6a+2023-11-07-14h-22m-47s,330,0,0,0,0,pointworld,pointworld,same,0,same,0
TRI+52ca9b6a+2023-11-07-14h-25m-56s,476,0,0,0,0,pointworld,pointworld,same,0,same,0
TRI+52ca9b6a+2023-11-07-14h-29m-08s,493,0,0,0,0,raw_fallback,raw_fallback,same,0,same,0
TRI+52ca9b6a+2023-11-07-14h-40m-05s,477,0,0,0,0,pointworld,pointworld,same,0,same,0
TRI+52ca9b6a+2023-11-07-14h-40m-29s,322,0,0,0,0,pointworld,pointworld,same,0,same,0
TRI+52ca9b6a+2023-11-07-14h-42m-14s,284,0,0,0,0,pointworld,pointworld,same,0,same,0
TRI+52ca9b6a+2023-11-07-14h-45m-51s,235,0,0,0,0,pointworld,pointworld,same,0,same,0
TRI+52ca9b6a+2023-11-07-14h-57m-27s,349,0,0,0,0,pointworld,pointworld,same,0,same,0
TRI+52ca9b6a+2023-11-07-15h-09m-28s,423,0,0,0,0,pointworld,pointworld,same,0,same,0
TRI+52ca9b6a+2023-11-07-15h-12m-47s,181,0,0,0,0,pointworld,pointworld,same,0,same,0
TRI+52ca9b6a+2023-11-07-15h-35m-01s,282,0,0,0,0,pointworld,pointworld,same,0,same,0
TRI+52ca9b6a+2023-11-07-15h-36m-03s,457,0,0,0,0,pointworld,pointworld,same,0,same,0
TRI+52ca9b6a+2023-11-07-15h-40m-50s,128,0,0,0,0,pointworld,pointworld,same,0,same,0
TRI+52ca9b6a+2023-11-07-15h-41m-09s,222,0,0,0,0,pointworld,pointworld,same,0,same,0
TRI+52ca9b6a+2023-11-07-15h-43m-08s,492,0,0,0,0,pointworld,pointworld,same,0,same,0
TRI+52ca9b6a+2023-11-07-15h-43m-35s,175,0,0,0,0,pointworld,pointworld,same,0,same,0
TRI+52ca9b6a+2023-11-07-15h-45m-38s,154,0,0,0,0,pointworld,pointworld,same,0,same,0
TRI+52ca9b6a+2023-11-07-15h-57m-06s,506,0,0,0,0,pointworld,pointworld,same,0,same,0
TRI+52ca9b6a+2023-11-07-16h-07m-05s,387,0,0,0,0,pointworld,pointworld,same,0,same,0
TRI+52ca9b6a+2023-11-07-16h-17m-02s,400,0,0,0,0,pointworld,pointworld,same,0,same,0
TRI+52ca9b6a+2023-11-07-16h-18m-39s,107,0,0,0,0,pointworld,pointworld,same,0,same,0
TRI+52ca9b6a+2023-11-07-16h-25m-18s,368,0,0,0,0,pointworld,pointworld,same,0,same,0
TRI+52ca9b6a+2023-11-07-16h-39m-55s,497,0,0,0,0,pointworld,pointworld,same,0,same,0
TRI+52ca9b6a+2023-11-07-16h-53m-41s,388,0,0,0,0,pointworld,pointworld,same,0,same,0
TRI+52ca9b6a+2023-11-07-16h-55m-18s,565,0,0,0,0,pointworld,pointworld,same,0,same,0
TRI+52ca9b6a+2023-11-07-17h-02m-11s,210,0,0,0,0,pointworld,pointworld,same,0,same,0
TRI+52ca9b6a+2023-11-07-17h-12m-59s,322,0,0,0,0,pointworld,pointworld,same,0,same,0
TRI+52ca9b6a+2023-11-07-17h-13m-33s,217,0,0,0,0,pointworld,pointworld,same,0,same,0
TRI+52ca9b6a+2023-11-07-17h-18m-27s,222,0,0,0,0,pointworld,pointworld,same,0,same,0
TRI+52ca9b6a+2023-11-07-17h-21m-31s,152,0,0,0,-1,pointworld,pointworld,same,0,lost,
TRI+52ca9b6a+2023-11-07-17h-37m-02s,231,21,20,31,29,pointworld,pointworld,moved,-1,moved,-2
TRI+52ca9b6a+2023-11-07-17h-49m-12s,201,138,137,145,144,pointworld,pointworld,moved,-1,moved,-1
TRI+52ca9b6a+2023-11-08-10h-08m-31s,601,0,0,11,12,pointworld,pointworld,same,0,moved,1
TRI+52ca9b6a+2023-11-08-10h-16m-30s,789,0,0,0,0,pointworld,pointworld,same,0,same,0
TRI+52ca9b6a+2023-11-08-10h-37m-56s,305,0,0,0,0,pointworld,pointworld,same,0,same,0
TRI+52ca9b6a+2023-11-08-10h-45m-00s,614,0,0,13,10,pointworld,pointworld,same,0,moved,-3
TRI+52ca9b6a+2023-11-08-11h-01m-50s,294,0,0,0,0,pointworld,pointworld,same,0,same,0
TRI+52ca9b6a+2023-11-08-11h-06m-07s,329,0,61,0,-1,pointworld,pointworld,moved,61,lost,
TRI+52ca9b6a+2023-11-08-12h-16m-28s,651,0,0,0,0,pointworld,pointworld,same,0,same,0
TRI+52ca9b6a+2023-11-08-12h-45m-58s,145,0,0,12,0,pointworld,pointworld,same,0,moved,-12
TRI+52ca9b6a+2023-11-08-14h-21m-27s,508,0,0,0,0,pointworld,pointworld,same,0,same,0
TRI+52ca9b6a+2023-11-08-15h-14m-44s,210,0,0,138,0,pointworld,pointworld,same,0,moved,-138
TRI+52ca9b6a+2023-11-08-15h-20m-46s,283,0,0,0,0,pointworld,pointworld,same,0,same,0
TRI+52ca9b6a+2023-11-08-15h-22m-10s,167,0,0,0,0,pointworld,pointworld,same,0,same,0
TRI+52ca9b6a+2023-11-08-16h-08m-16s,209,0,0,0,0,pointworld,pointworld,same,0,same,0
TRI+52ca9b6a+2023-11-08-16h-46m-27s,712,0,0,0,0,pointworld,pointworld,same,0,same,0
TRI+52ca9b6a+2023-11-08-16h-54m-30s,160,0,0,0,0,pointworld,pointworld,same,0,same,0
TRI+52ca9b6a+2023-11-08-17h-06m-58s,315,0,0,0,0,pointworld,pointworld,same,0,same,0
TRI+52ca9b6a+2023-11-08-17h-09m-42s,256,0,0,0,0,pointworld,pointworld,same,0,same,0
TRI+52ca9b6a+2023-11-08-17h-12m-07s,496,0,0,0,0,pointworld,pointworld,same,0,same,0
TRI+52ca9b6a+2023-11-08-17h-13m-11s,174,0,0,0,0,pointworld,pointworld,same,0,same,0
TRI+52ca9b6a+2023-11-08-17h-18m-37s,200,0,0,13,0,pointworld,pointworld,same,0,moved,-13
TRI+52ca9b6a+2023-11-08-17h-20m-14s,283,9,0,13,10,pointworld,pointworld,moved,-9,moved,-3
TRI+52ca9b6a+2023-11-08-17h-37m-38s,202,18,0,70,0,pointworld,pointworld,moved,-18,moved,-70
TRI+52ca9b6a+2023-11-08-17h-44m-25s,194,0,0,0,0,pointworld,pointworld,same,0,same,0
TRI+52ca9b6a+2023-11-08-17h-45m-29s,235,0,0,0,0,pointworld,pointworld,same,0,same,0
TRI+52ca9b6a+2023-11-09-10h-00m-10s,384,0,0,0,0,pointworld,pointworld,same,0,same,0
TRI+52ca9b6a+2023-11-09-10h-05m-06s,302,0,0,0,0,pointworld,pointworld,same,0,same,0
TRI+52ca9b6a+2023-11-09-10h-53m-54s,398,0,0,0,0,pointworld,pointworld,same,0,same,0
TRI+52ca9b6a+2023-11-09-10h-54m-56s,167,0,0,0,0,pointworld,pointworld,same,0,same,0
TRI+52ca9b6a+2023-11-09-11h-08m-22s,482,0,0,0,0,pointworld,pointworld,same,0,same,0
TRI+52ca9b6a+2023-11-09-11h-18m-31s,575,0,0,0,0,pointworld,pointworld,same,0,same,0
TRI+52ca9b6a+2023-11-09-11h-37m-03s,276,0,0,0,0,pointworld,pointworld,same,0,same,0
TRI+52ca9b6a+2023-11-09-11h-45m-11s,216,0,0,0,0,pointworld,pointworld,same,0,same,0
TRI+52ca9b6a+2023-11-09-12h-00m-56s,212,0,0,0,0,pointworld,pointworld,same,0,same,0
TRI+52ca9b6a+2023-11-09-12h-15m-51s,262,0,0,0,0,pointworld,pointworld,same,0,same,0
TRI+52ca9b6a+2023-11-09-12h-41m-18s,212,0,0,0,0,pointworld,pointworld,same,0,same,0
TRI+52ca9b6a+2023-11-09-13h-45m-04s,201,0,0,0,0,pointworld,pointworld,same,0,same,0
TRI+52ca9b6a+2023-11-09-13h-46m-44s,180,0,0,0,0,pointworld,pointworld,same,0,same,0
TRI+52ca9b6a+2023-11-09-13h-51m-06s,281,0,0,0,23,pointworld,pointworld,same,0,moved,23
TRI+52ca9b6a+2023-11-09-14h-02m-02s,113,0,0,0,0,pointworld,pointworld,same,0,same,0
TRI+52ca9b6a+2023-11-09-14h-19m-47s,663,0,0,0,0,pointworld,pointworld,same,0,same,0
TRI+52ca9b6a+2023-11-09-14h-22m-38s,680,0,0,16,17,pointworld,pointworld,same,0,moved,1
TRI+52ca9b6a+2023-11-09-14h-38m-57s,141,0,0,0,0,pointworld,pointworld,same,0,same,0
TRI+52ca9b6a+2023-11-09-14h-45m-04s,140,0,0,0,0,pointworld,pointworld,same,0,same,0
TRI+52ca9b6a+2023-11-09-14h-48m-24s,390,0,0,0,0,pointworld,pointworld,same,0,same,0
TRI+52ca9b6a+2023-11-09-14h-53m-23s,357,0,0,0,0,pointworld,pointworld,same,0,same,0
TRI+52ca9b6a+2023-11-09-15h-04m-39s,138,0,0,0,0,pointworld,pointworld,same,0,same,0
TRI+52ca9b6a+2023-11-09-15h-14m-16s,148,0,0,0,0,pointworld,pointworld,same,0,same,0
TRI+52ca9b6a+2023-11-09-15h-17m-10s,188,0,0,0,0,pointworld,pointworld,same,0,same,0
TRI+52ca9b6a+2023-11-09-15h-21m-24s,242,0,0,0,0,pointworld,pointworld,same,0,same,0
TRI+52ca9b6a+2023-11-09-15h-23m-32s,220,0,0,0,0,pointworld,pointworld,same,0,same,0
TRI+52ca9b6a+2023-11-09-15h-46m-02s,188,0,0,0,0,pointworld,pointworld,same,0,same,0
TRI+52ca9b6a+2023-11-09-15h-53m-09s,179,0,0,0,0,pointworld,pointworld,same,0,same,0
TRI+52ca9b6a+2023-11-09-15h-54m-29s,306,0,0,0,0,pointworld,pointworld,same,0,same,0
TRI+52ca9b6a+2023-11-09-15h-55m-03s,323,0,0,19,19,pointworld,pointworld,same,0,same,0
TRI+52ca9b6a+2023-11-09-16h-00m-31s,130,0,0,0,0,pointworld,pointworld,same,0,same,0
TRI+52ca9b6a+2023-11-09-16h-01m-21s,307,0,0,0,0,pointworld,pointworld,same,0,same,0
TRI+52ca9b6a+2023-11-13-10h-23m-59s,439,0,0,0,0,pointworld,pointworld,same,0,same,0
TRI+52ca9b6a+2023-11-13-13h-44m-00s,442,0,0,64,64,pointworld,pointworld,same,0,same,0
TRI+52ca9b6a+2023-11-13-13h-57m-55s,285,0,0,50,50,pointworld,pointworld,same,0,same,0
TRI+52ca9b6a+2023-11-13-14h-00m-07s,336,0,0,26,26,pointworld,pointworld,same,0,same,0
TRI+52ca9b6a+2023-11-13-14h-07m-17s,235,43,43,54,54,pointworld,pointworld,same,0,same,0
TRI+52ca9b6a+2023-11-13-14h-18m-27s,550,0,0,83,84,pointworld,pointworld,same,0,moved,1
TRI+52ca9b6a+2023-11-13-14h-52m-10s,196,11,11,23,-1,pointworld,pointworld,same,0,lost,
TRI+52ca9b6a+2023-11-13-14h-59m-52s,352,66,66,82,81,pointworld,pointworld,same,0,moved,-1
TRI+52ca9b6a+2023-11-13-15h-51m-51s,215,0,0,13,13,pointworld,pointworld,same,0,same,0
TRI+52ca9b6a+2023-11-13-16h-02m-20s,476,0,0,0,-1,pointworld,pointworld,same,0,lost,
TRI+52ca9b6a+2023-11-13-16h-03m-53s,190,12,20,67,-1,pointworld,pointworld,moved,8,lost,
TRI+52ca9b6a+2023-11-13-16h-04m-30s,510,0,0,79,-1,pointworld,pointworld,same,0,lost,
TRI+52ca9b6a+2023-11-13-16h-19m-10s,112,0,0,0,0,pointworld,pointworld,same,0,same,0
TRI+52ca9b6a+2023-11-13-16h-20m-02s,165,0,0,0,14,pointworld,pointworld,same,0,moved,14
TRI+52ca9b6a+2023-11-13-17h-11m-23s,216,17,0,39,37,pointworld,pointworld,moved,-17,moved,-2
TRI+52ca9b6a+2023-11-13-17h-13m-54s,204,0,0,11,18,pointworld,pointworld,same,0,moved,7
TRI+52ca9b6a+2023-11-13-17h-22m-34s,370,0,0,9,0,pointworld,pointworld,same,0,moved,-9
TRI+52ca9b6a+2023-11-14-09h-57m-29s,417,0,0,126,125,pointworld,pointworld,same,0,moved,-1
TRI+52ca9b6a+2023-11-14-10h-00m-11s,195,0,0,20,20,pointworld,pointworld,same,0,same,0
TRI+52ca9b6a+2023-11-14-10h-06m-03s,346,0,0,19,19,pointworld,pointworld,same,0,same,0
TRI+52ca9b6a+2023-11-14-10h-10m-01s,439,0,0,21,19,pointworld,pointworld,same,0,moved,-2
TRI+52ca9b6a+2023-11-14-10h-37m-12s,459,0,0,119,0,pointworld,pointworld,same,0,moved,-119
TRI+52ca9b6a+2023-11-14-10h-40m-45s,140,0,0,14,10,pointworld,pointworld,same,0,moved,-4
TRI+52ca9b6a+2023-11-14-10h-44m-07s,176,15,13,21,20,pointworld,pointworld,moved,-2,moved,-1
TRI+52ca9b6a+2023-11-14-10h-44m-59s,255,0,0,33,30,pointworld,pointworld,same,0,moved,-3
TRI+52ca9b6a+2023-11-14-11h-03m-46s,137,0,0,23,0,pointworld,pointworld,same,0,moved,-23
TRI+52ca9b6a+2023-11-14-11h-14m-08s,257,0,0,0,0,pointworld,pointworld,same,0,same,0
TRI+52ca9b6a+2023-11-14-11h-14m-41s,356,0,0,9,8,pointworld,pointworld,same,0,moved,-1
TRI+52ca9b6a+2023-11-14-11h-45m-17s,215,0,0,0,0,pointworld,pointworld,same,0,same,0
TRI+52ca9b6a+2023-11-14-12h-01m-00s,187,0,0,0,0,pointworld,pointworld,same,0,same,0
TRI+52ca9b6a+2023-11-14-13h-28m-07s,218,0,0,0,0,pointworld,pointworld,same,0,same,0
TRI+52ca9b6a+2023-11-14-13h-30m-20s,372,0,0,1,0,pointworld,pointworld,same,0,moved,-1
TRI+52ca9b6a+2023-11-14-13h-33m-31s,521,0,0,0,0,pointworld,pointworld,same,0,same,0
TRI+52ca9b6a+2023-11-14-13h-46m-55s,286,0,0,14,0,pointworld,pointworld,same,0,moved,-14
TRI+52ca9b6a+2023-11-14-13h-59m-52s,129,0,0,0,0,pointworld,pointworld,same,0,same,0
TRI+52ca9b6a+2023-11-14-14h-11m-11s,150,0,0,0,0,pointworld,pointworld,same,0,same,0
TRI+52ca9b6a+2023-11-14-14h-32m-15s,206,0,0,0,0,pointworld,pointworld,same,0,same,0
TRI+52ca9b6a+2023-11-14-14h-46m-43s,367,0,0,0,0,pointworld,pointworld,same,0,same,0
TRI+52ca9b6a+2023-11-14-15h-07m-06s,54,0,0,0,0,pointworld,pointworld,same,0,same,0
TRI+52ca9b6a+2023-11-14-15h-35m-13s,214,0,0,0,0,pointworld,pointworld,same,0,same,0
TRI+52ca9b6a+2023-11-14-15h-41m-22s,162,0,0,0,0,pointworld,pointworld,same,0,same,0
TRI+52ca9b6a+2023-11-14-15h-50m-22s,203,0,0,0,0,pointworld,pointworld,same,0,same,0
TRI+52ca9b6a+2023-11-14-15h-52m-42s,308,0,0,0,0,pointworld,pointworld,same,0,same,0
TRI+52ca9b6a+2023-11-14-16h-07m-02s,276,0,0,0,0,pointworld,pointworld,same,0,same,0
TRI+52ca9b6a+2023-11-15-10h-12m-42s,167,0,0,0,20,pointworld,pointworld,same,0,moved,20
TRI+52ca9b6a+2023-11-15-10h-22m-19s,298,0,0,0,0,pointworld,pointworld,same,0,same,0
TRI+52ca9b6a+2023-11-15-10h-57m-40s,402,0,0,0,0,pointworld,pointworld,same,0,same,0
TRI+52ca9b6a+2023-11-15-11h-26m-03s,194,0,29,33,44,pointworld,pointworld,moved,29,moved,11
TRI+52ca9b6a+2023-11-15-11h-56m-18s,199,0,0,90,89,pointworld,pointworld,same,0,moved,-1
TRI+52ca9b6a+2023-11-15-11h-57m-37s,161,41,42,50,51,pointworld,pointworld,moved,1,moved,1
TRI+52ca9b6a+2023-11-15-13h-24m-36s,235,23,0,48,0,pointworld,pointworld,moved,-23,moved,-48
TRI+52ca9b6a+2023-11-15-13h-43m-22s,328,0,0,0,0,pointworld,pointworld,same,0,same,0
TRI+52ca9b6a+2023-11-15-13h-59m-07s,413,0,0,22,121,pointworld,pointworld,same,0,moved,99
TRI+52ca9b6a+2023-11-15-14h-46m-07s,119,0,0,0,0,pointworld,pointworld,same,0,same,0
TRI+52ca9b6a+2023-11-15-14h-54m-55s,227,0,0,22,22,pointworld,pointworld,same,0,same,0
TRI+52ca9b6a+2023-11-15-14h-57m-24s,160,0,0,0,0,pointworld,pointworld,same,0,same,0
TRI+52ca9b6a+2023-11-15-15h-35m-02s,293,0,0,19,0,pointworld,pointworld,same,0,moved,-19
TRI+52ca9b6a+2023-11-15-16h-06m-45s,539,0,0,0,0,pointworld,pointworld,same,0,same,0
TRI+52ca9b6a+2023-11-15-17h-07m-58s,364,0,0,0,0,pointworld,pointworld,same,0,same,0
TRI+52ca9b6a+2023-11-15-17h-13m-26s,241,0,0,0,0,pointworld,pointworld,same,0,same,0
TRI+52ca9b6a+2023-11-15-17h-18m-10s,508,0,0,466,0,pointworld,pointworld,same,0,moved,-466
TRI+52ca9b6a+2023-11-16-10h-10m-17s,222,27,0,153,0,pointworld,pointworld,moved,-27,moved,-153
TRI+52ca9b6a+2023-11-16-10h-24m-50s,279,0,0,0,0,pointworld,pointworld,same,0,same,0
TRI+52ca9b6a+2023-11-16-10h-35m-38s,233,0,0,0,0,pointworld,pointworld,same,0,same,0
TRI+52ca9b6a+2023-11-16-10h-37m-41s,137,0,0,0,0,pointworld,pointworld,same,0,same,0
TRI+52ca9b6a+2023-11-16-10h-49m-21s,280,0,0,0,0,pointworld,pointworld,same,0,same,0
TRI+52ca9b6a+2023-11-16-10h-50m-06s,574,0,0,15,16,pointworld,pointworld,same,0,moved,1
TRI+52ca9b6a+2023-11-16-11h-33m-56s,186,0,0,32,30,pointworld,pointworld,same,0,moved,-2
TRI+52ca9b6a+2023-11-16-11h-51m-26s,180,0,0,0,0,pointworld,pointworld,same,0,same,0
TRI+52ca9b6a+2023-11-16-14h-18m-05s,325,0,0,0,0,pointworld,pointworld,same,0,same,0
TRI+52ca9b6a+2023-11-16-14h-20m-16s,559,0,0,20,20,pointworld,pointworld,same,0,same,0
TRI+52ca9b6a+2023-11-16-14h-22m-10s,588,0,0,0,0,pointworld,pointworld,same,0,same,0
TRI+52ca9b6a+2023-11-16-14h-23m-02s,474,0,0,29,29,pointworld,pointworld,same,0,same,0
TRI+52ca9b6a+2023-11-16-15h-49m-18s,238,0,0,15,17,pointworld,pointworld,same,0,moved,2
TRI+52ca9b6a+2023-11-16-16h-04m-29s,836,0,0,18,18,pointworld,pointworld,same,0,same,0
TRI+52ca9b6a+2023-11-16-16h-06m-05s,383,0,0,0,0,pointworld,pointworld,same,0,same,0
TRI+52ca9b6a+2023-11-16-16h-20m-43s,385,0,0,0,0,pointworld,pointworld,same,0,same,0
TRI+52ca9b6a+2023-11-16-16h-26m-41s,465,0,0,0,0,pointworld,pointworld,same,0,same,0
TRI+52ca9b6a+2023-11-20-10h-15m-56s,538,0,0,14,0,pointworld,pointworld,same,0,moved,-14
TRI+52ca9b6a+2023-11-20-10h-48m-29s,183,0,0,0,0,pointworld,pointworld,same,0,same,0
TRI+52ca9b6a+2023-11-20-10h-50m-00s,192,0,0,33,34,pointworld,pointworld,same,0,moved,1
TRI+52ca9b6a+2023-11-20-11h-38m-09s,147,0,0,0,0,pointworld,pointworld,same,0,same,0
TRI+52ca9b6a+2023-11-20-13h-24m-50s,258,0,0,0,0,pointworld,pointworld,same,0,same,0
TRI+52ca9b6a+2023-11-20-13h-28m-25s,477,0,0,11,10,pointworld,pointworld,same,0,moved,-1
TRI+52ca9b6a+2023-11-20-13h-49m-19s,524,0,0,0,0,pointworld,pointworld,same,0,same,0
TRI+52ca9b6a+2023-11-20-13h-51m-06s,373,0,0,0,0,pointworld,pointworld,same,0,same,0
TRI+52ca9b6a+2023-11-20-14h-26m-05s,249,0,0,0,0,pointworld,pointworld,same,0,same,0
TRI+52ca9b6a+2023-11-20-14h-32m-39s,365,0,0,0,0,pointworld,pointworld,same,0,same,0
TRI+52ca9b6a+2023-11-20-14h-46m-30s,521,0,0,0,0,pointworld,pointworld,same,0,same,0
TRI+52ca9b6a+2023-11-21-10h-19m-15s,269,0,20,0,34,pointworld,pointworld,moved,20,moved,34
TRI+52ca9b6a+2023-11-21-10h-31m-52s,260,0,0,0,25,pointworld,pointworld,same,0,moved,25
TRI+52ca9b6a+2023-11-21-13h-40m-57s,158,0,32,24,57,pointworld,pointworld,moved,32,moved,33
TRI+52ca9b6a+2023-11-21-13h-45m-36s,204,28,37,36,44,pointworld,pointworld,moved,9,moved,8
TRI+52ca9b6a+2023-11-21-13h-59m-19s,359,0,23,21,32,pointworld,pointworld,moved,23,moved,11
TRI+52ca9b6a+2023-11-21-14h-04m-37s,193,30,67,45,78,pointworld,pointworld,moved,37,moved,33
TRI+52ca9b6a+2023-11-27-10h-50m-43s,385,16,16,23,23,pointworld,pointworld,same,0,same,0
TRI+52ca9b6a+2023-11-27-11h-37m-47s,202,28,27,58,57,pointworld,pointworld,moved,-1,moved,-1
TRI+52ca9b6a+2023-11-27-11h-41m-29s,229,0,0,0,0,pointworld,pointworld,same,0,same,0
TRI+52ca9b6a+2023-11-27-13h-23m-58s,275,0,0,0,0,pointworld,pointworld,same,0,same,0
TRI+52ca9b6a+2023-11-27-13h-47m-14s,244,0,0,45,0,pointworld,pointworld,same,0,moved,-45
TRI+52ca9b6a+2023-11-27-14h-19m-34s,288,0,0,0,0,pointworld,pointworld,same,0,same,0
TRI+52ca9b6a+2023-11-27-14h-21m-07s,311,0,0,0,15,pointworld,pointworld,same,0,moved,15
TRI+52ca9b6a+2023-11-27-14h-37m-27s,201,0,0,0,0,pointworld,pointworld,same,0,same,0
TRI+52ca9b6a+2023-11-27-15h-01m-50s,474,0,0,0,0,pointworld,pointworld,same,0,same,0
TRI+52ca9b6a+2023-11-27-15h-02m-45s,283,0,0,0,0,pointworld,pointworld,same,0,same,0
TRI+52ca9b6a+2023-11-27-15h-07m-12s,194,0,0,0,0,pointworld,pointworld,same,0,same,0
TRI+52ca9b6a+2023-11-27-15h-09m-01s,227,0,0,0,0,pointworld,pointworld,same,0,same,0
TRI+52ca9b6a+2023-11-27-15h-09m-37s,268,0,0,0,0,pointworld,pointworld,same,0,same,0
TRI+52ca9b6a+2023-11-27-15h-11m-34s,643,0,0,0,0,pointworld,pointworld,same,0,same,0
TRI+52ca9b6a+2023-11-27-15h-24m-48s,270,0,0,0,0,pointworld,pointworld,same,0,same,0
TRI+52ca9b6a+2023-11-27-15h-39m-44s,190,0,0,0,0,pointworld,pointworld,same,0,same,0
TRI+52ca9b6a+2023-11-27-15h-42m-30s,202,0,0,0,0,pointworld,pointworld,same,0,same,0
TRI+52ca9b6a+2023-11-27-15h-45m-37s,306,0,0,0,0,pointworld,pointworld,same,0,same,0
TRI+52ca9b6a+2023-11-27-15h-57m-35s,289,0,0,0,0,pointworld,pointworld,same,0,same,0
TRI+52ca9b6a+2023-11-27-16h-28m-10s,236,0,0,0,0,pointworld,pointworld,same,0,same,0
TRI+52ca9b6a+2023-11-27-16h-35m-52s,163,0,0,0,0,pointworld,pointworld,same,0,same,0
TRI+52ca9b6a+2023-11-28-14h-01m-22s,458,0,0,0,0,pointworld,pointworld,same,0,same,0
TRI+52ca9b6a+2023-11-28-14h-13m-41s,188,0,0,0,0,pointworld,pointworld,same,0,same,0
TRI+52ca9b6a+2023-11-28-14h-17m-08s,468,0,0,16,16,pointworld,pointworld,same,0,same,0
TRI+52ca9b6a+2023-11-28-14h-48m-11s,408,0,0,30,30,pointworld,pointworld,same,0,same,0
TRI+52ca9b6a+2023-11-28-16h-27m-42s,304,0,26,0,41,pointworld,pointworld,moved,26,moved,41
TRI+52ca9b6a+2023-11-28-16h-49m-12s,255,0,42,0,49,pointworld,pointworld,moved,42,moved,49
TRI+52ca9b6a+2023-11-28-16h-51m-05s,235,0,19,0,35,pointworld,pointworld,moved,19,moved,35
TRI+52ca9b6a+2023-11-28-17h-23m-39s,271,37,35,52,45,pointworld,pointworld,moved,-2,moved,-7
TRI+52ca9b6a+2023-11-28-17h-27m-04s,587,11,11,16,16,pointworld,pointworld,same,0,same,0
TRI+52ca9b6a+2023-11-28-17h-48m-01s,168,-1,0,-1,0,pointworld,pointworld,recovered,,recovered,
TRI+52ca9b6a+2023-11-28-17h-51m-50s,239,-1,0,-1,0,pointworld,pointworld,recovered,,recovered,
TRI+52ca9b6a+2023-11-28-18h-03m-23s,216,-1,0,-1,0,pointworld,pointworld,recovered,,recovered,
TRI+52ca9b6a+2023-11-28-18h-17m-19s,133,0,0,0,0,pointworld,pointworld,same,0,same,0
TRI+52ca9b6a+2023-11-29-10h-10m-54s,241,0,32,41,70,pointworld,pointworld,moved,32,moved,29
TRI+52ca9b6a+2023-11-29-10h-24m-34s,136,0,10,12,17,pointworld,pointworld,moved,10,moved,5
TRI+52ca9b6a+2023-11-29-10h-58m-18s,448,0,20,20,67,pointworld,pointworld,moved,20,moved,47
TRI+52ca9b6a+2023-11-29-11h-00m-01s,478,0,0,0,79,pointworld,pointworld,same,0,moved,79
TRI+52ca9b6a+2023-11-29-11h-21m-20s,169,0,0,0,28,pointworld,pointworld,same,0,moved,28
TRI+52ca9b6a+2023-11-29-14h-17m-17s,251,0,15,54,53,pointworld,pointworld,moved,15,moved,-1
TRI+52ca9b6a+2023-11-29-14h-23m-58s,501,20,20,28,28,pointworld,pointworld,same,0,same,0
TRI+52ca9b6a+2023-11-29-14h-25m-05s,158,103,101,-1,144,pointworld,pointworld,moved,-2,recovered,
TRI+52ca9b6a+2023-11-29-14h-25m-50s,186,23,23,34,34,pointworld,pointworld,same,0,same,0
TRI+52ca9b6a+2023-11-29-14h-26m-25s,350,127,125,335,329,pointworld,pointworld,moved,-2,moved,-6
TRI+52ca9b6a+2023-11-29-14h-39m-21s,129,25,24,42,39,pointworld,pointworld,moved,-1,moved,-3
TRI+52ca9b6a+2023-11-29-14h-45m-22s,164,75,75,83,82,pointworld,pointworld,same,0,moved,-1
TRI+52ca9b6a+2023-11-29-14h-46m-55s,484,41,40,58,56,pointworld,pointworld,moved,-1,moved,-2
TRI+52ca9b6a+2023-11-29-15h-04m-43s,204,50,49,74,70,pointworld,pointworld,moved,-1,moved,-4
TRI+52ca9b6a+2023-11-29-15h-05m-33s,241,70,64,-1,-1,pointworld,pointworld,moved,-6,same,
TRI+52ca9b6a+2023-11-29-16h-48m-46s,168,34,34,52,49,pointworld,pointworld,same,0,moved,-3
TRI+52ca9b6a+2023-11-29-16h-50m-01s,130,29,27,42,41,pointworld,pointworld,moved,-2,moved,-1
TRI+52ca9b6a+2023-11-29-16h-54m-37s,554,72,70,104,93,pointworld,pointworld,moved,-2,moved,-11
TRI+52ca9b6a+2023-11-29-16h-55m-40s,189,39,38,-1,-1,pointworld,pointworld,moved,-1,same,
TRI+52ca9b6a+2023-11-29-17h-22m-10s,142,36,27,48,45,pointworld,pointworld,moved,-9,moved,-3
TRI+52ca9b6a+2023-11-30-10h-46m-37s,304,0,0,19,19,pointworld,pointworld,same,0,same,0
TRI+52ca9b6a+2023-11-30-10h-49m-53s,134,0,0,0,0,pointworld,pointworld,same,0,same,0
TRI+52ca9b6a+2023-11-30-11h-13m-41s,382,0,0,0,0,pointworld,pointworld,same,0,same,0
TRI+52ca9b6a+2023-11-30-11h-14m-36s,159,0,0,0,0,pointworld,pointworld,same,0,same,0
TRI+52ca9b6a+2023-11-30-11h-23m-16s,289,0,0,11,10,pointworld,pointworld,same,0,moved,-1
TRI+52ca9b6a+2023-11-30-13h-28m-15s,173,0,0,0,33,pointworld,pointworld,same,0,moved,33
TRI+52ca9b6a+2023-11-30-14h-13m-17s,518,21,21,30,30,pointworld,pointworld,same,0,same,0
TRI+52ca9b6a+2023-11-30-14h-42m-48s,370,18,31,29,59,pointworld,pointworld,moved,13,moved,30
TRI+52ca9b6a+2023-11-30-15h-14m-56s,462,0,14,11,20,pointworld,pointworld,moved,14,moved,9
TRI+52ca9b6a+2023-11-30-16h-32m-55s,411,13,11,24,23,pointworld,pointworld,moved,-2,moved,-1
TRI+52ca9b6a+2023-11-30-17h-04m-35s,229,14,14,23,21,pointworld,pointworld,same,0,moved,-2
TRI+52ca9b6a+2023-11-30-17h-09m-24s,137,18,17,64,31,pointworld,pointworld,moved,-1,moved,-33
TRI+52ca9b6a+2023-12-04-10h-35m-01s,490,33,0,87,31,pointworld,pointworld,moved,-33,moved,-56
TRI+52ca9b6a+2023-12-04-10h-43m-15s,202,58,20,152,48,pointworld,pointworld,moved,-38,moved,-104
TRI+52ca9b6a+2023-12-04-10h-52m-48s,234,27,13,192,20,pointworld,pointworld,moved,-14,moved,-172
TRI+52ca9b6a+2023-12-04-10h-56m-27s,457,0,0,25,0,pointworld,pointworld,same,0,moved,-25
TRI+52ca9b6a+2023-12-04-10h-57m-15s,180,21,0,31,19,pointworld,pointworld,moved,-21,moved,-12
TRI+52ca9b6a+2023-12-04-11h-00m-17s,279,33,22,40,29,pointworld,pointworld,moved,-11,moved,-11
TRI+52ca9b6a+2023-12-04-11h-14m-34s,383,0,0,40,0,pointworld,pointworld,same,0,moved,-40
TRI+52ca9b6a+2023-12-04-11h-14m-44s,188,30,0,-1,0,pointworld,pointworld,moved,-30,recovered,
TRI+52ca9b6a+2023-12-04-11h-35m-49s,317,0,0,25,0,pointworld,pointworld,same,0,moved,-25
TRI+52ca9b6a+2023-12-04-11h-47m-04s,149,0,0,7,10,pointworld,pointworld,same,0,moved,3
TRI+52ca9b6a+2023-12-04-11h-52m-52s,265,0,0,0,43,pointworld,pointworld,same,0,moved,43
TRI+52ca9b6a+2023-12-04-13h-15m-16s,557,0,0,17,0,pointworld,pointworld,same,0,moved,-17
TRI+52ca9b6a+2023-12-04-13h-29m-39s,280,0,0,37,36,pointworld,pointworld,same,0,moved,-1
TRI+52ca9b6a+2023-12-04-13h-30m-11s,169,0,0,0,0,pointworld,pointworld,same,0,same,0
TRI+52ca9b6a+2023-12-04-13h-30m-56s,235,0,0,16,16,pointworld,pointworld,same,0,same,0
TRI+52ca9b6a+2023-12-04-13h-43m-16s,224,0,0,35,35,pointworld,pointworld,same,0,same,0
TRI+52ca9b6a+2023-12-04-13h-49m-09s,186,0,0,20,20,pointworld,pointworld,same,0,same,0
TRI+52ca9b6a+2023-12-04-14h-08m-26s,625,0,0,40,36,pointworld,pointworld,same,0,moved,-4
TRI+52ca9b6a+2023-12-04-14h-19m-03s,627,13,14,25,26,pointworld,pointworld,moved,1,moved,1
TRI+52ca9b6a+2023-12-04-14h-30m-05s,544,18,18,25,25,pointworld,pointworld,same,0,same,0
TRI+52ca9b6a+2023-12-04-14h-30m-52s,531,0,0,10,12,pointworld,pointworld,same,0,moved,2
TRI+52ca9b6a+2023-12-04-15h-51m-40s,223,0,0,12,12,pointworld,pointworld,same,0,same,0
TRI+52ca9b6a+2023-12-04-16h-12m-00s,369,0,0,14,16,pointworld,pointworld,same,0,moved,2
TRI+52ca9b6a+2023-12-04-16h-29m-10s,232,0,16,15,23,pointworld,pointworld,moved,16,moved,8
TRI+52ca9b6a+2023-12-04-16h-36m-11s,180,0,17,15,23,pointworld,pointworld,moved,17,moved,8
TRI+52ca9b6a+2023-12-04-17h-10m-11s,485,19,19,29,29,pointworld,pointworld,same,0,same,0
TRI+52ca9b6a+2023-12-04-17h-56m-11s,230,0,0,-1,-1,pointworld,pointworld,same,0,same,
TRI+52ca9b6a+2023-12-05-10h-44m-25s,196,0,0,61,0,pointworld,pointworld,same,0,moved,-61
TRI+52ca9b6a+2023-12-05-10h-48m-00s,328,0,0,44,0,pointworld,pointworld,same,0,moved,-44
TRI+52ca9b6a+2023-12-05-11h-32m-18s,424,23,0,65,0,pointworld,pointworld,moved,-23,moved,-65
TRI+52ca9b6a+2023-12-05-15h-12m-52s,214,0,0,0,0,pointworld,pointworld,same,0,same,0
TRI+52ca9b6a+2023-12-05-15h-26m-04s,202,12,16,17,21,pointworld,pointworld,moved,4,moved,4
TRI+52ca9b6a+2023-12-05-15h-46m-04s,231,0,0,0,0,pointworld,pointworld,same,0,same,0
TRI+52ca9b6a+2023-12-05-16h-09m-30s,408,25,25,66,67,pointworld,pointworld,same,0,moved,1
TRI+52ca9b6a+2023-12-05-16h-22m-37s,111,0,0,0,0,pointworld,pointworld,same,0,same,0
TRI+52ca9b6a+2023-12-05-16h-29m-09s,484,31,32,67,67,pointworld,pointworld,moved,1,same,0
TRI+52ca9b6a+2023-12-05-16h-29m-55s,331,26,29,72,71,pointworld,pointworld,moved,3,moved,-1
TRI+52ca9b6a+2023-12-05-16h-30m-12s,161,0,0,0,0,pointworld,pointworld,same,0,same,0
TRI+52ca9b6a+2023-12-05-16h-32m-11s,311,39,38,80,80,pointworld,pointworld,moved,-1,same,0
TRI+52ca9b6a+2023-12-05-17h-02m-07s,202,30,30,49,52,pointworld,pointworld,same,0,moved,3
TRI+52ca9b6a+2023-12-05-17h-34m-55s,398,0,0,0,0,pointworld,pointworld,same,0,same,0
TRI+52ca9b6a+2023-12-06-13h-58m-14s,90,0,0,0,0,pointworld,pointworld,same,0,same,0
TRI+52ca9b6a+2023-12-06-14h-05m-02s,184,0,0,0,0,pointworld,pointworld,same,0,same,0
TRI+52ca9b6a+2023-12-06-14h-30m-47s,339,0,0,0,0,pointworld,pointworld,same,0,same,0
TRI+52ca9b6a+2023-12-06-14h-36m-11s,254,0,0,0,0,pointworld,pointworld,same,0,same,0
TRI+52ca9b6a+2023-12-06-15h-48m-45s,477,0,0,0,0,pointworld,pointworld,same,0,same,0
TRI+52ca9b6a+2023-12-06-16h-23m-38s,187,0,0,26,23,pointworld,pointworld,same,0,moved,-3
TRI+52ca9b6a+2023-12-06-16h-29m-23s,196,0,0,20,19,pointworld,pointworld,same,0,moved,-1
TRI+52ca9b6a+2023-12-06-16h-34m-40s,159,0,0,41,40,pointworld,pointworld,same,0,moved,-1
TRI+52ca9b6a+2023-12-06-16h-35m-01s,568,0,0,17,7,pointworld,pointworld,same,0,moved,-10
TRI+52ca9b6a+2023-12-06-17h-15m-11s,354,0,0,3,0,pointworld,pointworld,same,0,moved,-3
TRI+52ca9b6a+2023-12-06-17h-17m-23s,204,0,0,0,0,pointworld,pointworld,same,0,same,0
TRI+52ca9b6a+2023-12-07-11h-06m-13s,395,0,0,0,1,pointworld,pointworld,same,0,moved,1
TRI+52ca9b6a+2023-12-07-11h-09m-02s,464,0,0,17,18,pointworld,pointworld,same,0,moved,1
TRI+52ca9b6a+2023-12-07-11h-21m-20s,213,0,0,0,1,pointworld,pointworld,same,0,moved,1
TRI+52ca9b6a+2023-12-07-11h-29m-34s,162,0,0,0,0,pointworld,pointworld,same,0,same,0
TRI+52ca9b6a+2023-12-07-12h-11m-13s,202,0,0,34,35,pointworld,pointworld,same,0,moved,1
TRI+52ca9b6a+2023-12-07-13h-20m-49s,228,0,0,23,22,pointworld,pointworld,same,0,moved,-1
TRI+52ca9b6a+2023-12-07-15h-09m-32s,286,0,0,96,95,pointworld,pointworld,same,0,moved,-1
TRI+52ca9b6a+2023-12-07-15h-37m-36s,355,26,14,66,59,pointworld,pointworld,moved,-12,moved,-7
TRI+52ca9b6a+2023-12-07-15h-37m-40s,160,0,0,0,0,pointworld,pointworld,same,0,same,0
TRI+52ca9b6a+2023-12-07-15h-38m-10s,285,0,0,20,18,pointworld,pointworld,same,0,moved,-2
TRI+52ca9b6a+2023-12-07-16h-00m-04s,546,0,0,24,23,pointworld,pointworld,same,0,moved,-1
TRI+52ca9b6a+2023-12-07-16h-55m-57s,156,0,0,27,25,pointworld,pointworld,same,0,moved,-2
TRI+52ca9b6a+2023-12-07-17h-01m-04s,165,0,0,26,24,pointworld,pointworld,same,0,moved,-2
TRI+52ca9b6a+2023-12-07-17h-23m-18s,272,0,0,19,18,pointworld,pointworld,same,0,moved,-1
TRI+52ca9b6a+2023-12-07-17h-26m-20s,148,0,0,0,0,pointworld,pointworld,same,0,same,0
TRI+52ca9b6a+2023-12-07-17h-33m-13s,129,0,0,24,0,pointworld,pointworld,same,0,moved,-24
TRI+52ca9b6a+2023-12-07-17h-39m-47s,343,0,0,20,0,pointworld,pointworld,same,0,moved,-20
TRI+52ca9b6a+2023-12-11-10h-47m-20s,178,0,0,19,18,pointworld,pointworld,same,0,moved,-1
TRI+52ca9b6a+2023-12-11-10h-58m-41s,612,0,0,20,21,pointworld,pointworld,same,0,moved,1
TRI+52ca9b6a+2023-12-11-11h-01m-33s,223,15,15,22,22,pointworld,pointworld,same,0,same,0
TRI+52ca9b6a+2023-12-11-11h-07m-18s,199,0,0,0,0,pointworld,pointworld,same,0,same,0
TRI+52ca9b6a+2023-12-11-11h-14m-10s,202,0,0,7,8,pointworld,pointworld,same,0,moved,1
TRI+52ca9b6a+2023-12-11-11h-41m-20s,162,0,0,0,0,pointworld,pointworld,same,0,same,0
TRI+52ca9b6a+2023-12-11-11h-42m-44s,166,0,0,0,0,pointworld,pointworld,same,0,same,0
TRI+52ca9b6a+2023-12-11-11h-51m-20s,132,0,0,0,0,pointworld,pointworld,same,0,same,0
TRI+52ca9b6a+2023-12-11-11h-52m-46s,193,0,0,35,0,pointworld,pointworld,same,0,moved,-35
TRI+52ca9b6a+2023-12-11-17h-25m-44s,191,0,0,23,24,pointworld,pointworld,same,0,moved,1
TRI+52ca9b6a+2023-12-12-10h-40m-22s,189,0,0,0,0,pointworld,pointworld,same,0,same,0
TRI+52ca9b6a+2023-12-12-11h-01m-36s,606,0,0,72,77,pointworld,pointworld,same,0,moved,5
TRI+52ca9b6a+2023-12-12-11h-27m-24s,477,0,0,180,101,pointworld,pointworld,same,0,moved,-79
TRI+52ca9b6a+2023-12-12-13h-44m-43s,219,0,0,0,0,pointworld,pointworld,same,0,same,0
TRI+52ca9b6a+2023-12-12-13h-48m-19s,235,0,0,0,0,pointworld,pointworld,same,0,same,0
TRI+52ca9b6a+2023-12-12-14h-03m-06s,163,0,0,0,0,pointworld,pointworld,same,0,same,0
TRI+52ca9b6a+2023-12-12-15h-41m-54s,189,0,0,0,0,pointworld,pointworld,same,0,same,0
TRI+52ca9b6a+2023-12-12-16h-14m-27s,361,0,0,13,14,pointworld,pointworld,same,0,moved,1
TRI+52ca9b6a+2023-12-12-17h-02m-55s,166,0,0,0,0,pointworld,pointworld,same,0,same,0
TRI+52ca9b6a+2023-12-12-17h-03m-14s,227,0,0,0,0,pointworld,pointworld,same,0,same,0
TRI+52ca9b6a+2023-12-12-17h-05m-04s,392,0,0,0,0,pointworld,pointworld,same,0,same,0
TRI+52ca9b6a+2023-12-12-17h-05m-54s,298,0,0,24,22,pointworld,pointworld,same,0,moved,-2
TRI+52ca9b6a+2023-12-12-17h-07m-52s,338,0,0,0,0,pointworld,pointworld,same,0,same,0
TRI+52ca9b6a+2023-12-13-11h-40m-04s,140,0,0,0,0,pointworld,pointworld,same,0,same,0
TRI+52ca9b6a+2023-12-13-11h-42m-06s,220,0,0,0,20,pointworld,pointworld,same,0,moved,20
TRI+52ca9b6a+2023-12-13-11h-50m-24s,272,0,0,131,0,pointworld,pointworld,same,0,moved,-131
TRI+52ca9b6a+2023-12-13-11h-54m-21s,412,0,0,7,0,pointworld,pointworld,same,0,moved,-7
TRI+52ca9b6a+2023-12-13-11h-57m-18s,166,0,0,0,26,pointworld,pointworld,same,0,moved,26
TRI+52ca9b6a+2023-12-13-13h-46m-32s,498,0,0,0,0,pointworld,pointworld,same,0,same,0
TRI+52ca9b6a+2023-12-13-13h-58m-47s,617,0,0,0,0,pointworld,pointworld,same,0,same,0
TRI+52ca9b6a+2023-12-13-14h-01m-29s,245,0,31,17,38,pointworld,pointworld,moved,31,moved,21
TRI+52ca9b6a+2023-12-13-14h-36m-13s,533,0,0,93,0,pointworld,pointworld,same,0,moved,-93
TRI+52ca9b6a+2023-12-13-15h-26m-59s,171,0,0,0,0,pointworld,pointworld,same,0,same,0
TRI+52ca9b6a+2023-12-13-15h-27m-08s,228,0,0,0,0,pointworld,pointworld,same,0,same,0
TRI+52ca9b6a+2023-12-13-15h-27m-27s,229,0,0,11,11,pointworld,pointworld,same,0,same,0
TRI+52ca9b6a+2023-12-13-15h-33m-55s,421,0,0,0,0,pointworld,pointworld,same,0,same,0
TRI+52ca9b6a+2023-12-13-15h-41m-32s,171,0,0,0,0,pointworld,pointworld,same,0,same,0
TRI+52ca9b6a+2023-12-13-15h-45m-45s,613,0,0,0,0,pointworld,pointworld,same,0,same,0
TRI+52ca9b6a+2023-12-13-15h-53m-12s,517,0,0,9,9,pointworld,pointworld,same,0,same,0
TRI+52ca9b6a+2023-12-13-16h-18m-32s,227,0,0,0,15,pointworld,pointworld,same,0,moved,15
TRI+52ca9b6a+2023-12-13-16h-28m-08s,155,0,0,0,0,pointworld,pointworld,same,0,same,0
TRI+52ca9b6a+2023-12-13-16h-42m-08s,257,0,0,0,0,pointworld,pointworld,same,0,same,0
TRI+52ca9b6a+2023-12-13-16h-50m-17s,126,0,0,0,0,pointworld,pointworld,same,0,same,0
TRI+52ca9b6a+2023-12-13-17h-09m-31s,173,0,0,0,0,pointworld,pointworld,same,0,same,0
TRI+52ca9b6a+2024-01-02-10h-50m-22s,218,10,0,17,14,pointworld,pointworld,moved,-10,moved,-3
TRI+52ca9b6a+2024-01-02-10h-53m-50s,242,0,0,0,0,pointworld,pointworld,same,0,same,0
TRI+52ca9b6a+2024-01-02-11h-12m-13s,187,0,0,0,0,pointworld,pointworld,same,0,same,0
TRI+52ca9b6a+2024-01-02-11h-29m-36s,350,0,0,0,0,pointworld,pointworld,same,0,same,0
TRI+52ca9b6a+2024-01-02-11h-30m-10s,325,0,0,16,26,pointworld,pointworld,same,0,moved,10
TRI+52ca9b6a+2024-01-02-11h-51m-36s,369,0,0,0,0,pointworld,pointworld,same,0,same,0
TRI+52ca9b6a+2024-01-02-11h-53m-56s,321,0,0,0,0,pointworld,pointworld,same,0,same,0
TRI+52ca9b6a+2024-01-02-11h-54m-36s,149,0,0,0,14,pointworld,pointworld,same,0,moved,14
TRI+52ca9b6a+2024-01-02-12h-23m-25s,496,0,0,27,0,pointworld,pointworld,same,0,moved,-27
TRI+52ca9b6a+2024-01-02-12h-31m-39s,203,0,44,0,72,pointworld,pointworld,moved,44,moved,72
TRI+52ca9b6a+2024-01-02-13h-16m-28s,247,0,0,0,0,pointworld,pointworld,same,0,same,0
TRI+52ca9b6a+2024-01-02-13h-18m-08s,206,0,0,31,26,pointworld,pointworld,same,0,moved,-5
TRI+52ca9b6a+2024-01-02-13h-34m-47s,176,-1,0,-1,0,pointworld,pointworld,recovered,,recovered,
TRI+52ca9b6a+2024-01-02-13h-52m-27s,151,0,0,0,0,pointworld,pointworld,same,0,same,0
TRI+52ca9b6a+2024-01-02-14h-27m-09s,321,0,0,0,0,pointworld,pointworld,same,0,same,0
TRI+52ca9b6a+2024-01-02-15h-02m-54s,257,0,0,0,0,pointworld,pointworld,same,0,same,0
TRI+52ca9b6a+2024-01-02-15h-39m-01s,250,0,0,8,7,pointworld,pointworld,same,0,moved,-1
TRI+52ca9b6a+2024-01-02-15h-44m-10s,237,0,0,0,0,pointworld,pointworld,same,0,same,0
TRI+52ca9b6a+2024-01-02-15h-46m-22s,195,0,0,28,20,pointworld,pointworld,same,0,moved,-8
TRI+52ca9b6a+2024-01-02-15h-49m-28s,366,0,0,0,0,pointworld,pointworld,same,0,same,0
TRI+52ca9b6a+2024-01-02-15h-53m-34s,200,0,0,0,0,pointworld,pointworld,same,0,same,0
TRI+52ca9b6a+2024-01-02-16h-04m-00s,142,0,0,0,16,pointworld,pointworld,same,0,moved,16
TRI+52ca9b6a+2024-01-02-16h-21m-03s,186,0,0,0,0,pointworld,pointworld,same,0,same,0
TRI+52ca9b6a+2024-01-02-16h-46m-25s,393,0,0,0,0,pointworld,pointworld,same,0,same,0
TRI+52ca9b6a+2024-01-02-16h-57m-40s,110,0,0,0,0,pointworld,pointworld,same,0,same,0
TRI+52ca9b6a+2024-01-02-17h-14m-05s,169,0,0,9,9,pointworld,pointworld,same,0,same,0
TRI+52ca9b6a+2024-01-03-15h-00m-21s,168,0,0,35,18,pointworld,pointworld,same,0,moved,-17
TRI+52ca9b6a+2024-01-03-15h-00m-51s,134,0,0,0,0,pointworld,pointworld,same,0,same,0
TRI+52ca9b6a+2024-01-03-15h-01m-30s,148,0,0,0,0,pointworld,pointworld,same,0,same,0
TRI+52ca9b6a+2024-01-03-15h-07m-26s,236,0,0,0,0,pointworld,pointworld,same,0,same,0
TRI+52ca9b6a+2024-01-03-15h-08m-15s,156,0,0,0,0,pointworld,pointworld,same,0,same,0
TRI+52ca9b6a+2024-01-03-15h-22m-29s,178,0,0,0,0,pointworld,pointworld,same,0,same,0
TRI+52ca9b6a+2024-01-03-15h-58m-19s,219,0,0,0,0,pointworld,pointworld,same,0,same,0
TRI+52ca9b6a+2024-01-03-16h-02m-56s,166,0,0,32,32,pointworld,pointworld,same,0,same,0
TRI+52ca9b6a+2024-01-03-16h-18m-21s,444,0,0,0,0,pointworld,pointworld,same,0,same,0
TRI+52ca9b6a+2024-01-03-16h-29m-30s,563,0,0,20,20,pointworld,pointworld,same,0,same,0
TRI+52ca9b6a+2024-01-04-10h-29m-36s,349,0,0,13,18,pointworld,pointworld,same,0,moved,5
TRI+52ca9b6a+2024-01-04-10h-38m-32s,213,0,0,20,24,pointworld,pointworld,same,0,moved,4
TRI+52ca9b6a+2024-01-04-10h-53m-08s,293,0,0,26,21,pointworld,pointworld,same,0,moved,-5
TRI+52ca9b6a+2024-01-04-14h-37m-50s,263,0,0,0,0,pointworld,pointworld,same,0,same,0
TRI+52ca9b6a+2024-01-04-15h-04m-04s,123,0,0,41,42,pointworld,pointworld,same,0,moved,1
TRI+52ca9b6a+2024-01-04-15h-15m-18s,244,0,0,142,137,pointworld,pointworld,same,0,moved,-5
TRI+52ca9b6a+2024-01-04-15h-40m-24s,238,0,0,64,68,pointworld,pointworld,same,0,moved,4
TRI+52ca9b6a+2024-01-04-16h-52m-59s,240,0,0,2,1,pointworld,pointworld,same,0,moved,-1
TRI+52ca9b6a+2024-01-04-16h-53m-48s,229,0,0,46,45,pointworld,pointworld,same,0,moved,-1
TRI+52ca9b6a+2024-01-08-10h-38m-14s,245,0,11,0,21,pointworld,pointworld,moved,11,moved,21
TRI+52ca9b6a+2024-01-08-11h-07m-02s,347,0,34,0,66,pointworld,pointworld,moved,34,moved,66
TRI+52ca9b6a+2024-01-08-11h-28m-38s,420,0,12,0,18,pointworld,pointworld,moved,12,moved,18
TRI+52ca9b6a+2024-01-08-11h-29m-23s,233,0,17,0,28,pointworld,pointworld,moved,17,moved,28
TRI+52ca9b6a+2024-01-08-13h-59m-08s,178,0,0,26,25,pointworld,pointworld,same,0,moved,-1
TRI+52ca9b6a+2024-01-09-10h-52m-19s,236,0,0,34,31,pointworld,pointworld,same,0,moved,-3
TRI+52ca9b6a+2024-01-09-11h-00m-46s,170,0,0,-1,-1,pointworld,pointworld,same,0,same,
TRI+52ca9b6a+2024-01-09-15h-18m-14s,166,0,0,21,0,pointworld,pointworld,same,0,moved,-21
TRI+52ca9b6a+2024-01-09-15h-50m-18s,325,0,0,18,0,pointworld,pointworld,same,0,moved,-18
TRI+52ca9b6a+2024-01-09-15h-54m-43s,147,0,0,17,0,pointworld,pointworld,same,0,moved,-17
TRI+52ca9b6a+2024-01-09-15h-54m-58s,488,0,0,0,0,pointworld,pointworld,same,0,same,0
TRI+52ca9b6a+2024-01-09-16h-04m-54s,198,0,0,105,12,pointworld,pointworld,same,0,moved,-93
TRI+52ca9b6a+2024-01-10-13h-17m-36s,283,0,0,20,18,pointworld,pointworld,same,0,moved,-2
TRI+52ca9b6a+2024-01-10-13h-51m-39s,128,0,0,15,14,pointworld,pointworld,same,0,moved,-1
TRI+52ca9b6a+2024-01-10-13h-56m-03s,189,45,47,67,69,pointworld,pointworld,moved,2,moved,2
TRI+52ca9b6a+2024-01-10-14h-20m-07s,176,0,0,61,62,pointworld,pointworld,same,0,moved,1
TRI+52ca9b6a+2024-01-10-14h-27m-05s,179,0,0,54,0,pointworld,pointworld,same,0,moved,-54
TRI+52ca9b6a+2024-01-10-15h-41m-31s,136,0,0,0,21,pointworld,pointworld,same,0,moved,21
TRI+52ca9b6a+2024-01-10-15h-49m-23s,398,0,0,19,23,pointworld,pointworld,same,0,moved,4
TRI+52ca9b6a+2024-01-10-15h-51m-54s,136,0,0,0,0,pointworld,pointworld,same,0,same,0
TRI+52ca9b6a+2024-01-10-15h-52m-22s,179,0,0,0,94,pointworld,pointworld,same,0,moved,94
TRI+52ca9b6a+2024-01-10-15h-53m-24s,124,0,0,0,0,pointworld,pointworld,same,0,same,0
TRI+52ca9b6a+2024-01-10-16h-33m-13s,204,0,0,0,0,pointworld,pointworld,same,0,same,0
TRI+52ca9b6a+2024-01-11-11h-13m-27s,203,0,0,0,0,pointworld,pointworld,same,0,same,0
TRI+52ca9b6a+2024-01-11-12h-19m-09s,138,0,0,0,0,pointworld,pointworld,same,0,same,0
TRI+52ca9b6a+2024-01-11-12h-20m-35s,204,0,0,0,0,pointworld,pointworld,same,0,same,0
TRI+52ca9b6a+2024-01-11-12h-22m-25s,266,0,0,0,0,pointworld,pointworld,same,0,same,0
TRI+52ca9b6a+2024-01-11-13h-27m-35s,162,0,0,0,0,pointworld,pointworld,same,0,same,0
TRI+52ca9b6a+2024-01-11-13h-33m-09s,173,0,0,15,0,pointworld,pointworld,same,0,moved,-15
TRI+52ca9b6a+2024-01-11-13h-41m-23s,204,0,0,0,0,pointworld,pointworld,same,0,same,0
TRI+52ca9b6a+2024-01-11-13h-45m-52s,392,0,0,0,0,pointworld,pointworld,same,0,same,0
TRI+52ca9b6a+2024-01-11-13h-47m-01s,457,0,0,17,14,pointworld,pointworld,same,0,moved,-3
TRI+52ca9b6a+2024-01-11-14h-12m-14s,189,0,0,0,0,pointworld,pointworld,same,0,same,0
TRI+52ca9b6a+2024-01-11-14h-12m-38s,177,0,0,0,0,pointworld,pointworld,same,0,same,0
TRI+52ca9b6a+2024-01-11-14h-26m-21s,293,0,0,0,0,pointworld,pointworld,same,0,same,0
TRI+52ca9b6a+2024-01-11-15h-15m-30s,246,0,0,0,0,pointworld,pointworld,same,0,same,0
TRI+52ca9b6a+2024-01-16-10h-59m-09s,254,0,0,0,0,pointworld,pointworld,same,0,same,0
TRI+52ca9b6a+2024-01-16-11h-19m-28s,130,0,0,0,0,pointworld,pointworld,same,0,same,0
TRI+52ca9b6a+2024-01-16-11h-30m-58s,176,16,16,25,25,pointworld,pointworld,same,0,same,0
TRI+52ca9b6a+2024-01-16-11h-36m-10s,529,0,0,0,0,pointworld,pointworld,same,0,same,0
TRI+52ca9b6a+2024-01-16-14h-27m-38s,427,0,0,0,0,pointworld,pointworld,same,0,same,0
TRI+52ca9b6a+2024-01-16-14h-29m-18s,194,0,0,0,0,pointworld,pointworld,same,0,same,0
TRI+52ca9b6a+2024-01-16-14h-40m-15s,250,0,0,0,0,pointworld,pointworld,same,0,same,0
TRI+52ca9b6a+2024-01-16-15h-26m-39s,145,0,0,0,0,pointworld,pointworld,same,0,same,0
TRI+52ca9b6a+2024-01-16-15h-30m-40s,520,0,0,0,0,pointworld,pointworld,same,0,same,0
TRI+52ca9b6a+2024-01-16-15h-45m-44s,174,0,0,31,28,pointworld,pointworld,same,0,moved,-3
TRI+52ca9b6a+2024-01-16-15h-48m-19s,190,0,0,0,0,pointworld,pointworld,same,0,same,0
TRI+52ca9b6a+2024-01-16-15h-59m-36s,512,0,0,0,0,pointworld,pointworld,same,0,same,0
TRI+52ca9b6a+2024-01-16-16h-19m-18s,120,0,0,0,0,pointworld,pointworld,same,0,same,0
TRI+52ca9b6a+2024-01-16-16h-19m-33s,131,0,0,0,0,pointworld,pointworld,same,0,same,0
TRI+52ca9b6a+2024-01-16-16h-42m-46s,270,0,0,0,0,pointworld,pointworld,same,0,same,0
TRI+52ca9b6a+2024-01-16-16h-47m-58s,167,0,0,0,0,pointworld,pointworld,same,0,same,0
TRI+52ca9b6a+2024-01-16-16h-50m-10s,160,0,0,0,0,pointworld,pointworld,same,0,same,0
TRI+52ca9b6a+2024-01-16-16h-52m-21s,153,0,0,0,0,pointworld,pointworld,same,0,same,0
TRI+52ca9b6a+2024-01-16-16h-55m-05s,131,0,12,19,20,pointworld,pointworld,moved,12,moved,1
TRI+52ca9b6a+2024-01-16-17h-14m-26s,146,0,0,0,0,pointworld,pointworld,same,0,same,0
TRI+52ca9b6a+2024-01-16-17h-15m-41s,130,0,0,23,23,pointworld,pointworld,same,0,same,0
TRI+52ca9b6a+2024-01-17-10h-27m-44s,139,0,0,0,-1,pointworld,pointworld,same,0,lost,
TRI+52ca9b6a+2024-01-17-10h-37m-14s,309,0,49,0,58,pointworld,pointworld,moved,49,moved,58
TRI+52ca9b6a+2024-01-17-11h-07m-56s,399,0,0,0,21,pointworld,pointworld,same,0,moved,21
TRI+52ca9b6a+2024-01-17-11h-15m-52s,497,0,0,26,0,pointworld,pointworld,same,0,moved,-26
TRI+52ca9b6a+2024-01-17-11h-38m-07s,301,0,0,130,49,pointworld,pointworld,same,0,moved,-81
TRI+52ca9b6a+2024-01-17-11h-41m-13s,251,0,0,0,19,pointworld,pointworld,same,0,moved,19
TRI+52ca9b6a+2024-01-17-11h-47m-58s,222,0,0,0,0,pointworld,pointworld,same,0,same,0
TRI+52ca9b6a+2024-01-17-11h-53m-16s,262,23,24,29,31,pointworld,pointworld,moved,1,moved,2
TRI+52ca9b6a+2024-01-17-13h-50m-29s,286,27,33,45,53,pointworld,pointworld,moved,6,moved,8
TRI+52ca9b6a+2024-01-17-13h-51m-20s,280,0,14,15,21,pointworld,pointworld,moved,14,moved,6
TRI+52ca9b6a+2024-01-17-14h-05m-03s,221,0,0,0,23,pointworld,pointworld,same,0,moved,23
TRI+52ca9b6a+2024-01-17-14h-05m-52s,198,17,22,22,29,pointworld,pointworld,moved,5,moved,7
TRI+52ca9b6a+2024-01-17-14h-17m-02s,250,0,0,48,49,pointworld,pointworld,same,0,moved,1
TRI+52ca9b6a+2024-01-17-14h-23m-09s,357,0,0,53,0,pointworld,pointworld,same,0,moved,-53
TRI+52ca9b6a+2024-01-17-14h-35m-15s,181,39,49,56,56,pointworld,pointworld,moved,10,same,0
TRI+52ca9b6a+2024-01-17-15h-06m-35s,659,67,0,-1,0,pointworld,pointworld,moved,-67,recovered,
TRI+52ca9b6a+2024-01-17-15h-22m-43s,372,49,0,-1,9,pointworld,pointworld,moved,-49,recovered,
TRI+52ca9b6a+2024-01-17-16h-02m-04s,298,0,0,19,130,pointworld,pointworld,same,0,moved,111
TRI+52ca9b6a+2024-01-17-16h-34m-27s,524,0,0,10,0,pointworld,pointworld,same,0,moved,-10
TRI+52ca9b6a+2024-01-17-16h-45m-34s,158,18,0,37,23,pointworld,pointworld,moved,-18,moved,-14
TRI+52ca9b6a+2024-01-17-17h-18m-00s,133,0,0,0,0,pointworld,pointworld,same,0,same,0
TRI+52ca9b6a+2024-01-17-17h-34m-05s,184,0,0,0,0,pointworld,pointworld,same,0,same,0
TRI+52ca9b6a+2024-01-17-17h-36m-53s,155,0,0,8,8,pointworld,pointworld,same,0,same,0
TRI+52ca9b6a+2024-01-18-10h-37m-16s,277,0,16,0,21,pointworld,pointworld,moved,16,moved,21
TRI+52ca9b6a+2024-01-18-10h-46m-05s,221,0,32,0,44,pointworld,pointworld,moved,32,moved,44
TRI+52ca9b6a+2024-01-18-10h-49m-12s,149,0,29,0,44,pointworld,pointworld,moved,29,moved,44
TRI+52ca9b6a+2024-01-18-10h-50m-04s,205,0,0,18,0,pointworld,pointworld,same,0,moved,-18
TRI+52ca9b6a+2024-01-18-11h-10m-58s,364,0,0,0,0,pointworld,pointworld,same,0,same,0
TRI+52ca9b6a+2024-01-18-11h-16m-33s,149,0,45,0,64,pointworld,pointworld,moved,45,moved,64
TRI+52ca9b6a+2024-01-18-11h-17m-19s,409,0,0,0,0,pointworld,pointworld,same,0,same,0
TRI+52ca9b6a+2024-01-18-11h-18m-50s,341,0,0,0,0,pointworld,pointworld,same,0,same,0
TRI+52ca9b6a+2024-01-18-11h-29m-57s,258,0,0,0,0,pointworld,pointworld,same,0,same,0
TRI+52ca9b6a+2024-01-18-11h-31m-49s,537,0,0,0,0,pointworld,pointworld,same,0,same,0
TRI+52ca9b6a+2024-01-18-11h-47m-22s,267,0,0,0,0,pointworld,pointworld,same,0,same,0
TRI+52ca9b6a+2024-01-18-11h-47m-58s,277,0,0,0,0,pointworld,pointworld,same,0,same,0
TRI+52ca9b6a+2024-01-18-13h-34m-44s,165,15,15,22,22,pointworld,pointworld,same,0,same,0
TRI+52ca9b6a+2024-01-18-15h-57m-51s,169,17,17,63,63,pointworld,pointworld,same,0,same,0
TRI+52ca9b6a+2024-01-18-16h-23m-11s,228,0,14,37,-1,pointworld,pointworld,moved,14,lost,
TRI+52ca9b6a+2024-01-18-17h-06m-29s,208,0,0,40,39,pointworld,pointworld,same,0,moved,-1
TRI+52ca9b6a+2024-01-18-17h-07m-09s,159,56,55,104,100,pointworld,pointworld,moved,-1,moved,-4
TRI+52ca9b6a+2024-01-22-11h-02m-18s,279,0,0,21,0,pointworld,pointworld,same,0,moved,-21
TRI+52ca9b6a+2024-01-22-11h-08m-06s,257,0,0,34,0,pointworld,pointworld,same,0,moved,-34
TRI+52ca9b6a+2024-01-22-11h-09m-21s,296,21,0,35,19,pointworld,pointworld,moved,-21,moved,-16
TRI+52ca9b6a+2024-01-22-13h-34m-22s,169,0,25,25,37,pointworld,pointworld,moved,25,moved,12
TRI+52ca9b6a+2024-01-22-13h-55m-33s,192,25,30,32,35,pointworld,pointworld,moved,5,moved,3
TRI+52ca9b6a+2024-01-22-14h-05m-58s,273,18,27,24,49,pointworld,pointworld,moved,9,moved,25
TRI+52ca9b6a+2024-01-22-14h-17m-18s,171,0,0,31,42,pointworld,pointworld,same,0,moved,11
TRI+52ca9b6a+2024-01-22-14h-30m-54s,278,24,26,33,42,pointworld,pointworld,moved,2,moved,9
TRI+52ca9b6a+2024-01-22-14h-46m-30s,284,0,0,38,38,pointworld,pointworld,same,0,same,0
TRI+52ca9b6a+2024-01-22-15h-22m-28s,155,15,15,23,23,pointworld,pointworld,same,0,same,0
TRI+52ca9b6a+2024-01-22-16h-36m-40s,180,43,43,52,52,pointworld,pointworld,same,0,same,0
TRI+52ca9b6a+2024-01-22-16h-38m-09s,235,27,27,34,34,pointworld,pointworld,same,0,same,0
TRI+52ca9b6a+2024-01-22-17h-15m-52s,254,0,0,29,145,pointworld,pointworld,same,0,moved,116
TRI+52ca9b6a+2024-01-23-10h-39m-36s,224,21,51,28,71,pointworld,pointworld,moved,30,moved,43
TRI+52ca9b6a+2024-01-23-10h-40m-00s,379,18,55,24,93,pointworld,pointworld,moved,37,moved,69
TRI+52ca9b6a+2024-01-23-10h-55m-11s,190,0,0,26,29,pointworld,pointworld,same,0,moved,3
TRI+52ca9b6a+2024-01-23-10h-56m-22s,291,0,0,0,283,pointworld,pointworld,same,0,moved,283
TRI+52ca9b6a+2024-01-23-10h-56m-45s,148,13,13,21,22,pointworld,pointworld,same,0,moved,1
TRI+52ca9b6a+2024-01-23-10h-58m-36s,157,35,36,44,45,pointworld,pointworld,moved,1,moved,1
TRI+52ca9b6a+2024-01-23-11h-03m-50s,293,41,49,129,134,pointworld,pointworld,moved,8,moved,5
TRI+52ca9b6a+2024-01-23-11h-13m-29s,181,16,22,24,53,pointworld,pointworld,moved,6,moved,29
TRI+52ca9b6a+2024-01-23-11h-16m-17s,224,0,26,39,43,pointworld,pointworld,moved,26,moved,4
TRI+52ca9b6a+2024-01-23-13h-31m-41s,174,18,18,24,24,pointworld,pointworld,same,0,same,0
TRI+52ca9b6a+2024-01-23-13h-48m-01s,226,88,0,180,20,pointworld,pointworld,moved,-88,moved,-160
TRI+52ca9b6a+2024-01-23-13h-58m-19s,237,50,50,65,65,pointworld,pointworld,same,0,same,0
TRI+52ca9b6a+2024-01-23-15h-49m-45s,131,0,0,54,102,pointworld,pointworld,same,0,moved,48
TRI+52ca9b6a+2024-01-23-16h-17m-19s,423,0,0,18,0,pointworld,pointworld,same,0,moved,-18
TRI+52ca9b6a+2024-01-23-16h-25m-29s,308,0,0,28,0,pointworld,pointworld,same,0,moved,-28
TRI+52ca9b6a+2024-01-23-16h-33m-34s,204,50,0,-1,0,pointworld,pointworld,moved,-50,recovered,
TRI+52ca9b6a+2024-01-23-16h-39m-06s,194,0,0,0,0,pointworld,pointworld,same,0,same,0
TRI+52ca9b6a+2024-01-23-16h-41m-02s,187,0,0,-1,-1,pointworld,pointworld,same,0,same,
TRI+52ca9b6a+2024-01-23-16h-42m-52s,213,0,0,0,0,pointworld,pointworld,same,0,same,0
TRI+52ca9b6a+2024-01-23-16h-44m-18s,272,0,0,15,13,pointworld,pointworld,same,0,moved,-2
TRI+52ca9b6a+2024-01-24-10h-49m-19s,135,0,0,19,18,pointworld,pointworld,same,0,moved,-1
TRI+52ca9b6a+2024-01-24-11h-04m-00s,282,0,0,0,0,pointworld,pointworld,same,0,same,0
TRI+52ca9b6a+2024-01-24-12h-47m-30s,866,0,0,0,0,pointworld,pointworld,same,0,same,0
TRI+52ca9b6a+2024-01-24-12h-50m-26s,249,16,10,-1,119,pointworld,pointworld,moved,-6,recovered,
TRI+52ca9b6a+2024-01-24-13h-16m-47s,170,0,0,0,0,pointworld,pointworld,same,0,same,0
TRI+52ca9b6a+2024-01-24-13h-20m-19s,203,0,0,23,22,pointworld,pointworld,same,0,moved,-1
TRI+52ca9b6a+2024-01-24-13h-42m-48s,291,0,0,21,0,pointworld,pointworld,same,0,moved,-21
TRI+52ca9b6a+2024-01-24-14h-03m-35s,371,0,0,15,15,pointworld,pointworld,same,0,same,0
TRI+52ca9b6a+2024-01-24-14h-37m-55s,190,0,0,27,55,pointworld,pointworld,same,0,moved,28
TRI+52ca9b6a+2024-01-24-14h-54m-11s,211,45,44,66,66,pointworld,pointworld,moved,-1,same,0
TRI+52ca9b6a+2024-01-24-15h-06m-13s,228,52,54,63,151,pointworld,pointworld,moved,2,moved,88
TRI+52ca9b6a+2024-01-25-10h-40m-10s,261,46,0,125,139,pointworld,pointworld,moved,-46,moved,14
TRI+52ca9b6a+2024-01-25-10h-43m-40s,438,19,28,24,45,pointworld,pointworld,moved,9,moved,21
TRI+52ca9b6a+2024-01-25-10h-58m-21s,253,0,0,0,72,pointworld,pointworld,same,0,moved,72
TRI+52ca9b6a+2024-01-25-13h-28m-36s,258,24,24,29,29,pointworld,pointworld,same,0,same,0
TRI+52ca9b6a+2024-01-25-13h-35m-10s,166,-1,-1,-1,-1,pointworld,pointworld,same,,same,
TRI+52ca9b6a+2024-01-25-13h-39m-11s,252,207,207,211,211,pointworld,pointworld,same,0,same,0
TRI+52ca9b6a+2024-01-25-13h-54m-44s,145,15,14,30,29,pointworld,pointworld,moved,-1,moved,-1
TRI+52ca9b6a+2024-01-25-13h-56m-59s,165,34,34,40,39,pointworld,pointworld,same,0,moved,-1
TRI+52ca9b6a+2024-01-25-14h-17m-38s,374,0,15,15,21,pointworld,pointworld,moved,15,moved,6
TRI+52ca9b6a+2024-01-25-14h-36m-04s,213,26,27,31,44,pointworld,pointworld,moved,1,moved,13
TRI+52ca9b6a+2024-01-25-14h-50m-29s,266,16,17,37,38,pointworld,pointworld,moved,1,moved,1
TRI+52ca9b6a+2024-01-25-14h-59m-01s,191,13,19,18,38,pointworld,pointworld,moved,6,moved,20
TRI+52ca9b6a+2024-01-25-15h-00m-44s,177,0,0,0,0,pointworld,pointworld,same,0,same,0
TRI+52ca9b6a+2024-01-25-15h-03m-01s,454,44,45,57,58,pointworld,pointworld,moved,1,moved,1
TRI+52ca9b6a+2024-01-25-15h-18m-14s,235,0,16,15,-1,pointworld,pointworld,moved,16,lost,
TRI+52ca9b6a+2024-01-25-15h-18m-59s,177,22,35,44,-1,pointworld,pointworld,moved,13,lost,
TRI+52ca9b6a+2024-01-25-15h-20m-34s,160,0,0,28,54,pointworld,pointworld,same,0,moved,26
TRI+52ca9b6a+2024-01-25-16h-01m-49s,226,0,0,0,0,pointworld,pointworld,same,0,same,0
TRI+52ca9b6a+2024-01-25-16h-02m-47s,191,0,0,-1,0,pointworld,pointworld,same,0,recovered,
TRI+52ca9b6a+2024-01-25-16h-11m-19s,178,0,0,0,0,pointworld,pointworld,same,0,same,0
TRI+52ca9b6a+2024-01-25-16h-18m-43s,318,15,0,-1,0,pointworld,pointworld,moved,-15,recovered,
TRI+52ca9b6a+2024-01-25-16h-20m-36s,259,0,0,135,0,pointworld,pointworld,same,0,moved,-135
TRI+52ca9b6a+2024-01-25-16h-21m-39s,149,16,16,21,21,pointworld,pointworld,same,0,same,0
TRI+52ca9b6a+2024-01-25-16h-33m-03s,392,27,0,32,0,pointworld,pointworld,moved,-27,moved,-32
TRI+52ca9b6a+2024-01-25-16h-37m-15s,159,0,0,-1,0,pointworld,pointworld,same,0,recovered,
TRI+52ca9b6a+2024-01-25-16h-41m-41s,227,15,0,32,0,pointworld,pointworld,moved,-15,moved,-32
TRI+52ca9b6a+2024-01-25-16h-45m-03s,247,0,0,0,0,pointworld,pointworld,same,0,same,0
TRI+52ca9b6a+2024-01-25-16h-54m-03s,173,18,15,24,20,pointworld,pointworld,moved,-3,moved,-4
TRI+52ca9b6a+2024-01-25-17h-09m-09s,177,0,0,0,0,pointworld,pointworld,same,0,same,0
TRI+52ca9b6a+2024-01-25-17h-14m-49s,150,0,0,0,0,pointworld,pointworld,same,0,same,0
TRI+52ca9b6a+2024-01-25-17h-15m-42s,160,131,131,141,140,pointworld,pointworld,same,0,moved,-1
TRI+52ca9b6a+2024-01-25-17h-16m-01s,165,140,119,-1,-1,pointworld,pointworld,moved,-21,same,
TRI+52ca9b6a+2024-01-25-17h-22m-29s,232,0,0,0,0,pointworld,pointworld,same,0,same,0
TRI+52ca9b6a+2024-01-25-17h-22m-53s,113,0,0,0,0,pointworld,pointworld,same,0,same,0
TRI+52ca9b6a+2024-01-25-17h-25m-34s,316,0,0,0,0,pointworld,pointworld,same,0,same,0
TRI+52ca9b6a+2024-01-29-10h-10m-38s,514,26,15,50,22,pointworld,pointworld,moved,-11,moved,-28
TRI+52ca9b6a+2024-01-29-10h-14m-07s,363,46,0,60,20,pointworld,pointworld,moved,-46,moved,-40
TRI+52ca9b6a+2024-01-29-10h-28m-00s,633,24,0,44,17,pointworld,pointworld,moved,-24,moved,-27
TRI+52ca9b6a+2024-01-29-13h-37m-00s,191,0,0,0,0,pointworld,pointworld,same,0,same,0
TRI+52ca9b6a+2024-01-29-14h-01m-35s,244,0,0,0,0,pointworld,pointworld,same,0,same,0
TRI+52ca9b6a+2024-01-29-14h-17m-15s,224,24,0,31,0,pointworld,pointworld,moved,-24,moved,-31
TRI+52ca9b6a+2024-01-29-14h-20m-47s,158,0,0,26,0,pointworld,pointworld,same,0,moved,-26
TRI+52ca9b6a+2024-01-29-14h-54m-19s,166,0,0,0,0,pointworld,pointworld,same,0,same,0
TRI+52ca9b6a+2024-01-29-14h-57m-13s,313,0,0,0,0,pointworld,pointworld,same,0,same,0
TRI+52ca9b6a+2024-01-29-15h-15m-45s,147,0,0,0,0,pointworld,pointworld,same,0,same,0
TRI+52ca9b6a+2024-01-29-15h-30m-18s,309,0,0,0,0,pointworld,pointworld,same,0,same,0
TRI+52ca9b6a+2024-01-29-15h-40m-08s,195,0,0,0,0,pointworld,pointworld,same,0,same,0
TRI+52ca9b6a+2024-01-29-15h-54m-49s,192,0,0,0,0,pointworld,pointworld,same,0,same,0
TRI+52ca9b6a+2024-01-29-15h-59m-27s,286,0,0,0,0,pointworld,pointworld,same,0,same,0
TRI+52ca9b6a+2024-01-29-16h-07m-28s,197,0,0,0,0,pointworld,pointworld,same,0,same,0
TRI+52ca9b6a+2024-01-29-16h-25m-08s,467,0,0,0,0,pointworld,pointworld,same,0,same,0
TRI+52ca9b6a+2024-01-29-16h-28m-14s,430,0,0,0,0,pointworld,pointworld,same,0,same,0
TRI+52ca9b6a+2024-01-29-16h-30m-26s,231,0,0,0,0,pointworld,pointworld,same,0,same,0
TRI+52ca9b6a+2024-01-29-16h-46m-53s,198,0,0,0,0,pointworld,pointworld,same,0,same,0
TRI+52ca9b6a+2024-01-29-17h-10m-50s,178,0,0,0,0,pointworld,pointworld,same,0,same,0
TRI+52ca9b6a+2024-01-30-10h-14m-50s,377,0,0,0,0,pointworld,pointworld,same,0,same,0
TRI+52ca9b6a+2024-01-30-10h-32m-36s,380,0,0,0,0,pointworld,pointworld,same,0,same,0
TRI+52ca9b6a+2024-01-30-10h-33m-20s,339,0,0,0,0,pointworld,pointworld,same,0,same,0
TRI+52ca9b6a+2024-01-30-10h-40m-13s,300,0,0,0,0,pointworld,pointworld,same,0,same,0
TRI+52ca9b6a+2024-01-30-11h-07m-38s,148,0,0,0,0,pointworld,pointworld,same,0,same,0
TRI+52ca9b6a+2024-01-30-11h-48m-08s,381,0,0,0,0,pointworld,pointworld,same,0,same,0
TRI+52ca9b6a+2024-01-30-14h-20m-02s,175,0,0,0,0,pointworld,pointworld,same,0,same,0
TRI+52ca9b6a+2024-01-30-14h-24m-37s,222,0,0,0,0,pointworld,pointworld,same,0,same,0
TRI+52ca9b6a+2024-01-30-14h-38m-18s,130,0,0,0,0,pointworld,pointworld,same,0,same,0
TRI+52ca9b6a+2024-01-30-14h-45m-28s,337,0,0,0,0,pointworld,pointworld,same,0,same,0
TRI+52ca9b6a+2024-01-30-15h-03m-07s,143,0,0,0,0,pointworld,pointworld,same,0,same,0
TRI+52ca9b6a+2024-01-30-15h-22m-59s,330,0,0,0,0,pointworld,pointworld,same,0,same,0
TRI+52ca9b6a+2024-01-30-15h-28m-04s,242,0,0,0,0,pointworld,pointworld,same,0,same,0
TRI+52ca9b6a+2024-01-30-16h-02m-40s,281,0,0,0,0,pointworld,pointworld,same,0,same,0
TRI+52ca9b6a+2024-01-30-16h-30m-58s,132,30,30,42,42,pointworld,pointworld,same,0,same,0
TRI+52ca9b6a+2024-01-30-16h-43m-53s,244,0,0,0,0,pointworld,pointworld,same,0,same,0
TRI+52ca9b6a+2024-01-30-16h-46m-26s,87,0,0,0,0,pointworld,pointworld,same,0,same,0
TRI+52ca9b6a+2024-01-30-17h-07m-22s,219,0,0,0,54,pointworld,pointworld,same,0,moved,54
TRI+52ca9b6a+2024-01-30-17h-24m-29s,158,0,15,28,29,pointworld,pointworld,moved,15,moved,1
TRI+52ca9b6a+2024-01-30-17h-27m-22s,138,15,16,23,24,pointworld,pointworld,moved,1,moved,1
TRI+52ca9b6a+2024-01-30-17h-28m-27s,252,0,0,0,0,pointworld,pointworld,same,0,same,0
TRI+52ca9b6a+2024-01-31-11h-15m-13s,189,0,13,40,43,pointworld,pointworld,moved,13,moved,3
TRI+52ca9b6a+2024-01-31-11h-39m-21s,187,23,22,30,29,pointworld,pointworld,moved,-1,moved,-1
TRI+52ca9b6a+2024-01-31-15h-41m-05s,163,0,0,0,27,pointworld,pointworld,same,0,moved,27
TRI+52ca9b6a+2024-01-31-15h-46m-35s,281,0,26,31,33,pointworld,pointworld,moved,26,moved,2
TRI+52ca9b6a+2024-01-31-15h-51m-47s,250,0,0,24,20,pointworld,pointworld,same,0,moved,-4
TRI+52ca9b6a+2024-01-31-15h-54m-21s,211,0,0,0,0,pointworld,pointworld,same,0,same,0
TRI+52ca9b6a+2024-01-31-15h-59m-07s,395,0,0,76,49,pointworld,pointworld,same,0,moved,-27
TRI+52ca9b6a+2024-01-31-16h-07m-13s,351,0,0,0,0,pointworld,pointworld,same,0,same,0
TRI+52ca9b6a+2024-01-31-16h-33m-21s,166,0,0,0,0,pointworld,pointworld,same,0,same,0
TRI+52ca9b6a+2024-01-31-16h-34m-18s,321,0,0,0,0,pointworld,pointworld,same,0,same,0
TRI+52ca9b6a+2024-01-31-16h-35m-37s,490,32,31,45,42,pointworld,pointworld,moved,-1,moved,-3
TRI+52ca9b6a+2024-01-31-16h-37m-44s,234,0,0,0,0,pointworld,pointworld,same,0,same,0
TRI+52ca9b6a+2024-02-01-14h-22m-51s,203,0,0,0,0,pointworld,pointworld,same,0,same,0
TRI+52ca9b6a+2024-02-01-14h-27m-00s,333,65,62,255,211,pointworld,pointworld,moved,-3,moved,-44
TRI+52ca9b6a+2024-02-01-14h-48m-11s,743,21,21,42,41,pointworld,pointworld,same,0,moved,-1
TRI+52ca9b6a+2024-02-01-15h-06m-39s,198,0,0,0,0,pointworld,pointworld,same,0,same,0
TRI+52ca9b6a+2024-02-01-15h-19m-02s,235,0,0,0,0,pointworld,pointworld,same,0,same,0
TRI+52ca9b6a+2024-02-01-15h-33m-30s,182,0,0,0,0,pointworld,pointworld,same,0,same,0
TRI+52ca9b6a+2024-02-01-15h-43m-27s,396,91,89,-1,-1,pointworld,pointworld,moved,-2,same,
TRI+52ca9b6a+2024-02-01-15h-50m-01s,174,0,0,0,0,pointworld,pointworld,same,0,same,0
TRI+52ca9b6a+2024-02-05-10h-24m-08s,259,0,0,0,0,pointworld,pointworld,same,0,same,0
TRI+52ca9b6a+2024-02-05-10h-34m-51s,611,0,0,0,0,pointworld,pointworld,same,0,same,0
TRI+52ca9b6a+2024-02-05-10h-45m-15s,186,-1,0,-1,0,pointworld,pointworld,recovered,,recovered,
TRI+52ca9b6a+2024-02-05-13h-28m-34s,177,0,25,0,48,pointworld,pointworld,moved,25,moved,48
TRI+52ca9b6a+2024-02-05-13h-31m-19s,172,0,27,0,42,pointworld,pointworld,moved,27,moved,42
TRI+52ca9b6a+2024-02-05-13h-44m-06s,100,0,0,0,0,pointworld,pointworld,same,0,same,0
TRI+52ca9b6a+2024-02-05-13h-44m-47s,163,0,0,0,39,pointworld,pointworld,same,0,moved,39
TRI+52ca9b6a+2024-02-05-14h-04m-01s,151,0,0,0,0,pointworld,pointworld,same,0,same,0
TRI+52ca9b6a+2024-02-05-14h-31m-22s,218,0,0,12,0,pointworld,pointworld,same,0,moved,-12
TRI+52ca9b6a+2024-02-05-14h-43m-37s,127,30,30,36,36,pointworld,pointworld,same,0,same,0
TRI+52ca9b6a+2024-02-05-14h-44m-01s,131,0,0,0,0,pointworld,pointworld,same,0,same,0
TRI+52ca9b6a+2024-02-05-14h-51m-02s,277,0,0,0,0,pointworld,pointworld,same,0,same,0
TRI+52ca9b6a+2024-02-05-14h-56m-38s,201,0,0,0,0,pointworld,pointworld,same,0,same,0
TRI+52ca9b6a+2024-02-05-14h-58m-31s,370,12,11,19,18,pointworld,pointworld,moved,-1,moved,-1
TRI+52ca9b6a+2024-02-06-10h-17m-51s,343,0,0,-1,0,pointworld,pointworld,same,0,recovered,
TRI+52ca9b6a+2024-02-06-10h-35m-40s,248,0,0,0,0,pointworld,pointworld,same,0,same,0
TRI+52ca9b6a+2024-02-06-10h-36m-38s,195,0,0,0,0,pointworld,pointworld,same,0,same,0
TRI+52ca9b6a+2024-02-06-10h-44m-22s,190,0,0,0,0,pointworld,pointworld,same,0,same,0
TRI+52ca9b6a+2024-02-06-10h-45m-47s,355,-1,0,-1,0,pointworld,pointworld,recovered,,recovered,
TRI+52ca9b6a+2024-02-06-10h-46m-18s,162,0,0,24,24,pointworld,pointworld,same,0,same,0
TRI+52ca9b6a+2024-02-06-10h-49m-08s,307,-1,0,-1,0,pointworld,pointworld,recovered,,recovered,
TRI+52ca9b6a+2024-02-06-12h-03m-18s,209,0,0,0,0,pointworld,pointworld,same,0,same,0
TRI+52ca9b6a+2024-02-06-12h-16m-44s,293,0,0,0,0,pointworld,pointworld,same,0,same,0
TRI+52ca9b6a+2024-02-06-13h-20m-31s,232,0,0,0,0,pointworld,pointworld,same,0,same,0
TRI+52ca9b6a+2024-02-06-13h-21m-27s,211,0,0,0,0,pointworld,pointworld,same,0,same,0
TRI+52ca9b6a+2024-02-06-13h-30m-23s,219,0,0,0,0,pointworld,pointworld,same,0,same,0
TRI+52ca9b6a+2024-02-06-13h-31m-43s,205,0,0,128,50,pointworld,pointworld,same,0,moved,-78
TRI+52ca9b6a+2024-02-06-13h-45m-13s,294,0,0,0,0,pointworld,pointworld,same,0,same,0
TRI+52ca9b6a+2024-02-06-13h-48m-06s,150,0,0,0,0,pointworld,pointworld,same,0,same,0
TRI+52ca9b6a+2024-02-06-14h-04m-18s,255,0,0,0,14,pointworld,pointworld,same,0,moved,14
TRI+52ca9b6a+2024-02-06-14h-13m-34s,144,0,0,0,0,pointworld,pointworld,same,0,same,0
TRI+52ca9b6a+2024-02-06-14h-16m-57s,273,0,0,-1,8,pointworld,pointworld,same,0,recovered,
TRI+52ca9b6a+2024-02-06-14h-17m-26s,392,0,0,0,73,pointworld,pointworld,same,0,moved,73
TRI+52ca9b6a+2024-02-06-14h-18m-24s,118,0,0,0,0,pointworld,pointworld,same,0,same,0
TRI+52ca9b6a+2024-02-06-15h-12m-51s,276,0,0,0,0,pointworld,pointworld,same,0,same,0
TRI+52ca9b6a+2024-02-06-15h-20m-34s,192,0,0,0,0,pointworld,pointworld,same,0,same,0
TRI+52ca9b6a+2024-02-06-15h-50m-59s,136,0,0,0,20,pointworld,pointworld,same,0,moved,20
TRI+52ca9b6a+2024-02-06-15h-52m-45s,253,0,20,18,43,pointworld,pointworld,moved,20,moved,25
TRI+52ca9b6a+2024-02-06-16h-21m-25s,289,0,0,0,0,pointworld,pointworld,same,0,same,0
TRI+52ca9b6a+2024-02-06-16h-23m-19s,176,0,0,0,0,pointworld,pointworld,same,0,same,0
TRI+52ca9b6a+2024-02-06-16h-25m-13s,277,0,0,23,23,pointworld,pointworld,same,0,same,0
TRI+52ca9b6a+2024-02-06-16h-28m-27s,203,0,25,23,43,pointworld,pointworld,moved,25,moved,20
TRI+52ca9b6a+2024-02-06-16h-53m-40s,195,34,34,39,39,pointworld,pointworld,same,0,same,0
TRI+52ca9b6a+2024-02-06-17h-06m-16s,277,29,29,33,33,pointworld,pointworld,same,0,same,0
TRI+52ca9b6a+2024-02-06-17h-06m-43s,174,0,0,16,16,pointworld,pointworld,same,0,same,0
TRI+52ca9b6a+2024-02-07-10h-15m-55s,189,24,24,34,34,pointworld,pointworld,same,0,same,0
TRI+52ca9b6a+2024-02-07-10h-37m-15s,458,36,36,61,60,pointworld,pointworld,same,0,moved,-1
TRI+52ca9b6a+2024-02-07-10h-52m-57s,321,19,19,55,55,pointworld,pointworld,same,0,same,0
TRI+52ca9b6a+2024-02-07-10h-55m-26s,477,37,38,238,238,pointworld,pointworld,moved,1,same,0
TRI+52ca9b6a+2024-02-07-11h-26m-56s,136,0,0,0,0,pointworld,pointworld,same,0,same,0
TRI+52ca9b6a+2024-02-07-13h-54m-31s,151,0,0,20,20,pointworld,pointworld,same,0,same,0
TRI+52ca9b6a+2024-02-07-13h-55m-47s,250,0,0,18,18,pointworld,pointworld,same,0,same,0
TRI+52ca9b6a+2024-02-07-15h-36m-24s,380,0,0,-1,0,pointworld,pointworld,same,0,recovered,
TRI+52ca9b6a+2024-02-08-11h-22m-32s,354,0,0,0,18,pointworld,pointworld,same,0,moved,18
TRI+52ca9b6a+2024-02-08-11h-23m-53s,165,0,0,0,0,pointworld,pointworld,same,0,same,0
TRI+52ca9b6a+2024-02-08-11h-58m-51s,260,0,0,0,0,pointworld,pointworld,same,0,same,0
TRI+52ca9b6a+2024-02-08-12h-08m-08s,447,45,51,57,67,pointworld,pointworld,moved,6,moved,10
TRI+52ca9b6a+2024-02-08-13h-58m-07s,285,0,0,0,0,pointworld,pointworld,same,0,same,0
TRI+52ca9b6a+2024-02-08-14h-15m-10s,198,0,0,0,0,pointworld,pointworld,same,0,same,0
TRI+52ca9b6a+2024-02-08-14h-20m-35s,205,180,0,-1,20,pointworld,pointworld,moved,-180,recovered,
TRI+52ca9b6a+2024-02-08-14h-23m-13s,220,0,0,0,0,pointworld,pointworld,same,0,same,0
TRI+52ca9b6a+2024-02-08-14h-30m-31s,190,0,0,0,0,pointworld,pointworld,same,0,same,0
TRI+52ca9b6a+2024-02-08-14h-43m-48s,181,69,22,-1,29,pointworld,pointworld,moved,-47,recovered,
TRI+52ca9b6a+2024-02-08-14h-49m-04s,437,0,0,0,0,pointworld,pointworld,same,0,same,0
TRI+52ca9b6a+2024-02-08-14h-52m-56s,133,0,0,0,0,pointworld,pointworld,same,0,same,0
TRI+52ca9b6a+2024-02-08-14h-59m-55s,279,0,0,0,0,pointworld,pointworld,same,0,same,0
TRI+52ca9b6a+2024-02-08-15h-00m-44s,194,0,0,72,70,pointworld,pointworld,same,0,moved,-2
TRI+52ca9b6a+2024-02-08-15h-39m-31s,275,0,0,68,71,pointworld,pointworld,same,0,moved,3
TRI+52ca9b6a+2024-02-08-15h-46m-28s,477,0,0,0,0,pointworld,pointworld,same,0,same,0
TRI+52ca9b6a+2024-02-08-16h-07m-51s,200,0,40,26,61,pointworld,pointworld,moved,40,moved,35
TRI+52ca9b6a+2024-02-08-16h-23m-26s,112,0,0,22,27,pointworld,pointworld,same,0,moved,5
TRI+52ca9b6a+2024-02-08-16h-35m-08s,201,0,0,0,0,pointworld,pointworld,same,0,same,0
TRI+52ca9b6a+2024-02-08-16h-40m-31s,167,0,0,48,51,pointworld,pointworld,same,0,moved,3
TRI+52ca9b6a+2024-02-08-16h-53m-13s,175,0,0,0,0,pointworld,pointworld,same,0,same,0
TRI+52ca9b6a+2024-02-08-17h-00m-21s,133,0,0,104,0,pointworld,pointworld,same,0,moved,-104
TRI+52ca9b6a+2024-02-08-17h-05m-31s,141,14,0,39,0,pointworld,pointworld,moved,-14,moved,-39
TRI+52ca9b6a+2024-02-08-17h-11m-11s,334,0,0,22,0,pointworld,pointworld,same,0,moved,-22
TRI+52ca9b6a+2024-02-08-17h-13m-40s,169,56,0,96,0,pointworld,pointworld,moved,-56,moved,-96
TRI+52ca9b6a+2024-02-12-09h-55m-31s,416,0,0,0,0,pointworld,pointworld,same,0,same,0
TRI+52ca9b6a+2024-02-12-09h-57m-24s,174,0,0,104,0,pointworld,pointworld,same,0,moved,-104
TRI+52ca9b6a+2024-02-12-10h-36m-28s,252,0,0,0,0,pointworld,pointworld,same,0,same,0
TRI+52ca9b6a+2024-02-12-11h-09m-46s,267,0,0,15,14,pointworld,pointworld,same,0,moved,-1
TRI+52ca9b6a+2024-02-12-13h-32m-43s,313,0,0,0,0,pointworld,pointworld,same,0,same,0
TRI+52ca9b6a+2024-02-12-13h-38m-22s,241,0,0,0,0,pointworld,pointworld,same,0,same,0
TRI+52ca9b6a+2024-02-12-13h-52m-52s,153,0,0,0,0,pointworld,pointworld,same,0,same,0
TRI+52ca9b6a+2024-02-12-13h-56m-38s,244,0,0,0,0,pointworld,pointworld,same,0,same,0
TRI+52ca9b6a+2024-02-12-13h-59m-17s,292,0,0,0,0,pointworld,pointworld,same,0,same,0
TRI+52ca9b6a+2024-02-12-14h-06m-08s,227,0,0,0,118,pointworld,pointworld,same,0,moved,118
TRI+52ca9b6a+2024-02-12-14h-48m-44s,286,0,0,0,0,pointworld,pointworld,same,0,same,0
TRI+52ca9b6a+2024-02-12-15h-16m-09s,221,0,0,0,0,pointworld,pointworld,same,0,same,0
TRI+52ca9b6a+2024-02-12-15h-18m-00s,120,0,0,0,0,pointworld,pointworld,same,0,same,0
TRI+52ca9b6a+2024-02-12-15h-19m-03s,100,0,0,0,0,pointworld,pointworld,same,0,same,0
TRI+52ca9b6a+2024-02-12-15h-25m-16s,219,0,0,0,0,pointworld,pointworld,same,0,same,0
TRI+52ca9b6a+2024-02-12-15h-33m-10s,383,0,0,0,0,pointworld,pointworld,same,0,same,0
TRI+52ca9b6a+2024-02-12-16h-23m-33s,271,0,0,0,0,pointworld,pointworld,same,0,same,0
TRI+52ca9b6a+2024-02-12-16h-43m-39s,406,0,0,0,0,pointworld,pointworld,same,0,same,0
TRI+52ca9b6a+2024-02-12-16h-44m-43s,173,0,0,0,0,pointworld,pointworld,same,0,same,0
TRI+52ca9b6a+2024-02-13-10h-49m-15s,188,26,0,115,0,pointworld,pointworld,moved,-26,moved,-115
TRI+52ca9b6a+2024-02-13-11h-07m-14s,186,22,0,33,0,pointworld,pointworld,moved,-22,moved,-33
TRI+52ca9b6a+2024-02-13-15h-03m-30s,149,0,0,0,0,pointworld,pointworld,same,0,same,0
TRI+52ca9b6a+2024-02-13-15h-04m-50s,170,0,0,0,0,pointworld,pointworld,same,0,same,0
TRI+52ca9b6a+2024-02-13-15h-14m-58s,191,0,8,0,30,pointworld,pointworld,moved,8,moved,30
TRI+52ca9b6a+2024-02-13-15h-16m-34s,189,0,17,0,25,pointworld,pointworld,moved,17,moved,25
TRI+52ca9b6a+2024-02-13-15h-16m-57s,162,0,0,0,0,pointworld,pointworld,same,0,same,0
TRI+52ca9b6a+2024-02-13-15h-17m-15s,160,0,0,0,13,pointworld,pointworld,same,0,moved,13
TRI+52ca9b6a+2024-02-13-16h-03m-29s,135,0,0,0,0,pointworld,pointworld,same,0,same,0
TRI+52ca9b6a+2024-02-13-16h-05m-04s,146,0,0,0,17,pointworld,pointworld,same,0,moved,17
TRI+7dfa2da3+2023-10-12-13h-20m-22s,171,0,18,30,29,pointworld,pointworld,moved,18,moved,-1
TRI+7dfa2da3+2023-10-12-13h-22m-11s,307,0,28,36,37,pointworld,pointworld,moved,28,moved,1
TRI+938130c4+2023-08-07-14h-00m-35s,181,0,0,17,16,pointworld,pointworld,same,0,moved,-1
TRI+938130c4+2023-08-07-14h-16m-16s,149,0,0,15,14,pointworld,pointworld,same,0,moved,-1
TRI+938130c4+2023-08-07-14h-27m-11s,390,0,0,15,0,pointworld,pointworld,same,0,moved,-15
TRI+938130c4+2023-08-07-15h-16m-01s,139,0,0,20,21,pointworld,pointworld,same,0,moved,1
TRI+938130c4+2023-08-07-15h-25m-28s,290,0,0,16,17,pointworld,pointworld,same,0,moved,1
TRI+938130c4+2023-08-07-15h-40m-11s,98,8,8,14,14,pointworld,pointworld,same,0,same,0
TRI+938130c4+2023-08-07-16h-06m-12s,192,0,0,27,27,pointworld,pointworld,same,0,same,0
TRI+938130c4+2023-08-07-16h-14m-02s,186,0,0,0,0,pointworld,pointworld,same,0,same,0
TRI+938130c4+2023-08-07-16h-53m-30s,263,10,10,16,16,pointworld,pointworld,same,0,same,0
TRI+938130c4+2023-08-07-17h-07m-30s,125,0,7,17,18,pointworld,pointworld,moved,7,moved,1
TRI+938130c4+2023-08-07-17h-16m-11s,185,16,17,23,24,pointworld,pointworld,moved,1,moved,1
TRI+938130c4+2023-08-07-17h-23m-27s,236,0,0,21,21,pointworld,pointworld,same,0,same,0
TRI+938130c4+2023-08-07-17h-24m-50s,302,13,14,25,26,pointworld,pointworld,moved,1,moved,1
TRI+938130c4+2023-08-07-17h-30m-10s,138,0,0,9,10,pointworld,pointworld,same,0,moved,1
TRI+938130c4+2023-08-07-17h-31m-21s,132,10,10,14,15,pointworld,pointworld,same,0,moved,1
TRI+938130c4+2023-08-07-17h-55m-57s,230,8,0,16,15,pointworld,pointworld,moved,-8,moved,-1
TRI+938130c4+2023-08-07-17h-56m-25s,128,11,10,15,15,pointworld,pointworld,moved,-1,same,0
TRI+938130c4+2023-08-07-18h-01m-40s,179,0,0,5,0,pointworld,pointworld,same,0,moved,-5
TRI+938130c4+2023-08-07-18h-06m-09s,166,0,0,14,12,pointworld,pointworld,same,0,moved,-2
TRI+938130c4+2023-08-07-18h-12m-27s,86,0,0,7,0,pointworld,pointworld,same,0,moved,-7
TRI+938130c4+2023-08-07-18h-20m-43s,133,13,0,21,19,pointworld,pointworld,moved,-13,moved,-2
TRI+938130c4+2023-08-08-08h-54m-22s,229,21,0,28,21,pointworld,pointworld,moved,-21,moved,-7
TRI+938130c4+2023-08-08-09h-01m-29s,172,0,0,12,0,pointworld,pointworld,same,0,moved,-12
TRI+938130c4+2023-08-08-09h-04m-12s,131,11,0,16,12,pointworld,pointworld,moved,-11,moved,-4
TRI+938130c4+2023-08-08-09h-12m-09s,205,0,0,0,0,pointworld,pointworld,same,0,same,0
TRI+938130c4+2023-08-08-09h-33m-50s,155,0,0,12,12,pointworld,pointworld,same,0,same,0
TRI+938130c4+2023-08-08-09h-39m-22s,339,0,0,8,9,pointworld,pointworld,same,0,moved,1
TRI+938130c4+2023-08-08-09h-51m-54s,179,0,0,7,8,pointworld,pointworld,same,0,moved,1
TRI+938130c4+2023-08-08-09h-54m-40s,374,0,0,0,0,pointworld,pointworld,same,0,same,0
TRI+938130c4+2023-08-09-08h-51m-08s,216,0,0,0,0,pointworld,pointworld,same,0,same,0
TRI+938130c4+2023-08-09-08h-54m-31s,189,0,0,0,0,pointworld,pointworld,same,0,same,0
TRI+938130c4+2023-08-09-08h-55m-40s,202,0,0,0,0,pointworld,pointworld,same,0,same,0
TRI+938130c4+2023-08-09-09h-00m-18s,118,0,0,0,0,pointworld,pointworld,same,0,same,0
TRI+938130c4+2023-08-09-09h-13m-08s,159,0,0,0,0,pointworld,pointworld,same,0,same,0
TRI+938130c4+2023-08-09-09h-28m-37s,193,0,0,0,0,pointworld,pointworld,same,0,same,0
TRI+938130c4+2023-08-09-09h-29m-24s,286,0,0,17,16,pointworld,pointworld,same,0,moved,-1
TRI+938130c4+2023-08-09-09h-44m-40s,179,0,0,0,0,pointworld,pointworld,same,0,same,0
TRI+938130c4+2023-08-09-10h-21m-05s,187,0,0,11,10,pointworld,pointworld,same,0,moved,-1
TRI+938130c4+2023-08-09-10h-26m-27s,268,0,0,0,0,pointworld,pointworld,same,0,same,0
TRI+938130c4+2023-08-09-10h-26m-56s,231,0,0,9,7,pointworld,pointworld,same,0,moved,-2
TRI+938130c4+2023-08-09-10h-32m-40s,290,0,0,0,0,pointworld,pointworld,same,0,same,0
TRI+938130c4+2023-08-09-10h-53m-51s,260,0,0,0,0,pointworld,pointworld,same,0,same,0
TRI+938130c4+2023-08-09-11h-09m-18s,118,0,0,0,0,pointworld,pointworld,same,0,same,0
TRI+938130c4+2023-08-09-11h-38m-48s,140,0,0,0,0,pointworld,pointworld,same,0,same,0
TRI+938130c4+2023-08-09-11h-53m-06s,281,0,0,12,12,pointworld,pointworld,same,0,same,0
TRI+938130c4+2023-08-09-13h-52m-53s,366,0,0,0,0,pointworld,pointworld,same,0,same,0
TRI+938130c4+2023-08-09-13h-54m-39s,157,0,0,0,0,pointworld,pointworld,same,0,same,0
TRI+938130c4+2023-08-09-13h-57m-17s,228,0,0,0,0,pointworld,pointworld,same,0,same,0
TRI+938130c4+2023-08-09-13h-57m-48s,104,0,0,8,9,pointworld,pointworld,same,0,moved,1
TRI+938130c4+2023-08-09-14h-15m-08s,382,0,0,0,0,pointworld,pointworld,same,0,same,0
TRI+938130c4+2023-08-09-14h-25m-48s,366,0,0,0,0,pointworld,pointworld,same,0,same,0
TRI+938130c4+2023-08-09-14h-32m-04s,116,0,0,0,0,pointworld,pointworld,same,0,same,0
TRI+938130c4+2023-08-09-14h-36m-44s,395,0,0,0,0,pointworld,pointworld,same,0,same,0
TRI+938130c4+2023-08-09-15h-22m-20s,121,0,0,14,12,pointworld,pointworld,same,0,moved,-2
TRI+938130c4+2023-08-09-15h-27m-43s,152,0,0,0,0,pointworld,pointworld,same,0,same,0
TRI+938130c4+2023-08-09-15h-29m-51s,305,0,0,0,0,pointworld,pointworld,same,0,same,0
TRI+938130c4+2023-08-09-15h-33m-01s,208,0,0,0,0,pointworld,pointworld,same,0,same,0
TRI+938130c4+2023-08-09-15h-58m-44s,241,0,0,8,6,pointworld,pointworld,same,0,moved,-2
TRI+938130c4+2023-08-09-16h-50m-13s,187,0,0,0,0,pointworld,pointworld,same,0,same,0
TRI+938130c4+2023-08-09-17h-02m-06s,212,0,0,0,0,pointworld,pointworld,same,0,same,0
TRI+938130c4+2023-08-09-17h-30m-35s,116,0,0,8,9,pointworld,pointworld,same,0,moved,1
TRI+938130c4+2023-08-09-17h-37m-13s,306,0,0,0,0,pointworld,pointworld,same,0,same,0
TRI+938130c4+2023-08-10-09h-00m-22s,145,0,0,0,0,pointworld,pointworld,same,0,same,0
TRI+938130c4+2023-08-10-09h-32m-33s,237,0,0,0,0,pointworld,pointworld,same,0,same,0
TRI+938130c4+2023-08-10-10h-06m-22s,200,0,0,0,0,pointworld,pointworld,same,0,same,0
TRI+938130c4+2023-08-10-10h-11m-41s,195,0,0,11,12,pointworld,pointworld,same,0,moved,1
TRI+938130c4+2023-08-10-10h-20m-51s,185,0,0,0,0,pointworld,pointworld,same,0,same,0
TRI+938130c4+2023-08-10-10h-23m-31s,191,0,0,0,0,pointworld,pointworld,same,0,same,0
TRI+938130c4+2023-08-10-10h-25m-02s,132,0,0,7,8,pointworld,pointworld,same,0,moved,1
TRI+938130c4+2023-08-10-10h-37m-31s,246,0,0,0,0,pointworld,pointworld,same,0,same,0
TRI+938130c4+2023-08-10-10h-38m-13s,250,0,0,12,14,pointworld,pointworld,same,0,moved,2
TRI+938130c4+2023-08-10-10h-40m-42s,377,0,0,0,0,pointworld,pointworld,same,0,same,0
TRI+938130c4+2023-08-10-10h-59m-03s,142,0,0,0,0,pointworld,pointworld,same,0,same,0
TRI+938130c4+2023-08-10-14h-30m-06s,314,0,0,0,0,pointworld,pointworld,same,0,same,0
TRI+938130c4+2023-08-10-14h-33m-06s,192,0,0,16,16,pointworld,pointworld,same,0,same,0
TRI+938130c4+2023-08-10-14h-41m-11s,258,0,0,0,0,pointworld,pointworld,same,0,same,0
TRI+938130c4+2023-08-10-15h-53m-54s,384,0,0,0,0,pointworld,pointworld,same,0,same,0
TRI+938130c4+2023-08-10-15h-55m-12s,137,0,0,12,0,pointworld,pointworld,same,0,moved,-12
TRI+938130c4+2023-08-10-15h-59m-05s,203,0,0,13,0,pointworld,pointworld,same,0,moved,-13
TRI+938130c4+2023-08-10-16h-03m-18s,292,0,0,0,0,pointworld,pointworld,same,0,same,0
TRI+938130c4+2023-08-10-16h-07m-29s,114,7,0,13,0,pointworld,pointworld,moved,-7,moved,-13
TRI+938130c4+2023-08-10-16h-26m-53s,169,0,0,0,0,pointworld,pointworld,same,0,same,0
TRI+938130c4+2023-08-10-16h-35m-28s,299,0,0,0,0,pointworld,pointworld,same,0,same,0
TRI+938130c4+2023-08-10-17h-02m-59s,257,0,0,0,0,pointworld,pointworld,same,0,same,0
TRI+938130c4+2023-08-10-17h-08m-18s,293,0,0,0,0,pointworld,pointworld,same,0,same,0
TRI+938130c4+2023-08-10-17h-20m-13s,350,0,0,0,0,pointworld,pointworld,same,0,same,0
TRI+938130c4+2023-08-10-17h-44m-14s,144,0,0,0,0,pointworld,pointworld,same,0,same,0
TRI+938130c4+2023-08-21-14h-01m-28s,234,0,0,0,0,pointworld,pointworld,same,0,same,0
TRI+938130c4+2023-08-21-14h-02m-21s,232,0,0,0,0,pointworld,pointworld,same,0,same,0
TRI+938130c4+2023-08-21-14h-12m-12s,269,0,0,0,0,pointworld,pointworld,same,0,same,0
TRI+938130c4+2023-08-21-14h-15m-45s,253,0,0,18,0,pointworld,pointworld,same,0,moved,-18
TRI+938130c4+2023-08-21-14h-16m-59s,220,0,0,0,0,pointworld,pointworld,same,0,same,0
TRI+938130c4+2023-08-21-14h-20m-09s,219,0,0,0,0,pointworld,pointworld,same,0,same,0
TRI+938130c4+2023-08-21-14h-46m-21s,244,0,0,0,0,pointworld,pointworld,same,0,same,0
TRI+938130c4+2023-08-21-14h-55m-10s,283,0,0,0,0,pointworld,pointworld,same,0,same,0
TRI+938130c4+2023-08-21-14h-55m-38s,350,0,0,0,0,pointworld,pointworld,same,0,same,0
TRI+938130c4+2023-08-21-14h-58m-42s,133,0,0,0,0,pointworld,pointworld,same,0,same,0
TRI+938130c4+2023-08-21-17h-21m-43s,207,0,0,0,0,pointworld,pointworld,same,0,same,0
TRI+938130c4+2023-08-21-17h-38m-07s,150,0,0,10,0,pointworld,pointworld,same,0,moved,-10
TRI+938130c4+2023-08-21-17h-42m-08s,168,0,0,16,11,pointworld,pointworld,same,0,moved,-5
TRI+938130c4+2023-08-21-17h-44m-22s,223,0,0,0,0,pointworld,pointworld,same,0,same,0
TRI+938130c4+2023-08-21-18h-00m-19s,175,0,0,16,16,pointworld,pointworld,same,0,same,0
TRI+938130c4+2023-08-22-11h-01m-15s,224,0,0,21,20,pointworld,pointworld,same,0,moved,-1
TRI+938130c4+2023-08-22-11h-10m-54s,182,0,0,22,21,pointworld,pointworld,same,0,moved,-1
TRI+938130c4+2023-08-22-11h-11m-57s,257,0,0,0,0,pointworld,pointworld,same,0,same,0
TRI+938130c4+2023-08-22-11h-17m-59s,322,0,0,0,0,pointworld,pointworld,same,0,same,0
TRI+938130c4+2023-08-22-11h-39m-03s,383,0,0,0,0,pointworld,pointworld,same,0,same,0
TRI+938130c4+2023-08-22-16h-06m-39s,146,0,0,13,0,pointworld,pointworld,same,0,moved,-13
TRI+938130c4+2023-08-22-16h-15m-47s,356,0,0,0,0,pointworld,pointworld,same,0,same,0
TRI+938130c4+2023-08-22-17h-38m-47s,112,0,0,0,17,pointworld,pointworld,same,0,moved,17
TRI+a23987ac+2023-10-12-11h-17m-45s,494,0,0,88,88,pointworld,pointworld,same,0,same,0
TRI+a23987ac+2023-10-12-11h-19m-56s,426,0,0,0,0,pointworld,pointworld,same,0,same,0
TRI+a23987ac+2023-10-12-11h-45m-10s,439,0,0,0,0,pointworld,pointworld,same,0,same,0
TRI+a23987ac+2023-10-12-13h-10m-33s,436,0,0,0,0,pointworld,pointworld,same,0,same,0
TRI+a23987ac+2023-10-12-13h-17m-54s,380,0,0,0,0,pointworld,pointworld,same,0,same,0
TRI+a8754edb+2023-10-12-09h-53m-24s,587,0,0,0,0,pointworld,pointworld,same,0,same,0
TRI+a8754edb+2023-10-12-09h-58m-46s,903,0,0,0,0,pointworld,pointworld,same,0,same,0
TRI+a8754edb+2023-10-12-10h-24m-40s,228,0,0,0,0,pointworld,pointworld,same,0,same,0
TRI+a8754edb+2023-10-12-10h-29m-09s,426,0,0,12,21,pointworld,pointworld,same,0,moved,9
TRI+a8754edb+2023-10-12-10h-49m-38s,203,0,0,0,0,pointworld,pointworld,same,0,same,0
TRI+a8754edb+2023-10-12-18h-13m-33s,540,0,0,0,0,pointworld,pointworld,same,0,same,0
TRI+a8754edb+2023-10-12-18h-22m-19s,610,0,0,35,33,pointworld,pointworld,same,0,moved,-2
WEIRD+30c3da59+2023-11-13-19h-59m-52s,362,0,0,0,0,pointworld,pointworld,same,0,same,0
WEIRD+30c3da59+2023-12-01-17h-14m-41s,228,0,0,0,0,pointworld,pointworld,same,0,same,0
WEIRD+30c3da59+2023-12-01-17h-19m-25s,765,0,0,0,0,pointworld,pointworld,same,0,same,0
WEIRD+30c3da59+2023-12-06-17h-29m-17s,331,0,0,0,0,pointworld,pointworld,same,0,same,0
WEIRD+30c3da59+2023-12-06-17h-29m-54s,475,0,0,0,0,pointworld,pointworld,same,0,same,0
WEIRD+30c3da59+2023-12-08-15h-55m-35s,754,0,0,0,0,pointworld,pointworld,same,0,same,0
WEIRD+30c3da59+2023-12-08-16h-05m-45s,442,0,0,0,0,pointworld,pointworld,same,0,same,0
WEIRD+30c3da59+2023-12-08-16h-14m-53s,456,0,0,0,0,pointworld,pointworld,same,0,same,0
WEIRD+30c3da59+2023-12-08-16h-25m-06s,573,0,0,9,0,pointworld,pointworld,same,0,moved,-9
WEIRD+30c3da59+2024-01-12-16h-10m-42s,568,0,0,0,0,pointworld,pointworld,same,0,same,0
WEIRD+30c3da59+2024-01-12-16h-12m-07s,342,0,0,0,0,pointworld,pointworld,same,0,same,0
WEIRD+417ecf07+2023-11-21-19h-51m-24s,651,0,0,-1,-1,pointworld,pointworld,same,0,same,
WEIRD+417ecf07+2023-11-21-20h-52m-51s,244,0,0,0,0,pointworld,pointworld,same,0,same,0
WEIRD+417ecf07+2023-11-21-20h-54m-57s,513,0,0,0,0,pointworld,pointworld,same,0,same,0
WEIRD+417ecf07+2023-11-30-20h-05m-35s,259,0,0,0,0,pointworld,pointworld,same,0,same,0
WEIRD+5047dd9a+2023-11-22-16h-43m-12s,1578,0,0,0,0,pointworld,pointworld,same,0,same,0
WEIRD+5047dd9a+2023-11-29-22h-29m-50s,495,0,0,0,0,pointworld,pointworld,same,0,same,0
WEIRD+5047dd9a+2023-11-29-22h-30m-54s,399,0,0,0,0,pointworld,pointworld,same,0,same,0
WEIRD+5a211037+2023-11-20-20h-49m-20s,301,0,0,0,0,pointworld,pointworld,same,0,same,0
WEIRD+5a211037+2023-11-20-20h-51m-49s,336,0,0,0,0,pointworld,pointworld,same,0,same,0
WEIRD+5a211037+2023-11-20-21h-00m-40s,774,0,0,0,0,pointworld,pointworld,same,0,same,0
WEIRD+5a211037+2023-11-20-21h-08m-17s,765,0,0,0,0,pointworld,pointworld,same,0,same,0
WEIRD+5a211037+2023-11-20-21h-15m-30s,328,0,0,0,0,pointworld,pointworld,same,0,same,0
WEIRD+5a211037+2023-11-20-21h-24m-00s,256,0,0,0,19,pointworld,pointworld,same,0,moved,19
WEIRD+5a211037+2023-11-22-17h-14m-24s,286,0,0,0,0,pointworld,pointworld,same,0,same,0
WEIRD+5a211037+2023-11-22-17h-29m-29s,687,0,0,0,0,pointworld,pointworld,same,0,same,0
WEIRD+5a211037+2023-11-22-18h-22m-25s,716,0,23,27,29,pointworld,pointworld,moved,23,moved,2
WEIRD+5a211037+2023-11-30-16h-25m-16s,505,0,0,0,0,pointworld,pointworld,same,0,same,0
WEIRD+5a211037+2023-11-30-16h-26m-06s,323,0,0,0,0,pointworld,pointworld,same,0,same,0
WEIRD+5a211037+2023-11-30-16h-50m-28s,152,0,0,0,0,pointworld,pointworld,same,0,same,0
WEIRD+5a211037+2023-12-05-22h-07m-40s,570,0,0,0,0,pointworld,pointworld,same,0,same,0
WEIRD+5a211037+2023-12-12-22h-20m-26s,411,0,0,0,0,pointworld,pointworld,same,0,same,0
WEIRD+5a211037+2023-12-12-22h-32m-16s,178,0,0,0,0,pointworld,pointworld,same,0,same,0
WEIRD+5a211037+2023-12-19-21h-42m-40s,151,0,0,0,0,pointworld,pointworld,same,0,same,0
WEIRD+5a211037+2023-12-19-22h-36m-49s,1349,0,0,0,0,pointworld,pointworld,same,0,same,0
WEIRD+5a211037+2023-12-20-21h-27m-47s,917,0,0,0,0,pointworld,pointworld,same,0,same,0
WEIRD+5a211037+2023-12-20-21h-37m-02s,624,0,0,0,0,pointworld,pointworld,same,0,same,0
WEIRD+5a211037+2023-12-20-21h-51m-33s,305,0,0,0,0,pointworld,pointworld,same,0,same,0
WEIRD+5a211037+2023-12-20-22h-32m-23s,555,0,0,0,0,pointworld,pointworld,same,0,same,0
WEIRD+9338a0f6+2023-12-04-20h-44m-05s,295,0,0,0,0,pointworld,pointworld,same,0,same,0
WEIRD+9338a0f6+2023-12-04-20h-49m-47s,407,0,0,30,29,pointworld,pointworld,same,0,moved,-1
WEIRD+9338a0f6+2023-12-04-20h-51m-54s,268,0,0,0,0,pointworld,pointworld,same,0,same,0
WEIRD+9338a0f6+2023-12-04-21h-58m-01s,1076,0,0,17,0,pointworld,pointworld,same,0,moved,-17
WEIRD+9338a0f6+2023-12-06-21h-57m-26s,571,0,0,0,0,pointworld,pointworld,same,0,same,0
WEIRD+b0440f67+2024-01-09-23h-41m-00s,220,0,0,0,0,pointworld,pointworld,same,0,same,0
WEIRD+b0440f67+2024-01-11-20h-24m-09s,603,0,0,0,0,pointworld,pointworld,same,0,same,0
WEIRD+bccfde6e+2023-12-11-21h-49m-27s,328,0,129,0,226,pointworld,pointworld,moved,129,moved,226
WEIRD+bcd0b679+2023-11-21-21h-19m-34s,1358,0,0,0,0,pointworld,pointworld,same,0,same,0
WEIRD+bcd0b679+2023-11-21-21h-50m-54s,1407,0,0,18,0,pointworld,pointworld,same,0,moved,-18
WEIRD+bcd0b679+2023-11-29-14h-49m-52s,577,0,0,0,0,pointworld,pointworld,same,0,same,0
WEIRD+bcd0b679+2023-11-29-15h-14m-00s,1537,0,0,25,26,pointworld,pointworld,same,0,moved,1
WEIRD+bcd0b679+2023-11-30-18h-42m-49s,698,0,0,0,0,pointworld,pointworld,same,0,same,0
WEIRD+bcd0b679+2023-11-30-18h-49m-09s,580,0,0,0,0,pointworld,pointworld,same,0,same,0
WEIRD+bcd0b679+2023-11-30-18h-56m-45s,511,0,0,0,0,pointworld,pointworld,same,0,same,0
WEIRD+bcd0b679+2023-11-30-18h-58m-09s,500,0,0,0,0,pointworld,pointworld,same,0,same,0
WEIRD+d5edb57c+2023-11-22-22h-21m-10s,1336,0,0,0,0,pointworld,pointworld,same,0,same,0
WEIRD+d5edb57c+2023-11-22-22h-41m-07s,412,0,0,0,0,pointworld,pointworld,same,0,same,0
WEIRD+d5edb57c+2023-11-22-22h-45m-07s,490,0,0,0,0,pointworld,pointworld,same,0,same,0
WEIRD+d5edb57c+2023-12-01-16h-02m-20s,185,-1,0,-1,0,pointworld,pointworld,recovered,,recovered,
WEIRD+d5edb57c+2023-12-01-16h-12m-37s,803,0,0,-1,0,pointworld,pointworld,same,0,recovered,
WEIRD+d5edb57c+2023-12-08-13h-24m-38s,953,0,0,0,0,pointworld,pointworld,same,0,same,0
WEIRD+d5edb57c+2023-12-08-14h-02m-04s,793,0,0,0,0,pointworld,pointworld,same,0,same,0
WEIRD+d5edb57c+2023-12-08-14h-07m-25s,773,0,0,0,0,pointworld,pointworld,same,0,same,0
WEIRD+d5edb57c+2023-12-08-14h-11m-29s,344,0,0,0,0,pointworld,pointworld,same,0,same,0
WEIRD+d5edb57c+2023-12-08-14h-12m-14s,598,0,0,0,0,pointworld,pointworld,same,0,same,0
WEIRD+e604eeed+2023-11-28-19h-10m-36s,394,0,0,0,0,pointworld,pointworld,same,0,same,0
WEIRD+e604eeed+2023-11-28-19h-24m-25s,161,0,0,0,0,pointworld,pointworld,same,0,same,0
WEIRD+e604eeed+2023-11-28-19h-40m-07s,251,0,0,0,0,pointworld,pointworld,same,0,same,0
WEIRD+e604eeed+2023-11-28-19h-50m-45s,173,0,0,0,0,pointworld,pointworld,same,0,same,0
WEIRD+e604eeed+2023-11-28-20h-01m-41s,439,0,0,0,0,pointworld,pointworld,same,0,same,0
WEIRD+e604eeed+2023-11-29-15h-28m-43s,526,0,0,0,0,pointworld,pointworld,same,0,same,0
WEIRD+e604eeed+2023-11-29-15h-29m-44s,384,0,0,0,0,pointworld,pointworld,same,0,same,0
WEIRD+e604eeed+2023-11-30-20h-45m-07s,498,0,0,0,0,pointworld,pointworld,same,0,same,0
WEIRD+e604eeed+2023-12-01-16h-52m-08s,524,0,0,0,0,pointworld,pointworld,same,0,same,0
WEIRD+e604eeed+2023-12-01-16h-52m-54s,909,0,0,0,0,pointworld,pointworld,same,0,same,0
WEIRD+e604eeed+2023-12-08-17h-12m-31s,1056,0,0,0,0,pointworld,pointworld,same,0,same,0
WEIRD+e604eeed+2023-12-08-18h-00m-32s,933,0,0,0,0,pointworld,pointworld,same,0,same,0
WEIRD+e604eeed+2023-12-08-18h-14m-48s,560,0,0,0,0,pointworld,pointworld,same,0,same,0
WEIRD+e604eeed+2023-12-08-20h-38m-05s,963,0,0,0,0,pointworld,pointworld,same,0,same,0
WEIRD+e604eeed+2023-12-08-20h-51m-49s,867,0,0,0,0,pointworld,pointworld,same,0,same,0
WEIRD+e604eeed+2023-12-08-20h-56m-15s,1047,0,0,0,0,pointworld,pointworld,same,0,same,0
WEIRD+e604eeed+2023-12-13-20h-42m-31s,721,0,0,0,0,pointworld,pointworld,same,0,same,0
WEIRD+e604eeed+2024-01-04-02h-12m-34s,544,0,0,0,0,pointworld,pointworld,same,0,same,0
WEIRD+e604eeed+2024-01-04-02h-21m-28s,277,0,0,0,0,pointworld,pointworld,same,0,same,0
WEIRD+e604eeed+2024-01-04-02h-48m-47s,1116,0,0,0,0,pointworld,pointworld,same,0,same,0
WEIRD+f1c42455+2023-12-07-23h-28m-55s,711,0,0,0,0,pointworld,pointworld,same,0,same,0
WEIRD+f1c42455+2023-12-12-03h-54m-24s,662,0,0,0,0,pointworld,pointworld,same,0,same,0
WEIRD+f1c42455+2023-12-12-04h-16m-56s,333,0,0,0,0,pointworld,pointworld,same,0,same,0
WEIRD+f1c42455+2023-12-14-04h-39m-15s,505,0,0,0,0,pointworld,pointworld,same,0,same,0
WEIRD+f1c42455+2023-12-14-04h-47m-14s,223,0,0,0,0,pointworld,pointworld,same,0,same,0
WEIRD+f1c42455+2023-12-15-23h-59m-47s,315,0,0,0,0,pointworld,pointworld,same,0,same,0
WEIRD+f1c42455+2023-12-16-00h-24m-56s,259,0,0,0,0,pointworld,pointworld,same,0,same,0
WEIRD+f1c42455+2023-12-20-05h-22m-34s,246,0,0,0,0,pointworld,pointworld,same,0,same,0
WEIRD+f1c42455+2024-01-15-02h-03m-35s,687,0,0,0,0,pointworld,pointworld,same,0,same,0
WEIRD+f1c42455+2024-01-16-00h-49m-38s,1113,0,79,0,134,pointworld,pointworld,moved,79,moved,134
WEIRD+f61abce9+2023-11-22-20h-51m-25s,352,19,0,28,0,pointworld,pointworld,moved,-19,moved,-28
WEIRD+f61abce9+2023-11-22-20h-55m-08s,337,0,0,0,0,pointworld,pointworld,same,0,same,0
WEIRD+f61abce9+2023-11-22-20h-58m-43s,436,0,0,72,0,pointworld,pointworld,same,0,moved,-72
WEIRD+f61abce9+2023-11-28-20h-17m-29s,511,0,0,0,0,pointworld,pointworld,same,0,same,0
WEIRD+f61abce9+2023-11-28-20h-43m-41s,911,0,0,0,0,pointworld,pointworld,same,0,same,0
WEIRD+f61abce9+2023-11-29-19h-10m-49s,538,0,0,0,0,pointworld,pointworld,same,0,same,0
WEIRD+f61abce9+2023-11-29-19h-17m-10s,254,0,0,0,0,pointworld,pointworld,same,0,same,0
WEIRD+f61abce9+2023-11-29-19h-17m-58s,334,0,0,0,0,pointworld,pointworld,same,0,same,0
WEIRD+f61abce9+2023-11-29-19h-29m-04s,333,0,0,0,0,pointworld,pointworld,same,0,same,0
WEIRD+f61abce9+2023-11-29-20h-16m-20s,471,0,0,0,0,pointworld,pointworld,same,0,same,0
WEIRD+f61abce9+2023-11-29-20h-19m-08s,1611,0,0,0,0,pointworld,pointworld,same,0,same,0
WEIRD+f61abce9+2023-12-06-18h-12m-33s,317,0,0,0,0,pointworld,pointworld,same,0,same,0
WEIRD+f61abce9+2023-12-06-18h-39m-49s,548,0,0,0,0,pointworld,pointworld,same,0,same,0
WEIRD+f61abce9+2023-12-07-18h-13m-53s,235,0,0,0,0,pointworld,pointworld,same,0,same,0
WEIRD+f61abce9+2023-12-07-18h-44m-19s,1112,0,0,0,0,pointworld,pointworld,same,0,same,0
WEIRD+f61abce9+2023-12-08-19h-04m-01s,936,0,0,0,0,pointworld,pointworld,same,0,same,0
WEIRD+f61abce9+2023-12-08-19h-07m-22s,536,0,0,46,0,pointworld,pointworld,same,0,moved,-46
WEIRD+f61abce9+2023-12-08-19h-31m-47s,292,0,0,0,0,pointworld,pointworld,same,0,same,0
WEIRD+f61abce9+2023-12-08-19h-47m-13s,731,0,0,29,29,pointworld,pointworld,same,0,same,0
WEIRD+f61abce9+2023-12-08-19h-48m-30s,837,0,0,0,0,pointworld,pointworld,same,0,same,0
WEIRD+f61abce9+2023-12-08-19h-50m-14s,290,0,0,0,0,pointworld,pointworld,same,0,same,0
WEIRD+f61abce9+2023-12-08-19h-52m-59s,732,0,0,0,0,pointworld,pointworld,same,0,same,0
WEIRD+f61abce9+2023-12-08-19h-56m-01s,659,0,0,0,0,pointworld,pointworld,same,0,same,0
WEIRD+f61abce9+2023-12-09-17h-25m-47s,50,0,18,0,22,pointworld,pointworld,moved,18,moved,22
WEIRD+f61abce9+2023-12-09-17h-45m-41s,1820,0,291,0,301,pointworld,pointworld,moved,291,moved,301
WEIRD+f61abce9+2023-12-11-19h-55m-24s,144,0,0,37,38,pointworld,pointworld,same,0,moved,1
WEIRD+f61abce9+2023-12-13-21h-06m-03s,350,0,0,0,0,pointworld,pointworld,same,0,same,0
WEIRD+f61abce9+2023-12-13-21h-48m-01s,146,0,0,0,0,pointworld,pointworld,same,0,same,0
WEIRD+f61abce9+2023-12-13-21h-49m-55s,302,0,0,0,0,pointworld,pointworld,same,0,same,0
WEIRD+f61abce9+2023-12-13-21h-52m-41s,217,0,0,0,0,pointworld,pointworld,same,0,same,0
WEIRD+f61abce9+2023-12-13-21h-54m-52s,183,0,0,0,0,pointworld,pointworld,same,0,same,0
WEIRD+f61abce9+2023-12-13-22h-31m-47s,267,0,0,0,0,pointworld,pointworld,same,0,same,0
WEIRD+f61abce9+2023-12-13-22h-32m-14s,232,0,0,0,0,pointworld,pointworld,same,0,same,0
WEIRD+f61abce9+2023-12-13-22h-33m-26s,490,0,0,0,0,pointworld,pointworld,same,0,same,0
WEIRD+f61abce9+2023-12-13-22h-36m-52s,730,0,0,0,0,pointworld,pointworld,same,0,same,0
WEIRD+f61abce9+2023-12-13-22h-39m-48s,150,0,0,0,0,pointworld,pointworld,same,0,same,0
WEIRD+f61abce9+2023-12-13-23h-21m-09s,191,0,0,0,0,pointworld,pointworld,same,0,same,0
