episode,event,entry_frame,exit_frame,n_frames,n_events
AUTOLab+0d4edc83+2023-10-21-19h-11m-38s,0,0,131,131,1
AUTOLab+0d4edc83+2023-10-21-19h-14m-57s,0,0,141,141,1
AUTOLab+0d4edc83+2023-10-21-19h-16m-50s,0,0,128,128,1
AUTOLab+0d4edc83+2023-10-21-19h-19m-23s,0,0,133,133,1
AUTOLab+0d4edc83+2023-10-21-19h-22m-26s,0,0,140,140,1
AUTOLab+0d4edc83+2023-10-21-19h-37m-25s,0,0,180,180,1
AUTOLab+0d4edc83+2023-10-21-19h-40m-44s,0,0,111,111,1
AUTOLab+0d4edc83+2023-10-21-19h-40m-59s,0,0,152,152,1
AUTOLab+0d4edc83+2023-10-21-19h-43m-30s,0,0,129,129,1
AUTOLab+0d4edc83+2023-10-21-19h-44m-52s,0,0,135,135,1
AUTOLab+0d4edc83+2023-10-21-19h-48m-55s,0,0,108,158,2
AUTOLab+0d4edc83+2023-10-21-19h-48m-55s,1,118,158,158,2
AUTOLab+0d4edc83+2023-10-21-19h-52m-38s,0,0,115,157,2
AUTOLab+0d4edc83+2023-10-21-19h-52m-38s,1,119,157,157,2
AUTOLab+0d4edc83+2023-10-21-19h-53m-15s,0,0,158,158,1
AUTOLab+0d4edc83+2023-10-21-19h-53m-52s,0,0,126,126,1
AUTOLab+0d4edc83+2023-10-21-19h-58m-12s,0,0,180,180,1
AUTOLab+0d4edc83+2023-10-21-20h-00m-21s,0,0,132,132,1
AUTOLab+0d4edc83+2023-10-21-20h-26m-49s,0,0,104,104,1
AUTOLab+0d4edc83+2023-10-27-19h-52m-01s,0,0,77,77,1
AUTOLab+0d4edc83+2023-10-27-19h-53m-02s,0,0,82,82,1
AUTOLab+0d4edc83+2023-10-27-19h-53m-24s,0,0,78,78,1
AUTOLab+0d4edc83+2023-10-27-19h-55m-09s,0,0,67,67,1
AUTOLab+0d4edc83+2023-10-27-19h-59m-18s,0,0,57,57,1
AUTOLab+0d4edc83+2023-10-27-20h-11m-00s,0,0,92,92,1
AUTOLab+0d4edc83+2023-10-27-20h-13m-55s,0,0,67,67,1
AUTOLab+0d4edc83+2023-10-27-20h-15m-02s,0,0,87,87,1
AUTOLab+0d4edc83+2023-10-27-20h-16m-35s,0,0,67,67,1
AUTOLab+0d4edc83+2023-10-27-20h-19m-25s,0,0,63,63,1
AUTOLab+0d4edc83+2023-10-27-20h-23m-08s,0,0,79,79,1
AUTOLab+0d4edc83+2023-10-27-20h-24m-01s,0,0,76,76,1
AUTOLab+0d4edc83+2023-10-27-20h-24m-13s,0,0,63,63,1
AUTOLab+0d4edc83+2023-10-27-20h-28m-46s,0,0,71,71,1
AUTOLab+0d4edc83+2023-10-27-20h-36m-17s,0,0,58,58,1
AUTOLab+0d4edc83+2023-12-02-12h-56m-56s,0,0,169,169,1
AUTOLab+0d4edc83+2023-12-02-13h-31m-49s,0,0,127,127,1
AUTOLab+0d4edc83+2023-12-02-13h-44m-42s,0,0,89,89,1
AUTOLab+0d4edc83+2023-12-02-13h-51m-22s,0,0,174,174,1
AUTOLab+0d4edc83+2023-12-02-13h-53m-28s,0,0,127,127,1
AUTOLab+0d4edc83+2023-12-02-13h-55m-18s,0,0,126,126,1
AUTOLab+0d4edc83+2023-12-02-14h-05m-19s,0,0,127,127,1
AUTOLab+0d4edc83+2023-12-02-14h-08m-07s,0,0,86,86,1
AUTOLab+0d4edc83+2023-12-02-14h-17m-47s,0,0,117,117,1
AUTOLab+0d4edc83+2023-12-02-14h-34m-19s,0,0,108,108,1
AUTOLab+0d4edc83+2023-12-02-14h-41m-31s,0,0,132,132,1
AUTOLab+0d4edc83+2023-12-02-14h-56m-54s,0,0,126,126,1
AUTOLab+0d4edc83+2023-12-02-15h-17m-54s,0,0,152,152,1
AUTOLab+0d4edc83+2023-12-02-15h-19m-42s,0,0,142,142,1
AUTOLab+0d4edc83+2023-12-02-15h-21m-56s,0,0,153,153,1
AUTOLab+0d4edc83+2023-12-02-15h-26m-18s,0,0,126,126,1
AUTOLab+0d4edc83+2023-12-02-15h-33m-49s,0,0,155,155,1
AUTOLab+0d4edc83+2023-12-02-15h-34m-31s,0,0,104,104,1
AUTOLab+0d4edc83+2023-12-02-15h-41m-32s,0,0,178,178,1
AUTOLab+0d4edc83+2023-12-02-15h-41m-57s,0,0,148,148,1
AUTOLab+0d4edc83+2023-12-02-15h-45m-41s,0,0,106,106,1
AUTOLab+0d4edc83+2023-12-02-17h-12m-19s,0,10,96,96,1
AUTOLab+0d4edc83+2023-12-02-17h-30m-10s,0,0,115,115,1
AUTOLab+0d4edc83+2023-12-02-18h-07m-01s,0,10,146,158,1
AUTOLab+44bb9c36+2023-11-21-17h-48m-20s,0,0,194,288,2
AUTOLab+44bb9c36+2023-11-21-17h-48m-20s,1,226,253,288,2
AUTOLab+44bb9c36+2023-11-21-17h-48m-54s,0,0,2,193,2
AUTOLab+44bb9c36+2023-11-21-17h-48m-54s,1,12,193,193,2
AUTOLab+44bb9c36+2023-11-23-09h-58m-34s,0,0,92,92,1
AUTOLab+44bb9c36+2023-11-23-10h-44m-13s,0,0,178,178,1
AUTOLab+44bb9c36+2023-11-23-10h-45m-46s,0,0,341,705,3
AUTOLab+44bb9c36+2023-11-23-10h-45m-46s,1,360,366,705,3
AUTOLab+44bb9c36+2023-11-23-10h-45m-46s,2,397,705,705,3
AUTOLab+44bb9c36+2023-11-23-15h-22m-31s,0,0,279,339,2
AUTOLab+44bb9c36+2023-11-23-15h-22m-31s,1,317,339,339,2
AUTOLab+44bb9c36+2023-11-23-15h-24m-18s,0,0,483,555,1
AUTOLab+44bb9c36+2023-11-23-15h-25m-46s,0,0,164,515,2
AUTOLab+44bb9c36+2023-11-23-15h-25m-46s,1,168,515,515,2
AUTOLab+44bb9c36+2023-11-23-15h-28m-43s,0,0,108,188,1
AUTOLab+44bb9c36+2023-11-23-15h-35m-31s,0,11,182,182,1
AUTOLab+44bb9c36+2023-11-23-17h-02m-03s,0,0,28,400,5
AUTOLab+44bb9c36+2023-11-23-17h-02m-03s,1,36,78,400,5
AUTOLab+44bb9c36+2023-11-23-17h-02m-03s,2,137,211,400,5
AUTOLab+44bb9c36+2023-11-23-17h-02m-03s,3,264,349,400,5
AUTOLab+44bb9c36+2023-11-23-17h-02m-03s,4,384,391,400,5
AUTOLab+44bb9c36+2023-11-23-17h-02m-54s,0,0,86,265,4
AUTOLab+44bb9c36+2023-11-23-17h-02m-54s,1,123,219,265,4
AUTOLab+44bb9c36+2023-11-23-17h-02m-54s,2,233,242,265,4
AUTOLab+44bb9c36+2023-11-23-17h-02m-54s,3,252,265,265,4
AUTOLab+44bb9c36+2023-11-23-17h-08m-17s,0,0,83,460,5
AUTOLab+44bb9c36+2023-11-23-17h-08m-17s,1,123,234,460,5
AUTOLab+44bb9c36+2023-11-23-17h-08m-17s,2,272,392,460,5
AUTOLab+44bb9c36+2023-11-23-17h-08m-17s,3,413,415,460,5
AUTOLab+44bb9c36+2023-11-23-17h-08m-17s,4,430,460,460,5
AUTOLab+44bb9c36+2023-11-23-18h-31m-35s,0,0,81,453,4
AUTOLab+44bb9c36+2023-11-23-18h-31m-35s,1,152,233,453,4
AUTOLab+44bb9c36+2023-11-23-18h-31m-35s,2,299,408,453,4
AUTOLab+44bb9c36+2023-11-23-18h-31m-35s,3,433,453,453,4
AUTOLab+44bb9c36+2023-11-23-18h-32m-23s,0,0,105,453,5
AUTOLab+44bb9c36+2023-11-23-18h-32m-23s,1,156,237,453,5
AUTOLab+44bb9c36+2023-11-23-18h-32m-23s,2,308,398,453,5
AUTOLab+44bb9c36+2023-11-23-18h-32m-23s,3,401,405,453,5
AUTOLab+44bb9c36+2023-11-23-18h-32m-23s,4,431,453,453,5
AUTOLab+44bb9c36+2023-11-23-19h-47m-13s,0,0,207,248,2
AUTOLab+44bb9c36+2023-11-23-19h-47m-13s,1,222,248,248,2
AUTOLab+44bb9c36+2023-11-24-16h-02m-51s,0,0,149,849,4
AUTOLab+44bb9c36+2023-11-24-16h-02m-51s,1,177,434,849,4
AUTOLab+44bb9c36+2023-11-24-16h-02m-51s,2,494,605,849,4
AUTOLab+44bb9c36+2023-11-24-16h-02m-51s,3,647,849,849,4
AUTOLab+44bb9c36+2023-11-24-16h-08m-49s,0,0,102,102,1
AUTOLab+44bb9c36+2023-11-24-18h-22m-36s,0,0,130,1382,4
AUTOLab+44bb9c36+2023-11-24-18h-22m-36s,1,187,750,1382,4
AUTOLab+44bb9c36+2023-11-24-18h-22m-36s,2,793,833,1382,4
AUTOLab+44bb9c36+2023-11-24-18h-22m-36s,3,951,1382,1382,4
AUTOLab+44bb9c36+2023-11-24-18h-38m-17s,0,0,77,662,4
AUTOLab+44bb9c36+2023-11-24-18h-38m-17s,1,103,178,662,4
AUTOLab+44bb9c36+2023-11-24-18h-38m-17s,2,188,291,662,4
AUTOLab+44bb9c36+2023-11-24-18h-38m-17s,3,308,662,662,4
AUTOLab+44bb9c36+2023-11-24-18h-53m-11s,0,0,127,941,2
AUTOLab+44bb9c36+2023-11-24-18h-53m-11s,1,142,941,941,2
AUTOLab+44bb9c36+2023-11-24-18h-57m-25s,0,0,105,900,4
AUTOLab+44bb9c36+2023-11-24-18h-57m-25s,1,129,194,900,4
AUTOLab+44bb9c36+2023-11-24-18h-57m-25s,2,211,350,900,4
AUTOLab+44bb9c36+2023-11-24-18h-57m-25s,3,361,900,900,4
AUTOLab+44bb9c36+2023-11-25-10h-19m-02s,0,0,376,984,3
AUTOLab+44bb9c36+2023-11-25-10h-19m-02s,1,390,685,984,3
AUTOLab+44bb9c36+2023-11-25-10h-19m-02s,2,721,975,984,3
AUTOLab+44bb9c36+2023-11-25-11h-00m-53s,0,0,688,688,1
AUTOLab+44bb9c36+2023-11-25-11h-05m-25s,0,0,53,588,3
AUTOLab+44bb9c36+2023-11-25-11h-05m-25s,1,64,253,588,3
AUTOLab+44bb9c36+2023-11-25-11h-05m-25s,2,278,588,588,3
AUTOLab+44bb9c36+2023-11-25-11h-06m-27s,0,0,618,618,1
AUTOLab+44bb9c36+2023-11-25-11h-07m-29s,0,0,153,622,2
AUTOLab+44bb9c36+2023-11-25-11h-07m-29s,1,160,622,622,2
AUTOLab+44bb9c36+2023-11-25-11h-10m-00s,0,0,126,700,2
AUTOLab+44bb9c36+2023-11-25-11h-10m-00s,1,135,700,700,2
AUTOLab+44bb9c36+2023-11-25-11h-13m-51s,0,0,474,592,2
AUTOLab+44bb9c36+2023-11-25-11h-13m-51s,1,505,592,592,2
AUTOLab+44bb9c36+2023-11-25-11h-35m-21s,0,0,885,885,1
AUTOLab+44bb9c36+2023-11-25-11h-39m-41s,0,0,179,1095,3
AUTOLab+44bb9c36+2023-11-25-11h-39m-41s,1,197,646,1095,3
AUTOLab+44bb9c36+2023-11-25-11h-39m-41s,2,659,1095,1095,3
AUTOLab+44bb9c36+2023-11-25-11h-50m-53s,0,0,121,975,3
AUTOLab+44bb9c36+2023-11-25-11h-50m-53s,1,127,851,975,3
AUTOLab+44bb9c36+2023-11-25-11h-50m-53s,2,856,975,975,3
AUTOLab+44bb9c36+2023-11-25-12h-14m-46s,0,0,1067,1067,1
AUTOLab+44bb9c36+2023-11-25-13h-18m-02s,0,0,655,774,2
AUTOLab+44bb9c36+2023-11-25-13h-18m-02s,1,694,774,774,2
AUTOLab+44bb9c36+2023-11-25-13h-39m-05s,0,0,52,742,3
AUTOLab+44bb9c36+2023-11-25-13h-39m-05s,1,71,204,742,3
AUTOLab+44bb9c36+2023-11-25-13h-39m-05s,2,233,742,742,3
AUTOLab+44bb9c36+2023-11-25-13h-40m-15s,0,0,350,578,2
AUTOLab+44bb9c36+2023-11-25-13h-40m-15s,1,379,578,578,2
AUTOLab+44bb9c36+2023-11-26-15h-08m-07s,0,0,365,365,1
AUTOLab+44bb9c36+2023-11-26-15h-44m-02s,0,0,283,283,1
AUTOLab+44bb9c36+2023-11-26-15h-53m-17s,0,0,267,267,1
AUTOLab+44bb9c36+2023-11-26-15h-54m-10s,0,0,244,244,1
AUTOLab+44bb9c36+2023-11-26-16h-09m-31s,0,0,309,309,1
AUTOLab+44bb9c36+2023-11-26-16h-46m-38s,0,0,381,381,1
AUTOLab+44bb9c36+2023-11-26-16h-50m-08s,0,0,92,92,1
AUTOLab+44bb9c36+2023-11-28-08h-38m-13s,0,0,730,730,1
AUTOLab+44bb9c36+2023-11-28-09h-03m-58s,0,0,85,693,4
AUTOLab+44bb9c36+2023-11-28-09h-03m-58s,1,137,218,693,4
AUTOLab+44bb9c36+2023-11-28-09h-03m-58s,2,257,641,693,4
AUTOLab+44bb9c36+2023-11-28-09h-03m-58s,3,656,693,693,4
AUTOLab+44bb9c36+2023-11-28-10h-43m-38s,0,0,269,269,1
AUTOLab+44bb9c36+2023-11-29-17h-22m-07s,0,0,30,419,3
AUTOLab+44bb9c36+2023-11-29-17h-22m-07s,1,94,261,419,3
AUTOLab+44bb9c36+2023-11-29-17h-22m-07s,2,278,419,419,3
AUTOLab+44bb9c36+2023-11-29-19h-04m-27s,0,0,451,451,1
AUTOLab+44bb9c36+2023-11-29-19h-42m-50s,0,0,321,321,1
AUTOLab+44bb9c36+2023-11-29-19h-53m-40s,0,0,467,467,1
AUTOLab+44bb9c36+2023-11-29-19h-54m-26s,0,0,83,83,1
AUTOLab+44bb9c36+2023-11-29-19h-59m-39s,0,0,361,361,1
AUTOLab+44bb9c36+2023-11-29-20h-08m-27s,0,0,425,425,1
AUTOLab+44bb9c36+2023-11-29-20h-12m-58s,0,0,160,476,3
AUTOLab+44bb9c36+2023-11-29-20h-12m-58s,1,207,312,476,3
AUTOLab+44bb9c36+2023-11-29-20h-12m-58s,2,328,476,476,3
AUTOLab+44bb9c36+2023-11-29-23h-38m-45s,0,0,340,340,1
AUTOLab+44bb9c36+2023-11-30-01h-39m-55s,0,0,115,115,1
AUTOLab+44bb9c36+2023-11-30-01h-58m-09s,0,0,717,833,2
AUTOLab+44bb9c36+2023-11-30-01h-58m-09s,1,828,833,833,2
AUTOLab+44bb9c36+2023-11-30-03h-10m-56s,0,0,116,116,1
AUTOLab+44bb9c36+2023-11-30-05h-40m-30s,0,0,91,523,2
AUTOLab+44bb9c36+2023-11-30-05h-40m-30s,1,136,492,523,2
AUTOLab+44bb9c36+2023-11-30-10h-57m-25s,0,0,338,1381,5
AUTOLab+44bb9c36+2023-11-30-10h-57m-25s,1,386,862,1381,5
AUTOLab+44bb9c36+2023-11-30-10h-57m-25s,2,894,1040,1381,5
AUTOLab+44bb9c36+2023-11-30-10h-57m-25s,3,1094,1201,1381,5
AUTOLab+44bb9c36+2023-11-30-10h-57m-25s,4,1303,1381,1381,5
AUTOLab+44bb9c36+2023-11-30-10h-59m-28s,0,0,1393,1538,2
AUTOLab+44bb9c36+2023-11-30-10h-59m-28s,1,1470,1538,1538,2
AUTOLab+44bb9c36+2023-11-30-11h-06m-14s,0,0,351,351,1
AUTOLab+44bb9c36+2023-11-30-11h-25m-20s,0,0,887,1669,5
AUTOLab+44bb9c36+2023-11-30-11h-25m-20s,1,924,1034,1669,5
AUTOLab+44bb9c36+2023-11-30-11h-25m-20s,2,1123,1238,1669,5
AUTOLab+44bb9c36+2023-11-30-11h-25m-20s,3,1326,1407,1669,5
AUTOLab+44bb9c36+2023-11-30-11h-25m-20s,4,1593,1669,1669,5
AUTOLab+44bb9c36+2023-11-30-11h-27m-42s,0,0,932,1450,3
AUTOLab+44bb9c36+2023-11-30-11h-27m-42s,1,989,1265,1450,3
AUTOLab+44bb9c36+2023-11-30-11h-27m-42s,2,1376,1450,1450,3
AUTOLab+44bb9c36+2023-11-30-11h-48m-30s,0,0,128,128,1
AUTOLab+44bb9c36+2023-11-30-11h-50m-56s,0,0,832,1103,3
AUTOLab+44bb9c36+2023-11-30-11h-50m-56s,1,923,1004,1103,3
AUTOLab+44bb9c36+2023-11-30-11h-50m-56s,2,1034,1103,1103,3
AUTOLab+5d05c5aa+2023-07-07-10h-04m-33s,0,0,379,379,1
AUTOLab+5d05c5aa+2023-07-07-10h-17m-57s,0,0,40,423,2
AUTOLab+5d05c5aa+2023-07-07-10h-17m-57s,1,43,423,423,2
AUTOLab+5d05c5aa+2023-07-07-10h-45m-46s,0,0,55,553,2
AUTOLab+5d05c5aa+2023-07-07-10h-45m-46s,1,67,553,553,2
AUTOLab+5d05c5aa+2023-07-07-10h-56m-37s,0,45,65,227,2
AUTOLab+5d05c5aa+2023-07-07-10h-56m-37s,1,68,227,227,2
AUTOLab+5d05c5aa+2023-07-07-14h-56m-20s,0,55,446,446,1
AUTOLab+5d05c5aa+2023-07-07-16h-09m-58s,0,55,376,376,1
AUTOLab+5d05c5aa+2023-07-07-16h-15m-15s,0,30,320,320,1
AUTOLab+5d05c5aa+2023-07-07-16h-15m-45s,0,0,266,266,1
AUTOLab+5d05c5aa+2023-07-07-16h-17m-37s,0,37,374,374,1
AUTOLab+5d05c5aa+2023-07-07-16h-18m-48s,0,22,92,92,1
AUTOLab+5d05c5aa+2023-07-07-16h-25m-08s,0,36,323,323,1
AUTOLab+5d05c5aa+2023-07-07-18h-38m-56s,0,41,383,383,1
AUTOLab+5d05c5aa+2023-07-07-19h-02m-10s,0,27,495,495,1
AUTOLab+5d05c5aa+2023-07-13-11h-12m-31s,0,26,163,163,1
AUTOLab+5d05c5aa+2023-07-13-11h-31m-03s,0,19,559,559,1
AUTOLab+5d05c5aa+2023-07-23-20h-55m-06s,0,0,39,298,2
AUTOLab+5d05c5aa+2023-07-23-20h-55m-06s,1,51,298,298,2
AUTOLab+5d05c5aa+2023-07-23-21h-15m-38s,0,56,355,355,1
AUTOLab+5d05c5aa+2023-07-23-21h-50m-23s,0,0,248,248,1
AUTOLab+5d05c5aa+2023-07-26-16h-57m-14s,0,50,1591,1591,1
AUTOLab+5d05c5aa+2023-07-26-17h-44m-26s,0,0,799,799,1
AUTOLab+5d05c5aa+2023-07-26-17h-53m-00s,0,0,1190,1190,1
AUTOLab+5d05c5aa+2023-07-26-18h-14m-58s,0,0,247,247,1
AUTOLab+5d05c5aa+2023-07-26-18h-24m-04s,0,0,258,258,1
AUTOLab+5d05c5aa+2023-07-26-18h-50m-31s,0,0,307,307,1
AUTOLab+5d05c5aa+2023-07-26-18h-51m-02s,0,0,446,446,1
AUTOLab+5d05c5aa+2023-07-26-18h-51m-43s,0,0,348,348,1
AUTOLab+5d05c5aa+2023-07-26-19h-20m-42s,0,0,306,306,1
AUTOLab+5d05c5aa+2023-07-26-19h-21m-45s,0,17,218,218,1
AUTOLab+5d05c5aa+2023-07-26-19h-32m-04s,0,0,171,171,1
AUTOLab+5d05c5aa+2023-07-26-19h-35m-20s,0,0,382,382,1
AUTOLab+5d05c5aa+2023-07-31-17h-41m-17s,0,38,64,75,1
AUTOLab+5d05c5aa+2023-07-31-18h-51m-02s,0,174,206,206,1
AUTOLab+5d05c5aa+2023-07-31-19h-35m-00s,0,0,83,83,1
AUTOLab+5d05c5aa+2023-07-31-20h-04m-41s,0,0,104,104,1
AUTOLab+5d05c5aa+2023-08-12-14h-42m-25s,0,28,98,98,1
AUTOLab+5d05c5aa+2023-08-12-14h-49m-19s,0,19,143,143,1
AUTOLab+5d05c5aa+2023-08-12-14h-50m-15s,0,0,130,130,1
AUTOLab+5d05c5aa+2023-08-12-15h-35m-50s,0,0,59,59,1
AUTOLab+5d05c5aa+2023-08-12-15h-55m-49s,0,0,112,165,2
AUTOLab+5d05c5aa+2023-08-12-15h-55m-49s,1,119,165,165,2
AUTOLab+5d05c5aa+2023-08-12-16h-27m-23s,0,0,87,87,1
AUTOLab+5d05c5aa+2023-08-12-20h-16m-38s,0,24,157,157,1
AUTOLab+5d05c5aa+2023-08-12-20h-31m-36s,0,24,141,141,1
AUTOLab+5d05c5aa+2023-08-12-20h-31m-55s,0,0,1,164,2
AUTOLab+5d05c5aa+2023-08-12-20h-31m-55s,1,15,164,164,2
AUTOLab+5d05c5aa+2023-08-12-21h-07m-48s,0,16,126,126,1
AUTOLab+5d05c5aa+2023-08-12-21h-16m-10s,0,0,111,111,1
AUTOLab+5d05c5aa+2023-08-12-21h-34m-01s,0,19,87,87,1
AUTOLab+5d05c5aa+2023-08-12-21h-48m-48s,0,0,97,97,1
AUTOLab+5d05c5aa+2023-08-12-21h-54m-07s,0,0,142,142,1
AUTOLab+5d05c5aa+2023-08-12-22h-28m-13s,0,20,357,357,1
AUTOLab+5d05c5aa+2023-08-12-22h-36m-52s,0,28,69,69,1
AUTOLab+5d05c5aa+2023-08-12-22h-42m-36s,0,0,90,90,1
AUTOLab+5d05c5aa+2023-08-12-23h-55m-27s,0,0,151,151,1
AUTOLab+5d05c5aa+2023-08-12-23h-55m-47s,0,0,221,221,1
AUTOLab+5d05c5aa+2023-08-13-00h-13m-04s,0,18,114,114,1
AUTOLab+5d05c5aa+2023-09-02-09h-37m-09s,0,0,239,239,1
AUTOLab+5d05c5aa+2023-09-02-09h-39m-16s,0,36,288,288,1
AUTOLab+5d05c5aa+2023-09-02-09h-47m-43s,0,29,84,243,3
AUTOLab+5d05c5aa+2023-09-02-09h-47m-43s,1,90,186,243,3
AUTOLab+5d05c5aa+2023-09-02-09h-47m-43s,2,195,241,243,3
AUTOLab+5d05c5aa+2023-09-02-09h-51m-19s,0,10,70,216,3
AUTOLab+5d05c5aa+2023-09-02-09h-51m-19s,1,79,160,216,3
AUTOLab+5d05c5aa+2023-09-02-09h-51m-19s,2,171,216,216,3
AUTOLab+5d05c5aa+2023-09-02-09h-55m-32s,0,35,79,236,3
AUTOLab+5d05c5aa+2023-09-02-09h-55m-32s,1,102,186,236,3
AUTOLab+5d05c5aa+2023-09-02-09h-55m-32s,2,199,228,236,3
AUTOLab+5d05c5aa+2023-09-02-10h-24m-18s,0,21,56,108,3
AUTOLab+5d05c5aa+2023-09-02-10h-24m-18s,1,77,101,108,3
AUTOLab+5d05c5aa+2023-09-02-10h-24m-18s,2,105,108,108,3
AUTOLab+5d05c5aa+2023-09-02-10h-32m-29s,0,0,63,196,3
AUTOLab+5d05c5aa+2023-09-02-10h-32m-29s,1,66,129,196,3
AUTOLab+5d05c5aa+2023-09-02-10h-32m-29s,2,153,189,196,3
AUTOLab+5d05c5aa+2023-09-02-10h-35m-23s,0,14,62,180,3
AUTOLab+5d05c5aa+2023-09-02-10h-35m-23s,1,70,130,180,3
AUTOLab+5d05c5aa+2023-09-02-10h-35m-23s,2,139,173,180,3
AUTOLab+5d05c5aa+2023-09-02-10h-37m-40s,0,19,208,208,1
AUTOLab+5d05c5aa+2023-09-02-10h-39m-35s,0,25,154,154,1
AUTOLab+5d05c5aa+2023-09-02-10h-49m-03s,0,23,70,309,3
AUTOLab+5d05c5aa+2023-09-02-10h-49m-03s,1,80,160,309,3
AUTOLab+5d05c5aa+2023-09-02-10h-49m-03s,2,173,303,309,3
AUTOLab+5d05c5aa+2023-09-02-10h-51m-11s,0,10,66,404,4
AUTOLab+5d05c5aa+2023-09-02-10h-51m-11s,1,82,147,404,4
AUTOLab+5d05c5aa+2023-09-02-10h-51m-11s,2,168,235,404,4
AUTOLab+5d05c5aa+2023-09-02-10h-51m-11s,3,251,356,404,4
AUTOLab+5d05c5aa+2023-10-14-19h-49m-31s,0,0,71,71,1
AUTOLab+5d05c5aa+2023-10-14-20h-02m-40s,0,0,453,453,1
AUTOLab+5d05c5aa+2023-10-14-20h-03m-23s,0,0,361,361,1
AUTOLab+5d05c5aa+2023-10-15-17h-48m-01s,0,0,161,161,1
AUTOLab+5d05c5aa+2023-10-15-18h-30m-45s,0,0,154,154,1
AUTOLab+5d05c5aa+2023-10-15-18h-31m-42s,0,0,191,191,1
AUTOLab+5d05c5aa+2023-10-15-18h-40m-22s,0,0,159,159,1
AUTOLab+5d05c5aa+2023-10-15-19h-37m-16s,0,0,148,148,1
AUTOLab+5d05c5aa+2023-10-15-19h-38m-27s,0,0,157,157,1
AUTOLab+5d05c5aa+2023-10-15-19h-41m-20s,0,0,127,127,1
AUTOLab+5d05c5aa+2023-10-15-19h-43m-19s,0,0,154,154,1
AUTOLab+5d05c5aa+2023-10-15-19h-50m-18s,0,0,202,202,1
AUTOLab+5d05c5aa+2023-10-15-19h-51m-00s,0,0,144,144,1
AUTOLab+5d05c5aa+2023-10-15-19h-52m-26s,0,0,159,159,1
AUTOLab+5d05c5aa+2023-10-15-19h-55m-06s,0,0,170,170,1
AUTOLab+5d05c5aa+2023-11-12-16h-46m-22s,0,26,720,720,1
AUTOLab+5d05c5aa+2023-11-12-16h-54m-03s,0,42,866,1080,2
AUTOLab+5d05c5aa+2023-11-12-16h-54m-03s,1,876,1080,1080,2
AUTOLab+5d05c5aa+2023-11-12-18h-11m-59s,0,0,813,813,1
AUTOLab+5d05c5aa+2023-11-12-21h-12m-59s,0,0,349,790,2
AUTOLab+5d05c5aa+2023-11-12-21h-12m-59s,1,352,790,790,2
AUTOLab+5d05c5aa+2023-11-12-21h-14m-43s,0,35,885,885,1
AUTOLab+5d05c5aa+2023-11-17-20h-47m-29s,0,25,382,382,1
AUTOLab+5d05c5aa+2023-11-17-21h-21m-05s,0,33,645,645,1
AUTOLab+5d05c5aa+2023-11-17-22h-10m-38s,0,0,1096,1101,1
AUTOLab+5d05c5aa+2023-11-17-22h-34m-22s,0,24,66,1098,2
AUTOLab+5d05c5aa+2023-11-17-22h-34m-22s,1,69,1098,1098,2
AUTOLab+5d05c5aa+2023-11-17-22h-50m-18s,0,25,783,783,1
AUTOLab+5d05c5aa+2023-11-18-01h-24m-07s,0,0,1,115,2
AUTOLab+5d05c5aa+2023-11-18-01h-24m-07s,1,16,115,115,2
AUTOLab+7cb094d5+2023-12-13-15h-29m-16s,0,0,330,330,1
AUTOLab+7cb094d5+2023-12-13-16h-39m-46s,0,0,648,648,1
AUTOLab+7cb094d5+2023-12-13-16h-40m-42s,0,0,150,150,1
AUTOLab+7cb094d5+2023-12-13-16h-43m-15s,0,0,530,530,1
AUTOLab+7cb094d5+2023-12-13-17h-25m-44s,0,0,471,471,1
AUTOLab+7cb094d5+2023-12-13-17h-55m-21s,0,0,442,442,1
AUTOLab+7cb094d5+2023-12-13-18h-06m-10s,0,0,126,339,3
AUTOLab+7cb094d5+2023-12-13-18h-06m-10s,1,131,162,339,3
AUTOLab+7cb094d5+2023-12-13-18h-06m-10s,2,170,339,339,3
AUTOLab+7cb094d5+2023-12-13-18h-09m-21s,0,0,44,537,3
AUTOLab+7cb094d5+2023-12-13-18h-09m-21s,1,68,130,537,3
AUTOLab+7cb094d5+2023-12-13-18h-09m-21s,2,179,537,537,3
AUTOLab+7cb094d5+2023-12-13-18h-18m-18s,0,0,467,467,1
AUTOLab+7cb094d5+2023-12-13-18h-21m-07s,0,0,642,642,1
AUTOLab+7cb094d5+2023-12-13-18h-30m-13s,0,0,388,388,1
AUTOLab+7cb094d5+2023-12-13-21h-25m-01s,0,0,246,495,3
AUTOLab+7cb094d5+2023-12-13-21h-25m-01s,1,263,393,495,3
AUTOLab+7cb094d5+2023-12-13-21h-25m-01s,2,405,495,495,3
AUTOLab+7cb094d5+2023-12-13-21h-29m-17s,0,13,81,808,4
AUTOLab+7cb094d5+2023-12-13-21h-29m-17s,1,94,558,808,4
AUTOLab+7cb094d5+2023-12-13-21h-29m-17s,2,592,597,808,4
AUTOLab+7cb094d5+2023-12-13-21h-29m-17s,3,630,808,808,4
AUTOLab+7cb094d5+2023-12-13-21h-49m-47s,0,24,99,300,2
AUTOLab+7cb094d5+2023-12-13-21h-49m-47s,1,120,300,300,2
AUTOLab+7cb094d5+2023-12-13-22h-08m-16s,0,0,65,210,2
AUTOLab+7cb094d5+2023-12-13-22h-08m-16s,1,77,210,210,2
AUTOLab+7cb094d5+2023-12-13-22h-15m-18s,0,0,88,88,1
AUTOLab+7cb094d5+2023-12-13-23h-07m-10s,0,13,21,324,4
AUTOLab+7cb094d5+2023-12-13-23h-07m-10s,1,60,232,324,4
AUTOLab+7cb094d5+2023-12-13-23h-07m-10s,2,269,278,324,4
AUTOLab+7cb094d5+2023-12-13-23h-07m-10s,3,312,324,324,4
AUTOLab+7cb094d5+2023-12-13-23h-33m-27s,0,0,25,507,9
AUTOLab+7cb094d5+2023-12-13-23h-33m-27s,1,56,65,507,9
AUTOLab+7cb094d5+2023-12-13-23h-33m-27s,2,116,125,507,9
AUTOLab+7cb094d5+2023-12-13-23h-33m-27s,3,144,151,507,9
AUTOLab+7cb094d5+2023-12-13-23h-33m-27s,4,186,207,507,9
AUTOLab+7cb094d5+2023-12-13-23h-33m-27s,5,212,300,507,9
AUTOLab+7cb094d5+2023-12-13-23h-33m-27s,6,314,397,507,9
AUTOLab+7cb094d5+2023-12-13-23h-33m-27s,7,400,476,507,9
AUTOLab+7cb094d5+2023-12-13-23h-33m-27s,8,494,507,507,9
AUTOLab+7cb094d5+2023-12-13-23h-37m-51s,0,25,537,537,1
AUTOLab+7cb094d5+2023-12-14-00h-31m-33s,0,0,325,325,1
AUTOLab+7cb094d5+2023-12-14-01h-04m-57s,0,0,284,284,1
AUTOLab+7cb094d5+2023-12-14-01h-14m-39s,0,0,389,389,1
AUTOLab+7cb094d5+2023-12-14-01h-27m-12s,0,0,387,387,1
AUTOLab+7cb094d5+2023-12-14-09h-37m-36s,0,0,450,450,1
AUTOLab+7cb094d5+2023-12-14-10h-01m-50s,0,0,219,219,1
AUTOLab+7cb094d5+2023-12-14-10h-34m-30s,0,0,103,103,1
AUTOLab+7cb094d5+2023-12-14-10h-45m-51s,0,0,28,1015,7
AUTOLab+7cb094d5+2023-12-14-10h-45m-51s,1,36,52,1015,7
AUTOLab+7cb094d5+2023-12-14-10h-45m-51s,2,90,218,1015,7
AUTOLab+7cb094d5+2023-12-14-10h-45m-51s,3,226,497,1015,7
AUTOLab+7cb094d5+2023-12-14-10h-45m-51s,4,543,592,1015,7
AUTOLab+7cb094d5+2023-12-14-10h-45m-51s,5,632,780,1015,7
AUTOLab+7cb094d5+2023-12-14-10h-45m-51s,6,806,1015,1015,7
AUTOLab+7cb094d5+2023-12-14-12h-05m-55s,0,0,187,234,2
AUTOLab+7cb094d5+2023-12-14-12h-05m-55s,1,197,234,234,2
AUTOLab+7cb094d5+2023-12-14-12h-06m-34s,0,0,131,981,3
AUTOLab+7cb094d5+2023-12-14-12h-06m-34s,1,138,536,981,3
AUTOLab+7cb094d5+2023-12-14-12h-06m-34s,2,548,981,981,3
AUTOLab+7cb094d5+2023-12-14-12h-13m-55s,0,0,368,368,1
AUTOLab+7cb094d5+2023-12-14-12h-18m-51s,0,0,66,66,1
AUTOLab+7cb094d5+2023-12-14-13h-24m-55s,0,0,69,85,2
AUTOLab+7cb094d5+2023-12-14-13h-24m-55s,1,73,85,85,2
AUTOLab+7cb094d5+2023-12-14-15h-27m-00s,0,0,105,105,1
AUTOLab+7cb094d5+2023-12-14-21h-26m-06s,0,42,119,119,1
AUTOLab+7cb094d5+2023-12-14-21h-57m-38s,0,32,143,143,1
AUTOLab+7cb094d5+2023-12-15-09h-09m-48s,0,0,343,343,1
AUTOLab+7cb094d5+2023-12-15-09h-45m-40s,0,0,397,397,1
AUTOLab+7cb094d5+2023-12-15-10h-03m-10s,0,0,345,345,1
AUTOLab+7cb094d5+2023-12-15-10h-14m-28s,0,0,204,204,1
AUTOLab+7cb094d5+2023-12-15-10h-23m-44s,0,0,454,454,1
AUTOLab+7cb094d5+2023-12-15-10h-26m-34s,0,0,506,506,1
AUTOLab+7cb094d5+2023-12-15-10h-42m-01s,0,0,361,361,1
AUTOLab+7cb094d5+2023-12-15-10h-52m-56s,0,0,508,508,1
AUTOLab+7cb094d5+2023-12-15-15h-52m-19s,0,16,737,737,1
AUTOLab+7cb094d5+2023-12-15-15h-55m-06s,0,0,994,994,1
AUTOLab+7cb094d5+2023-12-15-16h-01m-38s,0,0,481,481,1
AUTOLab+7cb094d5+2023-12-15-16h-23m-25s,0,0,19,407,2
AUTOLab+7cb094d5+2023-12-15-16h-23m-25s,1,29,407,407,2
AUTOLab+7cb094d5+2023-12-15-16h-25m-41s,0,0,80,409,4
AUTOLab+7cb094d5+2023-12-15-16h-25m-41s,1,120,141,409,4
AUTOLab+7cb094d5+2023-12-15-16h-25m-41s,2,168,174,409,4
AUTOLab+7cb094d5+2023-12-15-16h-25m-41s,3,181,409,409,4
AUTOLab+7cb094d5+2023-12-15-17h-01m-13s,0,0,319,319,1
AUTOLab+7cb094d5+2023-12-15-17h-07m-32s,0,14,81,134,3
AUTOLab+7cb094d5+2023-12-15-17h-07m-32s,1,86,109,134,3
AUTOLab+7cb094d5+2023-12-15-17h-07m-32s,2,118,134,134,3
AUTOLab+7cb094d5+2023-12-15-17h-09m-38s,0,16,83,128,1
AUTOLab+7cb094d5+2023-12-15-17h-35m-53s,0,16,66,66,1
AUTOLab+7cb094d5+2023-12-15-17h-43m-21s,0,10,259,413,2
AUTOLab+7cb094d5+2023-12-15-17h-43m-21s,1,265,413,413,2
AUTOLab+7cb094d5+2023-12-15-18h-17m-49s,0,19,246,246,1
AUTOLab+7cb094d5+2023-12-15-23h-30m-06s,0,16,242,242,1
AUTOLab+7cb094d5+2023-12-16-00h-23m-42s,0,62,75,454,3
AUTOLab+7cb094d5+2023-12-16-00h-23m-42s,1,113,135,454,3
AUTOLab+7cb094d5+2023-12-16-00h-23m-42s,2,143,454,454,3
AUTOLab+7cb094d5+2023-12-16-00h-52m-35s,0,16,361,404,2
AUTOLab+7cb094d5+2023-12-16-00h-52m-35s,1,376,404,404,2
AUTOLab+7cb094d5+2023-12-16-00h-54m-50s,0,17,170,170,1
AUTOLab+84bd5053+2023-07-08-08h-58m-33s,0,31,680,680,1
AUTOLab+84bd5053+2023-07-08-08h-59m-35s,0,57,720,720,1
AUTOLab+84bd5053+2023-07-08-09h-09m-59s,0,19,431,431,1
AUTOLab+84bd5053+2023-07-08-09h-16m-01s,0,26,470,470,1
AUTOLab+84bd5053+2023-07-08-09h-16m-49s,0,28,456,456,1
AUTOLab+84bd5053+2023-07-08-09h-54m-01s,0,13,364,364,1
AUTOLab+84bd5053+2023-07-08-09h-57m-29s,0,0,277,277,1
AUTOLab+84bd5053+2023-07-08-10h-28m-16s,0,24,346,346,1
AUTOLab+84bd5053+2023-07-08-10h-33m-56s,0,13,368,368,1
AUTOLab+84bd5053+2023-07-08-10h-35m-48s,0,12,308,308,1
AUTOLab+84bd5053+2023-07-08-10h-37m-27s,0,0,225,225,1
AUTOLab+84bd5053+2023-07-08-10h-40m-52s,0,18,323,323,1
AUTOLab+84bd5053+2023-07-08-10h-44m-19s,0,8,528,528,1
AUTOLab+84bd5053+2023-07-08-10h-45m-44s,0,20,457,457,1
AUTOLab+84bd5053+2023-07-08-10h-50m-58s,0,21,338,338,1
AUTOLab+84bd5053+2023-07-08-10h-57m-16s,0,12,213,213,1
AUTOLab+84bd5053+2023-07-08-10h-58m-00s,0,9,275,275,1
AUTOLab+84bd5053+2023-07-08-11h-52m-30s,0,0,138,138,1
AUTOLab+84bd5053+2023-07-12-11h-18m-41s,0,17,111,111,1
AUTOLab+84bd5053+2023-07-14-14h-56m-19s,0,0,191,191,1
AUTOLab+84bd5053+2023-07-14-15h-11m-08s,0,0,132,132,1
AUTOLab+84bd5053+2023-07-14-15h-58m-46s,0,13,86,86,1
AUTOLab+84bd5053+2023-07-14-16h-01m-03s,0,0,150,150,1
AUTOLab+84bd5053+2023-07-14-16h-18m-41s,0,0,112,112,1
AUTOLab+84bd5053+2023-07-14-16h-41m-36s,0,0,145,145,1
AUTOLab+84bd5053+2023-07-14-16h-53m-21s,0,0,86,86,1
AUTOLab+84bd5053+2023-07-14-16h-54m-39s,0,0,95,95,1
AUTOLab+84bd5053+2023-07-14-17h-08m-01s,0,6,101,101,1
AUTOLab+84bd5053+2023-07-14-17h-25m-19s,0,18,125,125,1
AUTOLab+84bd5053+2023-07-14-17h-27m-13s,0,0,106,106,1
AUTOLab+84bd5053+2023-07-21-12h-20m-03s,0,15,219,219,1
AUTOLab+84bd5053+2023-07-21-12h-23m-40s,0,0,147,147,1
AUTOLab+84bd5053+2023-07-21-12h-32m-18s,0,0,185,185,1
AUTOLab+84bd5053+2023-07-21-12h-33m-12s,0,12,137,137,1
AUTOLab+84bd5053+2023-07-21-12h-37m-16s,0,0,359,359,1
AUTOLab+84bd5053+2023-07-21-12h-39m-22s,0,18,159,170,1
AUTOLab+84bd5053+2023-07-21-12h-42m-00s,0,9,109,109,1
AUTOLab+84bd5053+2023-07-21-12h-42m-32s,0,0,4,129,2
AUTOLab+84bd5053+2023-07-21-12h-42m-32s,1,8,129,129,2
AUTOLab+84bd5053+2023-07-21-12h-44m-49s,0,0,125,125,1
AUTOLab+84bd5053+2023-07-21-12h-45m-11s,0,13,116,116,1
AUTOLab+84bd5053+2023-07-21-12h-45m-51s,0,0,121,121,1
AUTOLab+84bd5053+2023-07-21-12h-48m-39s,0,0,151,151,1
AUTOLab+84bd5053+2023-07-21-12h-49m-14s,0,10,137,137,1
AUTOLab+84bd5053+2023-07-21-12h-59m-42s,0,0,188,188,1
AUTOLab+84bd5053+2023-07-21-13h-16m-47s,0,0,121,121,1
AUTOLab+84bd5053+2023-07-21-13h-22m-15s,0,9,158,158,1
AUTOLab+84bd5053+2023-07-21-13h-28m-13s,0,0,112,112,1
AUTOLab+84bd5053+2023-07-21-13h-29m-36s,0,0,111,111,1
AUTOLab+84bd5053+2023-07-21-13h-30m-30s,0,0,158,158,1
AUTOLab+84bd5053+2023-07-21-13h-34m-29s,0,0,153,153,1
AUTOLab+84bd5053+2023-07-21-14h-43m-24s,0,10,108,108,1
AUTOLab+84bd5053+2023-07-21-15h-14m-28s,0,0,149,149,1
AUTOLab+84bd5053+2023-07-21-15h-18m-08s,0,0,162,162,1
AUTOLab+84bd5053+2023-07-21-15h-19m-36s,0,0,119,119,1
AUTOLab+84bd5053+2023-07-21-15h-21m-32s,0,0,215,215,1
AUTOLab+84bd5053+2023-07-21-15h-36m-07s,0,15,128,128,1
AUTOLab+84bd5053+2023-07-27-08h-45m-09s,0,8,124,124,1
AUTOLab+84bd5053+2023-07-27-08h-50m-00s,0,12,173,173,1
AUTOLab+84bd5053+2023-07-27-08h-54m-06s,0,0,117,117,1
AUTOLab+84bd5053+2023-07-27-08h-55m-51s,0,0,87,87,1
AUTOLab+84bd5053+2023-07-27-08h-58m-20s,0,0,90,90,1
AUTOLab+84bd5053+2023-07-27-09h-02m-32s,0,9,104,104,1
AUTOLab+84bd5053+2023-07-27-09h-03m-15s,0,0,104,104,1
AUTOLab+84bd5053+2023-07-27-09h-05m-30s,0,0,210,210,1
AUTOLab+84bd5053+2023-07-27-09h-09m-02s,0,0,60,60,1
AUTOLab+84bd5053+2023-07-27-09h-10m-47s,0,0,111,111,1
AUTOLab+84bd5053+2023-07-27-09h-11m-17s,0,0,91,91,1
AUTOLab+84bd5053+2023-07-27-09h-11m-31s,0,0,99,99,1
AUTOLab+84bd5053+2023-07-27-09h-14m-27s,0,0,110,110,1
AUTOLab+84bd5053+2023-07-27-09h-14m-58s,0,0,101,101,1
AUTOLab+84bd5053+2023-07-27-09h-16m-39s,0,0,113,113,1
AUTOLab+84bd5053+2023-07-27-09h-18m-59s,0,0,75,75,1
AUTOLab+84bd5053+2023-07-27-09h-21m-31s,0,0,91,91,1
AUTOLab+84bd5053+2023-07-27-09h-22m-55s,0,0,116,116,1
AUTOLab+84bd5053+2023-07-27-09h-38m-46s,0,10,86,86,1
AUTOLab+84bd5053+2023-07-27-09h-39m-12s,0,0,121,121,1
AUTOLab+84bd5053+2023-07-27-09h-47m-17s,0,0,136,136,1
AUTOLab+84bd5053+2023-07-27-10h-12m-15s,0,11,98,98,1
AUTOLab+84bd5053+2023-07-27-10h-13m-07s,0,0,89,89,1
AUTOLab+84bd5053+2023-07-27-10h-14m-07s,0,6,100,100,1
AUTOLab+84bd5053+2023-07-27-10h-16m-27s,0,0,103,103,1
AUTOLab+84bd5053+2023-07-27-10h-21m-01s,0,0,80,80,1
AUTOLab+84bd5053+2023-07-27-10h-29m-39s,0,0,93,93,1
AUTOLab+84bd5053+2023-08-17-17h-13m-17s,0,24,174,183,1
AUTOLab+84bd5053+2023-08-17-17h-17m-33s,0,0,148,159,1
AUTOLab+84bd5053+2023-08-17-17h-21m-08s,0,9,99,102,1
AUTOLab+84bd5053+2023-08-17-17h-24m-43s,0,0,89,89,1
AUTOLab+84bd5053+2023-08-17-17h-25m-00s,0,0,124,124,1
AUTOLab+84bd5053+2023-08-17-17h-27m-21s,0,0,112,112,1
AUTOLab+84bd5053+2023-08-17-17h-28m-18s,0,14,121,121,1
AUTOLab+84bd5053+2023-08-17-17h-33m-56s,0,14,112,112,1
AUTOLab+84bd5053+2023-08-17-17h-34m-16s,0,0,100,100,1
AUTOLab+84bd5053+2023-08-17-17h-34m-40s,0,17,103,103,1
AUTOLab+84bd5053+2023-08-17-17h-46m-22s,0,16,124,124,1
AUTOLab+84bd5053+2023-08-17-17h-47m-46s,0,0,91,91,1
AUTOLab+84bd5053+2023-08-17-17h-49m-29s,0,14,88,88,1
AUTOLab+84bd5053+2023-08-17-17h-50m-17s,0,13,112,112,1
AUTOLab+84bd5053+2023-08-17-17h-53m-45s,0,0,66,66,1
AUTOLab+84bd5053+2023-08-18-11h-41m-14s,0,18,77,77,1
AUTOLab+84bd5053+2023-08-18-11h-47m-08s,0,11,97,97,1
AUTOLab+84bd5053+2023-08-18-11h-47m-22s,0,7,90,90,1
AUTOLab+84bd5053+2023-08-18-11h-51m-46s,0,25,99,99,1
AUTOLab+84bd5053+2023-08-18-11h-56m-22s,0,26,101,101,1
AUTOLab+84bd5053+2023-08-18-11h-59m-56s,0,14,108,108,1
AUTOLab+84bd5053+2023-08-18-12h-06m-13s,0,0,98,98,1
AUTOLab+84bd5053+2023-08-18-12h-08m-47s,0,17,112,112,1
AUTOLab+84bd5053+2023-08-18-12h-10m-02s,0,3,114,114,1
AUTOLab+84bd5053+2023-08-18-12h-15m-17s,0,0,112,112,1
AUTOLab+84bd5053+2023-08-18-12h-17m-13s,0,11,88,88,1
AUTOLab+84bd5053+2023-08-18-12h-26m-41s,0,0,68,68,1
AUTOLab+84bd5053+2023-08-21-13h-32m-49s,0,0,158,158,1
AUTOLab+84bd5053+2023-08-21-13h-54m-18s,0,11,161,161,1
AUTOLab+84bd5053+2023-08-21-13h-58m-26s,0,12,155,155,1
AUTOLab+84bd5053+2023-08-21-14h-01m-37s,0,0,171,171,1
AUTOLab+84bd5053+2023-08-21-14h-12m-40s,0,0,186,186,1
AUTOLab+84bd5053+2023-08-21-14h-16m-58s,0,0,144,144,1
AUTOLab+84bd5053+2023-08-21-14h-20m-34s,0,0,158,158,1
AUTOLab+84bd5053+2023-08-27-21h-02m-48s,0,0,584,584,1
AUTOLab+84bd5053+2023-08-27-21h-19m-46s,0,0,128,128,1
AUTOLab+84bd5053+2023-08-27-23h-20m-41s,0,0,184,184,1
AUTOLab+84bd5053+2023-08-27-23h-21m-48s,0,0,616,616,1
AUTOLab+84bd5053+2023-08-28-00h-30m-10s,0,0,294,294,1
AUTOLab+84bd5053+2023-09-04-18h-45m-31s,0,26,124,221,2
AUTOLab+84bd5053+2023-09-04-18h-45m-31s,1,129,221,221,2
AUTOLab+84bd5053+2023-09-04-18h-50m-50s,0,65,129,129,1
AUTOLab+84bd5053+2023-09-04-19h-27m-53s,0,27,138,138,1
AUTOLab+84bd5053+2023-09-05-08h-55m-46s,0,21,181,181,1
AUTOLab+84bd5053+2023-09-05-08h-56m-34s,0,16,175,175,1
AUTOLab+84bd5053+2023-09-05-09h-03m-25s,0,21,130,130,1
AUTOLab+84bd5053+2023-09-05-09h-10m-10s,0,0,80,80,1
AUTOLab+84bd5053+2023-09-05-09h-14m-22s,0,19,114,114,1
AUTOLab+84bd5053+2023-09-05-09h-43m-55s,0,0,146,146,1
AUTOLab+84bd5053+2023-09-05-09h-46m-16s,0,29,130,130,1
AUTOLab+84bd5053+2023-09-05-09h-48m-18s,0,23,160,160,1
AUTOLab+84bd5053+2023-09-10-16h-17m-22s,0,0,191,2100,3
AUTOLab+84bd5053+2023-09-10-16h-17m-22s,1,233,567,2100,3
AUTOLab+84bd5053+2023-09-10-16h-17m-22s,2,579,2100,2100,3
AUTOLab+84bd5053+2023-10-07-17h-36m-34s,0,25,261,261,1
AUTOLab+84bd5053+2023-10-07-17h-41m-23s,0,0,419,419,1
AUTOLab+84bd5053+2023-10-07-17h-52m-20s,0,0,308,308,1
AUTOLab+84bd5053+2023-10-07-19h-10m-39s,0,54,572,572,1
AUTOLab+84bd5053+2023-10-07-19h-19m-26s,0,36,759,759,1
AUTOLab+84bd5053+2023-10-07-19h-26m-26s,0,19,373,373,1
AUTOLab+84bd5053+2023-10-13-19h-10m-35s,0,0,86,86,1
AUTOLab+84bd5053+2023-10-13-19h-18m-04s,0,18,113,113,1
AUTOLab+84bd5053+2023-10-13-19h-37m-06s,0,0,98,98,1
AUTOLab+84bd5053+2023-10-13-19h-48m-25s,0,0,55,55,1
AUTOLab+84bd5053+2023-10-13-19h-55m-33s,0,0,116,116,1
AUTOLab+84bd5053+2023-10-13-20h-18m-20s,0,0,78,117,2
AUTOLab+84bd5053+2023-10-13-20h-18m-20s,1,87,93,117,2
AUTOLab+84bd5053+2023-10-13-20h-21m-40s,0,0,100,145,3
AUTOLab+84bd5053+2023-10-13-20h-21m-40s,1,113,120,145,3
AUTOLab+84bd5053+2023-10-13-20h-21m-40s,2,139,145,145,3
AUTOLab+84bd5053+2023-10-13-20h-25m-47s,0,0,67,108,2
AUTOLab+84bd5053+2023-10-13-20h-25m-47s,1,85,96,108,2
AUTOLab+84bd5053+2023-10-13-20h-28m-45s,0,0,67,99,3
AUTOLab+84bd5053+2023-10-13-20h-28m-45s,1,74,87,99,3
AUTOLab+84bd5053+2023-10-13-20h-28m-45s,2,96,99,99,3
AUTOLab+84bd5053+2023-10-13-20h-41m-05s,0,0,104,104,1
AUTOLab+84bd5053+2023-10-13-21h-13m-25s,0,0,112,112,1
AUTOLab+84bd5053+2023-11-11-08h-52m-38s,0,98,2331,2331,1
AUTOLab+84bd5053+2023-11-19-13h-16m-03s,0,35,266,266,1
AUTOLab+84bd5053+2023-12-02-12h-57m-57s,0,0,143,143,1
AUTOLab+84bd5053+2023-12-02-13h-39m-34s,0,0,113,113,1
AUTOLab+9aed6d7a+2023-11-04-17h-50m-07s,0,0,187,187,1
AUTOLab+9aed6d7a+2023-11-04-18h-09m-07s,0,0,180,180,1
AUTOLab+9aed6d7a+2023-11-04-18h-11m-46s,0,0,102,102,1
AUTOLab+9aed6d7a+2023-11-06-15h-48m-48s,0,0,116,116,1
AUTOLab+9aed6d7a+2023-11-06-19h-35m-41s,0,0,177,177,1
AUTOLab+9aed6d7a+2023-11-06-19h-52m-45s,0,0,22,171,2
AUTOLab+9aed6d7a+2023-11-06-19h-52m-45s,1,32,171,171,2
AUTOLab+9aed6d7a+2023-11-06-20h-04m-04s,0,0,110,110,1
AUTOLab+9aed6d7a+2023-11-06-20h-11m-23s,0,22,23,180,2
AUTOLab+9aed6d7a+2023-11-06-20h-11m-23s,1,39,180,180,2
AUTOLab+9aed6d7a+2023-11-06-20h-37m-10s,0,0,104,185,2
AUTOLab+9aed6d7a+2023-11-06-20h-37m-10s,1,119,185,185,2
AUTOLab+9aed6d7a+2023-11-07-14h-38m-28s,0,0,180,180,1
AUTOLab+9aed6d7a+2023-11-07-14h-48m-43s,0,0,145,145,1
AUTOLab+9aed6d7a+2023-11-07-15h-12m-19s,0,0,148,148,1
AUTOLab+9aed6d7a+2023-11-07-15h-12m-56s,0,0,225,225,1
AUTOLab+9aed6d7a+2023-11-07-15h-13m-18s,0,0,172,172,1
AUTOLab+9aed6d7a+2023-11-07-15h-15m-45s,0,0,168,168,1
AUTOLab+9aed6d7a+2023-11-07-15h-18m-36s,0,25,246,246,1
AUTOLab+9aed6d7a+2023-11-07-15h-19m-24s,0,0,122,122,1
AUTOLab+9aed6d7a+2023-11-07-15h-19m-44s,0,0,215,215,1
AUTOLab+9aed6d7a+2023-11-07-15h-37m-14s,0,0,157,157,1
AUTOLab+9aed6d7a+2023-11-07-15h-53m-37s,0,0,175,195,1
AUTOLab+9aed6d7a+2023-11-07-16h-33m-19s,0,0,198,254,2
AUTOLab+9aed6d7a+2023-11-07-16h-33m-19s,1,212,254,254,2
AUTOLab+9aed6d7a+2023-11-07-16h-39m-35s,0,0,155,155,1
AUTOLab+9aed6d7a+2023-11-07-17h-02m-26s,0,0,319,319,1
AUTOLab+9aed6d7a+2023-11-07-17h-10m-08s,0,13,95,95,1
AUTOLab+9aed6d7a+2023-11-07-17h-12m-50s,0,0,279,279,1
AUTOLab+9aed6d7a+2023-11-07-17h-14m-19s,0,0,2,231,2
AUTOLab+9aed6d7a+2023-11-07-17h-14m-19s,1,9,231,231,2
AUTOLab+9aed6d7a+2023-11-07-17h-17m-00s,0,0,405,405,1
AUTOLab+9aed6d7a+2023-11-07-17h-20m-29s,0,0,315,605,4
AUTOLab+9aed6d7a+2023-11-07-17h-20m-29s,1,323,340,605,4
AUTOLab+9aed6d7a+2023-11-07-17h-20m-29s,2,350,551,605,4
AUTOLab+9aed6d7a+2023-11-07-17h-20m-29s,3,563,593,605,4
AUTOLab+9aed6d7a+2023-11-07-17h-21m-18s,0,0,35,230,2
AUTOLab+9aed6d7a+2023-11-07-17h-21m-18s,1,84,218,230,2
AUTOLab+9aed6d7a+2023-11-07-17h-24m-50s,0,0,121,121,1
AUTOLab+9aed6d7a+2023-11-09-17h-41m-34s,0,0,111,111,1
AUTOLab+9aed6d7a+2023-11-09-17h-56m-28s,0,0,261,261,1
AUTOLab+9aed6d7a+2023-11-09-18h-32m-52s,0,0,240,240,1
AUTOLab+9aed6d7a+2023-11-11-17h-19m-00s,0,0,573,573,1
AUTOLab+9aed6d7a+2023-11-11-17h-50m-40s,0,0,356,356,1
AUTOLab+9aed6d7a+2023-11-11-17h-51m-35s,0,0,573,573,1
AUTOLab+9aed6d7a+2023-11-13-16h-09m-33s,0,41,73,73,1
AUTOLab+9aed6d7a+2023-11-16-12h-25m-59s,0,0,2,780,2
AUTOLab+9aed6d7a+2023-11-16-12h-25m-59s,1,8,780,780,2
AUTOLab+9aed6d7a+2023-11-16-12h-43m-02s,0,0,1190,1190,1
AUTOLab+9aed6d7a+2023-11-16-13h-04m-31s,0,0,520,520,1
AUTOLab+9aed6d7a+2023-11-16-13h-24m-20s,0,0,731,731,1
AUTOLab+9aed6d7a+2023-11-16-13h-32m-13s,0,15,671,676,1
AUTOLab+9aed6d7a+2023-11-16-13h-51m-11s,0,0,710,710,1
AUTOLab+9aed6d7a+2023-11-16-13h-57m-43s,0,0,882,903,1
AUTOLab+9aed6d7a+2023-11-16-14h-04m-52s,0,0,893,893,1
AUTOLab+9aed6d7a+2023-11-16-14h-15m-39s,0,21,645,666,1
AUTOLab+9aed6d7a+2023-11-16-14h-23m-27s,0,0,262,262,1
AUTOLab+9aed6d7a+2023-11-16-14h-26m-27s,0,13,514,529,1
AUTOLab+9aed6d7a+2023-11-16-14h-36m-32s,0,0,467,581,2
AUTOLab+9aed6d7a+2023-11-16-14h-36m-32s,1,506,581,581,2
AUTOLab+9aed6d7a+2023-11-16-14h-45m-17s,0,0,2,534,2
AUTOLab+9aed6d7a+2023-11-16-14h-45m-17s,1,9,534,534,2
AUTOLab+9aed6d7a+2023-11-16-15h-38m-38s,0,0,90,152,2
AUTOLab+9aed6d7a+2023-11-16-15h-38m-38s,1,104,139,152,2
AUTOLab+9aed6d7a+2023-11-16-15h-39m-00s,0,0,89,190,2
AUTOLab+9aed6d7a+2023-11-16-15h-39m-00s,1,166,190,190,2
AUTOLab+9aed6d7a+2023-11-16-15h-41m-42s,0,0,107,201,2
AUTOLab+9aed6d7a+2023-11-16-15h-41m-42s,1,115,148,201,2
AUTOLab+9aed6d7a+2023-11-16-15h-46m-25s,0,0,100,135,1
AUTOLab+9aed6d7a+2023-11-16-15h-46m-57s,0,0,88,196,3
AUTOLab+9aed6d7a+2023-11-16-15h-46m-57s,1,122,158,196,3
AUTOLab+9aed6d7a+2023-11-16-15h-46m-57s,2,179,196,196,3
AUTOLab+9aed6d7a+2023-11-16-15h-52m-16s,0,0,66,157,2
AUTOLab+9aed6d7a+2023-11-16-15h-52m-16s,1,95,157,157,2
AUTOLab+9aed6d7a+2023-11-16-15h-54m-26s,0,0,84,207,1
AUTOLab+9aed6d7a+2023-11-16-16h-15m-06s,0,16,84,161,2
AUTOLab+9aed6d7a+2023-11-16-16h-15m-06s,1,101,154,161,2
AUTOLab+9aed6d7a+2023-11-16-16h-18m-41s,0,0,99,99,1
AUTOLab+9aed6d7a+2023-11-16-16h-24m-31s,0,15,273,306,1
AUTOLab+9aed6d7a+2023-11-16-16h-29m-52s,0,17,131,356,2
AUTOLab+9aed6d7a+2023-11-16-16h-29m-52s,1,153,334,356,2
AUTOLab+9aed6d7a+2023-11-16-16h-31m-25s,0,0,218,218,1
AUTOLab+9aed6d7a+2023-11-16-16h-35m-48s,0,0,243,258,1
AUTOLab+9aed6d7a+2023-11-16-16h-50m-11s,0,0,228,239,1
AUTOLab+9aed6d7a+2023-11-16-16h-52m-07s,0,0,159,159,1
AUTOLab+9aed6d7a+2023-11-21-14h-36m-22s,0,0,139,139,1
AUTOLab+9aed6d7a+2023-11-21-14h-48m-04s,0,0,680,697,1
AUTOLab+9aed6d7a+2023-11-21-14h-56m-17s,0,0,126,126,1
AUTOLab+9aed6d7a+2023-11-21-15h-33m-18s,0,0,100,266,4
AUTOLab+9aed6d7a+2023-11-21-15h-33m-18s,1,120,144,266,4
AUTOLab+9aed6d7a+2023-11-21-15h-33m-18s,2,157,159,266,4
AUTOLab+9aed6d7a+2023-11-21-15h-33m-18s,3,173,266,266,4
AUTOLab+9aed6d7a+2023-11-21-15h-52m-19s,0,11,361,384,1
AUTOLab+9aed6d7a+2023-11-21-16h-09m-11s,0,0,111,111,1
AUTOLab+9aed6d7a+2023-11-21-16h-13m-16s,0,0,387,488,2
AUTOLab+9aed6d7a+2023-11-21-16h-13m-16s,1,422,488,488,2
AUTOLab+9aed6d7a+2023-11-21-16h-14m-05s,0,13,139,576,4
AUTOLab+9aed6d7a+2023-11-21-16h-14m-05s,1,171,220,576,4
AUTOLab+9aed6d7a+2023-11-21-16h-14m-05s,2,235,437,576,4
AUTOLab+9aed6d7a+2023-11-21-16h-14m-05s,3,479,576,576,4
AUTOLab+9aed6d7a+2023-11-22-14h-11m-35s,0,0,357,580,2
AUTOLab+9aed6d7a+2023-11-22-14h-11m-35s,1,370,580,580,2
AUTOLab+9aed6d7a+2023-11-22-14h-12m-52s,0,0,120,438,3
AUTOLab+9aed6d7a+2023-11-22-14h-12m-52s,1,150,324,438,3
AUTOLab+9aed6d7a+2023-11-22-14h-12m-52s,2,346,438,438,3
AUTOLab+9aed6d7a+2023-11-22-14h-20m-20s,0,0,350,350,1
AUTOLab+9aed6d7a+2023-11-30-12h-45m-40s,0,26,318,318,1
AUTOLab+9aed6d7a+2023-11-30-12h-49m-39s,0,0,99,99,1
AUTOLab+9aed6d7a+2023-11-30-12h-51m-36s,0,24,551,572,1
AUTOLab+9aed6d7a+2023-11-30-12h-55m-34s,0,20,282,289,1
AUTOLab+9aed6d7a+2023-11-30-13h-00m-43s,0,19,516,516,1
AUTOLab+9aed6d7a+2023-11-30-13h-28m-17s,0,18,395,395,1
AUTOLab+9aed6d7a+2023-11-30-13h-31m-45s,0,20,503,515,1
AUTOLab+9aed6d7a+2023-11-30-13h-38m-23s,0,18,795,815,1
AUTOLab+9aed6d7a+2023-11-30-13h-40m-23s,0,16,793,807,1
AUTOLab+9aed6d7a+2023-11-30-13h-45m-48s,0,23,643,651,1
AUTOLab+9aed6d7a+2023-11-30-13h-47m-02s,0,20,611,621,1
AUTOLab+9aed6d7a+2023-11-30-13h-47m-57s,0,0,3,846,2
AUTOLab+9aed6d7a+2023-11-30-13h-47m-57s,1,9,846,846,2
AUTOLab+9aed6d7a+2023-11-30-14h-03m-49s,0,0,1052,1068,1
AUTOLab+9aed6d7a+2023-11-30-14h-19m-01s,0,0,981,998,1
AUTOLab+9aed6d7a+2023-11-30-14h-48m-00s,0,0,1076,1076,1
AUTOLab+9aed6d7a+2023-11-30-16h-09m-51s,0,0,559,559,1
AUTOLab+9aed6d7a+2023-11-30-16h-19m-53s,0,14,908,926,1
AUTOLab+9aed6d7a+2023-11-30-16h-29m-48s,0,17,1100,1124,1
AUTOLab+9aed6d7a+2023-12-02-16h-24m-32s,0,0,167,167,1
AUTOLab+9aed6d7a+2023-12-02-16h-29m-38s,0,0,149,149,1
AUTOLab+9aed6d7a+2023-12-02-17h-29m-15s,0,0,132,132,1
AUTOLab+9aed6d7a+2023-12-02-17h-34m-34s,0,0,118,118,1
AUTOLab+9aed6d7a+2023-12-02-17h-46m-11s,0,0,125,125,1
AUTOLab+9aed6d7a+2023-12-02-17h-57m-27s,0,0,136,136,1
AUTOLab+9aed6d7a+2023-12-09-15h-58m-59s,0,20,486,510,1
AUTOLab+cf2a60c6+2023-11-05-10h-16m-29s,0,0,137,137,1
AUTOLab+cf2a60c6+2023-11-05-10h-45m-46s,0,0,134,134,1
AUTOLab+cf2a60c6+2023-11-05-11h-33m-32s,0,0,165,165,1
AUTOLab+cf2a60c6+2023-11-18-17h-29m-55s,0,0,107,185,2
AUTOLab+cf2a60c6+2023-11-18-17h-29m-55s,1,116,185,185,2
AUTOLab+cf2a60c6+2023-11-18-17h-39m-44s,0,0,258,258,1
AUTOLab+cf2a60c6+2023-11-18-17h-40m-29s,0,0,167,167,1
AUTOLab+cf2a60c6+2023-11-18-17h-44m-14s,0,0,87,87,1
AUTOLab+cf2a60c6+2023-11-18-17h-55m-48s,0,0,203,203,1
AUTOLab+cf2a60c6+2023-11-18-17h-56m-17s,0,0,167,167,1
AUTOLab+cf2a60c6+2023-11-18-17h-59m-35s,0,0,229,229,1
AUTOLab+cf2a60c6+2023-11-18-18h-16m-50s,0,0,361,361,1
AUTOLab+cf2a60c6+2023-11-18-18h-24m-34s,0,0,595,595,1
AUTOLab+cf2a60c6+2023-11-18-18h-27m-29s,0,0,512,512,1
AUTOLab+cf2a60c6+2023-11-18-18h-34m-53s,0,0,292,292,1
AUTOLab+cf2a60c6+2023-11-18-18h-43m-44s,0,0,597,597,1
AUTOLab+cf2a60c6+2023-11-18-18h-44m-44s,0,0,413,413,1
AUTOLab+cf2a60c6+2023-11-18-18h-56m-57s,0,0,360,360,1
AUTOLab+cf2a60c6+2023-11-18-19h-01m-37s,0,0,290,290,1
AUTOLab+cf2a60c6+2023-11-18-19h-22m-34s,0,0,244,244,1
AUTOLab+cf2a60c6+2023-11-18-19h-31m-51s,0,0,477,477,1
AUTOLab+cf2a60c6+2023-11-19-22h-25m-22s,0,0,110,110,1
AUTOLab+cf2a60c6+2023-11-19-22h-47m-07s,0,0,347,347,1
AUTOLab+cf2a60c6+2023-11-20-09h-03m-56s,0,0,3,453,2
AUTOLab+cf2a60c6+2023-11-20-09h-03m-56s,1,16,453,453,2
AUTOLab+cf2a60c6+2023-11-20-09h-12m-01s,0,75,902,902,1
AUTOLab+cf2a60c6+2023-11-20-09h-21m-37s,0,20,683,683,1
AUTOLab+cf2a60c6+2023-11-20-09h-28m-02s,0,0,410,410,1
AUTOLab+cf2a60c6+2023-11-20-09h-44m-27s,0,0,605,605,1
AUTOLab+cf2a60c6+2023-11-20-09h-46m-33s,0,13,413,413,1
AUTOLab+cf2a60c6+2023-11-20-09h-49m-08s,0,0,459,459,1
AUTOLab+cf2a60c6+2023-11-20-09h-52m-01s,0,0,429,429,1
AUTOLab+cf2a60c6+2023-11-20-10h-09m-02s,0,0,301,301,1
AUTOLab+cf2a60c6+2023-11-20-10h-14m-48s,0,0,436,436,1
AUTOLab+cf2a60c6+2023-11-20-10h-38m-38s,0,0,138,138,1
AUTOLab+cf2a60c6+2023-11-20-11h-08m-20s,0,0,414,414,1
AUTOLab+cf2a60c6+2023-11-20-11h-17m-48s,0,0,481,481,1
AUTOLab+cf2a60c6+2023-11-20-11h-29m-16s,0,0,164,164,1
AUTOLab+cf2a60c6+2023-11-20-11h-36m-03s,0,31,77,77,1
AUTOLab+cf2a60c6+2023-11-20-15h-41m-38s,0,0,338,338,1
AUTOLab+cf2a60c6+2023-11-21-08h-52m-49s,0,0,223,223,1
AUTOLab+cf2a60c6+2023-11-21-09h-58m-42s,0,35,395,395,1
AUTOLab+cf2a60c6+2023-11-21-10h-28m-47s,0,0,293,293,1
AUTOLab+cf2a60c6+2023-11-21-11h-20m-49s,0,0,84,84,1
AUTOLab+cf2a60c6+2023-11-21-11h-36m-00s,0,0,667,667,1
AUTOLab+cf2a60c6+2023-11-27-08h-52m-26s,0,0,1063,1063,1
AUTOLab+cf2a60c6+2023-11-27-08h-55m-59s,0,0,118,473,3
AUTOLab+cf2a60c6+2023-11-27-08h-55m-59s,1,132,298,473,3
AUTOLab+cf2a60c6+2023-11-27-08h-55m-59s,2,317,473,473,3
AUTOLab+cf2a60c6+2023-11-27-08h-59m-00s,0,0,171,171,1
AUTOLab+cf2a60c6+2023-11-27-09h-23m-09s,0,0,969,969,1
AUTOLab+cf2a60c6+2023-11-27-09h-38m-37s,0,0,1130,1130,1
AUTOLab+cf2a60c6+2023-11-27-10h-07m-19s,0,0,558,558,1
AUTOLab+cf2a60c6+2023-11-27-10h-10m-25s,0,0,502,502,1
AUTOLab+cf2a60c6+2023-11-27-10h-18m-58s,0,0,462,462,1
AUTOLab+cf2a60c6+2023-11-27-10h-23m-29s,0,0,123,123,1
AUTOLab+cf2a60c6+2023-12-16-17h-16m-01s,0,70,180,419,4
AUTOLab+cf2a60c6+2023-12-16-17h-16m-01s,1,191,333,419,4
AUTOLab+cf2a60c6+2023-12-16-17h-16m-01s,2,348,376,419,4
AUTOLab+cf2a60c6+2023-12-16-17h-16m-01s,3,401,419,419,4
AUTOLab+cf2a60c6+2023-12-16-17h-20m-16s,0,52,129,443,2
AUTOLab+cf2a60c6+2023-12-16-17h-20m-16s,1,140,443,443,2
AUTOLab+cf2a60c6+2023-12-16-17h-36m-21s,0,0,97,97,1
AUTOLab+cf2a60c6+2023-12-16-17h-41m-35s,0,22,274,274,1
AUTOLab+cf2a60c6+2023-12-16-17h-50m-12s,0,0,575,575,1
AUTOLab+cf2a60c6+2023-12-16-17h-53m-09s,0,0,89,249,2
AUTOLab+cf2a60c6+2023-12-16-17h-53m-09s,1,110,249,249,2
AUTOLab+cf2a60c6+2023-12-17-15h-52m-26s,0,0,591,591,1
AUTOLab+cf2a60c6+2023-12-18-10h-49m-04s,0,0,83,533,4
AUTOLab+cf2a60c6+2023-12-18-10h-49m-04s,1,117,229,533,4
AUTOLab+cf2a60c6+2023-12-18-10h-49m-04s,2,269,482,533,4
AUTOLab+cf2a60c6+2023-12-18-10h-49m-04s,3,488,533,533,4
AUTOLab+cf2a60c6+2023-12-18-11h-01m-10s,0,30,105,926,7
AUTOLab+cf2a60c6+2023-12-18-11h-01m-10s,1,118,211,926,7
AUTOLab+cf2a60c6+2023-12-18-11h-01m-10s,2,225,457,926,7
AUTOLab+cf2a60c6+2023-12-18-11h-01m-10s,3,491,575,926,7
AUTOLab+cf2a60c6+2023-12-18-11h-01m-10s,4,586,669,926,7
AUTOLab+cf2a60c6+2023-12-18-11h-01m-10s,5,702,837,926,7
AUTOLab+cf2a60c6+2023-12-18-11h-01m-10s,6,844,926,926,7
AUTOLab+cf2a60c6+2023-12-18-11h-26m-08s,0,36,109,833,5
AUTOLab+cf2a60c6+2023-12-18-11h-26m-08s,1,140,378,833,5
AUTOLab+cf2a60c6+2023-12-18-11h-26m-08s,2,384,502,833,5
AUTOLab+cf2a60c6+2023-12-18-11h-26m-08s,3,520,792,833,5
AUTOLab+cf2a60c6+2023-12-18-11h-26m-08s,4,813,833,833,5
AUTOLab+cf2a60c6+2023-12-18-11h-32m-14s,0,26,97,1262,5
AUTOLab+cf2a60c6+2023-12-18-11h-32m-14s,1,101,206,1262,5
AUTOLab+cf2a60c6+2023-12-18-11h-32m-14s,2,215,303,1262,5
AUTOLab+cf2a60c6+2023-12-18-11h-32m-14s,3,307,751,1262,5
AUTOLab+cf2a60c6+2023-12-18-11h-32m-14s,4,783,1262,1262,5
AUTOLab+cf2a60c6+2023-12-18-11h-42m-44s,0,16,88,712,2
AUTOLab+cf2a60c6+2023-12-18-11h-42m-44s,1,121,712,712,2
AUTOLab+cf2a60c6+2023-12-18-12h-12m-12s,0,27,123,340,3
AUTOLab+cf2a60c6+2023-12-18-12h-12m-12s,1,150,279,340,3
AUTOLab+cf2a60c6+2023-12-18-12h-12m-12s,2,287,340,340,3
AUTOLab+cf2a60c6+2023-12-18-12h-19m-01s,0,13,94,290,2
AUTOLab+cf2a60c6+2023-12-18-12h-19m-01s,1,109,290,290,2
AUTOLab+cf2a60c6+2023-12-18-12h-25m-14s,0,0,107,676,3
AUTOLab+cf2a60c6+2023-12-18-12h-25m-14s,1,119,347,676,3
AUTOLab+cf2a60c6+2023-12-18-12h-25m-14s,2,369,676,676,3
AUTOLab+cf2a60c6+2023-12-18-12h-39m-32s,0,0,134,297,3
AUTOLab+cf2a60c6+2023-12-18-12h-39m-32s,1,179,185,297,3
AUTOLab+cf2a60c6+2023-12-18-12h-39m-32s,2,198,297,297,3
AUTOLab+cf2a60c6+2023-12-18-12h-41m-06s,0,33,182,1123,7
AUTOLab+cf2a60c6+2023-12-18-12h-41m-06s,1,228,304,1123,7
AUTOLab+cf2a60c6+2023-12-18-12h-41m-06s,2,324,447,1123,7
AUTOLab+cf2a60c6+2023-12-18-12h-41m-06s,3,487,581,1123,7
AUTOLab+cf2a60c6+2023-12-18-12h-41m-06s,4,600,768,1123,7
AUTOLab+cf2a60c6+2023-12-18-12h-41m-06s,5,777,913,1123,7
AUTOLab+cf2a60c6+2023-12-18-12h-41m-06s,6,1002,1091,1123,7
AUTOLab+cf2a60c6+2023-12-18-12h-42m-39s,0,21,179,1221,7
AUTOLab+cf2a60c6+2023-12-18-12h-42m-39s,1,200,724,1221,7
AUTOLab+cf2a60c6+2023-12-18-12h-42m-39s,2,738,864,1221,7
AUTOLab+cf2a60c6+2023-12-18-12h-42m-39s,3,887,956,1221,7
AUTOLab+cf2a60c6+2023-12-18-12h-42m-39s,4,980,1034,1221,7
AUTOLab+cf2a60c6+2023-12-18-12h-42m-39s,5,1132,1147,1221,7
AUTOLab+cf2a60c6+2023-12-18-12h-42m-39s,6,1174,1221,1221,7
AUTOLab+cf2a60c6+2023-12-18-16h-40m-01s,0,0,178,178,1
AUTOLab+cf2a60c6+2023-12-18-17h-14m-40s,0,70,77,568,3
AUTOLab+cf2a60c6+2023-12-18-17h-14m-40s,1,164,433,568,3
AUTOLab+cf2a60c6+2023-12-18-17h-14m-40s,2,488,568,568,3
AUTOLab+cf2a60c6+2023-12-19-10h-26m-30s,0,0,550,550,1
AUTOLab+cf2a60c6+2023-12-19-12h-04m-58s,0,27,132,132,1
AUTOLab+t3d58310+2023-08-12-13h-03m-32s,0,0,1562,1562,1
AUTOLab+t3d58310+2023-08-12-18h-05m-38s,0,12,1197,1197,1
AUTOLab+t3d58310+2023-08-12-18h-25m-49s,0,0,1431,1431,1
AUTOLab+t3d58310+2023-08-12-18h-37m-05s,0,16,813,813,1
AUTOLab+t3d58310+2023-08-12-18h-39m-38s,0,0,901,901,1
AUTOLab+t3d58310+2023-08-12-18h-42m-00s,0,9,1113,1113,1
AUTOLab+t3d58310+2023-08-19-17h-40m-34s,0,0,21,771,2
AUTOLab+t3d58310+2023-08-19-17h-40m-34s,1,24,771,771,2
AUTOLab+t3d58310+2023-08-19-17h-41m-40s,0,27,132,1221,7
AUTOLab+t3d58310+2023-08-19-17h-41m-40s,1,158,309,1221,7
AUTOLab+t3d58310+2023-08-19-17h-41m-40s,2,322,574,1221,7
AUTOLab+t3d58310+2023-08-19-17h-41m-40s,3,580,923,1221,7
AUTOLab+t3d58310+2023-08-19-17h-41m-40s,4,941,1056,1221,7
AUTOLab+t3d58310+2023-08-19-17h-41m-40s,5,1085,1178,1221,7
AUTOLab+t3d58310+2023-08-19-17h-41m-40s,6,1187,1206,1221,7
AUTOLab+t3d58310+2023-09-02-13h-33m-34s,0,57,186,949,14
AUTOLab+t3d58310+2023-09-02-13h-33m-34s,1,196,225,949,14
AUTOLab+t3d58310+2023-09-02-13h-33m-34s,2,266,321,949,14
AUTOLab+t3d58310+2023-09-02-13h-33m-34s,3,327,340,949,14
AUTOLab+t3d58310+2023-09-02-13h-33m-34s,4,354,380,949,14
AUTOLab+t3d58310+2023-09-02-13h-33m-34s,5,393,406,949,14
AUTOLab+t3d58310+2023-09-02-13h-33m-34s,6,437,492,949,14
AUTOLab+t3d58310+2023-09-02-13h-33m-34s,7,501,523,949,14
AUTOLab+t3d58310+2023-09-02-13h-33m-34s,8,529,601,949,14
AUTOLab+t3d58310+2023-09-02-13h-33m-34s,9,606,712,949,14
AUTOLab+t3d58310+2023-09-02-13h-33m-34s,10,715,732,949,14
AUTOLab+t3d58310+2023-09-02-13h-33m-34s,11,738,802,949,14
AUTOLab+t3d58310+2023-09-02-13h-33m-34s,12,811,824,949,14
AUTOLab+t3d58310+2023-09-02-13h-33m-34s,13,837,941,949,14
AUTOLab+t3d58310+2023-09-02-14h-27m-35s,0,46,116,933,12
AUTOLab+t3d58310+2023-09-02-14h-27m-35s,1,177,208,933,12
AUTOLab+t3d58310+2023-09-02-14h-27m-35s,2,221,230,933,12
AUTOLab+t3d58310+2023-09-02-14h-27m-35s,3,272,340,933,12
AUTOLab+t3d58310+2023-09-02-14h-27m-35s,4,384,417,933,12
AUTOLab+t3d58310+2023-09-02-14h-27m-35s,5,452,536,933,12
AUTOLab+t3d58310+2023-09-02-14h-27m-35s,6,547,554,933,12
AUTOLab+t3d58310+2023-09-02-14h-27m-35s,7,579,616,933,12
AUTOLab+t3d58310+2023-09-02-14h-27m-35s,8,652,690,933,12
AUTOLab+t3d58310+2023-09-02-14h-27m-35s,9,741,770,933,12
AUTOLab+t3d58310+2023-09-02-14h-27m-35s,10,812,854,933,12
AUTOLab+t3d58310+2023-09-02-14h-27m-35s,11,867,904,933,12
AUTOLab+t3d58310+2023-09-02-15h-15m-44s,0,185,207,972,16
AUTOLab+t3d58310+2023-09-02-15h-15m-44s,1,228,242,972,16
AUTOLab+t3d58310+2023-09-02-15h-15m-44s,2,281,324,972,16
AUTOLab+t3d58310+2023-09-02-15h-15m-44s,3,337,354,972,16
AUTOLab+t3d58310+2023-09-02-15h-15m-44s,4,363,464,972,16
AUTOLab+t3d58310+2023-09-02-15h-15m-44s,5,480,524,972,16
AUTOLab+t3d58310+2023-09-02-15h-15m-44s,6,531,548,972,16
AUTOLab+t3d58310+2023-09-02-15h-15m-44s,7,562,597,972,16
AUTOLab+t3d58310+2023-09-02-15h-15m-44s,8,609,631,972,16
AUTOLab+t3d58310+2023-09-02-15h-15m-44s,9,670,695,972,16
AUTOLab+t3d58310+2023-09-02-15h-15m-44s,10,714,727,972,16
AUTOLab+t3d58310+2023-09-02-15h-15m-44s,11,762,772,972,16
AUTOLab+t3d58310+2023-09-02-15h-15m-44s,12,816,829,972,16
AUTOLab+t3d58310+2023-09-02-15h-15m-44s,13,849,868,972,16
AUTOLab+t3d58310+2023-09-02-15h-15m-44s,14,911,933,972,16
AUTOLab+t3d58310+2023-09-02-15h-15m-44s,15,950,970,972,16
CLVR+13759f6e+2023-05-15-00h-57m-17s,0,39,184,184,1
CLVR+13759f6e+2023-05-15-01h-03m-33s,0,80,235,235,1
CLVR+13759f6e+2023-05-15-22h-10m-46s,0,48,224,224,1
CLVR+13759f6e+2023-05-15-22h-25m-23s,0,43,289,289,1
CLVR+13759f6e+2023-05-15-22h-32m-57s,0,35,228,228,1
CLVR+13759f6e+2023-05-15-22h-33m-22s,0,61,213,213,1
CLVR+13759f6e+2023-05-15-22h-36m-52s,0,42,194,194,1
CLVR+13759f6e+2023-05-15-22h-39m-19s,0,23,412,412,1
CLVR+13759f6e+2023-05-15-22h-46m-15s,0,17,286,286,1
CLVR+13759f6e+2023-05-15-23h-24m-03s,0,38,236,236,1
CLVR+13759f6e+2023-05-15-23h-26m-52s,0,33,224,224,1
CLVR+13759f6e+2023-05-15-23h-41m-47s,0,72,288,288,1
CLVR+13759f6e+2023-05-16-13h-58m-29s,0,39,264,264,1
CLVR+13759f6e+2023-05-16-14h-00m-56s,0,29,243,243,1
CLVR+13759f6e+2023-05-16-14h-48m-00s,0,19,274,274,1
CLVR+13759f6e+2023-05-16-21h-52m-56s,0,79,143,301,2
CLVR+13759f6e+2023-05-16-21h-52m-56s,1,158,301,301,2
CLVR+13759f6e+2023-05-16-22h-07m-43s,0,22,173,173,1
CLVR+13759f6e+2023-05-16-22h-12m-26s,0,20,197,197,1
CLVR+13759f6e+2023-05-16-22h-23m-59s,0,42,171,171,1
CLVR+13759f6e+2023-05-17-17h-06m-19s,0,9,150,150,1
CLVR+13759f6e+2023-05-17-17h-10m-15s,0,25,222,222,1
CLVR+13759f6e+2023-05-17-17h-35m-09s,0,29,202,202,1
CLVR+13759f6e+2023-05-17-17h-38m-15s,0,40,300,300,1
CLVR+13759f6e+2023-05-17-17h-41m-40s,0,46,237,237,1
CLVR+13759f6e+2023-05-17-17h-52m-31s,0,55,227,227,1
CLVR+13759f6e+2023-05-17-18h-07m-41s,0,137,341,341,1
CLVR+13759f6e+2023-05-17-18h-11m-21s,0,72,189,189,1
CLVR+13759f6e+2023-05-17-21h-25m-32s,0,0,146,146,1
CLVR+13759f6e+2023-05-17-21h-29m-10s,0,39,289,289,1
CLVR+13759f6e+2023-05-17-21h-32m-36s,0,35,257,257,1
CLVR+13759f6e+2023-05-17-21h-35m-23s,0,41,232,232,1
CLVR+13759f6e+2023-05-17-21h-44m-08s,0,18,183,183,1
CLVR+13759f6e+2023-05-17-21h-53m-35s,0,26,257,257,1
CLVR+13759f6e+2023-05-17-21h-54m-27s,0,25,436,436,1
CLVR+13759f6e+2023-05-17-21h-57m-56s,0,27,131,131,1
CLVR+13759f6e+2023-05-17-22h-12m-16s,0,28,153,153,1
CLVR+13759f6e+2023-05-18-15h-10m-32s,0,34,187,187,1
CLVR+13759f6e+2023-05-18-15h-17m-02s,0,36,141,141,1
CLVR+13759f6e+2023-05-18-15h-27m-56s,0,38,205,205,1
CLVR+13759f6e+2023-05-18-15h-32m-26s,0,95,212,212,1
CLVR+13759f6e+2023-05-18-15h-33m-15s,0,0,262,262,1
CLVR+13759f6e+2023-05-18-16h-53m-28s,0,41,227,227,1
CLVR+13759f6e+2023-05-18-16h-55m-13s,0,52,327,327,1
CLVR+13759f6e+2023-05-18-16h-56m-47s,0,0,175,175,1
CLVR+13759f6e+2023-05-18-17h-00m-50s,0,39,208,208,1
CLVR+13759f6e+2023-05-18-17h-44m-10s,0,34,233,233,1
CLVR+13759f6e+2023-05-18-17h-45m-18s,0,0,323,323,1
CLVR+13759f6e+2023-05-18-17h-54m-32s,0,29,140,140,1
CLVR+13759f6e+2023-05-18-17h-54m-49s,0,20,182,182,1
CLVR+13759f6e+2023-05-18-18h-04m-33s,0,51,236,236,1
CLVR+13759f6e+2023-05-18-19h-11m-18s,0,25,236,236,1
CLVR+13759f6e+2023-05-18-19h-15m-45s,0,23,186,186,1
CLVR+13759f6e+2023-05-18-19h-16m-14s,0,37,151,151,1
CLVR+13759f6e+2023-05-19-20h-52m-07s,0,22,161,161,1
CLVR+13759f6e+2023-05-19-21h-51m-05s,0,53,201,201,1
CLVR+13759f6e+2023-05-19-21h-52m-54s,0,21,199,199,1
CLVR+13759f6e+2023-05-19-21h-54m-55s,0,12,223,223,1
CLVR+13759f6e+2023-05-19-21h-56m-36s,0,24,256,256,1
CLVR+13759f6e+2023-05-19-22h-01m-34s,0,41,165,265,2
CLVR+13759f6e+2023-05-19-22h-01m-34s,1,187,265,265,2
CLVR+13759f6e+2023-05-19-22h-15m-53s,0,0,177,177,1
CLVR+13759f6e+2023-05-19-22h-43m-05s,0,36,156,156,1
CLVR+13759f6e+2023-05-19-23h-16m-50s,0,21,119,119,1
CLVR+13759f6e+2023-05-20-15h-22m-44s,0,164,189,227,1
CLVR+13759f6e+2023-05-20-15h-25m-34s,0,34,130,180,2
CLVR+13759f6e+2023-05-20-15h-25m-34s,1,147,180,180,2
CLVR+13759f6e+2023-05-20-15h-25m-58s,0,48,90,179,2
CLVR+13759f6e+2023-05-20-15h-25m-58s,1,109,121,179,2
CLVR+13759f6e+2023-05-20-17h-19m-08s,0,32,204,204,1
CLVR+13759f6e+2023-05-20-17h-30m-46s,0,16,146,146,1
CLVR+13759f6e+2023-05-20-17h-31m-06s,0,31,118,118,1
CLVR+13759f6e+2023-05-20-17h-33m-35s,0,40,95,170,2
CLVR+13759f6e+2023-05-20-17h-33m-35s,1,109,170,170,2
CLVR+13759f6e+2023-06-03-00h-01m-15s,0,50,98,113,1
CLVR+13759f6e+2023-06-03-00h-37m-51s,0,0,197,197,1
CLVR+13759f6e+2023-06-03-00h-38m-37s,0,24,227,227,1
CLVR+13759f6e+2023-06-03-00h-51m-46s,0,35,290,290,1
CLVR+13759f6e+2023-06-03-17h-19m-53s,0,66,300,300,1
CLVR+13759f6e+2023-06-03-17h-24m-42s,0,60,193,193,1
CLVR+13759f6e+2023-06-03-17h-47m-31s,0,108,249,249,1
CLVR+13759f6e+2023-06-03-22h-12m-07s,0,21,309,309,1
CLVR+13759f6e+2023-06-03-22h-54m-58s,0,32,172,283,2
CLVR+13759f6e+2023-06-03-22h-54m-58s,1,259,264,283,2
CLVR+13759f6e+2023-06-03-23h-57m-50s,0,13,210,210,1
CLVR+13759f6e+2023-06-04-00h-00m-11s,0,16,166,166,1
CLVR+13759f6e+2023-06-04-00h-01m-00s,0,28,230,230,1
CLVR+13759f6e+2023-06-04-00h-10m-42s,0,14,198,198,1
CLVR+13759f6e+2023-06-04-15h-06m-37s,0,23,154,154,1
CLVR+13759f6e+2023-06-04-15h-12m-26s,0,35,174,174,1
CLVR+13759f6e+2023-06-04-15h-23m-28s,0,0,236,236,1
CLVR+13759f6e+2023-06-04-15h-23m-55s,0,0,238,238,1
CLVR+13759f6e+2023-06-04-15h-53m-35s,0,0,137,137,1
CLVR+13759f6e+2023-06-04-16h-13m-57s,0,0,229,229,1
CLVR+13759f6e+2023-06-04-16h-15m-21s,0,0,397,397,1
CLVR+13759f6e+2023-06-04-16h-30m-57s,0,0,234,234,1
CLVR+13759f6e+2023-06-04-17h-22m-49s,0,0,182,182,1
CLVR+13759f6e+2023-06-04-17h-23m-13s,0,0,186,186,1
CLVR+13759f6e+2023-06-04-18h-02m-43s,0,0,235,235,1
CLVR+13759f6e+2023-06-04-18h-05m-10s,0,41,137,137,1
CLVR+13759f6e+2023-06-05-23h-03m-10s,0,0,134,134,1
CLVR+13759f6e+2023-06-05-23h-06m-09s,0,0,171,171,1
CLVR+13759f6e+2023-06-05-23h-13m-49s,0,0,177,177,1
CLVR+13759f6e+2023-06-05-23h-14m-28s,0,0,168,168,1
CLVR+13759f6e+2023-06-05-23h-17m-30s,0,0,133,133,1
CLVR+13759f6e+2023-06-05-23h-41m-18s,0,20,119,119,1
CLVR+13759f6e+2023-06-05-23h-44m-21s,0,16,160,160,1
CLVR+13759f6e+2023-06-05-23h-46m-37s,0,13,249,249,1
CLVR+13759f6e+2023-06-05-23h-53m-19s,0,0,190,190,1
CLVR+13759f6e+2023-06-05-23h-53m-41s,0,0,126,126,1
CLVR+13759f6e+2023-06-05-23h-56m-24s,0,0,199,199,1
CLVR+13759f6e+2023-06-06-00h-02m-01s,0,0,177,177,1
CLVR+13759f6e+2023-06-09-11h-23m-32s,0,33,81,118,2
CLVR+13759f6e+2023-06-09-11h-23m-32s,1,91,118,118,2
CLVR+13759f6e+2023-06-13-01h-12m-42s,0,47,94,113,1
CLVR+13759f6e+2023-06-13-01h-33m-52s,0,0,19,142,2
CLVR+13759f6e+2023-06-13-01h-33m-52s,1,45,142,142,2
CLVR+13759f6e+2023-06-13-01h-43m-49s,0,17,32,32,1
CLVR+13759f6e+2023-06-13-02h-29m-03s,0,19,168,168,1
CLVR+13759f6e+2023-06-13-02h-29m-24s,0,38,115,126,1
CLVR+13759f6e+2023-06-19-16h-56m-15s,0,140,245,255,1
CLVR+13759f6e+2023-06-19-17h-10m-34s,0,49,159,159,1
CLVR+13759f6e+2023-06-19-17h-31m-46s,0,0,181,181,1
CLVR+13759f6e+2023-06-19-17h-38m-19s,0,0,256,256,1
CLVR+13759f6e+2023-06-19-17h-46m-00s,0,0,163,163,1
CLVR+13759f6e+2023-06-19-17h-47m-51s,0,21,236,236,1
CLVR+13759f6e+2023-06-19-23h-20m-53s,0,0,161,161,1
CLVR+13759f6e+2023-06-19-23h-26m-21s,0,0,333,333,1
CLVR+13759f6e+2023-06-19-23h-30m-07s,0,0,81,81,1
CLVR+13759f6e+2023-06-19-23h-59m-53s,0,0,136,136,1
CLVR+13759f6e+2023-06-20-00h-05m-04s,0,0,126,126,1
CLVR+13759f6e+2023-06-20-00h-12m-20s,0,0,215,215,1
CLVR+13759f6e+2023-06-20-00h-19m-48s,0,12,197,197,1
CLVR+13759f6e+2023-06-20-00h-24m-22s,0,14,243,243,1
CLVR+13759f6e+2023-06-20-00h-46m-44s,0,0,125,125,1
CLVR+13759f6e+2023-06-27-00h-49m-21s,0,0,163,163,1
CLVR+13759f6e+2023-06-27-00h-59m-54s,0,13,190,190,1
CLVR+13759f6e+2023-06-27-01h-04m-31s,0,15,119,119,1
CLVR+13759f6e+2023-06-27-01h-04m-54s,0,37,131,131,1
CLVR+13759f6e+2023-06-27-01h-12m-56s,0,16,103,103,1
CLVR+13759f6e+2023-06-27-01h-23m-41s,0,23,94,94,1
CLVR+13759f6e+2023-06-27-01h-24m-15s,0,44,213,213,1
CLVR+13759f6e+2023-06-27-01h-24m-53s,0,22,106,106,1
CLVR+13759f6e+2023-06-27-01h-28m-43s,0,27,137,137,1
CLVR+13759f6e+2023-06-27-01h-29m-00s,0,24,133,133,1
CLVR+13759f6e+2023-06-27-01h-29m-36s,0,18,175,175,1
CLVR+13759f6e+2023-06-27-01h-37m-34s,0,23,246,246,1
CLVR+13759f6e+2023-06-27-01h-44m-18s,0,19,101,101,1
CLVR+13759f6e+2023-06-27-01h-45m-44s,0,22,101,101,1
CLVR+236539bc+2023-05-09-02h-07m-26s,0,21,147,147,1
CLVR+236539bc+2023-05-09-03h-30m-39s,0,27,190,190,1
CLVR+236539bc+2023-05-09-03h-34m-28s,0,24,150,150,1
CLVR+236539bc+2023-05-09-03h-37m-25s,0,41,148,148,1
CLVR+236539bc+2023-05-09-03h-38m-02s,0,19,179,179,1
CLVR+236539bc+2023-05-09-03h-38m-23s,0,24,148,148,1
CLVR+236539bc+2023-05-09-03h-38m-44s,0,0,138,138,1
CLVR+236539bc+2023-05-09-03h-39m-28s,0,22,194,194,1
CLVR+236539bc+2023-05-09-03h-40m-54s,0,18,190,190,1
CLVR+236539bc+2023-05-09-03h-44m-37s,0,28,169,169,1
CLVR+236539bc+2023-05-09-03h-45m-06s,0,0,174,174,1
CLVR+236539bc+2023-05-09-03h-58m-00s,0,49,150,150,1
CLVR+236539bc+2023-05-09-04h-00m-03s,0,48,162,162,1
CLVR+236539bc+2023-05-09-04h-07m-08s,0,33,154,154,1
CLVR+236539bc+2023-05-09-04h-23m-06s,0,29,138,138,1
CLVR+236539bc+2023-05-09-04h-34m-43s,0,34,148,148,1
CLVR+236539bc+2023-05-09-04h-42m-25s,0,39,156,156,1
CLVR+236539bc+2023-05-09-04h-55m-16s,0,48,195,195,1
CLVR+236539bc+2023-05-16-19h-24m-38s,0,42,193,280,2
CLVR+236539bc+2023-05-16-19h-24m-38s,1,203,280,280,2
CLVR+236539bc+2023-05-16-19h-40m-53s,0,25,136,183,2
CLVR+236539bc+2023-05-16-19h-40m-53s,1,140,183,183,2
CLVR+236539bc+2023-05-16-19h-53m-56s,0,83,142,210,2
CLVR+236539bc+2023-05-16-19h-53m-56s,1,167,183,210,2
CLVR+236539bc+2023-05-16-20h-03m-58s,0,31,101,141,2
CLVR+236539bc+2023-05-16-20h-03m-58s,1,108,141,141,2
CLVR+236539bc+2023-05-17-19h-01m-33s,0,0,160,160,1
CLVR+236539bc+2023-05-17-19h-03m-58s,0,0,142,142,1
CLVR+236539bc+2023-05-17-19h-15m-18s,0,18,208,208,1
CLVR+236539bc+2023-05-18-20h-21m-20s,0,29,164,164,1
CLVR+236539bc+2023-05-18-20h-22m-32s,0,39,188,188,1
CLVR+236539bc+2023-05-18-20h-27m-00s,0,27,126,126,1
CLVR+236539bc+2023-05-18-20h-27m-23s,0,32,135,135,1
CLVR+236539bc+2023-05-18-20h-28m-11s,0,22,112,112,1
CLVR+236539bc+2023-05-18-20h-31m-56s,0,25,143,143,1
CLVR+236539bc+2023-05-18-20h-47m-11s,0,35,128,128,1
CLVR+236539bc+2023-05-18-20h-51m-22s,0,44,210,210,1
CLVR+236539bc+2023-05-18-20h-51m-44s,0,20,128,128,1
CLVR+236539bc+2023-05-18-20h-55m-09s,0,50,198,198,1
CLVR+236539bc+2023-05-21-19h-26m-30s,0,52,148,148,1
CLVR+236539bc+2023-05-21-19h-47m-57s,0,26,121,121,1
CLVR+236539bc+2023-05-21-19h-50m-36s,0,28,117,117,1
CLVR+236539bc+2023-05-21-19h-53m-24s,0,17,110,110,1
CLVR+236539bc+2023-05-21-19h-53m-53s,0,36,123,123,1
CLVR+236539bc+2023-05-21-19h-54m-23s,0,27,109,109,1
CLVR+236539bc+2023-05-21-19h-55m-00s,0,26,146,146,1
CLVR+236539bc+2023-05-22-11h-49m-49s,0,31,284,284,1
CLVR+236539bc+2023-05-22-11h-51m-02s,0,32,199,199,1
CLVR+236539bc+2023-05-22-11h-51m-47s,0,30,141,141,1
CLVR+236539bc+2023-05-22-11h-55m-01s,0,34,163,163,1
CLVR+236539bc+2023-05-22-11h-59m-35s,0,30,147,147,1
CLVR+236539bc+2023-05-22-12h-04m-00s,0,54,162,162,1
CLVR+236539bc+2023-05-22-12h-13m-31s,0,45,143,143,1
CLVR+236539bc+2023-05-22-12h-15m-38s,0,25,115,115,1
CLVR+236539bc+2023-05-22-12h-21m-42s,0,42,119,119,1
CLVR+236539bc+2023-05-22-12h-22m-59s,0,23,116,116,1
CLVR+236539bc+2023-05-29-21h-59m-48s,0,101,126,126,1
CLVR+236539bc+2023-05-29-22h-15m-11s,0,61,113,175,1
CLVR+236539bc+2023-05-29-22h-18m-18s,0,31,81,163,1
CLVR+236539bc+2023-05-29-22h-24m-17s,0,131,150,159,1
CLVR+236539bc+2023-05-29-22h-25m-28s,0,41,91,173,1
CLVR+236539bc+2023-05-29-22h-34m-38s,0,38,83,375,2
CLVR+236539bc+2023-05-29-22h-34m-38s,1,211,287,375,2
CLVR+236539bc+2023-05-29-22h-37m-34s,0,72,101,101,1
CLVR+236539bc+2023-05-29-22h-39m-00s,0,25,70,145,1
CLVR+236539bc+2023-05-29-23h-20m-35s,0,27,67,280,2
CLVR+236539bc+2023-05-29-23h-20m-35s,1,162,209,280,2
CLVR+236539bc+2023-05-29-23h-24m-06s,0,38,83,153,1
CLVR+236539bc+2023-05-29-23h-42m-29s,0,49,80,150,1
CLVR+236539bc+2023-05-29-23h-43m-03s,0,80,105,248,1
CLVR+236539bc+2023-05-29-23h-45m-34s,0,43,94,143,1
CLVR+236539bc+2023-05-29-23h-46m-10s,0,69,106,193,1
CLVR+236539bc+2023-05-29-23h-54m-53s,0,28,74,559,5
CLVR+236539bc+2023-05-29-23h-54m-53s,1,147,187,559,5
CLVR+236539bc+2023-05-29-23h-54m-53s,2,262,331,559,5
CLVR+236539bc+2023-05-29-23h-54m-53s,3,419,476,559,5
CLVR+236539bc+2023-05-29-23h-54m-53s,4,522,548,559,5
CLVR+236539bc+2023-05-30-00h-17m-53s,0,33,100,167,2
CLVR+236539bc+2023-05-30-00h-17m-53s,1,147,167,167,2
CLVR+236539bc+2023-05-30-00h-39m-16s,0,46,157,157,1
CLVR+236539bc+2023-05-30-00h-41m-43s,0,27,124,124,1
CLVR+236539bc+2023-05-30-00h-52m-44s,0,26,127,127,1
CLVR+236539bc+2023-05-30-00h-57m-21s,0,44,130,130,1
CLVR+236539bc+2023-05-30-00h-59m-09s,0,41,143,143,1
CLVR+236539bc+2023-05-30-01h-00m-01s,0,43,125,125,1
CLVR+236539bc+2023-05-30-01h-01m-07s,0,45,152,152,1
CLVR+236539bc+2023-05-30-01h-15m-45s,0,34,198,198,1
CLVR+236539bc+2023-05-30-01h-38m-26s,0,21,110,110,1
CLVR+236539bc+2023-05-30-01h-39m-29s,0,24,127,194,2
CLVR+236539bc+2023-05-30-01h-39m-29s,1,143,194,194,2
CLVR+236539bc+2023-05-31-13h-29m-18s,0,37,170,216,2
CLVR+236539bc+2023-05-31-13h-29m-18s,1,213,216,216,2
CLVR+236539bc+2023-06-06-00h-43m-50s,0,0,134,134,1
CLVR+236539bc+2023-06-06-01h-07m-40s,0,73,312,316,1
CLVR+236539bc+2023-06-06-01h-20m-51s,0,0,159,159,1
CLVR+236539bc+2023-06-06-01h-27m-28s,0,0,166,166,1
CLVR+236539bc+2023-06-06-01h-33m-08s,0,25,150,150,1
CLVR+236539bc+2023-06-06-01h-37m-02s,0,24,155,155,1
CLVR+236539bc+2023-06-06-01h-37m-40s,0,19,114,114,1
CLVR+236539bc+2023-06-06-01h-42m-34s,0,0,176,176,1
CLVR+236539bc+2023-06-06-01h-49m-08s,0,21,158,158,1
CLVR+236539bc+2023-06-06-01h-49m-40s,0,18,129,129,1
CLVR+236539bc+2023-06-06-01h-51m-04s,0,18,138,138,1
CLVR+236539bc+2023-06-06-01h-52m-42s,0,21,171,171,1
CLVR+236539bc+2023-06-06-02h-06m-40s,0,22,112,112,1
CLVR+236539bc+2023-06-20-02h-57m-02s,0,0,156,156,1
CLVR+236539bc+2023-06-20-03h-01m-57s,0,0,118,118,1
CLVR+236539bc+2023-06-20-03h-03m-53s,0,0,143,143,1
CLVR+236539bc+2023-06-20-03h-06m-56s,0,28,144,144,1
CLVR+236539bc+2023-06-20-03h-12m-40s,0,23,130,130,1
CLVR+236539bc+2023-06-20-03h-31m-05s,0,0,109,109,1
CLVR+236539bc+2023-06-20-03h-32m-39s,0,0,120,120,1
CLVR+236539bc+2023-06-20-03h-32m-54s,0,0,188,188,1
CLVR+236539bc+2023-06-20-03h-35m-17s,0,0,153,153,1
CLVR+236539bc+2023-06-20-03h-36m-09s,0,0,121,121,1
CLVR+236539bc+2023-06-20-03h-36m-50s,0,0,116,116,1
CLVR+236539bc+2023-06-20-03h-47m-31s,0,17,108,108,1
CLVR+236539bc+2023-06-20-04h-19m-27s,0,38,42,141,2
CLVR+236539bc+2023-06-20-04h-19m-27s,1,49,141,141,2
CLVR+236539bc+2023-06-20-04h-20m-11s,0,29,118,118,1
CLVR+236539bc+2023-06-20-04h-25m-14s,0,22,194,194,1
CLVR+236539bc+2023-06-20-04h-26m-04s,0,20,195,195,1
CLVR+236539bc+2023-06-25-04h-35m-11s,0,42,340,340,1
CLVR+236539bc+2023-06-25-04h-46m-33s,0,26,93,93,1
CLVR+236539bc+2023-06-25-04h-51m-51s,0,32,139,139,1
CLVR+236539bc+2023-06-25-17h-27m-37s,0,16,364,364,1
CLVR+236539bc+2023-06-25-17h-30m-33s,0,16,134,156,2
CLVR+236539bc+2023-06-25-17h-30m-33s,1,148,156,156,2
CLVR+236539bc+2023-06-25-17h-31m-26s,0,16,163,163,1
CLVR+236539bc+2023-06-25-17h-33m-47s,0,0,128,128,1
CLVR+236539bc+2023-06-25-17h-34m-45s,0,24,139,139,1
CLVR+236539bc+2023-06-25-17h-52m-04s,0,0,153,153,1
CLVR+236539bc+2023-06-25-18h-05m-13s,0,13,220,220,1
CLVR+236539bc+2023-06-25-18h-05m-38s,0,0,89,89,1
CLVR+236539bc+2023-06-25-18h-10m-23s,0,0,157,157,1
CLVR+236539bc+2023-06-25-18h-13m-08s,0,0,106,106,1
CLVR+236539bc+2023-06-25-18h-13m-22s,0,0,179,179,1
CLVR+236539bc+2023-06-25-18h-14m-50s,0,0,154,154,1
CLVR+236539bc+2023-06-25-18h-24m-07s,0,15,209,298,2
CLVR+236539bc+2023-06-25-18h-24m-07s,1,227,298,298,2
CLVR+236539bc+2023-06-25-18h-47m-26s,0,0,110,192,3
CLVR+236539bc+2023-06-25-18h-47m-26s,1,130,151,192,3
CLVR+236539bc+2023-06-25-18h-47m-26s,2,166,192,192,3
CLVR+236539bc+2023-06-25-18h-49m-54s,0,0,98,98,1
CLVR+236539bc+2023-06-25-18h-51m-25s,0,0,336,336,1
CLVR+236539bc+2023-06-25-18h-53m-33s,0,0,143,143,1
CLVR+236539bc+2023-08-06-19h-27m-40s,0,51,60,197,2
CLVR+236539bc+2023-08-06-19h-27m-40s,1,145,188,197,2
CLVR+236539bc+2023-08-06-19h-44m-31s,0,0,208,208,1
CLVR+236539bc+2023-08-06-20h-39m-47s,0,23,205,205,1
CLVR+236539bc+2023-08-06-22h-27m-42s,0,40,204,204,1
CLVR+236539bc+2023-08-06-22h-38m-05s,0,0,149,149,1
CLVR+236539bc+2023-08-06-22h-44m-45s,0,91,153,153,1
GuptaLab+553d1bd5+2023-04-20-12h-45m-08s,0,0,185,185,1
GuptaLab+553d1bd5+2023-04-20-12h-56m-47s,0,0,251,251,1
GuptaLab+553d1bd5+2023-04-20-13h-00m-56s,0,0,164,164,1
GuptaLab+553d1bd5+2023-04-20-13h-08m-59s,0,0,178,178,1
GuptaLab+553d1bd5+2023-04-20-13h-12m-56s,0,0,133,133,1
GuptaLab+553d1bd5+2023-04-20-13h-13m-40s,0,0,150,150,1
GuptaLab+553d1bd5+2023-04-20-13h-15m-01s,0,0,171,171,1
GuptaLab+553d1bd5+2023-04-20-13h-16m-00s,0,0,145,145,1
GuptaLab+553d1bd5+2023-04-20-14h-18m-53s,0,0,162,162,1
GuptaLab+553d1bd5+2023-04-20-14h-22m-58s,0,0,191,191,1
GuptaLab+553d1bd5+2023-04-20-14h-32m-32s,0,0,293,293,1
GuptaLab+553d1bd5+2023-04-20-14h-38m-52s,0,0,163,163,1
GuptaLab+553d1bd5+2023-04-20-14h-46m-15s,0,0,179,179,1
GuptaLab+553d1bd5+2023-04-20-14h-49m-31s,0,0,180,180,1
GuptaLab+553d1bd5+2023-04-20-14h-52m-45s,0,0,172,172,1
GuptaLab+553d1bd5+2023-04-20-14h-55m-05s,0,0,143,143,1
GuptaLab+553d1bd5+2023-04-20-14h-57m-42s,0,0,164,164,1
GuptaLab+553d1bd5+2023-04-30-12h-41m-09s,0,0,113,113,1
GuptaLab+553d1bd5+2023-04-30-12h-41m-53s,0,0,146,146,1
GuptaLab+553d1bd5+2023-04-30-12h-42m-23s,0,0,202,202,1
GuptaLab+553d1bd5+2023-04-30-12h-56m-54s,0,0,122,122,1
GuptaLab+553d1bd5+2023-04-30-12h-59m-43s,0,0,123,123,1
GuptaLab+553d1bd5+2023-04-30-13h-14m-39s,0,0,113,113,1
GuptaLab+553d1bd5+2023-04-30-14h-24m-53s,0,0,187,187,1
GuptaLab+553d1bd5+2023-04-30-14h-38m-12s,0,0,164,164,1
GuptaLab+553d1bd5+2023-04-30-14h-40m-59s,0,0,204,204,1
GuptaLab+553d1bd5+2023-04-30-14h-46m-15s,0,0,214,214,1
GuptaLab+553d1bd5+2023-04-30-14h-50m-41s,0,0,287,287,1
GuptaLab+553d1bd5+2023-04-30-14h-57m-19s,0,0,149,149,1
GuptaLab+553d1bd5+2023-04-30-14h-58m-45s,0,0,142,142,1
GuptaLab+553d1bd5+2023-04-30-14h-59m-15s,0,0,141,141,1
GuptaLab+553d1bd5+2023-04-30-15h-04m-28s,0,0,125,125,1
GuptaLab+553d1bd5+2023-04-30-15h-43m-36s,0,0,188,188,1
GuptaLab+553d1bd5+2023-04-30-15h-46m-41s,0,0,290,290,1
GuptaLab+553d1bd5+2023-04-30-16h-00m-24s,0,0,153,153,1
GuptaLab+553d1bd5+2023-04-30-16h-10m-56s,0,0,149,149,1
GuptaLab+553d1bd5+2023-04-30-16h-18m-25s,0,0,108,108,1
GuptaLab+553d1bd5+2023-04-30-16h-27m-49s,0,0,127,127,1
GuptaLab+553d1bd5+2023-04-30-17h-57m-30s,0,0,173,173,1
GuptaLab+553d1bd5+2023-04-30-18h-01m-08s,0,0,181,181,1
GuptaLab+553d1bd5+2023-04-30-18h-03m-40s,0,0,123,123,1
GuptaLab+553d1bd5+2023-04-30-18h-04m-14s,0,0,126,126,1
GuptaLab+553d1bd5+2023-04-30-18h-14m-48s,0,0,116,116,1
GuptaLab+553d1bd5+2023-04-30-18h-28m-50s,0,0,138,138,1
GuptaLab+553d1bd5+2023-04-30-18h-58m-50s,0,0,137,137,1
GuptaLab+553d1bd5+2023-04-30-19h-11m-16s,0,0,177,177,1
GuptaLab+553d1bd5+2023-04-30-19h-17m-10s,0,0,184,184,1
GuptaLab+553d1bd5+2023-04-30-19h-27m-43s,0,0,135,135,1
GuptaLab+553d1bd5+2023-04-30-19h-32m-09s,0,0,107,107,1
GuptaLab+553d1bd5+2023-05-19-10h-51m-36s,0,0,102,102,1
GuptaLab+553d1bd5+2023-05-19-10h-55m-09s,0,0,93,93,1
GuptaLab+553d1bd5+2023-05-19-11h-06m-55s,0,0,103,103,1
GuptaLab+553d1bd5+2023-05-28-15h-37m-38s,0,0,326,326,1
GuptaLab+553d1bd5+2023-05-28-15h-38m-14s,0,0,307,307,1
GuptaLab+553d1bd5+2023-05-28-15h-56m-14s,0,0,191,191,1
GuptaLab+553d1bd5+2023-05-28-15h-59m-01s,0,0,196,196,1
GuptaLab+553d1bd5+2023-05-28-16h-00m-17s,0,0,176,176,1
GuptaLab+553d1bd5+2023-05-28-16h-17m-58s,0,0,311,311,1
GuptaLab+553d1bd5+2023-05-28-16h-25m-17s,0,0,186,186,1
GuptaLab+553d1bd5+2023-05-28-16h-33m-02s,0,0,162,162,1
GuptaLab+553d1bd5+2023-05-28-16h-46m-39s,0,0,201,201,1
GuptaLab+553d1bd5+2023-05-28-16h-52m-13s,0,22,196,196,1
GuptaLab+553d1bd5+2023-05-28-16h-58m-59s,0,0,244,244,1
GuptaLab+553d1bd5+2023-05-28-17h-04m-35s,0,0,401,401,1
GuptaLab+553d1bd5+2023-05-28-17h-06m-33s,0,0,203,203,1
GuptaLab+553d1bd5+2023-05-28-17h-13m-21s,0,0,138,138,1
GuptaLab+553d1bd5+2023-05-28-17h-51m-54s,0,0,262,262,1
GuptaLab+553d1bd5+2023-05-28-18h-13m-43s,0,0,159,159,1
GuptaLab+553d1bd5+2023-06-18-16h-45m-57s,0,0,65,65,1
GuptaLab+553d1bd5+2023-06-18-16h-46m-29s,0,33,96,96,1
GuptaLab+553d1bd5+2023-06-18-16h-53m-13s,0,36,82,82,1
GuptaLab+553d1bd5+2023-06-18-16h-53m-29s,0,26,95,95,1
GuptaLab+553d1bd5+2023-06-18-17h-17m-33s,0,0,68,68,1
GuptaLab+553d1bd5+2023-06-18-17h-18m-22s,0,0,79,79,1
GuptaLab+553d1bd5+2023-06-18-17h-27m-15s,0,0,105,105,1
GuptaLab+553d1bd5+2023-06-18-18h-00m-03s,0,0,76,76,1
GuptaLab+553d1bd5+2023-06-18-18h-02m-29s,0,0,181,181,1
GuptaLab+553d1bd5+2023-06-18-18h-13m-03s,0,0,90,90,1
GuptaLab+553d1bd5+2023-06-18-18h-36m-24s,0,0,75,75,1
GuptaLab+553d1bd5+2023-06-18-18h-36m-43s,0,26,226,226,1
GuptaLab+553d1bd5+2023-06-18-18h-37m-39s,0,0,68,68,1
GuptaLab+553d1bd5+2023-06-18-18h-37m-52s,0,0,64,64,1
GuptaLab+553d1bd5+2023-06-18-18h-44m-05s,0,17,85,85,1
GuptaLab+553d1bd5+2023-06-18-18h-44m-24s,0,0,71,71,1
GuptaLab+553d1bd5+2023-06-18-18h-44m-39s,0,0,65,65,1
GuptaLab+553d1bd5+2023-06-18-18h-54m-02s,0,15,76,76,1
GuptaLab+553d1bd5+2023-06-18-18h-54m-30s,0,0,69,69,1
GuptaLab+553d1bd5+2023-06-18-18h-55m-42s,0,0,70,70,1
GuptaLab+553d1bd5+2023-06-18-18h-55m-56s,0,0,78,78,1
GuptaLab+553d1bd5+2023-06-18-18h-56m-48s,0,0,17,97,2
GuptaLab+553d1bd5+2023-06-18-18h-56m-48s,1,27,97,97,2
GuptaLab+553d1bd5+2023-06-18-19h-48m-56s,0,0,71,71,1
GuptaLab+553d1bd5+2023-06-18-19h-50m-37s,0,0,130,130,1
GuptaLab+553d1bd5+2023-06-18-19h-53m-43s,0,0,118,118,1
GuptaLab+553d1bd5+2023-06-18-19h-55m-48s,0,0,95,95,1
GuptaLab+553d1bd5+2023-06-18-20h-18m-58s,0,0,97,97,1
GuptaLab+553d1bd5+2023-06-18-21h-02m-22s,0,0,170,170,1
GuptaLab+553d1bd5+2023-06-18-21h-04m-13s,0,34,113,113,1
GuptaLab+553d1bd5+2023-06-18-21h-07m-50s,0,0,93,93,1
GuptaLab+553d1bd5+2023-06-18-21h-08m-11s,0,24,100,100,1
GuptaLab+553d1bd5+2023-06-18-21h-11m-30s,0,0,91,91,1
GuptaLab+553d1bd5+2023-06-18-21h-13m-40s,0,0,94,94,1
GuptaLab+553d1bd5+2023-06-18-21h-19m-42s,0,0,84,84,1
GuptaLab+553d1bd5+2023-06-18-21h-20m-42s,0,0,75,75,1
GuptaLab+553d1bd5+2023-06-18-21h-23m-16s,0,0,192,192,1
GuptaLab+553d1bd5+2023-06-18-21h-28m-57s,0,10,144,144,1
GuptaLab+553d1bd5+2023-06-18-21h-47m-29s,0,0,62,62,1
GuptaLab+553d1bd5+2023-06-18-21h-50m-33s,0,0,118,118,1
ILIAD+50aee79f+2023-07-12-21h-10m-53s,0,91,502,502,1
ILIAD+50aee79f+2023-08-15-22h-47m-28s,0,65,418,418,1
ILIAD+50aee79f+2023-08-15-23h-14m-07s,0,13,286,286,1
ILIAD+50aee79f+2023-08-15-23h-31m-50s,0,57,60,267,2
ILIAD+50aee79f+2023-08-15-23h-31m-50s,1,64,267,267,2
ILIAD+50aee79f+2023-08-15-23h-43m-26s,0,92,449,449,1
ILIAD+50aee79f+2023-08-17-15h-08m-06s,0,30,121,121,1
ILIAD+50aee79f+2023-08-17-15h-32m-21s,0,37,117,430,2
ILIAD+50aee79f+2023-08-17-15h-32m-21s,1,122,430,430,2
ILIAD+50aee79f+2023-08-17-19h-27m-06s,0,71,104,193,2
ILIAD+50aee79f+2023-08-17-19h-27m-06s,1,108,193,193,2
ILIAD+50aee79f+2023-08-17-21h-04m-24s,0,47,372,372,1
ILIAD+50aee79f+2023-08-19-11h-09m-48s,0,89,229,267,1
ILIAD+50aee79f+2023-08-19-11h-18m-42s,0,15,22,225,4
ILIAD+50aee79f+2023-08-19-11h-18m-42s,1,32,44,225,4
ILIAD+50aee79f+2023-08-19-11h-18m-42s,2,107,145,225,4
ILIAD+50aee79f+2023-08-19-11h-18m-42s,3,158,211,225,4
ILIAD+50aee79f+2023-08-19-11h-23m-10s,0,109,145,245,2
ILIAD+50aee79f+2023-08-19-11h-23m-10s,1,159,231,245,2
ILIAD+50aee79f+2023-08-20-10h-51m-32s,0,21,395,395,1
ILIAD+50aee79f+2023-08-20-11h-02m-04s,0,39,262,262,1
ILIAD+50aee79f+2023-08-20-11h-03m-01s,0,25,469,469,1
ILIAD+50aee79f+2023-08-20-11h-15m-17s,0,21,389,389,1
ILIAD+50aee79f+2023-08-20-11h-35m-55s,0,48,165,294,2
ILIAD+50aee79f+2023-08-20-11h-35m-55s,1,177,294,294,2
ILIAD+50aee79f+2023-08-20-11h-46m-04s,0,34,281,281,1
ILIAD+50aee79f+2023-08-20-11h-57m-59s,0,33,260,260,1
ILIAD+50aee79f+2023-08-20-12h-14m-06s,0,18,158,158,1
ILIAD+50aee79f+2023-08-20-12h-14m-30s,0,21,271,271,1
ILIAD+50aee79f+2023-08-26-20h-57m-35s,0,113,493,493,1
ILIAD+50aee79f+2023-08-27-22h-59m-00s,0,90,119,119,1
ILIAD+50aee79f+2023-08-29-20h-08m-00s,0,80,275,275,1
ILIAD+50aee79f+2023-09-01-23h-14m-14s,0,31,313,313,1
ILIAD+50aee79f+2023-09-02-00h-09m-55s,0,22,239,239,1
ILIAD+50aee79f+2023-09-02-20h-04m-55s,0,139,735,735,1
ILIAD+50aee79f+2023-09-02-20h-15m-57s,0,32,599,604,1
ILIAD+50aee79f+2023-09-02-20h-38m-50s,0,21,628,628,1
ILIAD+50aee79f+2023-09-02-21h-29m-26s,0,21,305,305,1
ILIAD+50aee79f+2023-09-03-20h-53m-38s,0,91,264,377,1
ILIAD+5e938e3b+2023-07-17-11h-21m-46s,0,0,25,333,2
ILIAD+5e938e3b+2023-07-17-11h-21m-46s,1,68,333,333,2
ILIAD+5e938e3b+2023-07-17-11h-31m-36s,0,0,17,268,4
ILIAD+5e938e3b+2023-07-17-11h-31m-36s,1,41,46,268,4
ILIAD+5e938e3b+2023-07-17-11h-31m-36s,2,53,59,268,4
ILIAD+5e938e3b+2023-07-17-11h-31m-36s,3,69,268,268,4
ILIAD+5e938e3b+2023-07-17-11h-51m-13s,0,10,49,234,3
ILIAD+5e938e3b+2023-07-17-11h-51m-13s,1,55,75,234,3
ILIAD+5e938e3b+2023-07-17-11h-51m-13s,2,112,234,234,3
ILIAD+5e938e3b+2023-07-18-13h-01m-22s,0,0,104,176,1
ILIAD+5e938e3b+2023-07-18-13h-20m-37s,0,0,94,287,2
ILIAD+5e938e3b+2023-07-18-13h-20m-37s,1,119,287,287,2
ILIAD+5e938e3b+2023-07-19-11h-56m-36s,0,0,163,689,5
ILIAD+5e938e3b+2023-07-19-11h-56m-36s,1,172,312,689,5
ILIAD+5e938e3b+2023-07-19-11h-56m-36s,2,413,474,689,5
ILIAD+5e938e3b+2023-07-19-11h-56m-36s,3,523,572,689,5
ILIAD+5e938e3b+2023-07-19-11h-56m-36s,4,665,681,689,5
ILIAD+5e938e3b+2023-07-19-12h-56m-56s,0,0,19,140,2
ILIAD+5e938e3b+2023-07-19-12h-56m-56s,1,108,140,140,2
ILIAD+5e938e3b+2023-07-19-13h-15m-57s,0,0,247,247,1
ILIAD+5e938e3b+2023-07-19-13h-39m-49s,0,41,126,135,1
ILIAD+5e938e3b+2023-07-19-13h-40m-32s,0,55,177,177,1
ILIAD+5e938e3b+2023-07-19-13h-52m-00s,0,0,51,137,2
ILIAD+5e938e3b+2023-07-19-13h-52m-00s,1,78,119,137,2
ILIAD+5e938e3b+2023-07-19-17h-54m-22s,0,0,15,199,2
ILIAD+5e938e3b+2023-07-19-17h-54m-22s,1,69,147,199,2
ILIAD+5e938e3b+2023-07-19-17h-58m-50s,0,0,221,273,2
ILIAD+5e938e3b+2023-07-19-17h-58m-50s,1,233,268,273,2
ILIAD+5e938e3b+2023-07-19-18h-08m-59s,0,37,148,195,2
ILIAD+5e938e3b+2023-07-19-18h-08m-59s,1,175,195,195,2
ILIAD+5e938e3b+2023-07-19-18h-13m-07s,0,0,23,311,4
ILIAD+5e938e3b+2023-07-19-18h-13m-07s,1,126,156,311,4
ILIAD+5e938e3b+2023-07-19-18h-13m-07s,2,178,236,311,4
ILIAD+5e938e3b+2023-07-19-18h-13m-07s,3,293,308,311,4
ILIAD+5e938e3b+2023-07-19-18h-15m-33s,0,53,89,135,2
ILIAD+5e938e3b+2023-07-19-18h-15m-33s,1,106,135,135,2
ILIAD+5e938e3b+2023-07-19-19h-29m-10s,0,97,109,130,1
ILIAD+5e938e3b+2023-07-19-19h-29m-30s,0,0,6,262,3
ILIAD+5e938e3b+2023-07-19-19h-29m-30s,1,41,126,262,3
ILIAD+5e938e3b+2023-07-19-19h-29m-30s,2,239,262,262,3
ILIAD+5e938e3b+2023-07-19-19h-31m-31s,0,0,16,539,4
ILIAD+5e938e3b+2023-07-19-19h-31m-31s,1,60,93,539,4
ILIAD+5e938e3b+2023-07-19-19h-31m-31s,2,162,375,539,4
ILIAD+5e938e3b+2023-07-19-19h-31m-31s,3,532,539,539,4
ILIAD+5e938e3b+2023-07-19-19h-35m-58s,0,0,5,230,2
ILIAD+5e938e3b+2023-07-19-19h-35m-58s,1,59,99,230,2
ILIAD+5e938e3b+2023-07-19-19h-40m-43s,0,38,74,83,1
ILIAD+5e938e3b+2023-07-19-19h-43m-13s,0,50,283,349,2
ILIAD+5e938e3b+2023-07-19-19h-43m-13s,1,301,344,349,2
ILIAD+5e938e3b+2023-07-19-19h-46m-15s,0,49,98,197,2
ILIAD+5e938e3b+2023-07-19-19h-46m-15s,1,152,197,197,2
ILIAD+5e938e3b+2023-07-19-19h-57m-53s,0,55,64,293,3
ILIAD+5e938e3b+2023-07-19-19h-57m-53s,1,132,163,293,3
ILIAD+5e938e3b+2023-07-19-19h-57m-53s,2,249,283,293,3
ILIAD+5e938e3b+2023-07-19-20h-03m-27s,0,0,15,1082,12
ILIAD+5e938e3b+2023-07-19-20h-03m-27s,1,54,90,1082,12
ILIAD+5e938e3b+2023-07-19-20h-03m-27s,2,136,291,1082,12
ILIAD+5e938e3b+2023-07-19-20h-03m-27s,3,301,379,1082,12
ILIAD+5e938e3b+2023-07-19-20h-03m-27s,4,671,673,1082,12
ILIAD+5e938e3b+2023-07-19-20h-03m-27s,5,687,706,1082,12
ILIAD+5e938e3b+2023-07-19-20h-03m-27s,6,715,738,1082,12
ILIAD+5e938e3b+2023-07-19-20h-03m-27s,7,748,778,1082,12
ILIAD+5e938e3b+2023-07-19-20h-03m-27s,8,808,865,1082,12
ILIAD+5e938e3b+2023-07-19-20h-03m-27s,9,998,1026,1082,12
ILIAD+5e938e3b+2023-07-19-20h-03m-27s,10,1037,1040,1082,12
ILIAD+5e938e3b+2023-07-19-20h-03m-27s,11,1046,1082,1082,12
ILIAD+5e938e3b+2023-07-19-20h-24m-49s,0,61,90,347,4
ILIAD+5e938e3b+2023-07-19-20h-24m-49s,1,125,142,347,4
ILIAD+5e938e3b+2023-07-19-20h-24m-49s,2,163,274,347,4
ILIAD+5e938e3b+2023-07-19-20h-24m-49s,3,318,339,347,4
ILIAD+5e938e3b+2023-07-19-20h-34m-04s,0,13,24,187,1
ILIAD+5e938e3b+2023-07-19-20h-37m-36s,0,61,80,152,3
ILIAD+5e938e3b+2023-07-19-20h-37m-36s,1,83,112,152,3
ILIAD+5e938e3b+2023-07-19-20h-37m-36s,2,121,152,152,3
ILIAD+5e938e3b+2023-07-19-20h-41m-49s,0,0,16,120,2
ILIAD+5e938e3b+2023-07-19-20h-41m-49s,1,44,120,120,2
ILIAD+5e938e3b+2023-07-19-20h-56m-25s,0,38,74,170,2
ILIAD+5e938e3b+2023-07-19-20h-56m-25s,1,124,168,170,2
ILIAD+5e938e3b+2023-07-20-10h-30m-56s,0,10,77,1034,2
ILIAD+5e938e3b+2023-07-20-10h-30m-56s,1,97,1034,1034,2
ILIAD+5e938e3b+2023-07-20-10h-35m-53s,0,22,147,147,1
ILIAD+5e938e3b+2023-07-20-10h-42m-16s,0,28,182,182,1
ILIAD+5e938e3b+2023-07-20-10h-43m-02s,0,11,248,248,1
ILIAD+5e938e3b+2023-07-20-10h-43m-29s,0,75,166,192,1
ILIAD+5e938e3b+2023-07-20-11h-50m-51s,0,12,120,120,1
ILIAD+5e938e3b+2023-07-20-11h-53m-46s,0,23,136,136,1
ILIAD+5e938e3b+2023-07-20-11h-56m-28s,0,11,199,565,4
ILIAD+5e938e3b+2023-07-20-11h-56m-28s,1,205,211,565,4
ILIAD+5e938e3b+2023-07-20-11h-56m-28s,2,223,434,565,4
ILIAD+5e938e3b+2023-07-20-11h-56m-28s,3,455,565,565,4
ILIAD+5e938e3b+2023-07-20-12h-24m-32s,0,35,226,227,1
ILIAD+5e938e3b+2023-07-20-12h-28m-58s,0,15,223,365,3
ILIAD+5e938e3b+2023-07-20-12h-28m-58s,1,251,276,365,3
ILIAD+5e938e3b+2023-07-20-12h-28m-58s,2,296,365,365,3
ILIAD+5e938e3b+2023-07-20-12h-34m-18s,0,24,290,290,1
ILIAD+5e938e3b+2023-07-20-12h-37m-16s,0,62,100,155,2
ILIAD+5e938e3b+2023-07-20-12h-37m-16s,1,120,154,155,2
ILIAD+5e938e3b+2023-07-20-12h-43m-49s,0,30,258,258,1
ILIAD+5e938e3b+2023-07-20-12h-48m-15s,0,13,118,642,4
ILIAD+5e938e3b+2023-07-20-12h-48m-15s,1,147,199,642,4
ILIAD+5e938e3b+2023-07-20-12h-48m-15s,2,215,507,642,4
ILIAD+5e938e3b+2023-07-20-12h-48m-15s,3,555,633,642,4
ILIAD+5e938e3b+2023-07-20-14h-10m-10s,0,8,184,184,1
ILIAD+5e938e3b+2023-07-20-14h-29m-48s,0,32,54,210,2
ILIAD+5e938e3b+2023-07-20-14h-29m-48s,1,62,210,210,2
ILIAD+5e938e3b+2023-07-20-14h-32m-24s,0,17,421,421,1
ILIAD+5e938e3b+2023-07-21-09h-40m-43s,0,0,193,193,1
ILIAD+5e938e3b+2023-07-21-22h-16m-04s,0,0,25,148,2
ILIAD+5e938e3b+2023-07-21-22h-16m-04s,1,42,134,148,2
ILIAD+5e938e3b+2023-07-27-22h-49m-38s,0,0,292,292,1
ILIAD+5e938e3b+2023-07-27-23h-23m-02s,0,0,172,318,1
ILIAD+5e938e3b+2023-07-27-23h-31m-22s,0,0,221,272,2
ILIAD+5e938e3b+2023-07-27-23h-31m-22s,1,260,272,272,2
ILIAD+5e938e3b+2023-07-28-10h-27m-15s,0,0,428,446,2
ILIAD+5e938e3b+2023-07-28-10h-27m-15s,1,440,446,446,2
ILIAD+5e938e3b+2023-07-28-10h-41m-54s,0,0,460,460,1
ILIAD+5e938e3b+2023-07-28-10h-44m-04s,0,0,274,274,1
ILIAD+5e938e3b+2023-07-28-10h-49m-28s,0,30,155,155,1
ILIAD+5e938e3b+2023-07-28-11h-21m-45s,0,0,378,378,1
ILIAD+5e938e3b+2023-07-29-20h-45m-56s,0,26,94,574,3
ILIAD+5e938e3b+2023-07-29-20h-45m-56s,1,167,218,574,3
ILIAD+5e938e3b+2023-07-29-20h-45m-56s,2,562,565,574,3
ILIAD+5e938e3b+2023-07-29-20h-53m-58s,0,0,114,114,1
ILIAD+7ae1bcff+2023-05-12-16h-44m-32s,0,0,1619,1619,1
ILIAD+7ae1bcff+2023-05-12-17h-36m-34s,0,0,370,370,1
ILIAD+7ae1bcff+2023-05-19-12h-18m-06s,0,117,274,274,1
ILIAD+7ae1bcff+2023-05-19-12h-55m-57s,0,130,276,409,1
ILIAD+7ae1bcff+2023-05-22-17h-14m-25s,0,77,210,210,1
ILIAD+7ae1bcff+2023-05-23-19h-10m-01s,0,29,375,375,1
ILIAD+7ae1bcff+2023-05-23-19h-18m-52s,0,87,326,326,1
ILIAD+7ae1bcff+2023-05-23-19h-25m-22s,0,117,215,369,2
ILIAD+7ae1bcff+2023-05-23-19h-25m-22s,1,271,369,369,2
ILIAD+7ae1bcff+2023-05-24-18h-47m-07s,0,106,110,348,2
ILIAD+7ae1bcff+2023-05-24-18h-47m-07s,1,125,348,348,2
ILIAD+7ae1bcff+2023-05-24-19h-01m-26s,0,0,421,421,1
ILIAD+7ae1bcff+2023-05-24-19h-03m-14s,0,57,318,318,1
ILIAD+7ae1bcff+2023-05-24-19h-07m-50s,0,42,245,245,1
ILIAD+7ae1bcff+2023-05-25-19h-20m-45s,0,51,213,213,1
ILIAD+7ae1bcff+2023-05-26-17h-55m-04s,0,0,338,338,1
ILIAD+7ae1bcff+2023-05-29-19h-46m-07s,0,35,183,183,1
ILIAD+7ae1bcff+2023-05-29-20h-20m-04s,0,40,386,386,1
ILIAD+7ae1bcff+2023-05-30-16h-45m-45s,0,0,213,387,2
ILIAD+7ae1bcff+2023-05-30-16h-45m-45s,1,250,387,387,2
ILIAD+7ae1bcff+2023-05-30-17h-00m-22s,0,0,200,200,1
ILIAD+7ae1bcff+2023-05-30-18h-44m-47s,0,0,217,410,1
ILIAD+7ae1bcff+2023-05-30-18h-48m-16s,0,0,41,372,1
ILIAD+7ae1bcff+2023-05-30-19h-18m-22s,0,0,433,433,1
ILIAD+7ae1bcff+2023-05-30-19h-19m-25s,0,0,211,211,1
ILIAD+7ae1bcff+2023-05-30-19h-29m-43s,0,0,184,184,1
ILIAD+7ae1bcff+2023-05-30-19h-48m-30s,0,0,142,142,1
ILIAD+7ae1bcff+2023-05-31-17h-49m-48s,0,0,152,200,2
ILIAD+7ae1bcff+2023-05-31-17h-49m-48s,1,188,200,200,2
ILIAD+7ae1bcff+2023-05-31-17h-51m-50s,0,0,326,326,1
ILIAD+7ae1bcff+2023-05-31-17h-56m-05s,0,0,163,185,1
ILIAD+7ae1bcff+2023-05-31-18h-15m-27s,0,0,401,401,1
ILIAD+7ae1bcff+2023-05-31-19h-24m-49s,0,51,288,288,1
ILIAD+7ae1bcff+2023-06-03-18h-51m-01s,0,42,374,374,1
ILIAD+7ae1bcff+2023-06-03-19h-05m-51s,0,0,6,252,2
ILIAD+7ae1bcff+2023-06-03-19h-05m-51s,1,11,252,252,2
ILIAD+7ae1bcff+2023-06-04-18h-46m-27s,0,0,440,458,1
ILIAD+7ae1bcff+2023-06-04-19h-59m-28s,0,21,169,169,1
ILIAD+7ae1bcff+2023-06-04-20h-00m-59s,0,52,151,151,1
ILIAD+7ae1bcff+2023-06-04-20h-19m-40s,0,45,218,218,1
ILIAD+7ae1bcff+2023-06-04-20h-25m-47s,0,170,345,398,1
ILIAD+7ae1bcff+2023-06-04-20h-38m-36s,0,71,229,229,1
ILIAD+j807b3f8+2023-04-19-16h-49m-15s,0,30,960,960,1
ILIAD+j807b3f8+2023-04-19-17h-01m-03s,0,0,425,425,1
ILIAD+j807b3f8+2023-04-19-17h-01m-57s,0,0,376,376,1
ILIAD+j807b3f8+2023-04-19-17h-10m-49s,0,56,370,370,1
ILIAD+j807b3f8+2023-05-11-16h-56m-10s,0,31,190,203,1
ILIAD+j807b3f8+2023-05-11-17h-34m-39s,0,0,328,328,1
ILIAD+j807b3f8+2023-05-11-17h-36m-49s,0,20,208,208,1
ILIAD+j807b3f8+2023-05-11-17h-40m-08s,0,64,338,338,1
ILIAD+j807b3f8+2023-05-11-17h-55m-19s,0,0,150,215,2
ILIAD+j807b3f8+2023-05-11-17h-55m-19s,1,155,215,215,2
ILIAD+j807b3f8+2023-05-11-17h-55m-46s,0,39,293,293,1
ILIAD+j807b3f8+2023-06-11-14h-56m-46s,0,0,360,360,1
ILIAD+j807b3f8+2023-06-11-15h-21m-07s,0,0,315,453,2
ILIAD+j807b3f8+2023-06-11-15h-21m-07s,1,325,453,453,2
ILIAD+j807b3f8+2023-06-11-15h-23m-00s,0,0,347,347,1
ILIAD+j807b3f8+2023-06-11-15h-59m-47s,0,0,526,526,1
ILIAD+j807b3f8+2023-06-11-16h-15m-56s,0,0,292,292,1
ILIAD+j807b3f8+2023-06-11-16h-39m-07s,0,0,548,548,1
ILIAD+j807b3f8+2023-06-11-16h-41m-00s,0,0,388,388,1
ILIAD+j807b3f8+2023-06-11-17h-19m-09s,0,0,426,426,1
ILIAD+j807b3f8+2023-06-11-17h-23m-53s,0,0,432,432,1
ILIAD+j807b3f8+2023-06-11-17h-34m-34s,0,0,597,597,1
ILIAD+j807b3f8+2023-06-12-18h-31m-10s,0,0,340,340,1
ILIAD+j807b3f8+2023-06-12-18h-32m-21s,0,51,314,314,1
ILIAD+j807b3f8+2023-06-12-18h-41m-54s,0,74,416,416,1
ILIAD+j807b3f8+2023-06-12-18h-44m-46s,0,16,548,548,1
ILIAD+j807b3f8+2023-06-12-19h-31m-05s,0,0,453,453,1
ILIAD+j807b3f8+2023-06-12-19h-43m-07s,0,0,327,327,1
ILIAD+j807b3f8+2023-06-12-19h-43m-41s,0,39,291,291,1
ILIAD+j807b3f8+2023-06-12-19h-51m-00s,0,0,480,480,1
ILIAD+j807b3f8+2023-06-12-19h-51m-43s,0,0,421,421,1
ILIAD+j807b3f8+2023-06-14-16h-26m-20s,0,0,149,149,1
ILIAD+j807b3f8+2023-06-15-11h-36m-19s,0,20,301,301,1
ILIAD+j807b3f8+2023-06-15-12h-04m-34s,0,0,381,381,1
ILIAD+j807b3f8+2023-06-15-12h-12m-32s,0,17,274,274,1
ILIAD+j807b3f8+2023-06-15-13h-38m-27s,0,18,167,167,1
ILIAD+j807b3f8+2023-06-15-14h-15m-44s,0,0,215,215,1
ILIAD+sbd7d2c6+2023-05-07-16h-37m-49s,0,21,135,135,1
ILIAD+sbd7d2c6+2023-05-07-16h-54m-37s,0,10,643,643,1
ILIAD+sbd7d2c6+2023-05-07-17h-16m-15s,0,0,283,283,1
ILIAD+sbd7d2c6+2023-05-07-17h-19m-28s,0,25,282,282,1
ILIAD+sbd7d2c6+2023-05-17-17h-46m-49s,0,62,145,293,1
ILIAD+sbd7d2c6+2023-12-24-15h-51m-25s,0,22,277,277,1
ILIAD+sbd7d2c6+2023-12-24-16h-10m-24s,0,0,118,491,2
ILIAD+sbd7d2c6+2023-12-24-16h-10m-24s,1,122,491,491,2
ILIAD+sbd7d2c6+2023-12-24-16h-14m-37s,0,0,195,195,1
ILIAD+sbd7d2c6+2023-12-24-16h-22m-00s,0,0,195,195,1
ILIAD+sbd7d2c6+2023-12-24-16h-23m-03s,0,60,206,206,1
ILIAD+sbd7d2c6+2023-12-24-16h-26m-01s,0,0,304,304,1
ILIAD+sbd7d2c6+2023-12-24-16h-30m-15s,0,80,269,269,1
ILIAD+sbd7d2c6+2023-12-24-16h-44m-15s,0,0,175,175,1
ILIAD+sbd7d2c6+2023-12-24-16h-45m-59s,0,0,235,235,1
ILIAD+sbd7d2c6+2023-12-24-16h-49m-15s,0,25,173,173,1
ILIAD+sbd7d2c6+2023-12-24-17h-00m-39s,0,37,314,314,1
ILIAD+sbd7d2c6+2023-12-24-17h-02m-47s,0,0,188,188,1
ILIAD+sbd7d2c6+2023-12-24-17h-09m-08s,0,0,278,278,1
ILIAD+sbd7d2c6+2023-12-24-17h-10m-15s,0,0,201,201,1
ILIAD+sbd7d2c6+2023-12-24-17h-13m-11s,0,0,15,282,2
ILIAD+sbd7d2c6+2023-12-24-17h-13m-11s,1,18,282,282,2
ILIAD+sbd7d2c6+2023-12-24-17h-27m-48s,0,25,210,210,1
ILIAD+sbd7d2c6+2023-12-24-17h-31m-41s,0,0,390,390,1
ILIAD+sbd7d2c6+2023-12-24-17h-39m-22s,0,0,138,138,1
ILIAD+sbd7d2c6+2023-12-24-18h-00m-38s,0,0,462,462,1
ILIAD+sbd7d2c6+2023-12-24-18h-08m-03s,0,43,180,180,1
ILIAD+sbd7d2c6+2023-12-24-18h-12m-29s,0,33,188,188,1
ILIAD+sbd7d2c6+2023-12-24-18h-21m-27s,0,0,156,156,1
ILIAD+sbd7d2c6+2023-12-24-18h-23m-07s,0,23,179,179,1
ILIAD+sbd7d2c6+2023-12-24-18h-35m-37s,0,0,254,254,1
ILIAD+sbd7d2c6+2023-12-24-18h-39m-11s,0,0,163,163,1
ILIAD+sbd7d2c6+2023-12-24-18h-44m-03s,0,0,188,188,1
ILIAD+sbd7d2c6+2023-12-24-18h-50m-23s,0,0,599,599,1
ILIAD+sbd7d2c6+2023-12-24-19h-01m-05s,0,40,168,168,1
ILIAD+sbd7d2c6+2023-12-24-19h-02m-07s,0,0,156,156,1
ILIAD+sbd7d2c6+2023-12-24-19h-02m-55s,0,74,370,370,1
ILIAD+sbd7d2c6+2023-12-24-19h-04m-45s,0,33,174,174,1
IPRL+2fe9715d+2023-08-21-12h-14m-59s,0,0,438,438,1
IPRL+2fe9715d+2023-08-21-16h-52m-39s,0,0,355,355,1
IPRL+2fe9715d+2023-08-21-17h-35m-33s,0,0,37,348,3
IPRL+2fe9715d+2023-08-21-17h-35m-33s,1,63,73,348,3
IPRL+2fe9715d+2023-08-21-17h-35m-33s,2,76,348,348,3
IPRL+2fe9715d+2023-08-21-17h-37m-07s,0,35,339,339,1
IPRL+2fe9715d+2023-08-21-18h-28m-50s,0,0,344,344,1
IPRL+2fe9715d+2023-08-21-20h-57m-38s,0,43,256,256,1
IPRL+2fe9715d+2023-08-21-21h-03m-17s,0,20,597,597,1
IPRL+2fe9715d+2023-08-21-21h-08m-47s,0,0,576,576,1
IPRL+2fe9715d+2023-08-21-21h-17m-46s,0,0,428,428,1
IPRL+2fe9715d+2023-08-21-21h-42m-31s,0,18,348,370,1
IPRL+2fe9715d+2023-08-21-21h-49m-09s,0,20,376,376,1
IPRL+2fe9715d+2023-08-21-22h-20m-24s,0,20,255,255,1
IPRL+2fe9715d+2023-08-21-22h-54m-01s,0,13,154,234,3
IPRL+2fe9715d+2023-08-21-22h-54m-01s,1,182,208,234,3
IPRL+2fe9715d+2023-08-21-22h-54m-01s,2,227,234,234,3
IPRL+2fe9715d+2023-08-21-23h-10m-12s,0,53,311,311,1
IPRL+2fe9715d+2023-08-21-23h-41m-44s,0,0,242,246,1
IPRL+2fe9715d+2023-08-22-00h-02m-59s,0,16,342,342,1
IPRL+2fe9715d+2023-08-22-00h-08m-29s,0,12,111,228,2
IPRL+2fe9715d+2023-08-22-00h-08m-29s,1,176,218,228,2
IPRL+2fe9715d+2023-08-22-11h-46m-59s,0,0,82,221,2
IPRL+2fe9715d+2023-08-22-11h-46m-59s,1,206,213,221,2
IPRL+2fe9715d+2023-08-22-12h-37m-25s,0,0,83,125,3
IPRL+2fe9715d+2023-08-22-12h-37m-25s,1,89,101,125,3
IPRL+2fe9715d+2023-08-22-12h-37m-25s,2,113,120,125,3
IPRL+2fe9715d+2023-08-22-20h-50m-51s,0,0,241,241,1
IPRL+2fe9715d+2023-08-22-21h-22m-00s,0,0,392,674,2
IPRL+2fe9715d+2023-08-22-21h-22m-00s,1,404,674,674,2
IPRL+2fe9715d+2023-08-22-21h-23m-29s,0,18,121,399,3
IPRL+2fe9715d+2023-08-22-21h-23m-29s,1,150,173,399,3
IPRL+2fe9715d+2023-08-22-21h-23m-29s,2,187,399,399,3
IPRL+2fe9715d+2023-08-22-21h-51m-34s,0,0,100,209,1
IPRL+2fe9715d+2023-08-22-23h-36m-17s,0,54,91,323,2
IPRL+2fe9715d+2023-08-22-23h-36m-17s,1,310,323,323,2
IPRL+2fe9715d+2023-08-23-12h-16m-57s,0,0,157,157,1
IPRL+2fe9715d+2023-08-23-12h-35m-46s,0,0,330,330,1
IPRL+2fe9715d+2023-08-23-12h-40m-07s,0,0,421,421,1
IPRL+2fe9715d+2023-08-24-12h-34m-31s,0,0,95,307,3
IPRL+2fe9715d+2023-08-24-12h-34m-31s,1,110,119,307,3
IPRL+2fe9715d+2023-08-24-12h-34m-31s,2,138,307,307,3
IPRL+2fe9715d+2023-08-24-12h-39m-35s,0,0,265,265,1
IPRL+2fe9715d+2023-08-24-13h-21m-32s,0,0,152,521,3
IPRL+2fe9715d+2023-08-24-13h-21m-32s,1,171,506,521,3
IPRL+2fe9715d+2023-08-24-13h-21m-32s,2,513,521,521,3
IPRL+2fe9715d+2023-08-24-18h-43m-40s,0,0,528,528,1
IPRL+2fe9715d+2023-08-24-19h-11m-15s,0,0,358,358,1
IPRL+2fe9715d+2023-08-24-20h-29m-28s,0,0,123,410,3
IPRL+2fe9715d+2023-08-24-20h-29m-28s,1,126,281,410,3
IPRL+2fe9715d+2023-08-24-20h-29m-28s,2,363,410,410,3
IPRL+2fe9715d+2023-08-24-21h-29m-53s,0,0,33,401,3
IPRL+2fe9715d+2023-08-24-21h-29m-53s,1,307,317,401,3
IPRL+2fe9715d+2023-08-24-21h-29m-53s,2,350,401,401,3
IPRL+2fe9715d+2023-08-24-21h-40m-58s,0,0,135,183,3
IPRL+2fe9715d+2023-08-24-21h-40m-58s,1,139,140,183,3
IPRL+2fe9715d+2023-08-24-21h-40m-58s,2,165,183,183,3
IPRL+2fe9715d+2023-08-24-22h-10m-30s,0,0,400,400,1
IPRL+2fe9715d+2023-08-24-22h-11m-19s,0,0,152,152,1
IPRL+2fe9715d+2023-08-24-22h-24m-04s,0,0,222,222,1
IPRL+2fe9715d+2023-08-24-22h-31m-35s,0,0,172,172,1
IPRL+2fe9715d+2023-08-24-22h-40m-55s,0,0,300,300,1
IPRL+2fe9715d+2023-08-24-22h-57m-47s,0,0,522,522,1
IPRL+2fe9715d+2023-08-25-14h-15m-17s,0,0,38,282,2
IPRL+2fe9715d+2023-08-25-14h-15m-17s,1,134,282,282,2
IPRL+2fe9715d+2023-08-25-14h-24m-22s,0,0,85,337,1
IPRL+2fe9715d+2023-08-25-14h-34m-17s,0,0,148,148,1
IPRL+2fe9715d+2023-08-25-15h-47m-53s,0,0,161,216,2
IPRL+2fe9715d+2023-08-25-15h-47m-53s,1,177,216,216,2
IPRL+2fe9715d+2023-08-25-15h-57m-51s,0,0,211,211,1
IPRL+2fe9715d+2023-08-25-16h-03m-40s,0,0,526,526,1
IPRL+2fe9715d+2023-08-25-16h-07m-12s,0,0,170,170,1
IPRL+41a1536a+2023-10-26-23h-37m-56s,0,0,710,710,1
IPRL+41a1536a+2023-10-30-18h-34m-52s,0,0,300,300,1
IPRL+41a1536a+2023-10-30-18h-39m-58s,0,0,287,287,1
IPRL+41a1536a+2023-10-30-18h-46m-09s,0,0,485,485,1
IPRL+41a1536a+2023-11-01-22h-11m-26s,0,0,344,344,1
IPRL+41a1536a+2023-11-02-17h-07m-34s,0,0,18,313,1
IPRL+41a1536a+2023-11-02-17h-11m-31s,0,0,37,244,1
IPRL+41a1536a+2023-11-02-21h-12m-49s,0,0,263,263,1
IPRL+41a1536a+2023-11-02-21h-14m-21s,0,11,240,240,1
IPRL+41a1536a+2023-11-02-21h-19m-04s,0,0,214,214,1
IPRL+41a1536a+2023-11-02-21h-24m-01s,0,0,208,208,1
IPRL+41a1536a+2023-11-02-21h-24m-25s,0,0,543,543,1
IPRL+41a1536a+2023-11-02-21h-38m-00s,0,0,283,283,1
IPRL+41a1536a+2023-11-02-22h-09m-31s,0,0,393,393,1
IPRL+41a1536a+2023-11-02-22h-40m-19s,0,0,210,210,1
IPRL+41a1536a+2023-11-08-23h-17m-09s,0,0,393,541,2
IPRL+41a1536a+2023-11-08-23h-17m-09s,1,400,541,541,2
IPRL+41a1536a+2023-11-08-23h-18m-54s,0,0,883,883,1
IPRL+41a1536a+2023-11-08-23h-26m-23s,0,0,296,296,1
IPRL+41a1536a+2023-11-08-23h-27m-01s,0,0,245,245,1
IPRL+41a1536a+2023-11-08-23h-33m-16s,0,0,101,408,7
IPRL+41a1536a+2023-11-08-23h-33m-16s,1,172,210,408,7
IPRL+41a1536a+2023-11-08-23h-33m-16s,2,219,227,408,7
IPRL+41a1536a+2023-11-08-23h-33m-16s,3,248,249,408,7
IPRL+41a1536a+2023-11-08-23h-33m-16s,4,261,281,408,7
IPRL+41a1536a+2023-11-08-23h-33m-16s,5,315,317,408,7
IPRL+41a1536a+2023-11-08-23h-33m-16s,6,375,408,408,7
IPRL+41a1536a+2023-11-08-23h-40m-44s,0,0,431,431,1
IPRL+41a1536a+2023-11-09-16h-55m-17s,0,0,109,403,3
IPRL+41a1536a+2023-11-09-16h-55m-17s,1,165,229,403,3
IPRL+41a1536a+2023-11-09-16h-55m-17s,2,238,403,403,3
IPRL+41a1536a+2023-11-09-17h-27m-17s,0,0,105,255,2
IPRL+41a1536a+2023-11-09-17h-27m-17s,1,118,255,255,2
IPRL+41a1536a+2023-11-09-17h-36m-16s,0,0,76,230,2
IPRL+41a1536a+2023-11-09-17h-36m-16s,1,126,230,230,2
IPRL+41a1536a+2023-11-09-18h-11m-36s,0,0,234,371,3
IPRL+41a1536a+2023-11-09-18h-11m-36s,1,239,287,371,3
IPRL+41a1536a+2023-11-09-18h-11m-36s,2,296,371,371,3
IPRL+41a1536a+2023-11-09-18h-16m-50s,0,0,504,504,1
IPRL+41a1536a+2023-11-09-18h-27m-17s,0,0,196,531,4
IPRL+41a1536a+2023-11-09-18h-27m-17s,1,230,330,531,4
IPRL+41a1536a+2023-11-09-18h-27m-17s,2,379,453,531,4
IPRL+41a1536a+2023-11-09-18h-27m-17s,3,480,531,531,4
IPRL+41a1536a+2023-11-13-23h-59m-55s,0,0,124,491,2
IPRL+41a1536a+2023-11-13-23h-59m-55s,1,185,491,491,2
IPRL+41a1536a+2023-11-14-00h-06m-08s,0,0,215,581,3
IPRL+41a1536a+2023-11-14-00h-06m-08s,1,228,291,581,3
IPRL+41a1536a+2023-11-14-00h-06m-08s,2,304,581,581,3
IPRL+41a1536a+2023-11-14-00h-10m-21s,0,0,349,349,1
IPRL+41a1536a+2023-11-14-00h-27m-13s,0,0,230,230,1
IPRL+41a1536a+2023-11-14-00h-30m-20s,0,0,374,374,1
IPRL+41a1536a+2023-11-14-13h-59m-53s,0,0,195,195,1
IPRL+41a1536a+2023-11-14-14h-00m-59s,0,0,484,484,1
IPRL+41a1536a+2023-11-14-15h-08m-37s,0,0,232,232,1
IPRL+41a1536a+2023-11-14-15h-15m-27s,0,0,189,189,1
IPRL+5085c3ce+2023-10-08-14h-00m-12s,0,0,177,217,2
IPRL+5085c3ce+2023-10-08-14h-00m-12s,1,198,217,217,2
IPRL+5085c3ce+2023-10-11-01h-33m-03s,0,0,308,308,1
IPRL+5085c3ce+2023-10-11-02h-10m-59s,0,0,248,248,1
IPRL+5085c3ce+2023-10-11-02h-12m-15s,0,0,240,240,1
IPRL+5085c3ce+2023-10-11-03h-19m-46s,0,0,341,341,1
IPRL+5085c3ce+2023-10-11-22h-38m-54s,0,0,49,179,2
IPRL+5085c3ce+2023-10-11-22h-38m-54s,1,69,179,179,2
IPRL+5085c3ce+2023-10-11-23h-13m-48s,0,0,409,409,1
IPRL+5085c3ce+2023-10-11-23h-19m-58s,0,0,494,494,1
IPRL+5085c3ce+2023-10-11-23h-27m-23s,0,0,190,289,2
IPRL+5085c3ce+2023-10-11-23h-27m-23s,1,277,289,289,2
IPRL+5085c3ce+2023-10-11-23h-34m-56s,0,0,373,373,1
IPRL+5085c3ce+2023-10-11-23h-39m-37s,0,0,251,251,1
IPRL+5085c3ce+2023-10-11-23h-53m-08s,0,0,165,165,1
IPRL+5085c3ce+2023-10-11-23h-53m-50s,0,0,101,238,2
IPRL+5085c3ce+2023-10-11-23h-53m-50s,1,121,124,238,2
IPRL+5085c3ce+2023-10-12-01h-25m-40s,0,0,425,698,3
IPRL+5085c3ce+2023-10-12-01h-25m-40s,1,451,461,698,3
IPRL+5085c3ce+2023-10-12-01h-25m-40s,2,580,698,698,3
IPRL+5085c3ce+2023-10-12-23h-26m-03s,0,0,181,181,1
IPRL+5085c3ce+2023-10-13-13h-38m-14s,0,0,354,354,1
IPRL+5085c3ce+2023-10-13-22h-08m-30s,0,0,1045,1045,1
IPRL+5085c3ce+2023-10-14-21h-06m-37s,0,0,99,355,3
IPRL+5085c3ce+2023-10-14-21h-06m-37s,1,145,222,355,3
IPRL+5085c3ce+2023-10-14-21h-06m-37s,2,294,355,355,3
IPRL+5085c3ce+2023-10-14-21h-22m-06s,0,0,186,241,2
IPRL+5085c3ce+2023-10-14-21h-22m-06s,1,193,241,241,2
IPRL+5085c3ce+2023-10-14-21h-33m-59s,0,0,94,238,2
IPRL+5085c3ce+2023-10-14-21h-33m-59s,1,135,238,238,2
IPRL+5085c3ce+2023-10-14-22h-05m-10s,0,0,1156,1156,1
IPRL+5085c3ce+2023-10-14-22h-56m-25s,0,0,181,349,3
IPRL+5085c3ce+2023-10-14-22h-56m-25s,1,215,260,349,3
IPRL+5085c3ce+2023-10-14-22h-56m-25s,2,299,349,349,3
IPRL+5085c3ce+2023-10-16-20h-07m-32s,0,0,482,482,1
IPRL+5085c3ce+2023-10-16-20h-20m-19s,0,0,214,214,1
IPRL+5085c3ce+2023-10-16-20h-55m-58s,0,0,41,127,2
IPRL+5085c3ce+2023-10-16-20h-55m-58s,1,106,127,127,2
IPRL+5085c3ce+2023-10-17-21h-14m-05s,0,0,137,650,3
IPRL+5085c3ce+2023-10-17-21h-14m-05s,1,206,619,650,3
IPRL+5085c3ce+2023-10-17-21h-14m-05s,2,622,650,650,3
IPRL+5085c3ce+2023-10-17-21h-31m-47s,0,0,673,673,1
IPRL+5085c3ce+2023-10-17-21h-35m-33s,0,0,470,470,1
IPRL+5085c3ce+2023-10-17-21h-41m-05s,0,0,431,431,1
IPRL+5085c3ce+2023-10-17-22h-31m-22s,0,0,896,896,1
IPRL+5085c3ce+2023-10-17-22h-45m-23s,0,0,863,863,1
IPRL+5085c3ce+2023-10-18-21h-12m-27s,0,0,170,170,1
IPRL+5085c3ce+2023-10-19-21h-43m-00s,0,0,132,1165,8
IPRL+5085c3ce+2023-10-19-21h-43m-00s,1,160,268,1165,8
IPRL+5085c3ce+2023-10-19-21h-43m-00s,2,284,418,1165,8
IPRL+5085c3ce+2023-10-19-21h-43m-00s,3,429,539,1165,8
IPRL+5085c3ce+2023-10-19-21h-43m-00s,4,543,646,1165,8
IPRL+5085c3ce+2023-10-19-21h-43m-00s,5,660,778,1165,8
IPRL+5085c3ce+2023-10-19-21h-43m-00s,6,793,1132,1165,8
IPRL+5085c3ce+2023-10-19-21h-43m-00s,7,1146,1165,1165,8
IPRL+5085c3ce+2023-10-19-23h-00m-22s,0,0,387,422,1
IPRL+5085c3ce+2023-10-19-23h-03m-38s,0,0,177,254,2
IPRL+5085c3ce+2023-10-19-23h-03m-38s,1,194,254,254,2
IPRL+5085c3ce+2023-10-19-23h-12m-40s,0,0,96,307,2
IPRL+5085c3ce+2023-10-19-23h-12m-40s,1,102,307,307,2
IPRL+5085c3ce+2023-10-19-23h-13m-08s,0,0,190,190,1
IPRL+5085c3ce+2023-10-19-23h-49m-40s,0,0,423,423,1
IPRL+5085c3ce+2023-10-19-23h-51m-11s,0,0,270,270,1
IPRL+5085c3ce+2023-10-21-14h-31m-29s,0,0,265,477,3
IPRL+5085c3ce+2023-10-21-14h-31m-29s,1,271,376,477,3
IPRL+5085c3ce+2023-10-21-14h-31m-29s,2,380,477,477,3
IPRL+5085c3ce+2023-10-21-15h-10m-49s,0,0,151,218,2
IPRL+5085c3ce+2023-10-21-15h-10m-49s,1,179,218,218,2
IPRL+5085c3ce+2023-10-21-15h-36m-30s,0,0,41,246,4
IPRL+5085c3ce+2023-10-21-15h-36m-30s,1,90,129,246,4
IPRL+5085c3ce+2023-10-21-15h-36m-30s,2,144,150,246,4
IPRL+5085c3ce+2023-10-21-15h-36m-30s,3,186,246,246,4
IPRL+5085c3ce+2023-10-21-17h-45m-44s,0,0,124,198,2
IPRL+5085c3ce+2023-10-21-17h-45m-44s,1,148,198,198,2
IPRL+5085c3ce+2023-10-21-19h-22m-59s,0,0,50,243,3
IPRL+5085c3ce+2023-10-21-19h-22m-59s,1,77,151,243,3
IPRL+5085c3ce+2023-10-21-19h-22m-59s,2,169,243,243,3
IPRL+5085c3ce+2023-10-21-19h-25m-45s,0,0,280,280,1
IPRL+5085c3ce+2023-10-21-19h-29m-24s,0,0,144,198,2
IPRL+5085c3ce+2023-10-21-19h-29m-24s,1,167,198,198,2
IPRL+5085c3ce+2023-10-21-19h-46m-56s,0,0,145,202,2
IPRL+5085c3ce+2023-10-21-19h-46m-56s,1,167,202,202,2
IPRL+5085c3ce+2023-10-21-19h-47m-18s,0,0,46,192,4
IPRL+5085c3ce+2023-10-21-19h-47m-18s,1,60,73,192,4
IPRL+5085c3ce+2023-10-21-19h-47m-18s,2,77,86,192,4
IPRL+5085c3ce+2023-10-21-19h-47m-18s,3,158,192,192,4
IPRL+5085c3ce+2023-10-21-21h-34m-36s,0,0,73,341,3
IPRL+5085c3ce+2023-10-21-21h-34m-36s,1,93,156,341,3
IPRL+5085c3ce+2023-10-21-21h-34m-36s,2,238,341,341,3
IPRL+5085c3ce+2023-10-22-00h-46m-49s,0,0,254,254,1
IPRL+5085c3ce+2023-10-22-00h-59m-27s,0,0,241,241,1
IPRL+5085c3ce+2023-10-22-10h-47m-48s,0,0,668,668,1
IPRL+5085c3ce+2023-10-22-13h-50m-44s,0,0,134,134,1
IPRL+5085c3ce+2023-10-22-14h-49m-04s,0,0,309,309,1
IPRL+5085c3ce+2023-10-22-14h-52m-00s,0,0,534,1052,3
IPRL+5085c3ce+2023-10-22-14h-52m-00s,1,538,775,1052,3
IPRL+5085c3ce+2023-10-22-14h-52m-00s,2,813,1052,1052,3
IPRL+5085c3ce+2023-10-22-15h-00m-46s,0,0,346,346,1
IPRL+7790ec0a+2023-03-31-16h-23m-48s,0,163,318,318,1
IPRL+7790ec0a+2023-04-19-17h-59m-17s,0,0,529,529,1
IPRL+7790ec0a+2023-04-19-19h-02m-15s,0,0,202,202,1
IPRL+7790ec0a+2023-04-21-20h-44m-25s,0,0,243,243,1
IPRL+7790ec0a+2023-04-21-20h-48m-06s,0,0,243,243,1
IPRL+7790ec0a+2023-04-21-21h-38m-56s,0,0,249,249,1
IPRL+7790ec0a+2023-04-21-21h-50m-00s,0,0,185,185,1
IPRL+7790ec0a+2023-04-21-21h-55m-26s,0,0,117,117,1
IPRL+7790ec0a+2023-04-21-21h-55m-44s,0,0,156,156,1
IPRL+7790ec0a+2023-04-21-21h-58m-01s,0,0,152,152,1
IPRL+7790ec0a+2023-04-24-16h-33m-55s,0,0,101,156,2
IPRL+7790ec0a+2023-04-24-16h-33m-55s,1,105,156,156,2
IPRL+7790ec0a+2023-04-24-16h-36m-17s,0,0,186,186,1
IPRL+7790ec0a+2023-04-24-16h-41m-38s,0,17,205,205,1
IPRL+7790ec0a+2023-04-24-16h-58m-11s,0,0,252,252,1
IPRL+7790ec0a+2023-04-24-16h-58m-51s,0,0,243,243,1
IPRL+7790ec0a+2023-04-24-17h-00m-49s,0,0,167,167,1
IPRL+7790ec0a+2023-04-30-18h-17m-27s,0,0,240,240,1
IPRL+7790ec0a+2023-04-30-18h-20m-20s,0,0,331,331,1
IPRL+7790ec0a+2023-04-30-18h-22m-00s,0,0,233,233,1
IPRL+7790ec0a+2023-04-30-18h-25m-48s,0,0,191,191,1
IPRL+7790ec0a+2023-04-30-18h-55m-45s,0,0,203,203,1
IPRL+7790ec0a+2023-04-30-19h-04m-53s,0,0,237,237,1
IPRL+7790ec0a+2023-04-30-19h-05m-45s,0,0,71,377,2
IPRL+7790ec0a+2023-04-30-19h-05m-45s,1,80,377,377,2
IPRL+7790ec0a+2023-04-30-19h-24m-22s,0,0,196,196,1
IPRL+7790ec0a+2023-04-30-19h-24m-44s,0,0,208,208,1
IPRL+7790ec0a+2023-04-30-19h-39m-02s,0,0,138,138,1
IPRL+7790ec0a+2023-04-30-19h-40m-24s,0,0,119,119,1
IPRL+7790ec0a+2023-04-30-19h-42m-21s,0,0,151,151,1
IPRL+7790ec0a+2023-05-05-15h-57m-21s,0,0,151,151,1
IPRL+7790ec0a+2023-05-05-16h-09m-59s,0,0,128,128,1
IPRL+7790ec0a+2023-05-05-16h-19m-59s,0,0,119,119,1
IPRL+7790ec0a+2023-05-05-16h-31m-19s,0,0,155,155,1
IPRL+7790ec0a+2023-05-05-16h-34m-59s,0,0,182,182,1
IPRL+7790ec0a+2023-05-05-16h-51m-15s,0,0,112,112,1
IPRL+7790ec0a+2023-05-05-16h-54m-53s,0,0,183,183,1
IPRL+7790ec0a+2023-05-05-17h-09m-49s,0,0,202,202,1
IPRL+7790ec0a+2023-05-05-17h-18m-21s,0,0,169,169,1
IPRL+7790ec0a+2023-05-05-17h-22m-13s,0,0,188,188,1
IPRL+7790ec0a+2023-05-05-17h-37m-50s,0,0,102,102,1
IPRL+7790ec0a+2023-05-05-17h-44m-38s,0,0,137,137,1
IPRL+7790ec0a+2023-05-05-17h-46m-21s,0,0,161,161,1
IPRL+7790ec0a+2023-06-19-22h-56m-28s,0,60,481,481,1
IPRL+7790ec0a+2023-06-19-22h-58m-35s,0,0,770,770,1
IPRL+7790ec0a+2023-06-19-23h-18m-53s,0,33,262,262,1
IPRL+7790ec0a+2023-06-26-23h-24m-08s,0,23,147,147,1
IPRL+7790ec0a+2023-06-27-20h-37m-26s,0,36,143,143,1
IPRL+7790ec0a+2023-06-27-20h-42m-35s,0,47,140,140,1
IPRL+7790ec0a+2023-06-27-20h-57m-09s,0,22,105,105,1
IPRL+7790ec0a+2023-06-30-17h-15m-06s,0,0,259,259,1
IPRL+7790ec0a+2023-06-30-17h-19m-02s,0,0,219,219,1
IPRL+7790ec0a+2023-06-30-17h-28m-48s,0,0,243,243,1
IPRL+7790ec0a+2023-06-30-17h-51m-29s,0,0,587,587,1
IPRL+7790ec0a+2023-06-30-18h-04m-49s,0,0,348,348,1
IPRL+7790ec0a+2023-06-30-18h-51m-44s,0,0,204,204,1
IPRL+7790ec0a+2023-06-30-18h-53m-25s,0,0,165,165,1
IPRL+7790ec0a+2023-06-30-18h-58m-00s,0,0,94,94,1
IPRL+7790ec0a+2023-06-30-19h-19m-56s,0,0,200,200,1
IPRL+7790ec0a+2023-06-30-19h-21m-57s,0,0,143,143,1
IPRL+7790ec0a+2023-06-30-20h-19m-16s,0,0,133,133,1
IPRL+7790ec0a+2023-06-30-20h-20m-44s,0,0,338,412,2
IPRL+7790ec0a+2023-06-30-20h-20m-44s,1,353,412,412,2
IPRL+7790ec0a+2023-06-30-21h-25m-20s,0,0,153,153,1
IPRL+7790ec0a+2023-06-30-21h-29m-26s,0,0,183,183,1
IPRL+7790ec0a+2023-06-30-21h-29m-45s,0,0,181,181,1
IPRL+7790ec0a+2023-06-30-21h-30m-06s,0,0,182,182,1
IPRL+7790ec0a+2023-06-30-21h-37m-23s,0,0,692,692,1
IPRL+7790ec0a+2023-06-30-22h-03m-28s,0,0,211,213,1
IPRL+7790ec0a+2023-06-30-22h-08m-05s,0,0,156,156,1
IPRL+7790ec0a+2023-06-30-22h-12m-02s,0,0,236,236,1
IPRL+7790ec0a+2023-07-01-09h-42m-14s,0,0,172,172,1
IPRL+7790ec0a+2023-07-01-09h-53m-06s,0,0,857,857,1
IPRL+7790ec0a+2023-07-01-10h-15m-22s,0,0,718,718,1
IPRL+7790ec0a+2023-07-01-10h-19m-16s,0,0,550,550,1
IPRL+7790ec0a+2023-07-01-10h-26m-31s,0,0,372,372,1
IPRL+7790ec0a+2023-07-01-10h-27m-05s,0,0,420,420,1
IPRL+7790ec0a+2023-07-01-10h-33m-09s,0,0,342,342,1
IPRL+7790ec0a+2023-07-01-11h-36m-05s,0,0,163,163,1
IPRL+7790ec0a+2023-10-07-15h-41m-14s,0,0,338,338,1
IPRL+89b42cd2+2023-11-24-20h-19m-51s,0,0,346,346,1
IPRL+89b42cd2+2023-11-24-20h-28m-40s,0,0,622,622,1
IPRL+89b42cd2+2023-11-24-21h-06m-16s,0,0,470,470,1
IPRL+89b42cd2+2023-11-24-21h-09m-27s,0,0,244,1189,2
IPRL+89b42cd2+2023-11-24-21h-09m-27s,1,276,1189,1189,2
IPRL+89b42cd2+2023-11-24-21h-21m-26s,0,0,49,311,1
IPRL+89b42cd2+2023-11-24-22h-18m-29s,0,0,505,505,1
IPRL+89b42cd2+2023-11-27-17h-00m-44s,0,0,77,485,3
IPRL+89b42cd2+2023-11-27-17h-00m-44s,1,196,258,485,3
IPRL+89b42cd2+2023-11-27-17h-00m-44s,2,281,485,485,3
IPRL+89b42cd2+2023-11-27-17h-15m-46s,0,0,947,947,1
IPRL+89b42cd2+2023-11-27-18h-11m-33s,0,0,407,407,1
IPRL+89b42cd2+2023-11-27-19h-56m-05s,0,0,472,472,1
IPRL+89b42cd2+2023-11-27-19h-58m-59s,0,0,247,247,1
IPRL+89b42cd2+2023-11-27-20h-01m-41s,0,0,331,331,1
IPRL+89b42cd2+2023-11-27-20h-13m-46s,0,53,554,554,1
IPRL+c850f181+2023-07-01-16h-30m-41s,0,0,681,681,1
IPRL+edf28ef3+2023-04-23-10h-42m-26s,0,0,508,508,1
IPRL+edf28ef3+2023-04-23-11h-01m-16s,0,0,264,264,1
IPRL+edf28ef3+2023-04-23-11h-04m-04s,0,0,341,341,1
IPRL+edf28ef3+2023-04-23-11h-06m-02s,0,0,351,351,1
IPRL+edf28ef3+2023-05-12-15h-33m-28s,0,0,284,409,2
IPRL+edf28ef3+2023-05-12-15h-33m-28s,1,314,409,409,2
IPRL+edf28ef3+2023-05-12-15h-35m-38s,0,0,167,167,1
IPRL+edf28ef3+2023-05-12-16h-06m-57s,0,32,278,278,1
IPRL+edf28ef3+2023-05-12-16h-35m-59s,0,35,542,542,1
IPRL+edf28ef3+2023-12-18-15h-42m-35s,0,0,150,150,1
IPRL+edf28ef3+2023-12-18-15h-46m-44s,0,0,215,215,1
IPRL+edf28ef3+2023-12-18-15h-52m-44s,0,0,114,114,1
IPRL+edf28ef3+2023-12-18-15h-54m-46s,0,0,169,169,1
IPRL+edf28ef3+2023-12-18-16h-00m-46s,0,0,116,116,1
IPRL+edf28ef3+2023-12-18-16h-05m-10s,0,0,130,130,1
IPRL+edf28ef3+2023-12-18-16h-05m-46s,0,0,106,106,1
IPRL+edf28ef3+2023-12-18-16h-07m-26s,0,0,101,101,1
IPRL+edf28ef3+2023-12-18-16h-09m-03s,0,0,96,96,1
IPRL+edf28ef3+2023-12-18-16h-14m-21s,0,0,98,98,1
IPRL+edf28ef3+2023-12-18-16h-16m-08s,0,0,89,89,1
IPRL+edf28ef3+2023-12-18-16h-24m-51s,0,0,315,315,1
IPRL+edf28ef3+2023-12-18-16h-25m-59s,0,0,125,125,1
IPRL+edf28ef3+2023-12-18-16h-39m-28s,0,0,115,115,1
IPRL+edf28ef3+2023-12-18-16h-40m-46s,0,0,122,122,1
IPRL+edf28ef3+2023-12-18-17h-02m-47s,0,0,137,137,1
IPRL+edf28ef3+2023-12-18-17h-07m-44s,0,0,138,138,1
IPRL+edf28ef3+2023-12-18-17h-08m-02s,0,0,217,217,1
IPRL+edf28ef3+2023-12-18-17h-11m-15s,0,0,116,116,1
IPRL+edf28ef3+2023-12-18-17h-14m-34s,0,0,97,97,1
IPRL+edf28ef3+2023-12-18-17h-25m-01s,0,0,106,106,1
IPRL+edf28ef3+2023-12-18-17h-25m-49s,0,0,101,101,1
IPRL+edf28ef3+2023-12-18-17h-26m-04s,0,0,114,114,1
IPRL+edf28ef3+2023-12-18-17h-27m-12s,0,0,93,93,1
IPRL+edf28ef3+2023-12-18-17h-54m-06s,0,0,296,296,1
IPRL+edf28ef3+2023-12-18-18h-29m-51s,0,0,243,243,1
IPRL+edf28ef3+2023-12-18-18h-52m-57s,0,0,218,218,1
IPRL+edf28ef3+2023-12-18-19h-06m-50s,0,0,158,158,1
IPRL+edf28ef3+2023-12-18-19h-14m-43s,0,0,256,256,1
IPRL+edf28ef3+2023-12-18-19h-15m-28s,0,0,229,229,1
IPRL+edf28ef3+2023-12-18-20h-24m-09s,0,0,288,288,1
IPRL+edf28ef3+2023-12-18-20h-41m-14s,0,0,304,304,1
IPRL+edf28ef3+2023-12-18-21h-03m-16s,0,0,850,850,1
IPRL+edf28ef3+2023-12-18-22h-42m-31s,0,0,263,329,2
IPRL+edf28ef3+2023-12-18-22h-42m-31s,1,319,329,329,2
IPRL+edf28ef3+2023-12-18-22h-58m-35s,0,0,325,325,1
IPRL+edf28ef3+2023-12-18-23h-54m-47s,0,0,261,261,1
IPRL+edf28ef3+2023-12-19-11h-08m-56s,0,0,209,288,2
IPRL+edf28ef3+2023-12-19-11h-08m-56s,1,227,288,288,2
IPRL+edf28ef3+2023-12-19-21h-15m-45s,0,15,216,523,4
IPRL+edf28ef3+2023-12-19-21h-15m-45s,1,233,279,523,4
IPRL+edf28ef3+2023-12-19-21h-15m-45s,2,286,332,523,4
IPRL+edf28ef3+2023-12-19-21h-15m-45s,3,339,523,523,4
IPRL+edf28ef3+2023-12-19-22h-17m-20s,0,33,146,146,1
IPRL+edf28ef3+2023-12-19-22h-26m-56s,0,10,189,189,1
IPRL+edf28ef3+2023-12-19-22h-57m-34s,0,12,151,151,1
IPRL+edf28ef3+2023-12-19-23h-04m-44s,0,31,141,141,1
IPRL+edf28ef3+2023-12-20-12h-04m-47s,0,30,429,429,1
IPRL+edf28ef3+2023-12-20-12h-28m-16s,0,21,158,485,2
IPRL+edf28ef3+2023-12-20-12h-28m-16s,1,309,485,485,2
IPRL+edf28ef3+2023-12-20-12h-46m-02s,0,0,23,326,2
IPRL+edf28ef3+2023-12-20-12h-46m-02s,1,28,326,326,2
IPRL+edf28ef3+2023-12-20-12h-49m-22s,0,0,730,730,1
IPRL+edf28ef3+2023-12-20-13h-11m-41s,0,20,218,218,1
IPRL+edf28ef3+2023-12-20-14h-54m-21s,0,33,233,233,1
IPRL+edf28ef3+2023-12-20-14h-56m-03s,0,26,561,561,1
IPRL+edf28ef3+2023-12-20-15h-37m-25s,0,20,172,172,1
IPRL+edf28ef3+2024-01-01-10h-24m-59s,0,0,191,191,1
IPRL+edf28ef3+2024-01-01-10h-34m-34s,0,0,149,149,1
IPRL+edf28ef3+2024-01-01-10h-46m-29s,0,0,150,150,1
IPRL+edf28ef3+2024-01-01-10h-46m-51s,0,0,154,154,1
IPRL+edf28ef3+2024-01-01-10h-49m-15s,0,0,122,122,1
IPRL+edf28ef3+2024-01-01-10h-59m-47s,0,0,273,273,1
IPRL+edf28ef3+2024-01-01-11h-05m-23s,0,0,195,195,1
IPRL+edf28ef3+2024-01-01-11h-06m-52s,0,0,255,255,1
IPRL+edf28ef3+2024-01-01-11h-11m-30s,0,0,187,187,1
IPRL+edf28ef3+2024-01-01-11h-14m-54s,0,0,326,326,1
IPRL+edf28ef3+2024-01-01-11h-28m-05s,0,0,205,205,1
IPRL+edf28ef3+2024-01-01-11h-38m-26s,0,0,231,231,1
IPRL+edf28ef3+2024-01-01-12h-02m-26s,0,0,162,162,1
IPRL+edf28ef3+2024-01-01-12h-17m-01s,0,0,362,362,1
IPRL+edf28ef3+2024-01-01-12h-23m-27s,0,0,293,293,1
IPRL+edf28ef3+2024-01-01-12h-32m-17s,0,0,256,256,1
IPRL+edf28ef3+2024-01-01-12h-37m-15s,0,0,211,211,1
IPRL+edf28ef3+2024-01-01-17h-53m-19s,0,0,195,195,1
IPRL+edf28ef3+2024-01-01-17h-54m-33s,0,0,255,255,1
IPRL+edf28ef3+2024-01-01-18h-07m-51s,0,0,171,171,1
IPRL+edf28ef3+2024-01-01-18h-08m-13s,0,0,134,134,1
IPRL+edf28ef3+2024-01-02-10h-22m-08s,0,25,1360,1360,1
IPRL+edf28ef3+2024-01-02-10h-39m-13s,0,17,2016,2016,1
IPRL+edf28ef3+2024-01-02-10h-50m-10s,0,25,1806,1806,1
IPRL+edf28ef3+2024-01-02-10h-54m-10s,0,20,1338,1338,1
IPRL+edf28ef3+2024-01-02-10h-58m-33s,0,30,1001,1001,1
IPRL+edf28ef3+2024-01-02-12h-14m-54s,0,24,94,94,1
IPRL+edf28ef3+2024-01-02-13h-02m-06s,0,331,344,1458,4
IPRL+edf28ef3+2024-01-02-13h-02m-06s,1,352,369,1458,4
IPRL+edf28ef3+2024-01-02-13h-02m-06s,2,778,800,1458,4
IPRL+edf28ef3+2024-01-02-13h-02m-06s,3,943,956,1458,4
IPRL+edf28ef3+2024-01-02-15h-21m-01s,0,73,133,2437,7
IPRL+edf28ef3+2024-01-02-15h-21m-01s,1,171,334,2437,7
IPRL+edf28ef3+2024-01-02-15h-21m-01s,2,356,624,2437,7
IPRL+edf28ef3+2024-01-02-15h-21m-01s,3,632,766,2437,7
IPRL+edf28ef3+2024-01-02-15h-21m-01s,4,773,978,2437,7
IPRL+edf28ef3+2024-01-02-15h-21m-01s,5,993,2126,2437,7
IPRL+edf28ef3+2024-01-02-15h-21m-01s,6,2149,2437,2437,7
IPRL+edf28ef3+2024-01-02-20h-28m-23s,0,0,295,295,1
IPRL+edf28ef3+2024-01-02-20h-59m-43s,0,0,776,776,1
IPRL+edf28ef3+2024-01-02-21h-03m-31s,0,0,404,404,1
IPRL+edf28ef3+2024-01-02-21h-13m-34s,0,0,499,499,1
IPRL+edf28ef3+2024-01-02-22h-27m-04s,0,0,1310,1310,1
IPRL+w026bb9b+2023-04-20-23h-02m-05s,0,66,132,214,2
IPRL+w026bb9b+2023-04-20-23h-02m-05s,1,182,195,214,2
IPRL+w026bb9b+2023-04-20-23h-08m-29s,0,84,201,349,2
IPRL+w026bb9b+2023-04-20-23h-08m-29s,1,310,327,349,2
IPRL+w026bb9b+2023-04-20-23h-22m-49s,0,30,35,153,3
IPRL+w026bb9b+2023-04-20-23h-22m-49s,1,44,104,153,3
IPRL+w026bb9b+2023-04-20-23h-22m-49s,2,112,146,153,3
IPRL+w026bb9b+2023-04-20-23h-33m-44s,0,43,180,180,1
IPRL+w026bb9b+2023-04-20-23h-46m-13s,0,0,421,421,1
IPRL+w026bb9b+2023-04-21-00h-10m-46s,0,41,154,190,2
IPRL+w026bb9b+2023-04-21-00h-10m-46s,1,174,190,190,2
IPRL+w026bb9b+2023-04-21-00h-27m-34s,0,27,107,135,2
IPRL+w026bb9b+2023-04-21-00h-27m-34s,1,118,131,135,2
IPRL+w026bb9b+2023-04-21-00h-28m-25s,0,23,66,66,1
IPRL+w026bb9b+2023-04-21-00h-35m-57s,0,47,219,219,1
IPRL+w026bb9b+2023-04-21-00h-48m-34s,0,26,82,163,1
IPRL+w026bb9b+2023-09-22-17h-41m-52s,0,0,336,336,1
IPRL+w026bb9b+2023-09-22-17h-53m-21s,0,0,322,322,1
IPRL+w026bb9b+2023-09-22-18h-05m-40s,0,0,229,268,2
IPRL+w026bb9b+2023-09-22-18h-05m-40s,1,242,268,268,2
IPRL+w026bb9b+2023-09-22-18h-14m-54s,0,0,326,326,1
IPRL+w026bb9b+2023-09-22-18h-19m-29s,0,0,332,332,1
IPRL+w026bb9b+2023-09-22-18h-29m-49s,0,0,223,223,1
IPRL+w026bb9b+2023-09-22-18h-40m-41s,0,0,1095,1095,1
IPRL+w026bb9b+2023-09-22-19h-06m-41s,0,0,202,202,1
IPRL+w026bb9b+2023-09-22-19h-18m-58s,0,0,273,273,1
IPRL+w026bb9b+2023-09-22-19h-30m-08s,0,0,168,168,1
IPRL+w026bb9b+2023-09-22-19h-43m-58s,0,0,157,157,1
IPRL+w026bb9b+2023-09-22-19h-51m-11s,0,0,84,84,1
IPRL+w026bb9b+2023-09-22-19h-51m-50s,0,0,94,94,1
IPRL+w026bb9b+2023-09-22-19h-52m-33s,0,0,124,124,1
IPRL+w026bb9b+2023-09-22-19h-54m-19s,0,0,195,195,1
IPRL+w026bb9b+2023-09-22-19h-58m-25s,0,0,154,154,1
IPRL+w026bb9b+2023-09-22-20h-07m-26s,0,0,52,242,2
IPRL+w026bb9b+2023-09-22-20h-07m-26s,1,85,242,242,2
IPRL+w026bb9b+2023-09-22-20h-12m-31s,0,0,124,124,1
IPRL+w026bb9b+2023-09-22-20h-50m-19s,0,0,157,157,1
IPRL+w026bb9b+2023-09-22-22h-26m-35s,0,0,164,164,1
IPRL+w026bb9b+2023-09-22-22h-57m-01s,0,0,145,145,1
IPRL+w026bb9b+2023-09-22-23h-19m-14s,0,0,267,267,1
IPRL+w026bb9b+2023-09-22-23h-46m-18s,0,0,149,149,1
IPRL+w026bb9b+2023-09-23-03h-00m-36s,0,0,104,104,1
IRIS+0db32f7c+2023-12-07-14h-06m-52s,0,0,808,808,1
IRIS+226b9f35+2023-07-10-19h-43m-13s,0,37,413,413,1
IRIS+226b9f35+2023-07-10-20h-00m-45s,0,0,468,468,1
IRIS+226b9f35+2023-07-11-12h-47m-47s,0,0,115,218,2
IRIS+226b9f35+2023-07-11-12h-47m-47s,1,122,218,218,2
IRIS+226b9f35+2023-07-11-12h-51m-21s,0,0,453,453,1
IRIS+226b9f35+2023-07-11-13h-00m-50s,0,0,333,582,3
IRIS+226b9f35+2023-07-11-13h-00m-50s,1,411,446,582,3
IRIS+226b9f35+2023-07-11-13h-00m-50s,2,478,582,582,3
IRIS+226b9f35+2023-07-11-13h-15m-33s,0,0,367,367,1
IRIS+226b9f35+2023-07-11-13h-22m-48s,0,0,276,276,1
IRIS+226b9f35+2023-07-11-13h-35m-43s,0,0,294,294,1
IRIS+226b9f35+2023-07-11-21h-57m-23s,0,0,294,294,1
IRIS+226b9f35+2023-07-11-22h-02m-09s,0,0,188,188,1
IRIS+226b9f35+2023-07-11-22h-22m-39s,0,0,583,583,1
IRIS+226b9f35+2023-07-11-23h-31m-57s,0,0,291,291,1
IRIS+226b9f35+2023-07-11-23h-35m-51s,0,0,349,349,1
IRIS+226b9f35+2023-07-11-23h-36m-55s,0,0,300,300,1
IRIS+226b9f35+2023-07-11-23h-56m-04s,0,0,205,205,1
IRIS+226b9f35+2023-07-16-15h-35m-06s,0,0,364,364,1
IRIS+226b9f35+2023-07-16-16h-44m-16s,0,0,202,202,1
IRIS+226b9f35+2023-07-16-17h-28m-13s,0,0,150,414,4
IRIS+226b9f35+2023-07-16-17h-28m-13s,1,161,163,414,4
IRIS+226b9f35+2023-07-16-17h-28m-13s,2,181,286,414,4
IRIS+226b9f35+2023-07-16-17h-28m-13s,3,339,414,414,4
IRIS+226b9f35+2023-07-16-17h-30m-15s,0,0,245,245,1
IRIS+226b9f35+2023-07-18-21h-57m-46s,0,0,391,391,1
IRIS+226b9f35+2023-07-18-22h-08m-23s,0,0,554,554,1
IRIS+226b9f35+2023-07-18-22h-10m-38s,0,0,127,204,2
IRIS+226b9f35+2023-07-18-22h-10m-38s,1,151,204,204,2
IRIS+226b9f35+2023-07-18-22h-25m-35s,0,0,439,439,1
IRIS+226b9f35+2023-07-18-22h-28m-20s,0,0,346,1194,2
IRIS+226b9f35+2023-07-18-22h-28m-20s,1,378,1194,1194,2
IRIS+226b9f35+2023-07-18-22h-38m-05s,0,0,121,570,3
IRIS+226b9f35+2023-07-18-22h-38m-05s,1,152,388,570,3
IRIS+226b9f35+2023-07-18-22h-38m-05s,2,476,570,570,3
IRIS+226b9f35+2023-07-18-22h-45m-45s,0,0,397,397,1
IRIS+226b9f35+2023-07-18-22h-56m-18s,0,0,494,494,1
IRIS+226b9f35+2023-10-31-18h-40m-41s,0,0,124,124,1
IRIS+7dfa2da3+2023-04-13-15h-04m-58s,0,47,246,246,1
IRIS+7dfa2da3+2023-04-13-15h-12m-56s,0,0,243,243,1
IRIS+7dfa2da3+2023-04-13-15h-24m-31s,0,0,283,283,1
IRIS+7dfa2da3+2023-04-17-15h-42m-53s,0,0,259,259,1
IRIS+7dfa2da3+2023-04-17-15h-47m-31s,0,22,284,284,1
IRIS+7dfa2da3+2023-04-17-15h-52m-19s,0,0,224,224,1
IRIS+7dfa2da3+2023-04-17-15h-53m-42s,0,0,225,225,1
IRIS+7dfa2da3+2023-04-17-15h-56m-36s,0,0,468,468,1
IRIS+7dfa2da3+2023-04-18-10h-47m-59s,0,0,15,223,2
IRIS+7dfa2da3+2023-04-18-10h-47m-59s,1,20,223,223,2
IRIS+7dfa2da3+2023-04-18-10h-48m-25s,0,28,293,293,1
IRIS+7dfa2da3+2023-04-18-11h-30m-20s,0,15,114,174,2
IRIS+7dfa2da3+2023-04-18-11h-30m-20s,1,129,174,174,2
IRIS+7dfa2da3+2023-04-18-11h-56m-29s,0,78,265,377,2
IRIS+7dfa2da3+2023-04-18-11h-56m-29s,1,283,377,377,2
IRIS+7dfa2da3+2023-04-19-10h-09m-32s,0,25,249,249,1
IRIS+7dfa2da3+2023-04-26-09h-52m-21s,0,50,267,267,1
IRIS+7dfa2da3+2023-04-26-10h-12m-33s,0,30,221,228,1
IRIS+7dfa2da3+2023-04-26-10h-13m-10s,0,47,157,245,2
IRIS+7dfa2da3+2023-04-26-10h-13m-10s,1,164,245,245,2
IRIS+7dfa2da3+2023-04-26-10h-14m-27s,0,33,206,206,1
IRIS+7dfa2da3+2023-04-27-14h-58m-52s,0,32,225,225,1
IRIS+7dfa2da3+2023-04-27-15h-04m-15s,0,32,218,218,1
IRIS+7dfa2da3+2023-04-27-15h-10m-30s,0,55,369,369,1
IRIS+7dfa2da3+2023-04-27-15h-12m-20s,0,40,229,229,1
IRIS+7dfa2da3+2023-04-27-15h-40m-48s,0,25,252,252,1
IRIS+7dfa2da3+2023-05-03-09h-35m-38s,0,29,198,198,1
IRIS+7dfa2da3+2023-05-03-09h-52m-20s,0,22,234,234,1
IRIS+7dfa2da3+2023-05-03-09h-52m-51s,0,0,286,286,1
IRIS+7dfa2da3+2023-05-03-09h-55m-32s,0,0,186,186,1
IRIS+7dfa2da3+2023-05-05-10h-14m-39s,0,17,153,153,1
IRIS+7dfa2da3+2023-05-05-10h-19m-44s,0,31,182,182,1
IRIS+7dfa2da3+2023-05-05-10h-22m-47s,0,0,13,162,2
IRIS+7dfa2da3+2023-05-05-10h-22m-47s,1,23,162,162,2
IRIS+7dfa2da3+2023-05-05-10h-25m-03s,0,16,126,126,1
IRIS+7dfa2da3+2023-05-05-10h-29m-21s,0,24,137,137,1
IRIS+7dfa2da3+2023-05-05-10h-32m-20s,0,41,154,154,1
IRIS+7dfa2da3+2023-05-05-10h-43m-22s,0,11,103,103,1
IRIS+7dfa2da3+2023-05-05-10h-47m-40s,0,27,161,161,1
IRIS+7dfa2da3+2023-05-05-10h-49m-34s,0,0,128,128,1
IRIS+7dfa2da3+2023-05-05-10h-59m-22s,0,16,123,123,1
IRIS+7dfa2da3+2023-05-05-11h-00m-57s,0,50,169,169,1
IRIS+7dfa2da3+2023-05-05-11h-13m-19s,0,48,53,221,2
IRIS+7dfa2da3+2023-05-05-11h-13m-19s,1,62,221,221,2
IRIS+7dfa2da3+2023-05-05-11h-14m-21s,0,38,175,175,1
IRIS+7dfa2da3+2023-05-05-11h-15m-43s,0,21,137,137,1
IRIS+7dfa2da3+2023-05-05-11h-22m-24s,0,44,109,153,2
IRIS+7dfa2da3+2023-05-05-11h-22m-24s,1,120,153,153,2
IRIS+7dfa2da3+2023-05-05-11h-24m-25s,0,26,80,115,2
IRIS+7dfa2da3+2023-05-05-11h-24m-25s,1,93,115,115,2
IRIS+7dfa2da3+2023-05-05-11h-27m-51s,0,14,247,247,1
IRIS+7dfa2da3+2023-05-05-11h-28m-43s,0,27,178,178,1
IRIS+7dfa2da3+2023-05-05-11h-46m-45s,0,27,148,148,1
IRIS+7dfa2da3+2023-05-05-11h-47m-08s,0,23,114,114,1
IRIS+7dfa2da3+2023-05-05-11h-53m-05s,0,25,265,265,1
IRIS+7dfa2da3+2023-05-05-11h-57m-40s,0,19,122,122,1
IRIS+7dfa2da3+2023-05-08-14h-35m-09s,0,27,112,171,2
IRIS+7dfa2da3+2023-05-08-14h-35m-09s,1,129,171,171,2
IRIS+7dfa2da3+2023-05-08-14h-36m-35s,0,33,180,180,1
IRIS+7dfa2da3+2023-05-08-15h-29m-33s,0,0,173,173,1
IRIS+7dfa2da3+2023-05-08-15h-58m-24s,0,0,196,196,1
IRIS+7dfa2da3+2023-05-08-16h-13m-44s,0,0,187,187,1
IRIS+7dfa2da3+2023-05-08-16h-15m-17s,0,0,257,257,1
IRIS+7dfa2da3+2023-05-11-14h-07m-32s,0,0,149,149,1
IRIS+7dfa2da3+2023-05-11-14h-13m-53s,0,0,179,179,1
IRIS+7dfa2da3+2023-05-11-14h-27m-22s,0,27,159,159,1
IRIS+7dfa2da3+2023-05-11-14h-56m-58s,0,72,243,243,1
IRIS+7dfa2da3+2023-05-11-15h-14m-30s,0,30,205,205,1
IRIS+7dfa2da3+2023-05-11-15h-14m-54s,0,25,169,169,1
IRIS+7dfa2da3+2023-05-11-15h-16m-40s,0,40,202,202,1
IRIS+7dfa2da3+2023-05-11-15h-17m-03s,0,0,145,254,2
IRIS+7dfa2da3+2023-05-11-15h-17m-03s,1,169,254,254,2
IRIS+7dfa2da3+2023-05-11-15h-27m-22s,0,25,260,260,1
IRIS+7dfa2da3+2023-05-11-15h-27m-53s,0,27,173,173,1
IRIS+7dfa2da3+2023-05-11-15h-32m-38s,0,0,172,172,1
IRIS+7dfa2da3+2023-05-11-15h-33m-05s,0,12,197,197,1
IRIS+7dfa2da3+2023-05-11-15h-37m-39s,0,19,176,176,1
IRIS+7dfa2da3+2023-05-11-15h-49m-17s,0,59,296,389,2
IRIS+7dfa2da3+2023-05-11-15h-49m-17s,1,333,379,389,2
IRIS+7dfa2da3+2023-05-11-15h-51m-30s,0,40,97,137,2
IRIS+7dfa2da3+2023-05-11-15h-51m-30s,1,100,137,137,2
IRIS+7dfa2da3+2023-05-11-15h-54m-04s,0,35,137,137,1
IRIS+7dfa2da3+2023-05-12-10h-43m-19s,0,0,170,170,1
IRIS+7dfa2da3+2023-05-12-10h-50m-12s,0,0,129,129,1
IRIS+7dfa2da3+2023-05-12-10h-54m-37s,0,15,157,157,1
IRIS+7dfa2da3+2023-05-12-10h-55m-51s,0,31,191,191,1
IRIS+7dfa2da3+2023-05-12-10h-58m-20s,0,0,214,214,1
IRIS+7dfa2da3+2023-05-12-11h-28m-17s,0,51,110,202,2
IRIS+7dfa2da3+2023-05-12-11h-28m-17s,1,154,200,202,2
IRIS+7dfa2da3+2023-05-12-11h-29m-25s,0,63,128,177,2
IRIS+7dfa2da3+2023-05-12-11h-29m-25s,1,143,177,177,2
IRIS+7dfa2da3+2023-05-12-11h-29m-48s,0,52,126,225,2
IRIS+7dfa2da3+2023-05-12-11h-29m-48s,1,191,220,225,2
IRIS+7dfa2da3+2023-05-12-11h-30m-18s,0,74,147,517,4
IRIS+7dfa2da3+2023-05-12-11h-30m-18s,1,165,199,517,4
IRIS+7dfa2da3+2023-05-12-11h-30m-18s,2,216,454,517,4
IRIS+7dfa2da3+2023-05-12-11h-30m-18s,3,485,516,517,4
IRIS+7dfa2da3+2023-05-12-11h-41m-10s,0,59,126,171,2
IRIS+7dfa2da3+2023-05-12-11h-41m-10s,1,147,164,171,2
IRIS+7dfa2da3+2023-05-12-11h-54m-03s,0,61,166,166,1
IRIS+7dfa2da3+2023-05-15-15h-32m-30s,0,0,196,196,1
IRIS+7dfa2da3+2023-05-15-16h-01m-18s,0,0,140,140,1
IRIS+7dfa2da3+2023-05-15-16h-07m-54s,0,0,185,185,1
IRIS+7dfa2da3+2023-05-15-16h-08m-19s,0,0,113,113,1
IRIS+7dfa2da3+2023-05-15-16h-11m-33s,0,0,310,310,1
IRIS+7dfa2da3+2023-05-15-16h-20m-25s,0,0,137,137,1
IRIS+7dfa2da3+2023-05-17-09h-31m-48s,0,0,137,137,1
IRIS+7dfa2da3+2023-05-17-09h-35m-21s,0,0,182,182,1
IRIS+7dfa2da3+2023-05-18-13h-57m-15s,0,18,161,161,1
IRIS+7dfa2da3+2023-05-18-14h-04m-35s,0,0,158,173,1
IRIS+7dfa2da3+2023-05-18-14h-16m-19s,0,0,141,141,1
IRIS+7dfa2da3+2023-05-18-14h-49m-06s,0,0,163,163,1
IRIS+7dfa2da3+2023-05-18-15h-12m-08s,0,0,102,102,1
IRIS+7dfa2da3+2023-05-18-15h-18m-42s,0,0,215,215,1
IRIS+7dfa2da3+2023-05-19-10h-25m-10s,0,0,277,277,1
IRIS+7dfa2da3+2023-05-19-10h-28m-14s,0,0,237,237,1
IRIS+7dfa2da3+2023-05-19-10h-46m-07s,0,0,150,150,1
IRIS+7dfa2da3+2023-05-22-15h-05m-42s,0,0,404,404,1
IRIS+7dfa2da3+2023-05-22-15h-07m-51s,0,0,213,213,1
IRIS+7dfa2da3+2023-05-23-10h-58m-26s,0,20,297,297,1
IRIS+7dfa2da3+2023-05-24-09h-27m-45s,0,0,221,221,1
IRIS+7dfa2da3+2023-05-24-09h-34m-02s,0,12,158,158,1
IRIS+7dfa2da3+2023-05-24-09h-34m-50s,0,0,263,263,1
IRIS+7dfa2da3+2023-05-24-09h-49m-28s,0,0,234,234,1
IRIS+7dfa2da3+2023-05-25-13h-49m-00s,0,0,123,315,2
IRIS+7dfa2da3+2023-05-25-13h-49m-00s,1,155,315,315,2
IRIS+7dfa2da3+2023-05-25-14h-00m-19s,0,0,198,231,1
IRIS+7dfa2da3+2023-05-25-14h-09m-30s,0,0,144,219,1
IRIS+7dfa2da3+2023-05-25-15h-03m-33s,0,0,149,149,1
IRIS+7dfa2da3+2023-05-25-15h-31m-42s,0,34,591,591,1
IRIS+7dfa2da3+2023-06-01-13h-35m-56s,0,0,13,137,2
IRIS+7dfa2da3+2023-06-01-13h-35m-56s,1,36,137,137,2
IRIS+7dfa2da3+2023-06-01-14h-17m-25s,0,38,182,182,1
IRIS+7dfa2da3+2023-06-01-14h-51m-09s,0,22,148,148,1
IRIS+7dfa2da3+2023-06-01-15h-12m-24s,0,0,113,113,1
IRIS+7dfa2da3+2023-06-01-15h-13m-28s,0,0,190,190,1
IRIS+7dfa2da3+2023-06-01-15h-22m-47s,0,0,138,138,1
IRIS+7dfa2da3+2023-06-02-10h-53m-00s,0,80,124,194,2
IRIS+7dfa2da3+2023-06-02-10h-53m-00s,1,139,194,194,2
IRIS+7dfa2da3+2023-06-02-10h-53m-58s,0,0,22,223,2
IRIS+7dfa2da3+2023-06-02-10h-53m-58s,1,44,219,223,2
IRIS+7dfa2da3+2023-06-02-10h-56m-44s,0,33,166,297,3
IRIS+7dfa2da3+2023-06-02-10h-56m-44s,1,170,175,297,3
IRIS+7dfa2da3+2023-06-02-10h-56m-44s,2,214,262,297,3
IRIS+7dfa2da3+2023-06-02-11h-01m-46s,0,0,462,462,1
IRIS+7dfa2da3+2023-06-02-11h-21m-20s,0,0,211,211,1
IRIS+7dfa2da3+2023-06-05-14h-40m-17s,0,0,193,193,1
IRIS+7dfa2da3+2023-06-05-16h-06m-09s,0,0,143,143,1
IRIS+7dfa2da3+2023-06-06-10h-56m-29s,0,0,122,122,1
IRIS+7dfa2da3+2023-06-06-11h-08m-58s,0,0,145,182,2
IRIS+7dfa2da3+2023-06-06-11h-08m-58s,1,171,182,182,2
IRIS+7dfa2da3+2023-06-06-11h-15m-44s,0,0,233,233,1
IRIS+7dfa2da3+2023-06-06-11h-22m-09s,0,0,171,171,1
IRIS+7dfa2da3+2023-06-06-11h-53m-15s,0,0,242,242,1
IRIS+7dfa2da3+2023-06-07-09h-49m-14s,0,15,168,168,1
IRIS+7dfa2da3+2023-06-07-09h-49m-34s,0,0,149,149,1
IRIS+7dfa2da3+2023-06-07-09h-52m-11s,0,0,182,198,1
IRIS+7dfa2da3+2023-06-07-09h-53m-57s,0,0,178,178,1
IRIS+7dfa2da3+2023-06-07-10h-10m-39s,0,0,127,127,1
IRIS+7dfa2da3+2023-06-08-15h-11m-33s,0,48,109,190,2
IRIS+7dfa2da3+2023-06-08-15h-11m-33s,1,127,190,190,2
IRIS+7dfa2da3+2023-06-08-15h-43m-52s,0,0,200,200,1
IRIS+7dfa2da3+2023-06-08-15h-44m-32s,0,25,170,170,1
IRIS+7dfa2da3+2023-06-12-14h-49m-21s,0,0,648,648,1
IRIS+7dfa2da3+2023-06-12-14h-54m-18s,0,0,156,156,1
IRIS+7dfa2da3+2023-06-12-15h-16m-07s,0,33,106,110,1
IRIS+7dfa2da3+2023-06-12-15h-18m-17s,0,32,119,119,1
IRIS+7dfa2da3+2023-06-13-10h-58m-01s,0,0,227,227,1
IRIS+7dfa2da3+2023-06-13-11h-00m-01s,0,0,148,148,1
IRIS+7dfa2da3+2023-06-13-11h-01m-04s,0,0,154,154,1
IRIS+7dfa2da3+2023-11-01-11h-39m-08s,0,0,169,169,1
IRIS+7dfa2da3+2023-11-01-11h-41m-32s,0,0,207,207,1
IRIS+7dfa2da3+2023-11-01-11h-44m-08s,0,0,139,139,1
IRIS+7dfa2da3+2023-11-01-11h-44m-40s,0,0,130,246,2
IRIS+7dfa2da3+2023-11-01-11h-44m-40s,1,217,246,246,2
IRIS+7dfa2da3+2023-11-02-15h-53m-59s,0,0,158,158,1
IRIS+7dfa2da3+2023-11-02-15h-58m-17s,0,0,263,263,1
IRIS+7dfa2da3+2023-11-02-15h-59m-36s,0,0,166,166,1
IRIS+7dfa2da3+2023-11-02-16h-03m-05s,0,0,145,145,1
IRIS+7dfa2da3+2023-11-14-11h-31m-21s,0,38,148,153,1
IRIS+7dfa2da3+2023-11-16-15h-53m-17s,0,28,121,121,1
IRIS+7dfa2da3+2023-12-04-16h-15m-50s,0,0,122,122,1
IRIS+85a5958f+2023-07-01-01h-32m-19s,0,0,285,285,1
IRIS+85a5958f+2023-07-01-01h-35m-04s,0,0,364,364,1
IRIS+85a5958f+2023-07-01-01h-39m-09s,0,0,64,194,3
IRIS+85a5958f+2023-07-01-01h-39m-09s,1,80,186,194,3
IRIS+85a5958f+2023-07-01-01h-39m-09s,2,190,194,194,3
IRIS+85a5958f+2023-07-01-01h-41m-00s,0,0,358,358,1
IRIS+85a5958f+2023-07-01-01h-43m-19s,0,0,176,176,1
IRIS+85a5958f+2023-07-01-02h-03m-47s,0,0,272,272,1
IRIS+85a5958f+2023-07-04-16h-45m-37s,0,0,96,424,2
IRIS+85a5958f+2023-07-04-16h-45m-37s,1,266,333,424,2
IRIS+85a5958f+2023-07-05-01h-14m-53s,0,0,150,150,1
IRIS+85a5958f+2023-07-05-01h-25m-57s,0,0,224,224,1
IRIS+85a5958f+2023-07-05-01h-33m-07s,0,0,577,577,1
IRIS+85a5958f+2023-07-05-01h-43m-41s,0,0,359,359,1
IRIS+85a5958f+2023-07-05-15h-50m-42s,0,0,310,310,1
IRIS+85a5958f+2023-07-05-16h-12m-50s,0,0,195,195,1
IRIS+89b42cd2+2023-12-02-11h-41m-23s,0,0,298,298,1
IRIS+89b42cd2+2023-12-02-11h-53m-15s,0,0,541,541,1
IRIS+89b42cd2+2023-12-02-13h-40m-05s,0,0,398,398,1
IRIS+89b42cd2+2023-12-02-13h-41m-50s,0,0,1162,1162,1
IRIS+89b42cd2+2023-12-02-14h-24m-28s,0,18,2152,2152,1
IRIS+89b42cd2+2023-12-02-14h-58m-08s,0,0,577,577,1
IRIS+89b42cd2+2023-12-06-17h-40m-13s,0,0,424,424,1
IRIS+938130c4+2023-07-10-15h-57m-13s,0,0,113,339,2
IRIS+938130c4+2023-07-10-15h-57m-13s,1,124,339,339,2
IRIS+938130c4+2023-07-10-16h-29m-44s,0,0,209,209,1
IRIS+938130c4+2023-07-14-14h-51m-39s,0,0,380,380,1
IRIS+938130c4+2023-07-14-15h-01m-44s,0,0,73,357,2
IRIS+938130c4+2023-07-14-15h-01m-44s,1,112,357,357,2
IRIS+938130c4+2023-07-14-15h-06m-17s,0,0,324,324,1
IRIS+938130c4+2023-07-14-15h-12m-58s,0,0,314,314,1
IRIS+938130c4+2023-07-14-15h-14m-29s,0,0,210,210,1
IRIS+938130c4+2023-07-14-15h-16m-14s,0,0,252,252,1
IRIS+938130c4+2023-07-14-16h-16m-40s,0,0,315,315,1
IRIS+938130c4+2023-07-14-16h-19m-48s,0,0,31,148,3
IRIS+938130c4+2023-07-14-16h-19m-48s,1,66,86,148,3
IRIS+938130c4+2023-07-14-16h-19m-48s,2,127,148,148,3
IRIS+938130c4+2023-07-14-16h-22m-12s,0,0,21,488,4
IRIS+938130c4+2023-07-14-16h-22m-12s,1,70,220,488,4
IRIS+938130c4+2023-07-14-16h-22m-12s,2,248,261,488,4
IRIS+938130c4+2023-07-14-16h-22m-12s,3,275,488,488,4
IRIS+938130c4+2023-07-14-17h-10m-00s,0,0,48,164,2
IRIS+938130c4+2023-07-14-17h-10m-00s,1,65,164,164,2
IRIS+938130c4+2023-07-14-17h-12m-22s,0,0,119,119,1
IRIS+938130c4+2023-07-14-17h-14m-44s,0,0,172,172,1
IRIS+938130c4+2023-07-14-17h-23m-08s,0,0,225,225,1
IRIS+938130c4+2023-07-14-17h-24m-37s,0,0,148,191,2
IRIS+938130c4+2023-07-14-17h-24m-37s,1,179,191,191,2
IRIS+938130c4+2023-07-14-17h-27m-24s,0,0,41,175,2
IRIS+938130c4+2023-07-14-17h-27m-24s,1,68,175,175,2
IRIS+938130c4+2023-07-14-17h-30m-52s,0,0,204,204,1
IRIS+938130c4+2023-07-17-11h-27m-36s,0,0,220,220,1
IRIS+938130c4+2023-07-17-11h-39m-39s,0,0,198,198,1
IRIS+938130c4+2023-07-17-11h-52m-58s,0,0,145,145,1
IRIS+938130c4+2023-07-17-11h-53m-15s,0,0,144,144,1
IRIS+938130c4+2023-07-17-12h-11m-19s,0,0,322,322,1
IRIS+938130c4+2023-07-17-12h-18m-54s,0,0,92,92,1
IRIS+938130c4+2023-07-17-12h-22m-59s,0,0,141,141,1
IRIS+938130c4+2023-07-17-15h-39m-36s,0,0,88,250,2
IRIS+938130c4+2023-07-17-15h-39m-36s,1,91,243,250,2
IRIS+ef107c48+2023-03-02-15h-00m-48s,0,0,112,112,1
IRIS+ef107c48+2023-03-02-15h-17m-35s,0,0,140,140,1
IRIS+ef107c48+2023-03-02-15h-18m-14s,0,0,108,108,1
IRIS+ef107c48+2023-03-02-15h-22m-54s,0,0,154,154,1
IRIS+ef107c48+2023-03-02-15h-23m-14s,0,0,194,194,1
IRIS+ef107c48+2023-03-02-18h-23m-18s,0,9,118,118,1
IRIS+ef107c48+2023-03-02-18h-26m-28s,0,16,123,123,1
IRIS+ef107c48+2023-03-02-18h-28m-03s,0,0,144,144,1
IRIS+ef107c48+2023-03-02-21h-51m-55s,0,17,147,147,1
IRIS+ef107c48+2023-03-02-22h-02m-06s,0,0,94,94,1
IRIS+ef107c48+2023-03-02-22h-02m-21s,0,0,163,163,1
IRIS+ef107c48+2023-03-02-22h-04m-33s,0,0,118,118,1
IRIS+ef107c48+2023-03-02-22h-05m-08s,0,10,132,132,1
IRIS+ef107c48+2023-03-03-15h-31m-24s,0,108,120,135,1
IRIS+ef107c48+2023-03-07-15h-54m-28s,0,19,149,149,1
IRIS+ef107c48+2023-03-07-15h-55m-16s,0,12,147,147,1
IRIS+ef107c48+2023-03-07-17h-20m-57s,0,46,168,168,1
IRIS+ef107c48+2023-03-07-17h-59m-19s,0,0,126,126,1
IRIS+ef107c48+2023-03-08-14h-03m-02s,0,11,121,121,1
IRIS+ef107c48+2023-03-08-16h-47m-52s,0,0,269,269,1
IRIS+ef107c48+2023-03-08-16h-54m-46s,0,0,139,139,1
IRIS+ef107c48+2023-03-08-17h-01m-45s,0,22,109,109,1
IRIS+ef107c48+2023-03-08-17h-40m-12s,0,43,82,130,2
IRIS+ef107c48+2023-03-08-17h-40m-12s,1,90,122,130,2
IRIS+ef107c48+2023-03-08-17h-41m-10s,0,12,152,152,1
IRIS+ef107c48+2023-03-08-18h-50m-19s,0,20,117,117,1
IRIS+ef107c48+2023-03-08-18h-52m-42s,0,16,87,172,1
IRIS+ef107c48+2023-03-08-19h-37m-02s,0,14,81,81,1
IRIS+ef107c48+2023-03-08-19h-44m-01s,0,20,48,181,3
IRIS+ef107c48+2023-03-08-19h-44m-01s,1,92,145,181,3
IRIS+ef107c48+2023-03-08-19h-44m-01s,2,164,171,181,3
IRIS+ef107c48+2023-03-08-19h-50m-41s,0,18,60,118,2
IRIS+ef107c48+2023-03-08-19h-50m-41s,1,102,115,118,2
IRIS+ef107c48+2023-03-08-19h-52m-34s,0,18,60,92,2
IRIS+ef107c48+2023-03-08-19h-52m-34s,1,68,89,92,2
IRIS+ef107c48+2023-03-09-18h-04m-09s,0,0,157,157,1
IRIS+ef107c48+2023-03-09-18h-10m-03s,0,0,106,106,1
IRIS+ef107c48+2023-03-09-18h-30m-16s,0,18,147,147,1
IRIS+ef107c48+2023-03-09-19h-34m-23s,0,16,148,148,1
IRIS+ef107c48+2023-03-09-19h-35m-04s,0,0,94,94,1
IRIS+ef107c48+2023-03-09-19h-44m-20s,0,0,122,122,1
IRIS+ef107c48+2023-04-07-13h-29m-41s,0,19,149,149,1
IRIS+ef107c48+2023-04-07-13h-35m-09s,0,18,127,127,1
IRIS+ef107c48+2023-04-07-13h-37m-35s,0,41,132,138,1
IRIS+ef107c48+2023-04-07-13h-40m-32s,0,18,138,138,1
IRIS+ef107c48+2023-04-07-13h-40m-49s,0,17,89,94,1
IRIS+ef107c48+2023-04-07-13h-47m-38s,0,24,122,122,1
IRIS+ef107c48+2023-05-30-11h-37m-37s,0,0,126,126,1
IRIS+ef107c48+2023-05-30-11h-40m-10s,0,0,366,366,1
IRIS+ef107c48+2023-05-31-09h-35m-54s,0,0,102,102,1
IRIS+ef107c48+2023-05-31-09h-39m-49s,0,0,140,140,1
IRIS+ef107c48+2023-05-31-10h-01m-37s,0,0,96,96,1
IRIS+ef107c48+2023-05-31-10h-02m-28s,0,0,127,127,1
IRIS+ef107c48+2023-11-19-17h-13m-12s,0,0,72,72,1
IRIS+f94b8622+2023-12-07-17h-36m-43s,0,0,513,513,1
IRIS+f94b8622+2023-12-08-13h-18m-13s,0,0,274,583,2
IRIS+f94b8622+2023-12-08-13h-18m-13s,1,305,357,583,2
IRIS+f94b8622+2023-12-12-17h-28m-56s,0,0,207,283,2
IRIS+f94b8622+2023-12-12-17h-28m-56s,1,231,283,283,2
PennPAL+06b0ffa5+2023-04-27-22h-35m-59s,0,16,108,108,1
PennPAL+06b0ffa5+2023-04-27-23h-10m-06s,0,15,124,124,1
PennPAL+06b0ffa5+2023-04-29-16h-35m-45s,0,0,119,119,1
PennPAL+06b0ffa5+2023-04-29-16h-45m-25s,0,0,159,159,1
PennPAL+06b0ffa5+2023-04-29-18h-04m-38s,0,23,132,132,1
PennPAL+06b0ffa5+2023-04-29-18h-26m-53s,0,20,120,120,1
PennPAL+06b0ffa5+2023-04-29-18h-50m-13s,0,15,108,108,1
PennPAL+06b0ffa5+2023-04-29-18h-56m-52s,0,20,123,123,1
PennPAL+06b0ffa5+2023-04-29-20h-37m-31s,0,17,90,90,1
PennPAL+06b0ffa5+2023-04-29-20h-45m-50s,0,22,99,99,1
PennPAL+06b0ffa5+2023-04-29-20h-52m-05s,0,30,84,84,1
PennPAL+06b0ffa5+2023-04-29-20h-56m-46s,0,17,80,80,1
PennPAL+06b0ffa5+2023-04-29-21h-18m-54s,0,17,85,85,1
PennPAL+06b0ffa5+2023-04-29-21h-20m-58s,0,19,22,95,2
PennPAL+06b0ffa5+2023-04-29-21h-20m-58s,1,25,95,95,2
PennPAL+06b0ffa5+2023-04-29-21h-22m-54s,0,14,76,76,1
PennPAL+06b0ffa5+2023-04-29-21h-24m-34s,0,9,90,90,1
PennPAL+06b0ffa5+2023-04-29-21h-51m-55s,0,75,98,144,2
PennPAL+06b0ffa5+2023-04-29-21h-51m-55s,1,120,144,144,2
PennPAL+06b0ffa5+2023-04-29-23h-12m-19s,0,16,116,116,1
PennPAL+06b0ffa5+2023-04-29-23h-18m-24s,0,33,130,130,1
PennPAL+06b0ffa5+2023-04-29-23h-30m-30s,0,32,138,138,1
PennPAL+06b0ffa5+2023-04-29-23h-38m-42s,0,9,94,94,1
PennPAL+acda9df3+2023-06-15-17h-17m-19s,0,0,232,232,1
PennPAL+acda9df3+2023-06-15-18h-02m-09s,0,0,335,335,1
PennPAL+acda9df3+2023-06-15-18h-39m-46s,0,0,235,235,1
PennPAL+acda9df3+2023-06-15-18h-47m-13s,0,0,323,323,1
PennPAL+acda9df3+2023-06-15-18h-53m-11s,0,0,237,237,1
PennPAL+acda9df3+2023-06-16-17h-32m-24s,0,0,279,279,1
PennPAL+acda9df3+2023-06-16-17h-39m-03s,0,0,446,446,1
PennPAL+acda9df3+2023-06-16-18h-32m-58s,0,0,166,166,1
PennPAL+acda9df3+2023-06-16-19h-07m-01s,0,0,262,262,1
PennPAL+acda9df3+2023-06-18-20h-09m-33s,0,224,249,287,2
PennPAL+acda9df3+2023-06-18-20h-09m-33s,1,266,287,287,2
PennPAL+acda9df3+2023-06-18-20h-21m-34s,0,234,245,260,1
PennPAL+acda9df3+2023-06-18-21h-02m-25s,0,114,430,430,1
PennPAL+acda9df3+2023-06-18-21h-11m-53s,0,42,157,174,1
PennPAL+acda9df3+2023-06-18-21h-25m-49s,0,48,350,350,1
PennPAL+acda9df3+2023-06-20-17h-21m-06s,0,0,456,456,1
PennPAL+acda9df3+2023-06-20-17h-24m-21s,0,0,708,708,1
PennPAL+acda9df3+2023-06-20-17h-49m-43s,0,29,591,591,1
PennPAL+acda9df3+2023-06-20-17h-53m-45s,0,0,295,569,2
PennPAL+acda9df3+2023-06-20-17h-53m-45s,1,302,569,569,2
PennPAL+acda9df3+2023-06-20-17h-57m-03s,0,0,386,386,1
PennPAL+acda9df3+2023-06-20-18h-27m-06s,0,0,393,393,1
PennPAL+acda9df3+2023-06-20-18h-29m-57s,0,0,532,532,1
PennPAL+acda9df3+2023-06-20-18h-53m-21s,0,42,207,207,1
PennPAL+acda9df3+2023-06-20-18h-57m-27s,0,49,164,350,2
PennPAL+acda9df3+2023-06-20-18h-57m-27s,1,203,350,350,2
PennPAL+acda9df3+2023-06-23-19h-39m-11s,0,34,184,184,1
PennPAL+acda9df3+2023-06-23-20h-05m-13s,0,0,363,577,2
PennPAL+acda9df3+2023-06-23-20h-05m-13s,1,375,577,577,2
PennPAL+acda9df3+2023-06-23-20h-44m-52s,0,0,477,477,1
PennPAL+acda9df3+2023-06-23-21h-03m-18s,0,0,319,319,1
PennPAL+acda9df3+2023-06-25-18h-39m-15s,0,0,76,440,1
PennPAL+acda9df3+2023-06-29-19h-02m-43s,0,0,106,272,2
PennPAL+acda9df3+2023-06-29-19h-02m-43s,1,262,272,272,2
PennPAL+acda9df3+2023-06-29-20h-32m-25s,0,0,23,202,2
PennPAL+acda9df3+2023-06-29-20h-32m-25s,1,153,202,202,2
PennPAL+acda9df3+2023-06-29-20h-33m-25s,0,0,35,481,3
PennPAL+acda9df3+2023-06-29-20h-33m-25s,1,108,118,481,3
PennPAL+acda9df3+2023-06-29-20h-33m-25s,2,439,481,481,3
PennPAL+acda9df3+2023-06-29-20h-41m-32s,0,0,46,230,2
PennPAL+acda9df3+2023-06-29-20h-41m-32s,1,171,230,230,2
PennPAL+acda9df3+2023-06-29-20h-43m-02s,0,0,36,284,2
PennPAL+acda9df3+2023-06-29-20h-43m-02s,1,261,284,284,2
PennPAL+acda9df3+2023-06-29-20h-43m-52s,0,0,49,324,2
PennPAL+acda9df3+2023-06-29-20h-43m-52s,1,280,324,324,2
PennPAL+acda9df3+2023-07-07-19h-35m-18s,0,53,259,259,1
PennPAL+acda9df3+2023-07-07-20h-26m-38s,0,0,166,245,2
PennPAL+acda9df3+2023-07-07-20h-26m-38s,1,183,245,245,2
PennPAL+acda9df3+2023-07-07-20h-39m-36s,0,0,78,233,2
PennPAL+acda9df3+2023-07-07-20h-39m-36s,1,133,233,233,2
PennPAL+acda9df3+2023-07-07-21h-07m-37s,0,0,226,314,2
PennPAL+acda9df3+2023-07-07-21h-07m-37s,1,261,314,314,2
PennPAL+acda9df3+2023-07-07-21h-13m-41s,0,0,156,229,2
PennPAL+acda9df3+2023-07-07-21h-13m-41s,1,172,229,229,2
PennPAL+acda9df3+2023-07-07-21h-14m-11s,0,0,102,272,2
PennPAL+acda9df3+2023-07-07-21h-14m-11s,1,122,272,272,2
PennPAL+acda9df3+2023-07-07-21h-37m-09s,0,0,59,243,3
PennPAL+acda9df3+2023-07-07-21h-37m-09s,1,126,161,243,3
PennPAL+acda9df3+2023-07-07-21h-37m-09s,2,178,243,243,3
PennPAL+acda9df3+2023-07-10-20h-39m-08s,0,86,178,227,1
PennPAL+acda9df3+2023-07-10-21h-26m-16s,0,57,149,190,1
PennPAL+acda9df3+2023-07-10-21h-36m-23s,0,35,173,387,4
PennPAL+acda9df3+2023-07-10-21h-36m-23s,1,228,251,387,4
PennPAL+acda9df3+2023-07-10-21h-36m-23s,2,280,284,387,4
PennPAL+acda9df3+2023-07-10-21h-36m-23s,3,298,354,387,4
PennPAL+acda9df3+2023-07-10-21h-39m-35s,0,44,125,350,3
PennPAL+acda9df3+2023-07-10-21h-39m-35s,1,149,150,350,3
PennPAL+acda9df3+2023-07-10-21h-39m-35s,2,155,171,350,3
PennPAL+acda9df3+2023-07-14-16h-42m-21s,0,121,202,202,1
PennPAL+acda9df3+2023-07-14-16h-43m-26s,0,51,247,247,1
PennPAL+acda9df3+2023-07-14-16h-47m-43s,0,100,295,560,3
PennPAL+acda9df3+2023-07-14-16h-47m-43s,1,316,456,560,3
PennPAL+acda9df3+2023-07-14-16h-47m-43s,2,473,560,560,3
PennPAL+acda9df3+2023-07-14-16h-49m-23s,0,85,446,446,1
PennPAL+acda9df3+2023-07-14-16h-50m-43s,0,43,500,500,1
PennPAL+acda9df3+2023-07-14-16h-52m-28s,0,45,421,421,1
PennPAL+acda9df3+2023-07-14-16h-54m-33s,0,65,190,346,2
PennPAL+acda9df3+2023-07-14-16h-54m-33s,1,213,346,346,2
PennPAL+acda9df3+2023-07-14-17h-07m-42s,0,81,264,264,1
PennPAL+acda9df3+2023-07-14-17h-13m-07s,0,50,277,277,1
PennPAL+acda9df3+2023-07-15-23h-08m-02s,0,0,154,375,2
PennPAL+acda9df3+2023-07-15-23h-08m-02s,1,310,360,375,2
PennPAL+acda9df3+2023-07-15-23h-14m-43s,0,0,326,326,1
PennPAL+acda9df3+2023-07-19-16h-08m-52s,0,43,760,760,1
PennPAL+acda9df3+2023-07-19-16h-12m-57s,0,0,494,494,1
PennPAL+acda9df3+2023-07-19-16h-13m-46s,0,0,660,660,1
PennPAL+acda9df3+2023-07-19-16h-25m-46s,0,0,629,629,1
PennPAL+acda9df3+2023-07-19-16h-39m-12s,0,0,442,442,1
PennPAL+acda9df3+2023-07-19-16h-41m-53s,0,0,488,488,1
PennPAL+acda9df3+2023-07-19-16h-42m-50s,0,0,437,437,1
PennPAL+acda9df3+2023-07-19-16h-46m-16s,0,0,531,531,1
PennPAL+acda9df3+2023-07-19-16h-53m-20s,0,0,420,420,1
PennPAL+acda9df3+2023-07-19-16h-56m-16s,0,0,432,432,1
PennPAL+acda9df3+2023-07-19-16h-57m-21s,0,0,418,418,1
PennPAL+acda9df3+2023-07-19-17h-01m-23s,0,0,191,402,2
PennPAL+acda9df3+2023-07-19-17h-01m-23s,1,195,402,402,2
PennPAL+acda9df3+2023-07-19-17h-15m-05s,0,0,783,783,1
PennPAL+acda9df3+2023-07-19-17h-22m-48s,0,0,689,689,1
PennPAL+acda9df3+2023-08-16-17h-31m-09s,0,95,204,399,2
PennPAL+acda9df3+2023-08-16-17h-31m-09s,1,237,399,399,2
PennPAL+acda9df3+2023-08-16-17h-46m-35s,0,241,617,668,2
PennPAL+acda9df3+2023-08-16-17h-46m-35s,1,628,668,668,2
PennPAL+acda9df3+2023-08-16-18h-02m-15s,0,70,454,454,1
PennPAL+acda9df3+2023-08-16-18h-04m-55s,0,62,308,308,1
PennPAL+acda9df3+2023-08-23-20h-46m-48s,0,0,313,313,1
PennPAL+acda9df3+2023-08-23-20h-57m-36s,0,0,290,290,1
PennPAL+acda9df3+2023-08-23-21h-28m-53s,0,0,447,447,1
PennPAL+acda9df3+2023-08-23-21h-41m-29s,0,0,210,210,1
PennPAL+acda9df3+2023-08-23-22h-33m-22s,0,0,250,250,1
PennPAL+c5f808b7+2023-06-15-17h-07m-51s,0,52,164,164,1
PennPAL+c5f808b7+2023-06-15-17h-10m-02s,0,0,153,153,1
PennPAL+c5f808b7+2023-06-16-15h-54m-23s,0,0,198,198,1
PennPAL+c5f808b7+2023-06-16-16h-11m-27s,0,0,164,164,1
PennPAL+c5f808b7+2023-06-16-16h-35m-10s,0,0,189,189,1
PennPAL+c5f808b7+2023-10-01-17h-10m-20s,0,52,97,195,3
PennPAL+c5f808b7+2023-10-01-17h-10m-20s,1,105,114,195,3
PennPAL+c5f808b7+2023-10-01-17h-10m-20s,2,119,195,195,3
PennPAL+c5f808b7+2023-10-01-17h-50m-46s,0,27,339,358,1
PennPAL+c5f808b7+2023-10-01-17h-51m-48s,0,50,224,224,1
PennPAL+c5f808b7+2023-10-01-17h-54m-26s,0,0,306,332,1
PennPAL+c5f808b7+2023-10-01-18h-12m-10s,0,20,254,254,1
PennPAL+c5f808b7+2023-10-06-19h-32m-56s,0,0,133,153,1
PennPAL+c5f808b7+2023-10-06-19h-34m-59s,0,0,309,309,1
PennPAL+c5f808b7+2023-10-06-19h-46m-29s,0,0,252,252,1
PennPAL+c5f808b7+2023-10-06-20h-00m-55s,0,32,370,370,1
PennPAL+c5f808b7+2023-10-06-20h-06m-44s,0,18,412,412,1
PennPAL+c5f808b7+2023-10-06-20h-51m-05s,0,56,226,226,1
PennPAL+c5f808b7+2023-10-09-20h-56m-13s,0,0,118,118,1
PennPAL+c5f808b7+2023-10-09-21h-09m-54s,0,0,72,72,1
PennPAL+c5f808b7+2023-10-09-21h-12m-33s,0,0,102,102,1
PennPAL+c5f808b7+2023-10-09-21h-30m-33s,0,0,168,168,1
PennPAL+c5f808b7+2023-10-09-21h-33m-37s,0,0,234,234,1
PennPAL+c5f808b7+2023-10-09-21h-53m-21s,0,0,142,142,1
PennPAL+c5f808b7+2023-10-09-21h-55m-46s,0,0,213,213,1
PennPAL+c5f808b7+2023-10-19-00h-35m-35s,0,0,63,274,1
PennPAL+c5f808b7+2023-10-19-00h-48m-13s,0,0,110,110,1
PennPAL+c5f808b7+2023-10-19-00h-58m-23s,0,0,281,365,2
PennPAL+c5f808b7+2023-10-19-00h-58m-23s,1,289,365,365,2
PennPAL+c5f808b7+2023-10-24-17h-35m-48s,0,0,313,313,1
PennPAL+c5f808b7+2023-10-24-17h-41m-19s,0,0,316,316,1
PennPAL+c5f808b7+2023-10-27-17h-54m-07s,0,0,283,283,1
PennPAL+c5f808b7+2023-10-27-17h-55m-42s,0,0,272,272,1
PennPAL+c5f808b7+2023-10-27-17h-57m-27s,0,0,266,266,1
PennPAL+c5f808b7+2023-10-29-20h-43m-25s,0,0,138,491,1
PennPAL+c5f808b7+2023-10-29-20h-55m-16s,0,0,58,771,3
PennPAL+c5f808b7+2023-10-29-20h-55m-16s,1,319,435,771,3
PennPAL+c5f808b7+2023-10-29-20h-55m-16s,2,485,556,771,3
PennPAL+c5f808b7+2023-10-30-17h-52m-20s,0,0,334,334,1
PennPAL+c5f808b7+2023-10-30-18h-37m-06s,0,0,123,356,2
PennPAL+c5f808b7+2023-10-30-18h-37m-06s,1,135,356,356,2
PennPAL+c5f808b7+2023-10-30-18h-54m-35s,0,0,92,288,4
PennPAL+c5f808b7+2023-10-30-18h-54m-35s,1,138,142,288,4
PennPAL+c5f808b7+2023-10-30-18h-54m-35s,2,169,172,288,4
PennPAL+c5f808b7+2023-10-30-18h-54m-35s,3,197,288,288,4
PennPAL+c5f808b7+2023-10-30-19h-04m-26s,0,0,186,186,1
PennPAL+c5f808b7+2023-10-30-19h-09m-04s,0,0,179,179,1
PennPAL+c5f808b7+2023-10-30-19h-24m-27s,0,0,68,480,6
PennPAL+c5f808b7+2023-10-30-19h-24m-27s,1,76,130,480,6
PennPAL+c5f808b7+2023-10-30-19h-24m-27s,2,151,202,480,6
PennPAL+c5f808b7+2023-10-30-19h-24m-27s,3,220,253,480,6
PennPAL+c5f808b7+2023-10-30-19h-24m-27s,4,278,371,480,6
PennPAL+c5f808b7+2023-10-30-19h-24m-27s,5,392,480,480,6
PennPAL+c5f808b7+2023-10-31-13h-45m-44s,0,0,195,195,1
PennPAL+c5f808b7+2023-10-31-13h-53m-12s,0,0,275,275,1
PennPAL+c5f808b7+2023-10-31-14h-01m-30s,0,0,318,318,1
RAD+62828209+2023-08-31-13h-55m-59s,0,0,161,161,1
RAD+62828209+2023-09-09-07h-01m-12s,0,0,197,197,1
RAD+62828209+2023-09-09-07h-35m-49s,0,0,466,466,1
RAD+62828209+2023-09-09-09h-08m-51s,0,0,308,308,1
RAD+62828209+2023-09-09-09h-09m-40s,0,0,232,232,1
RAD+62828209+2023-11-26-13h-42m-00s,0,0,536,536,1
RAD+62828209+2023-11-26-13h-45m-02s,0,0,1347,1347,1
RAD+62828209+2023-11-26-15h-58m-29s,0,0,207,207,1
RAD+62828209+2023-11-26-16h-03m-49s,0,0,210,210,1
RAD+62828209+2023-11-26-16h-04m-34s,0,0,284,284,1
RAD+62828209+2023-12-19-10h-48m-06s,0,0,380,380,1
RAD+62828209+2023-12-19-11h-26m-09s,0,0,224,224,1
RAD+62828209+2023-12-19-11h-26m-58s,0,0,245,245,1
RAD+62828209+2023-12-19-11h-30m-49s,0,0,342,342,1
RAD+62828209+2023-12-19-11h-40m-17s,0,0,425,425,1
RAD+62828209+2023-12-19-12h-01m-58s,0,0,212,212,1
RAD+62828209+2023-12-19-12h-02m-24s,0,0,938,938,1
RAD+62828209+2023-12-20-11h-32m-09s,0,0,504,504,1
RAD+62828209+2023-12-20-11h-36m-14s,0,0,337,337,1
RAD+62828209+2023-12-21-12h-04m-35s,0,0,165,165,1
RAD+62828209+2023-12-22-14h-38m-21s,0,0,200,200,1
RAD+62828209+2023-12-22-14h-43m-08s,0,9,198,198,1
RAD+62828209+2023-12-22-15h-01m-20s,0,0,266,972,2
RAD+62828209+2023-12-22-15h-01m-20s,1,270,972,972,2
RAD+c6cf6b42+2023-08-31-16h-20m-36s,0,0,279,279,1
RAD+c6cf6b42+2023-08-31-18h-00m-13s,0,0,336,336,1
RAD+c6cf6b42+2023-08-31-18h-04m-42s,0,0,219,219,1
RAD+c6cf6b42+2023-08-31-18h-05m-14s,0,0,257,257,1
RAD+c6cf6b42+2023-08-31-18h-08m-11s,0,0,340,340,1
RAD+c6cf6b42+2023-08-31-18h-09m-46s,0,0,191,191,1
RAD+c6cf6b42+2023-08-31-18h-10m-08s,0,0,427,427,1
RAD+c6cf6b42+2023-08-31-18h-12m-10s,0,0,217,217,1
RAD+c6cf6b42+2023-08-31-18h-29m-05s,0,15,488,488,1
RAD+c6cf6b42+2023-11-18-16h-14m-44s,0,0,999,999,1
RAD+c6cf6b42+2023-11-18-16h-27m-34s,0,0,371,371,1
RAD+c6cf6b42+2023-11-18-16h-30m-39s,0,0,272,272,1
RAD+c6cf6b42+2023-11-18-16h-34m-15s,0,0,362,362,1
RAD+c6cf6b42+2023-11-18-16h-59m-10s,0,0,550,550,1
RAD+c6cf6b42+2023-11-18-18h-03m-16s,0,0,351,351,1
RAD+c6cf6b42+2023-11-18-18h-08m-48s,0,0,322,322,1
RAD+c6cf6b42+2023-11-18-18h-11m-32s,0,0,468,468,1
RAD+c6cf6b42+2023-11-18-18h-13m-56s,0,0,310,310,1
RAD+c6cf6b42+2023-11-18-18h-14m-55s,0,0,385,385,1
RAD+c6cf6b42+2023-11-18-18h-15m-30s,0,0,786,786,1
RAD+c6cf6b42+2023-11-18-18h-55m-43s,0,0,412,412,1
RAD+c6cf6b42+2023-11-25-18h-45m-33s,0,0,378,378,1
RAD+c6cf6b42+2023-11-25-20h-02m-11s,0,0,624,624,1
RAD+c6cf6b42+2023-12-17-17h-01m-55s,0,0,500,500,1
RAD+c6cf6b42+2023-12-17-17h-07m-07s,0,0,629,629,1
RAD+c6cf6b42+2023-12-17-17h-21m-11s,0,0,725,725,1
RAD+c6cf6b42+2023-12-17-20h-04m-32s,0,0,412,412,1
RAD+c6cf6b42+2023-12-17-20h-08m-17s,0,0,1950,1950,1
RAIL+80edfcb1+2023-04-12-14h-27m-18s,0,38,79,182,2
RAIL+80edfcb1+2023-04-12-14h-27m-18s,1,109,155,182,2
RAIL+80edfcb1+2023-04-12-14h-28m-45s,0,76,148,234,2
RAIL+80edfcb1+2023-04-12-14h-28m-45s,1,159,217,234,2
RAIL+80edfcb1+2023-04-12-16h-14m-56s,0,44,115,171,2
RAIL+80edfcb1+2023-04-12-16h-14m-56s,1,124,160,171,2
RAIL+80edfcb1+2023-04-12-16h-41m-22s,0,33,91,186,2
RAIL+80edfcb1+2023-04-12-16h-41m-22s,1,107,186,186,2
RAIL+80edfcb1+2023-04-17-14h-47m-13s,0,22,173,173,1
RAIL+80edfcb1+2023-04-17-14h-48m-05s,0,21,166,166,1
RAIL+80edfcb1+2023-04-17-14h-49m-33s,0,30,126,126,1
RAIL+80edfcb1+2023-04-17-14h-49m-59s,0,28,46,202,2
RAIL+80edfcb1+2023-04-17-14h-49m-59s,1,55,202,202,2
RAIL+80edfcb1+2023-04-17-14h-52m-52s,0,19,178,178,1
RAIL+80edfcb1+2023-04-17-15h-02m-04s,0,28,195,195,1
RAIL+80edfcb1+2023-04-17-15h-03m-37s,0,38,250,250,1
RAIL+80edfcb1+2023-04-17-15h-09m-41s,0,454,573,573,1
RAIL+80edfcb1+2023-04-17-15h-10m-58s,0,59,181,181,1
RAIL+80edfcb1+2023-04-17-15h-43m-28s,0,26,165,165,1
RAIL+80edfcb1+2023-04-17-15h-43m-50s,0,27,160,160,1
RAIL+80edfcb1+2023-04-19-13h-24m-24s,0,32,184,184,1
RAIL+80edfcb1+2023-04-19-13h-38m-51s,0,28,171,171,1
RAIL+80edfcb1+2023-04-19-14h-13m-07s,0,29,133,133,1
RAIL+80edfcb1+2023-04-19-14h-14m-16s,0,59,180,180,1
RAIL+80edfcb1+2023-04-19-14h-21m-16s,0,119,249,249,1
RAIL+80edfcb1+2023-04-19-14h-23m-59s,0,36,140,140,1
RAIL+80edfcb1+2023-04-19-14h-35m-28s,0,35,151,151,1
RAIL+80edfcb1+2023-04-19-14h-40m-19s,0,37,163,163,1
RAIL+80edfcb1+2023-04-19-14h-40m-40s,0,18,116,116,1
RAIL+80edfcb1+2023-04-19-15h-12m-23s,0,52,245,245,1
RAIL+80edfcb1+2023-04-26-15h-46m-50s,0,19,152,152,1
RAIL+80edfcb1+2023-04-26-15h-49m-55s,0,13,138,138,1
RAIL+80edfcb1+2023-04-26-15h-57m-29s,0,39,221,221,1
RAIL+80edfcb1+2023-04-26-16h-02m-55s,0,42,189,189,1
RAIL+80edfcb1+2023-04-26-16h-12m-06s,0,0,112,112,1
RAIL+80edfcb1+2023-04-26-16h-22m-57s,0,235,319,319,1
RAIL+80edfcb1+2023-04-26-16h-53m-22s,0,58,299,299,1
RAIL+80edfcb1+2023-06-21-12h-48m-40s,0,49,464,464,1
RAIL+80edfcb1+2023-06-21-12h-55m-12s,0,75,205,205,1
RAIL+80edfcb1+2023-06-26-13h-19m-06s,0,33,171,171,1
RAIL+80edfcb1+2023-06-26-13h-23m-07s,0,36,292,292,1
RAIL+80edfcb1+2023-06-26-13h-44m-01s,0,27,136,136,1
RAIL+80edfcb1+2023-06-26-13h-45m-00s,0,38,263,263,1
RAIL+80edfcb1+2023-06-26-14h-09m-12s,0,27,265,265,1
RAIL+80edfcb1+2023-06-26-14h-13m-04s,0,53,165,165,1
RAIL+80edfcb1+2023-06-26-14h-16m-03s,0,28,185,185,1
RAIL+80edfcb1+2023-06-26-15h-37m-34s,0,49,157,157,1
RAIL+80edfcb1+2023-06-26-15h-49m-47s,0,21,181,181,1
RAIL+80edfcb1+2023-06-29-12h-52m-47s,0,39,147,147,1
RAIL+80edfcb1+2023-06-29-13h-10m-09s,0,28,143,143,1
RAIL+80edfcb1+2023-06-29-13h-10m-31s,0,27,137,137,1
RAIL+80edfcb1+2023-06-29-13h-13m-23s,0,70,205,205,1
RAIL+80edfcb1+2023-06-29-13h-23m-42s,0,12,100,100,1
RAIL+80edfcb1+2023-06-29-13h-25m-27s,0,29,225,225,1
RAIL+80edfcb1+2023-06-29-15h-27m-23s,0,39,172,172,1
RAIL+80edfcb1+2023-06-29-15h-31m-50s,0,34,107,107,1
RAIL+80edfcb1+2023-06-29-15h-40m-59s,0,64,144,152,1
RAIL+80edfcb1+2023-06-29-15h-43m-06s,0,30,160,160,1
RAIL+80edfcb1+2023-06-29-15h-44m-51s,0,39,114,120,1
RAIL+80edfcb1+2023-06-29-15h-45m-07s,0,32,331,331,1
RAIL+80edfcb1+2023-06-30-13h-24m-58s,0,32,336,336,1
RAIL+80edfcb1+2023-06-30-13h-27m-17s,0,36,170,170,1
RAIL+80edfcb1+2023-06-30-13h-34m-41s,0,56,159,159,1
RAIL+80edfcb1+2023-06-30-13h-39m-26s,0,45,141,141,1
RAIL+80edfcb1+2023-06-30-13h-59m-52s,0,50,143,156,1
RAIL+80edfcb1+2023-06-30-14h-06m-39s,0,28,212,212,1
RAIL+80edfcb1+2023-06-30-14h-08m-44s,0,34,129,129,1
RAIL+80edfcb1+2023-06-30-14h-46m-15s,0,30,156,156,1
RAIL+80edfcb1+2023-06-30-14h-47m-09s,0,29,88,88,1
RAIL+80edfcb1+2023-06-30-14h-54m-01s,0,27,114,114,1
RAIL+80edfcb1+2023-06-30-15h-01m-35s,0,23,113,113,1
RAIL+80edfcb1+2023-06-30-15h-02m-42s,0,20,85,85,1
RAIL+80edfcb1+2023-06-30-15h-07m-16s,0,16,126,126,1
RAIL+80edfcb1+2023-06-30-15h-31m-18s,0,46,145,145,1
RAIL+80edfcb1+2023-06-30-15h-50m-17s,0,34,176,176,1
RAIL+80edfcb1+2023-06-30-15h-55m-09s,0,25,118,118,1
RAIL+80edfcb1+2023-07-05-18h-03m-50s,0,21,136,136,1
RAIL+80edfcb1+2023-07-05-18h-32m-58s,0,118,208,208,1
RAIL+80edfcb1+2023-07-05-18h-38m-38s,0,60,153,153,1
RAIL+80edfcb1+2023-07-05-18h-40m-16s,0,19,85,85,1
RAIL+80edfcb1+2023-07-05-18h-42m-17s,0,34,137,137,1
RAIL+80edfcb1+2023-07-05-18h-45m-12s,0,21,204,204,1
RAIL+80edfcb1+2023-07-13-20h-19m-30s,0,35,100,100,1
RAIL+80edfcb1+2023-07-13-20h-28m-53s,0,14,64,64,1
RAIL+80edfcb1+2023-07-13-20h-29m-29s,0,15,69,69,1
RAIL+80edfcb1+2023-07-13-20h-53m-43s,0,28,146,146,1
RAIL+80edfcb1+2023-07-13-21h-15m-04s,0,45,103,103,1
RAIL+80edfcb1+2023-07-13-21h-23m-04s,0,117,169,169,1
RAIL+80edfcb1+2023-07-13-21h-25m-37s,0,64,123,123,1
RAIL+80edfcb1+2023-07-14-13h-00m-28s,0,61,184,184,1
RAIL+80edfcb1+2023-07-14-13h-01m-11s,0,26,110,110,1
RAIL+80edfcb1+2023-07-14-13h-05m-54s,0,26,89,89,1
RAIL+80edfcb1+2023-07-14-13h-06m-12s,0,43,109,109,1
RAIL+80edfcb1+2023-07-14-13h-07m-46s,0,27,95,95,1
RAIL+80edfcb1+2023-07-14-13h-09m-38s,0,30,120,120,1
RAIL+80edfcb1+2023-07-14-13h-09m-58s,0,20,99,99,1
RAIL+80edfcb1+2023-07-14-13h-12m-28s,0,29,97,97,1
RAIL+80edfcb1+2023-07-14-13h-12m-46s,0,22,90,90,1
RAIL+80edfcb1+2023-07-14-13h-15m-33s,0,27,96,96,1
RAIL+80edfcb1+2023-07-14-13h-19m-22s,0,37,124,124,1
RAIL+80edfcb1+2023-07-14-14h-28m-45s,0,41,128,128,1
RAIL+80edfcb1+2023-07-14-14h-29m-20s,0,23,177,177,1
RAIL+80edfcb1+2023-07-14-14h-48m-41s,0,47,211,211,1
RAIL+80edfcb1+2023-07-14-14h-49m-22s,0,31,143,143,1
RAIL+80edfcb1+2023-07-14-14h-50m-00s,0,34,137,137,1
RAIL+80edfcb1+2023-07-14-14h-51m-14s,0,31,117,117,1
RAIL+80edfcb1+2023-07-14-15h-00m-33s,0,28,128,128,1
RAIL+80edfcb1+2023-07-14-15h-51m-50s,0,30,156,156,1
RAIL+80edfcb1+2023-07-14-15h-52m-54s,0,24,126,126,1
RAIL+80edfcb1+2023-07-14-15h-55m-55s,0,15,112,112,1
RAIL+80edfcb1+2023-07-14-16h-01m-48s,0,27,96,96,1
RAIL+80edfcb1+2023-07-14-16h-04m-10s,0,38,134,134,1
RAIL+80edfcb1+2023-07-14-16h-07m-12s,0,19,113,113,1
RAIL+80edfcb1+2023-07-14-16h-09m-39s,0,43,135,135,1
RAIL+80edfcb1+2023-07-14-16h-12m-10s,0,52,321,321,1
RAIL+80edfcb1+2023-07-14-16h-18m-11s,0,17,117,117,1
RAIL+80edfcb1+2023-07-14-16h-27m-09s,0,28,184,184,1
RAIL+80edfcb1+2023-07-14-16h-28m-03s,0,15,108,108,1
RAIL+80edfcb1+2023-07-14-17h-04m-18s,0,23,126,126,1
RAIL+80edfcb1+2023-07-14-17h-07m-42s,0,18,112,112,1
RAIL+80edfcb1+2023-07-14-17h-08m-56s,0,45,139,139,1
RAIL+80edfcb1+2023-07-14-17h-13m-16s,0,19,438,438,1
RAIL+80edfcb1+2023-07-14-17h-29m-27s,0,27,110,110,1
RAIL+80edfcb1+2023-07-14-17h-31m-03s,0,57,166,166,1
RAIL+80edfcb1+2023-07-14-17h-34m-46s,0,16,112,112,1
RAIL+80edfcb1+2023-07-14-17h-39m-17s,0,28,130,130,1
RAIL+80edfcb1+2023-07-14-17h-44m-41s,0,20,129,129,1
RAIL+80edfcb1+2023-07-14-17h-45m-17s,0,18,86,86,1
RAIL+80edfcb1+2023-07-15-18h-54m-49s,0,18,357,357,1
RAIL+80edfcb1+2023-07-15-19h-12m-31s,0,25,289,289,1
RAIL+80edfcb1+2023-07-15-19h-13m-26s,0,33,127,127,1
RAIL+80edfcb1+2023-07-15-19h-16m-15s,0,26,175,175,1
RAIL+80edfcb1+2023-07-21-16h-16m-38s,0,19,141,141,1
RAIL+80edfcb1+2023-07-21-16h-25m-10s,0,19,91,91,1
RAIL+80edfcb1+2023-07-21-16h-25m-47s,0,21,100,100,1
RAIL+80edfcb1+2023-07-21-16h-28m-32s,0,14,99,99,1
RAIL+80edfcb1+2023-07-21-16h-39m-33s,0,31,126,126,1
RAIL+80edfcb1+2023-07-21-16h-41m-36s,0,28,150,150,1
RAIL+80edfcb1+2023-07-21-17h-20m-58s,0,28,152,152,1
RAIL+80edfcb1+2023-07-21-17h-26m-45s,0,32,118,118,1
RAIL+80edfcb1+2023-07-21-17h-38m-05s,0,26,93,93,1
RAIL+80edfcb1+2023-07-21-17h-43m-11s,0,43,146,146,1
RAIL+80edfcb1+2023-07-21-17h-44m-00s,0,30,137,137,1
RAIL+80edfcb1+2023-07-21-17h-52m-21s,0,36,95,100,1
RAIL+80edfcb1+2023-07-21-17h-55m-26s,0,28,171,171,1
RAIL+80edfcb1+2023-07-21-18h-34m-12s,0,48,228,228,1
RAIL+80edfcb1+2023-07-21-18h-35m-50s,0,26,149,149,1
RAIL+80edfcb1+2023-07-21-18h-50m-29s,0,31,99,99,1
RAIL+80edfcb1+2023-07-21-18h-55m-54s,0,25,120,120,1
RAIL+80edfcb1+2023-07-21-19h-00m-12s,0,57,134,134,1
RAIL+80edfcb1+2023-07-21-19h-03m-28s,0,17,127,127,1
RAIL+80edfcb1+2023-07-21-20h-07m-19s,0,29,185,185,1
RAIL+80edfcb1+2023-07-21-20h-08m-46s,0,43,236,236,1
RAIL+80edfcb1+2023-07-21-20h-13m-36s,0,22,135,135,1
RAIL+80edfcb1+2023-07-28-15h-04m-39s,0,30,139,139,1
RAIL+80edfcb1+2023-07-28-15h-05m-03s,0,0,129,129,1
RAIL+80edfcb1+2023-08-03-19h-57m-52s,0,18,86,86,1
RAIL+80edfcb1+2023-08-03-20h-12m-47s,0,22,121,121,1
RAIL+80edfcb1+2023-08-03-20h-31m-55s,0,113,242,242,1
RAIL+80edfcb1+2023-08-03-20h-32m-31s,0,30,172,172,1
RAIL+ah6fcd56+2023-05-31-10h-56m-11s,0,37,184,184,1
RAIL+ah6fcd56+2023-05-31-10h-56m-56s,0,156,377,377,1
RAIL+ah6fcd56+2023-05-31-11h-06m-24s,0,40,215,215,1
RAIL+ah6fcd56+2023-07-18-16h-22m-14s,0,52,161,161,1
RAIL+ah6fcd56+2023-07-18-16h-26m-31s,0,47,279,279,1
RAIL+ah6fcd56+2023-07-18-16h-46m-14s,0,67,134,134,1
RAIL+ah6fcd56+2023-07-18-16h-46m-58s,0,26,156,158,1
RAIL+ah6fcd56+2023-07-18-16h-48m-38s,0,47,162,254,2
RAIL+ah6fcd56+2023-07-18-16h-48m-38s,1,167,251,254,2
RAIL+ah6fcd56+2023-07-18-16h-54m-43s,0,100,131,180,2
RAIL+ah6fcd56+2023-07-18-16h-54m-43s,1,144,177,180,2
RAIL+ah6fcd56+2023-07-18-17h-05m-42s,0,29,199,199,1
RAIL+c3d50939+2023-10-14-11h-14m-02s,0,321,731,731,1
RAIL+c3d50939+2023-10-14-11h-28m-01s,0,104,106,792,3
RAIL+c3d50939+2023-10-14-11h-28m-01s,1,142,160,792,3
RAIL+c3d50939+2023-10-14-11h-28m-01s,2,198,737,792,3
RAIL+c3d50939+2023-10-20-17h-36m-30s,0,179,215,297,1
RAIL+c3d50939+2023-11-04-10h-45m-38s,0,0,334,1018,3
RAIL+c3d50939+2023-11-04-10h-45m-38s,1,347,376,1018,3
RAIL+c3d50939+2023-11-04-10h-45m-38s,2,402,1018,1018,3
RAIL+c3d50939+2023-11-04-11h-06m-54s,0,0,586,586,1
RAIL+c3d50939+2023-11-20-17h-05m-00s,0,21,226,226,1
RAIL+d027f2ae+2023-05-30-14h-45m-15s,0,0,220,220,1
RAIL+d027f2ae+2023-05-30-14h-56m-21s,0,14,213,213,1
RAIL+d027f2ae+2023-05-30-15h-02m-19s,0,0,99,99,1
RAIL+d027f2ae+2023-05-30-15h-59m-53s,0,49,88,88,1
RAIL+d027f2ae+2023-05-30-16h-27m-03s,0,37,222,222,1
RAIL+d027f2ae+2023-05-30-17h-05m-27s,0,0,146,146,1
RAIL+d027f2ae+2023-06-02-11h-45m-37s,0,81,204,204,1
RAIL+d027f2ae+2023-06-05-16h-04m-34s,0,31,98,98,1
RAIL+d027f2ae+2023-06-05-16h-07m-51s,0,34,177,177,1
RAIL+d027f2ae+2023-06-05-16h-09m-03s,0,0,231,231,1
RAIL+d027f2ae+2023-06-05-17h-08m-47s,0,42,68,70,1
RAIL+d027f2ae+2023-06-06-14h-20m-40s,0,39,127,127,1
RAIL+d027f2ae+2023-06-06-14h-23m-54s,0,59,147,147,1
RAIL+d027f2ae+2023-06-06-14h-54m-42s,0,49,172,179,1
RAIL+d027f2ae+2023-06-06-15h-00m-25s,0,45,162,162,1
RAIL+d027f2ae+2023-06-06-15h-08m-34s,0,64,165,177,1
RAIL+d027f2ae+2023-06-06-15h-54m-46s,0,35,279,279,1
RAIL+d027f2ae+2023-06-06-16h-57m-01s,0,28,197,197,1
RAIL+d027f2ae+2023-06-06-16h-58m-40s,0,41,172,172,1
RAIL+d027f2ae+2023-06-06-17h-03m-57s,0,31,140,140,1
RAIL+d027f2ae+2023-06-08-10h-38m-55s,0,84,196,196,1
RAIL+d027f2ae+2023-06-08-11h-59m-05s,0,36,210,210,1
RAIL+d027f2ae+2023-06-08-12h-26m-18s,0,47,71,71,1
RAIL+d027f2ae+2023-06-08-12h-27m-24s,0,35,136,136,1
RAIL+d027f2ae+2023-06-08-12h-31m-42s,0,43,175,175,1
RAIL+d027f2ae+2023-06-08-13h-03m-02s,0,36,210,210,1
RAIL+d027f2ae+2023-06-08-13h-04m-33s,0,35,212,212,1
RAIL+d027f2ae+2023-06-12-16h-14m-34s,0,56,191,191,1
RAIL+d027f2ae+2023-06-20-17h-59m-27s,0,83,115,182,2
RAIL+d027f2ae+2023-06-20-17h-59m-27s,1,134,170,182,2
RAIL+d027f2ae+2023-06-20-19h-06m-10s,0,49,185,185,1
RAIL+d027f2ae+2023-06-20-19h-06m-46s,0,55,194,194,1
RAIL+d027f2ae+2023-06-20-19h-07m-07s,0,48,164,164,1
RAIL+d027f2ae+2023-06-22-16h-44m-46s,0,29,134,134,1
RAIL+d027f2ae+2023-06-22-16h-47m-43s,0,43,157,157,1
RAIL+d027f2ae+2023-06-22-17h-00m-59s,0,33,70,104,2
RAIL+d027f2ae+2023-06-22-17h-00m-59s,1,76,101,104,2
RAIL+d027f2ae+2023-06-22-17h-06m-35s,0,26,97,97,1
RAIL+d027f2ae+2023-06-27-21h-07m-03s,0,30,98,98,1
RAIL+d027f2ae+2023-08-07-14h-57m-54s,0,70,177,177,1
RAIL+d027f2ae+2023-08-07-15h-00m-51s,0,61,86,86,1
RAIL+d027f2ae+2023-08-07-15h-14m-31s,0,37,148,148,1
RAIL+d027f2ae+2023-08-07-15h-22m-05s,0,34,83,83,1
RAIL+d027f2ae+2023-08-07-16h-14m-49s,0,50,141,141,1
RAIL+d027f2ae+2023-08-07-17h-03m-04s,0,46,109,115,1
RAIL+d027f2ae+2023-08-07-17h-33m-30s,0,46,131,131,1
RAIL+d027f2ae+2023-08-07-17h-55m-11s,0,20,120,120,1
RAIL+d027f2ae+2023-08-07-18h-03m-12s,0,27,122,122,1
RAIL+d027f2ae+2023-09-20-18h-02m-09s,0,53,184,184,1
RAIL+d027f2ae+2023-09-20-18h-07m-42s,0,59,183,183,1
RAIL+d027f2ae+2023-09-20-18h-11m-19s,0,29,102,122,1
RAIL+d027f2ae+2023-09-21-09h-55m-02s,0,34,124,124,1
RAIL+d027f2ae+2023-09-21-09h-55m-22s,0,38,132,132,1
RAIL+d027f2ae+2023-09-21-09h-59m-54s,0,26,108,109,1
RAIL+d027f2ae+2023-09-21-10h-16m-18s,0,24,66,66,1
RAIL+d027f2ae+2023-09-21-16h-49m-34s,0,321,679,679,1
RAIL+d027f2ae+2023-09-29-10h-58m-24s,0,43,86,127,2
RAIL+d027f2ae+2023-09-29-10h-58m-24s,1,98,127,127,2
RAIL+d027f2ae+2023-09-29-11h-03m-11s,0,33,139,139,1
RAIL+d027f2ae+2023-09-29-19h-12m-59s,0,19,152,152,1
RAIL+d027f2ae+2023-09-29-19h-32m-36s,0,36,159,159,1
RAIL+d027f2ae+2023-09-29-19h-49m-21s,0,24,126,126,1
RAIL+d027f2ae+2023-09-29-19h-49m-40s,0,29,132,132,1
RAIL+d027f2ae+2023-10-03-10h-10m-55s,0,29,116,116,1
RAIL+d027f2ae+2023-10-03-11h-08m-39s,0,23,110,110,1
RAIL+d027f2ae+2023-10-03-11h-09m-16s,0,28,116,116,1
RAIL+d027f2ae+2023-10-04-10h-45m-20s,0,21,98,98,1
RAIL+d027f2ae+2023-10-04-10h-52m-54s,0,31,118,118,1
RAIL+d027f2ae+2023-10-05-09h-49m-51s,0,24,97,97,1
RAIL+d027f2ae+2023-10-05-09h-55m-13s,0,34,94,94,1
RAIL+d027f2ae+2023-10-09-09h-58m-13s,0,28,122,122,1
RAIL+d027f2ae+2023-10-09-10h-10m-24s,0,24,81,81,1
RAIL+d027f2ae+2023-10-09-10h-11m-48s,0,35,100,100,1
RAIL+d027f2ae+2023-10-09-10h-22m-09s,0,30,143,143,1
RAIL+d027f2ae+2023-10-09-10h-23m-59s,0,27,137,137,1
RAIL+d027f2ae+2023-10-09-10h-42m-12s,0,21,148,155,1
RAIL+d027f2ae+2023-10-09-10h-43m-49s,0,30,90,90,1
RAIL+d027f2ae+2023-10-09-10h-46m-41s,0,26,122,122,1
RAIL+d027f2ae+2023-10-09-10h-47m-36s,0,28,106,106,1
RAIL+d027f2ae+2023-10-09-10h-56m-07s,0,29,100,100,1
RAIL+d027f2ae+2023-10-10-09h-59m-07s,0,39,83,152,2
RAIL+d027f2ae+2023-10-10-09h-59m-07s,1,105,152,152,2
RAIL+d027f2ae+2023-10-10-10h-01m-46s,0,35,118,118,1
RAIL+d027f2ae+2023-10-10-10h-09m-25s,0,41,132,132,1
RAIL+d027f2ae+2023-10-10-10h-17m-34s,0,38,96,151,2
RAIL+d027f2ae+2023-10-10-10h-17m-34s,1,103,151,151,2
RAIL+d027f2ae+2023-10-10-10h-18m-01s,0,37,120,120,1
RAIL+d027f2ae+2023-10-10-10h-22m-19s,0,51,143,143,1
RAIL+d027f2ae+2023-10-10-10h-24m-48s,0,27,112,112,1
RAIL+d027f2ae+2023-10-10-10h-32m-07s,0,24,107,111,1
RAIL+d027f2ae+2023-10-11-10h-14m-10s,0,19,52,52,1
RAIL+d027f2ae+2023-10-11-10h-34m-09s,0,15,111,111,1
RAIL+d027f2ae+2023-10-11-10h-41m-46s,0,17,109,109,1
RAIL+d027f2ae+2023-10-11-10h-42m-03s,0,26,101,101,1
RAIL+d027f2ae+2023-10-11-10h-46m-27s,0,23,100,100,1
RAIL+d027f2ae+2023-10-11-10h-46m-42s,0,25,72,72,1
RAIL+d027f2ae+2023-10-16-10h-24m-19s,0,29,107,107,1
RAIL+d027f2ae+2023-10-16-10h-57m-45s,0,34,97,97,1
RAIL+d027f2ae+2023-10-18-10h-31m-24s,0,28,103,103,1
RAIL+d027f2ae+2023-10-19-10h-16m-07s,0,33,178,178,1
RAIL+d027f2ae+2023-10-19-10h-16m-49s,0,29,98,98,1
RAIL+d027f2ae+2023-10-19-10h-17m-38s,0,22,146,146,1
RAIL+d027f2ae+2023-10-19-10h-24m-02s,0,26,96,96,1
RAIL+d027f2ae+2023-10-23-09h-57m-09s,0,24,102,102,1
RAIL+d027f2ae+2023-10-23-10h-02m-40s,0,13,104,104,1
RAIL+d027f2ae+2023-10-23-10h-10m-18s,0,29,86,86,1
RAIL+d027f2ae+2023-10-23-10h-13m-24s,0,32,116,116,1
RAIL+d027f2ae+2023-10-23-10h-14m-28s,0,19,104,104,1
RAIL+d027f2ae+2023-10-23-10h-17m-52s,0,35,133,133,1
RAIL+d027f2ae+2023-10-23-10h-52m-02s,0,35,112,112,1
RAIL+d027f2ae+2023-10-24-10h-13m-19s,0,22,81,81,1
RAIL+d027f2ae+2023-10-24-10h-14m-09s,0,24,97,97,1
RAIL+d027f2ae+2023-10-24-10h-20m-54s,0,28,99,99,1
RAIL+d027f2ae+2023-10-24-10h-21m-46s,0,20,109,109,1
RAIL+d027f2ae+2023-10-26-10h-43m-45s,0,18,60,60,1
RAIL+d027f2ae+2023-10-26-10h-45m-11s,0,28,147,147,1
RAIL+d027f2ae+2023-10-26-10h-47m-42s,0,15,80,80,1
RAIL+d027f2ae+2023-10-26-10h-48m-25s,0,13,87,87,1
RAIL+d027f2ae+2023-10-26-10h-49m-05s,0,16,64,64,1
RAIL+d027f2ae+2023-10-26-10h-50m-09s,0,16,61,61,1
RAIL+d027f2ae+2023-10-26-11h-01m-53s,0,23,100,100,1
RAIL+d027f2ae+2023-10-26-18h-22m-17s,0,25,69,69,1
RAIL+d027f2ae+2023-10-26-18h-43m-45s,0,26,80,80,1
RAIL+d027f2ae+2023-10-27-11h-25m-39s,0,32,86,86,1
RAIL+d027f2ae+2023-10-27-11h-26m-09s,0,24,105,105,1
RAIL+d027f2ae+2023-11-01-10h-34m-13s,0,33,139,139,1
RAIL+d027f2ae+2023-11-01-10h-35m-06s,0,36,94,94,1
RAIL+d027f2ae+2023-11-01-10h-53m-37s,0,28,121,121,1
RAIL+d027f2ae+2023-11-03-10h-25m-37s,0,22,150,150,1
RAIL+d027f2ae+2023-11-03-10h-32m-13s,0,21,144,144,1
RAIL+d027f2ae+2023-11-03-10h-36m-17s,0,33,90,90,1
RAIL+d027f2ae+2023-11-03-10h-47m-25s,0,28,87,87,1
RAIL+d027f2ae+2023-11-03-10h-47m-40s,0,22,111,111,1
RAIL+d027f2ae+2023-11-03-10h-48m-23s,0,25,113,113,1
RAIL+d027f2ae+2023-11-03-10h-55m-57s,0,21,67,67,1
RAIL+d027f2ae+2023-11-03-20h-35m-30s,0,0,144,144,1
RAIL+d027f2ae+2023-11-03-20h-40m-04s,0,14,101,101,1
RAIL+d027f2ae+2023-11-04-14h-05m-20s,0,28,192,192,1
RAIL+d027f2ae+2023-11-04-14h-10m-06s,0,23,153,153,1
RAIL+d027f2ae+2023-11-04-14h-19m-59s,0,20,105,105,1
RAIL+d027f2ae+2023-11-04-14h-46m-23s,0,26,104,104,1
RAIL+d027f2ae+2023-11-06-10h-14m-16s,0,15,124,124,1
RAIL+d027f2ae+2023-11-06-10h-17m-47s,0,11,76,76,1
RAIL+d027f2ae+2023-11-06-10h-44m-47s,0,17,81,81,1
RAIL+d027f2ae+2023-11-06-10h-46m-14s,0,0,126,126,1
RAIL+d027f2ae+2023-11-06-10h-46m-34s,0,20,110,110,1
RAIL+d027f2ae+2023-11-06-10h-52m-14s,0,20,59,59,1
RAIL+d027f2ae+2023-11-06-11h-35m-36s,0,23,71,71,1
RAIL+d027f2ae+2023-11-06-11h-35m-52s,0,24,107,107,1
RAIL+d027f2ae+2023-11-07-10h-52m-24s,0,33,104,104,1
RAIL+d027f2ae+2023-11-14-18h-31m-41s,0,15,115,115,1
RAIL+d027f2ae+2023-11-14-18h-38m-04s,0,18,132,162,1
RAIL+d027f2ae+2023-11-14-18h-41m-13s,0,16,136,138,1
RAIL+d027f2ae+2023-11-14-18h-45m-00s,0,22,110,110,1
RAIL+d027f2ae+2023-11-14-19h-04m-51s,0,30,110,111,1
RAIL+d027f2ae+2023-11-14-19h-05m-51s,0,65,158,158,1
RAIL+d027f2ae+2023-11-14-19h-06m-29s,0,56,163,163,1
RAIL+d027f2ae+2023-11-14-19h-16m-12s,0,41,81,81,1
RAIL+d027f2ae+2023-11-15-10h-53m-11s,0,22,108,108,1
RAIL+d027f2ae+2023-11-16-11h-17m-36s,0,26,130,130,1
RAIL+d027f2ae+2023-11-16-11h-20m-44s,0,20,114,114,1
RAIL+d027f2ae+2023-11-17-10h-32m-10s,0,39,90,90,1
RAIL+d027f2ae+2023-11-17-10h-34m-02s,0,35,112,112,1
RAIL+d027f2ae+2023-11-17-10h-51m-11s,0,28,123,123,1
RAIL+d027f2ae+2023-11-20-11h-09m-53s,0,43,62,76,1
RAIL+d027f2ae+2023-11-20-11h-14m-29s,0,20,106,106,1
RAIL+d027f2ae+2023-11-20-11h-18m-03s,0,15,108,108,1
RAIL+d027f2ae+2023-11-20-11h-18m-18s,0,18,80,80,1
RAIL+d027f2ae+2023-11-29-16h-55m-54s,0,36,77,115,2
RAIL+d027f2ae+2023-11-29-16h-55m-54s,1,95,113,115,2
RAIL+d027f2ae+2023-11-29-17h-06m-11s,0,63,90,126,2
RAIL+d027f2ae+2023-11-29-17h-06m-11s,1,104,124,126,2
RAIL+d027f2ae+2023-11-30-11h-41m-12s,0,21,90,90,1
RAIL+d027f2ae+2023-11-30-11h-44m-14s,0,46,110,110,1
RAIL+d027f2ae+2023-11-30-11h-49m-14s,0,32,110,110,1
RAIL+d027f2ae+2023-11-30-11h-55m-49s,0,35,99,99,1
RAIL+d027f2ae+2023-12-02-16h-31m-06s,0,32,104,104,1
RAIL+d027f2ae+2023-12-02-16h-32m-37s,0,34,78,78,1
RAIL+d027f2ae+2023-12-02-17h-30m-20s,0,24,127,127,1
RAIL+daf8a660+2023-08-29-15h-29m-27s,0,35,157,157,1
RAIL+daf8a660+2023-08-31-10h-52m-55s,0,30,248,248,1
RAIL+daf8a660+2023-08-31-10h-53m-22s,0,30,149,149,1
RAIL+daf8a660+2023-08-31-14h-52m-34s,0,22,167,408,2
RAIL+daf8a660+2023-08-31-14h-52m-34s,1,180,237,408,2
RAIL+daf8a660+2023-08-31-14h-53m-15s,0,26,291,291,1
RAIL+daf8a660+2023-08-31-15h-11m-00s,0,68,184,184,1
RAIL+daf8a660+2023-08-31-15h-17m-32s,0,15,100,190,1
RAIL+daf8a660+2023-08-31-15h-19m-28s,0,18,144,144,1
RAIL+daf8a660+2023-08-31-15h-41m-52s,0,33,99,99,1
RAIL+daf8a660+2023-08-31-15h-43m-39s,0,34,157,157,1
RAIL+daf8a660+2023-08-31-15h-52m-46s,0,24,174,174,1
RAIL+daf8a660+2023-09-01-15h-30m-43s,0,53,121,121,1
RAIL+daf8a660+2023-09-01-15h-32m-04s,0,22,101,101,1
RAIL+daf8a660+2023-09-01-15h-42m-09s,0,31,180,180,1
RAIL+daf8a660+2023-09-01-15h-48m-29s,0,20,180,180,1
RAIL+daf8a660+2023-09-12-10h-38m-39s,0,22,116,201,2
RAIL+daf8a660+2023-09-12-10h-38m-39s,1,128,201,201,2
RAIL+daf8a660+2023-09-12-10h-44m-28s,0,31,153,153,1
RAIL+daf8a660+2023-10-13-11h-00m-53s,0,0,201,201,1
RAIL+daf8a660+2023-10-13-11h-14m-11s,0,30,65,65,1
RAIL+daf8a660+2023-10-13-11h-26m-51s,0,32,109,109,1
RAIL+daf8a660+2023-10-13-11h-33m-49s,0,0,113,113,1
RAIL+daf8a660+2023-11-29-13h-19m-21s,0,18,113,113,1
RAIL+daf8a660+2023-11-29-13h-23m-53s,0,18,94,94,1
RAIL+daf8a660+2023-11-29-14h-13m-31s,0,49,150,150,1
RAIL+daf8a660+2023-11-29-14h-13m-50s,0,24,138,138,1
RAIL+daf8a660+2023-11-29-14h-30m-43s,0,22,146,146,1
RAIL+daf8a660+2023-11-29-14h-33m-29s,0,20,150,150,1
RAIL+eh61f232+2023-04-07-19h-34m-07s,0,321,413,413,1
RAIL+eh61f232+2023-05-15-11h-14m-40s,0,22,134,134,1
RAIL+eh61f232+2023-05-15-11h-18m-18s,0,25,135,135,1
RAIL+eh61f232+2023-05-15-11h-22m-46s,0,33,135,135,1
RAIL+eh61f232+2023-10-26-17h-31m-25s,0,416,1333,1333,1
RAIL+eh61f232+2023-10-26-17h-33m-59s,0,153,183,672,4
RAIL+eh61f232+2023-10-26-17h-33m-59s,1,204,219,672,4
RAIL+eh61f232+2023-10-26-17h-33m-59s,2,238,254,672,4
RAIL+eh61f232+2023-10-26-17h-33m-59s,3,282,396,672,4
RAIL+eh61f232+2023-10-26-17h-35m-23s,0,54,310,310,1
RAIL+t3d58310+2023-05-19-15h-23m-47s,0,0,88,121,2
RAIL+t3d58310+2023-05-19-15h-23m-47s,1,95,121,121,2
RAIL+t3d58310+2023-05-19-15h-33m-06s,0,0,132,132,1
RAIL+t3d58310+2023-05-19-15h-40m-50s,0,25,114,114,1
RAIL+t3d58310+2023-05-19-15h-43m-29s,0,27,117,117,1
RAIL+t3d58310+2023-05-19-16h-51m-01s,0,43,124,124,1
RAIL+t3d58310+2023-05-20-14h-10m-35s,0,66,144,179,2
RAIL+t3d58310+2023-05-20-14h-10m-35s,1,152,179,179,2
RAIL+t3d58310+2023-05-20-14h-12m-01s,0,55,97,97,1
RAIL+t3d58310+2023-05-20-14h-39m-06s,0,22,155,155,1
RAIL+t3d58310+2023-05-20-14h-39m-25s,0,48,129,129,1
RAIL+t3d58310+2023-05-20-14h-40m-53s,0,38,143,143,1
RAIL+t3d58310+2023-05-20-14h-46m-25s,0,16,134,134,1
RAIL+t3d58310+2023-05-20-14h-51m-12s,0,20,214,214,1
RAIL+t3d58310+2023-05-20-15h-03m-11s,0,36,130,130,1
RAIL+t3d58310+2023-05-20-15h-05m-40s,0,38,95,95,1
RAIL+t3d58310+2023-05-20-15h-06m-37s,0,29,127,127,1
RAIL+t3d58310+2023-05-20-15h-07m-17s,0,23,134,134,1
RAIL+t3d58310+2023-05-20-15h-09m-46s,0,28,205,205,1
RAIL+t3d58310+2023-05-28-14h-51m-43s,0,20,197,197,1
RAIL+t3d58310+2023-05-28-15h-01m-40s,0,11,144,144,1
RAIL+t3d58310+2023-05-28-15h-03m-45s,0,17,227,227,1
RAIL+t3d58310+2023-05-28-15h-08m-56s,0,18,158,158,1
RAIL+t3d58310+2023-05-28-15h-47m-49s,0,18,160,160,1
RAIL+t3d58310+2023-05-28-16h-02m-44s,0,14,163,163,1
RAIL+t3d58310+2023-05-28-16h-45m-01s,0,27,187,187,1
RAIL+t3d58310+2023-05-28-16h-45m-41s,0,10,170,170,1
RAIL+t3d58310+2023-05-28-16h-47m-28s,0,22,242,242,1
RAIL+t3d58310+2023-05-28-16h-57m-06s,0,39,359,359,1
RAIL+t3d58310+2023-05-28-17h-01m-52s,0,37,176,176,1
RAIL+t3d58310+2023-05-28-17h-06m-06s,0,34,155,155,1
RAIL+t3d58310+2023-05-28-17h-11m-52s,0,8,128,128,1
RAIL+t3d58310+2023-05-28-17h-24m-18s,0,18,110,110,1
RAIL+t3d58310+2023-05-28-17h-44m-07s,0,16,112,112,1
RAIL+t3d58310+2023-07-13-15h-50m-45s,0,131,289,289,1
RAIL+t3d58310+2023-07-27-15h-54m-57s,0,64,549,549,1
RAIL+t3d58310+2023-07-27-17h-11m-43s,0,49,212,212,1
RAIL+t3d58310+2023-07-27-17h-17m-43s,0,51,497,497,1
RAIL+t3d58310+2023-07-27-17h-22m-46s,0,80,405,405,1
RAIL+t3d58310+2023-07-27-17h-28m-55s,0,60,65,380,2
RAIL+t3d58310+2023-07-27-17h-28m-55s,1,72,380,380,2
RAIL+t3d58310+2023-07-27-17h-30m-58s,0,26,125,125,1
RAIL+t3d58310+2023-07-27-17h-47m-03s,0,39,562,562,1
RAIL+t3d58310+2023-07-28-17h-26m-05s,0,28,645,645,1
RAIL+t3d58310+2023-07-28-18h-02m-42s,0,49,78,833,3
RAIL+t3d58310+2023-07-28-18h-02m-42s,1,105,282,833,3
RAIL+t3d58310+2023-07-28-18h-02m-42s,2,294,833,833,3
RAIL+t3d58310+2023-07-28-18h-10m-28s,0,77,765,765,1
RAIL+t3d58310+2023-07-28-18h-27m-22s,0,73,201,501,4
RAIL+t3d58310+2023-07-28-18h-27m-22s,1,213,275,501,4
RAIL+t3d58310+2023-07-28-18h-27m-22s,2,281,283,501,4
RAIL+t3d58310+2023-07-28-18h-27m-22s,3,311,501,501,4
RAIL+t3d58310+2023-08-08-17h-00m-30s,0,22,270,684,3
RAIL+t3d58310+2023-08-08-17h-00m-30s,1,273,297,684,3
RAIL+t3d58310+2023-08-08-17h-00m-30s,2,304,684,684,3
RAIL+t3d58310+2023-08-08-18h-02m-28s,0,55,268,268,1
RAIL+t3d58310+2023-08-12-15h-02m-31s,0,43,749,1352,4
RAIL+t3d58310+2023-08-12-15h-02m-31s,1,756,771,1352,4
RAIL+t3d58310+2023-08-12-15h-02m-31s,2,775,824,1352,4
RAIL+t3d58310+2023-08-12-15h-02m-31s,3,832,1352,1352,4
RAIL+t3d58310+2023-08-12-16h-51m-15s,0,26,37,1464,9
RAIL+t3d58310+2023-08-12-16h-51m-15s,1,44,102,1464,9
RAIL+t3d58310+2023-08-12-16h-51m-15s,2,105,803,1464,9
RAIL+t3d58310+2023-08-12-16h-51m-15s,3,847,854,1464,9
RAIL+t3d58310+2023-08-12-16h-51m-15s,4,919,943,1464,9
RAIL+t3d58310+2023-08-12-16h-51m-15s,5,1132,1137,1464,9
RAIL+t3d58310+2023-08-12-16h-51m-15s,6,1302,1356,1464,9
RAIL+t3d58310+2023-08-12-16h-51m-15s,7,1384,1385,1464,9
RAIL+t3d58310+2023-08-12-16h-51m-15s,8,1411,1412,1464,9
RAIL+t3d58310+2023-08-12-17h-11m-35s,0,21,1283,1283,1
REAL+4dbb5646+2023-04-14-16h-31m-52s,0,77,251,572,2
REAL+4dbb5646+2023-04-14-16h-31m-52s,1,286,572,572,2
REAL+4dbb5646+2023-04-17-14h-56m-15s,0,0,81,627,2
REAL+4dbb5646+2023-04-17-14h-56m-15s,1,104,627,627,2
REAL+4dbb5646+2023-04-18-15h-35m-54s,0,0,314,314,1
REAL+4dbb5646+2023-04-18-16h-50m-14s,0,0,393,393,1
REAL+4dbb5646+2023-04-18-16h-52m-32s,0,0,280,280,1
REAL+4dbb5646+2023-05-17-11h-07m-32s,0,0,262,262,1
REAL+4dbb5646+2023-05-17-11h-13m-14s,0,0,179,179,1
REAL+4dbb5646+2023-05-17-11h-15m-17s,0,0,493,493,1
REAL+4dbb5646+2023-05-17-16h-08m-46s,0,9,242,242,1
REAL+4dbb5646+2023-05-17-16h-09m-15s,0,7,164,164,1
REAL+4dbb5646+2023-05-17-16h-10m-36s,0,0,248,248,1
REAL+4dbb5646+2023-05-17-16h-13m-12s,0,0,176,176,1
REAL+4dbb5646+2023-05-17-16h-18m-18s,0,0,182,182,1
REAL+4dbb5646+2023-05-17-16h-20m-22s,0,0,184,184,1
REAL+4dbb5646+2023-05-19-12h-48m-33s,0,0,467,467,1
REAL+4dbb5646+2023-05-19-16h-18m-41s,0,17,391,391,1
REAL+4dbb5646+2023-05-19-16h-20m-27s,0,10,175,416,2
REAL+4dbb5646+2023-05-19-16h-20m-27s,1,183,416,416,2
REAL+4dbb5646+2023-05-19-16h-21m-41s,0,13,429,429,1
REAL+4dbb5646+2023-05-30-16h-08m-42s,0,18,159,159,1
REAL+4dbb5646+2023-05-30-16h-15m-06s,0,7,134,134,1
REAL+4dbb5646+2023-05-30-16h-17m-25s,0,14,214,214,1
REAL+4dbb5646+2023-05-30-16h-41m-21s,0,11,174,174,1
REAL+4dbb5646+2023-05-30-16h-42m-23s,0,13,321,321,1
REAL+4dbb5646+2023-06-07-11h-33m-32s,0,0,285,285,1
REAL+4dbb5646+2023-06-07-11h-40m-00s,0,0,189,189,1
REAL+4dbb5646+2023-06-07-11h-41m-40s,0,10,245,245,1
REAL+4dbb5646+2023-06-07-11h-46m-04s,0,10,202,202,1
REAL+4dbb5646+2023-06-07-11h-56m-17s,0,23,404,404,1
REAL+4dbb5646+2023-06-07-11h-57m-41s,0,14,216,216,1
REAL+4dbb5646+2023-06-07-11h-59m-09s,0,20,189,189,1
REAL+4dbb5646+2023-06-07-12h-01m-04s,0,9,207,207,1
REAL+4dbb5646+2023-06-07-12h-01m-28s,0,26,191,191,1
REAL+4dbb5646+2023-06-07-12h-10m-31s,0,15,508,508,1
REAL+4dbb5646+2023-06-07-12h-26m-40s,0,11,151,151,1
REAL+4dbb5646+2023-06-21-15h-42m-14s,0,31,155,277,1
REAL+4dbb5646+2023-06-21-15h-47m-05s,0,75,134,217,1
REAL+4dbb5646+2023-06-21-15h-48m-30s,0,27,91,173,1
REAL+4dbb5646+2023-06-21-15h-51m-08s,0,96,192,257,1
REAL+4dbb5646+2023-06-21-15h-52m-18s,0,163,169,215,1
REAL+4dbb5646+2023-06-21-16h-01m-31s,0,27,137,215,1
REAL+4dbb5646+2023-06-21-16h-02m-25s,0,27,117,209,2
REAL+4dbb5646+2023-06-21-16h-02m-25s,1,192,209,209,2
REAL+4dbb5646+2023-06-21-16h-07m-02s,0,39,118,195,1
REAL+4dbb5646+2023-06-21-16h-11m-19s,0,21,94,212,1
REAL+4dbb5646+2023-06-21-16h-24m-22s,0,44,81,187,2
REAL+4dbb5646+2023-06-21-16h-24m-22s,1,173,182,187,2
REAL+4dbb5646+2023-06-21-16h-31m-37s,0,21,93,178,1
REAL+4dbb5646+2023-07-25-14h-22m-55s,0,21,166,166,1
REAL+4dbb5646+2023-07-25-14h-23m-42s,0,17,174,174,1
REAL+4dbb5646+2023-07-25-14h-24m-24s,0,21,118,118,1
REAL+4dbb5646+2023-07-25-14h-26m-22s,0,25,191,191,1
REAL+4dbb5646+2023-07-25-14h-32m-51s,0,20,170,170,1
REAL+4dbb5646+2023-07-25-14h-33m-56s,0,27,208,208,1
REAL+4dbb5646+2023-07-25-14h-37m-38s,0,29,172,172,1
REAL+4dbb5646+2023-07-25-14h-38m-35s,0,31,184,184,1
REAL+4dbb5646+2023-07-25-14h-39m-14s,0,20,105,105,1
REAL+4dbb5646+2023-07-25-14h-39m-34s,0,17,162,162,1
REAL+4dbb5646+2023-07-25-14h-47m-36s,0,20,171,171,1
REAL+4dbb5646+2023-07-25-14h-55m-22s,0,0,130,130,1
REAL+4f8ca688+2023-05-17-10h-45m-52s,0,28,275,275,1
REAL+4f8ca688+2023-05-17-10h-54m-25s,0,18,124,124,1
REAL+4f8ca688+2023-05-20-11h-45m-27s,0,0,26,284,3
REAL+4f8ca688+2023-05-20-11h-45m-27s,1,109,115,284,3
REAL+4f8ca688+2023-05-20-11h-45m-27s,2,131,170,284,3
REAL+4f8ca688+2023-05-20-11h-50m-07s,0,0,51,525,5
REAL+4f8ca688+2023-05-20-11h-50m-07s,1,156,270,525,5
REAL+4f8ca688+2023-05-20-11h-50m-07s,2,283,449,525,5
REAL+4f8ca688+2023-05-20-11h-50m-07s,3,461,492,525,5
REAL+4f8ca688+2023-05-20-11h-50m-07s,4,505,525,525,5
REAL+4f8ca688+2023-05-21-09h-09m-19s,0,0,73,392,4
REAL+4f8ca688+2023-05-21-09h-09m-19s,1,81,92,392,4
REAL+4f8ca688+2023-05-21-09h-09m-19s,2,141,342,392,4
REAL+4f8ca688+2023-05-21-09h-09m-19s,3,374,392,392,4
REAL+4f8ca688+2023-05-21-09h-22m-04s,0,0,366,366,1
REAL+4f8ca688+2023-05-21-09h-26m-58s,0,0,288,288,1
REAL+4f8ca688+2023-05-21-09h-28m-40s,0,0,91,91,1
REAL+4f8ca688+2023-05-21-09h-33m-01s,0,0,300,300,1
REAL+4f8ca688+2023-05-27-10h-45m-35s,0,21,323,323,1
REAL+4f8ca688+2023-05-27-11h-08m-47s,0,15,110,110,1
REAL+4f8ca688+2023-05-27-11h-28m-13s,0,0,286,286,1
REAL+4f8ca688+2023-05-27-11h-30m-12s,0,22,199,199,1
REAL+4f8ca688+2023-05-27-11h-44m-34s,0,22,279,279,1
REAL+4f8ca688+2023-05-27-11h-55m-27s,0,14,200,200,1
REAL+4f8ca688+2023-05-27-11h-56m-55s,0,0,94,94,1
REAL+4f8ca688+2023-05-31-10h-26m-18s,0,28,665,665,1
REAL+4f8ca688+2023-05-31-10h-27m-45s,0,31,712,712,1
REAL+4f8ca688+2023-05-31-10h-37m-58s,0,0,1041,1041,1
REAL+4f8ca688+2023-05-31-10h-43m-25s,0,15,244,244,1
REAL+4f8ca688+2023-05-31-10h-51m-42s,0,0,307,307,1
REAL+4f8ca688+2023-05-31-11h-05m-04s,0,0,191,191,1
REAL+4f8ca688+2023-06-08-12h-23m-57s,0,0,186,186,1
REAL+4f8ca688+2023-06-08-14h-23m-57s,0,15,147,150,1
REAL+4f8ca688+2023-06-08-14h-29m-21s,0,35,473,473,1
REAL+4f8ca688+2023-06-08-14h-36m-12s,0,23,425,425,1
REAL+4f8ca688+2023-06-08-14h-44m-20s,0,34,167,167,1
REAL+4f8ca688+2023-06-08-14h-48m-03s,0,60,235,313,2
REAL+4f8ca688+2023-06-08-14h-48m-03s,1,253,303,313,2
REAL+4f8ca688+2023-06-08-14h-51m-50s,0,24,193,193,1
REAL+4f8ca688+2023-06-08-14h-52m-35s,0,21,267,267,1
REAL+4f8ca688+2023-06-08-15h-00m-30s,0,14,329,402,2
REAL+4f8ca688+2023-06-08-15h-00m-30s,1,352,402,402,2
REAL+4f8ca688+2023-06-15-14h-58m-11s,0,27,250,250,1
REAL+4f8ca688+2023-06-15-15h-05m-48s,0,0,571,571,1
REAL+4f8ca688+2023-06-15-15h-17m-33s,0,11,794,794,1
REAL+4f8ca688+2023-06-15-15h-21m-30s,0,26,404,404,1
REAL+4f8ca688+2023-06-27-11h-35m-05s,0,25,112,112,1
REAL+4f8ca688+2023-06-27-11h-46m-30s,0,37,343,343,1
REAL+4f8ca688+2023-07-04-12h-35m-57s,0,67,351,351,1
REAL+4f8ca688+2023-07-04-12h-37m-04s,0,38,255,378,3
REAL+4f8ca688+2023-07-04-12h-37m-04s,1,261,286,378,3
REAL+4f8ca688+2023-07-04-12h-37m-04s,2,317,376,378,3
REAL+4f8ca688+2023-07-04-12h-47m-50s,0,34,333,333,1
REAL+4f8ca688+2023-07-04-15h-15m-17s,0,27,473,473,1
REAL+4f8ca688+2023-07-04-15h-20m-13s,0,23,426,426,1
REAL+4f8ca688+2023-07-11-12h-02m-44s,0,0,48,173,3
REAL+4f8ca688+2023-07-11-12h-02m-44s,1,86,114,173,3
REAL+4f8ca688+2023-07-11-12h-02m-44s,2,138,163,173,3
REAL+4f8ca688+2023-07-11-12h-42m-31s,0,19,51,263,3
REAL+4f8ca688+2023-07-11-12h-42m-31s,1,73,156,263,3
REAL+4f8ca688+2023-07-11-12h-42m-31s,2,161,263,263,3
REAL+4f8ca688+2023-07-13-13h-26m-29s,0,0,378,378,1
REAL+4f8ca688+2023-07-13-13h-57m-11s,0,13,149,149,1
REAL+4f8ca688+2023-07-13-13h-59m-04s,0,0,342,342,1
REAL+4f8ca688+2023-07-13-14h-12m-29s,0,14,395,395,1
REAL+4f8ca688+2023-07-13-14h-31m-50s,0,0,246,246,1
REAL+4f8ca688+2023-07-15-11h-48m-33s,0,35,123,192,3
REAL+4f8ca688+2023-07-15-11h-48m-33s,1,155,169,192,3
REAL+4f8ca688+2023-07-15-11h-48m-33s,2,184,192,192,3
REAL+4f8ca688+2023-07-15-11h-58m-22s,0,24,126,214,1
REAL+4f8ca688+2023-07-15-12h-41m-47s,0,18,428,428,1
REAL+4f8ca688+2023-07-15-12h-53m-35s,0,50,354,420,2
REAL+4f8ca688+2023-07-15-12h-53m-35s,1,361,420,420,2
REAL+4f8ca688+2023-07-20-13h-10m-12s,0,38,261,261,1
REAL+4f8ca688+2023-07-20-13h-19m-43s,0,0,152,152,1
REAL+4f8ca688+2023-07-20-13h-20m-35s,0,0,272,272,1
REAL+4f8ca688+2023-07-20-15h-06m-47s,0,0,46,46,1
REAL+4f8ca688+2023-07-25-12h-52m-10s,0,22,115,115,1
REAL+4f8ca688+2023-07-25-13h-46m-36s,0,6,248,248,1
REAL+4f8ca688+2023-07-25-13h-47m-01s,0,0,491,491,1
REAL+4f8ca688+2023-08-15-12h-56m-12s,0,18,125,125,1
REAL+4f8ca688+2023-08-15-13h-05m-52s,0,34,217,217,1
REAL+4f8ca688+2023-08-15-14h-24m-05s,0,23,588,588,1
REAL+4f8ca688+2023-08-15-14h-25m-49s,0,20,128,128,1
REAL+4f8ca688+2023-08-15-14h-35m-30s,0,0,93,93,1
REAL+4f8ca688+2023-08-15-14h-55m-57s,0,32,82,82,1
REAL+4f8ca688+2023-08-15-15h-00m-43s,0,14,157,157,1
REAL+4f8ca688+2023-08-24-14h-23m-28s,0,0,472,510,2
REAL+4f8ca688+2023-08-24-14h-23m-28s,1,481,487,510,2
REAL+4f8ca688+2023-08-24-14h-30m-43s,0,15,159,495,2
REAL+4f8ca688+2023-08-24-14h-30m-43s,1,164,495,495,2
REAL+4f8ca688+2023-08-24-15h-08m-38s,0,20,101,240,2
REAL+4f8ca688+2023-08-24-15h-08m-38s,1,117,240,240,2
REAL+4f8ca688+2023-08-24-15h-16m-22s,0,13,530,636,3
REAL+4f8ca688+2023-08-24-15h-16m-22s,1,535,580,636,3
REAL+4f8ca688+2023-08-24-15h-16m-22s,2,591,636,636,3
REAL+4f8ca688+2023-08-24-15h-17m-16s,0,9,126,234,2
REAL+4f8ca688+2023-08-24-15h-17m-16s,1,143,234,234,2
REAL+4f8ca688+2023-08-24-15h-20m-02s,0,0,146,161,1
REAL+4f8ca688+2023-08-24-15h-35m-32s,0,19,182,653,4
REAL+4f8ca688+2023-08-24-15h-35m-32s,1,207,209,653,4
REAL+4f8ca688+2023-08-24-15h-35m-32s,2,229,300,653,4
REAL+4f8ca688+2023-08-24-15h-35m-32s,3,333,653,653,4
REAL+4f8ca688+2023-08-29-13h-07m-06s,0,15,279,279,1
REAL+4f8ca688+2023-08-29-13h-07m-34s,0,19,200,200,1
REAL+4f8ca688+2023-08-29-13h-13m-25s,0,20,231,231,1
REAL+4f8ca688+2023-08-29-13h-26m-05s,0,15,275,275,1
REAL+4f8ca688+2023-08-29-13h-32m-37s,0,0,157,157,1
REAL+4f8ca688+2023-08-29-13h-36m-08s,0,15,184,347,3
REAL+4f8ca688+2023-08-29-13h-36m-08s,1,199,286,347,3
REAL+4f8ca688+2023-08-29-13h-36m-08s,2,292,334,347,3
REAL+4f8ca688+2023-08-29-14h-11m-41s,0,13,243,252,1
REAL+4f8ca688+2023-08-29-14h-16m-55s,0,29,148,157,1
REAL+4f8ca688+2023-08-29-14h-36m-57s,0,13,316,316,1
REAL+4f8ca688+2023-08-29-14h-46m-45s,0,13,326,326,1
REAL+4f8ca688+2023-08-29-14h-50m-19s,0,16,198,198,1
REAL+4f8ca688+2023-08-29-14h-56m-20s,0,7,71,71,1
REAL+4f8ca688+2023-08-31-13h-02m-15s,0,0,191,191,1
REAL+4f8ca688+2023-08-31-13h-11m-04s,0,0,37,359,2
REAL+4f8ca688+2023-08-31-13h-11m-04s,1,88,359,359,2
REAL+4f8ca688+2023-08-31-13h-50m-38s,0,0,141,141,1
REAL+4f8ca688+2023-08-31-13h-59m-53s,0,0,183,183,1
REAL+4f8ca688+2023-08-31-14h-03m-08s,0,0,158,158,1
REAL+4f8ca688+2023-08-31-14h-07m-56s,0,0,114,114,1
REAL+4f8ca688+2023-08-31-15h-08m-29s,0,57,380,380,1
REAL+4f8ca688+2023-08-31-15h-20m-30s,0,0,193,197,1
REAL+4f8ca688+2023-08-31-15h-33m-09s,0,11,106,236,2
REAL+4f8ca688+2023-08-31-15h-33m-09s,1,113,236,236,2
REAL+4f8ca688+2023-08-31-15h-34m-42s,0,0,220,220,1
REAL+4f8ca688+2023-09-07-13h-07m-58s,0,0,285,285,1
REAL+4f8ca688+2023-09-07-13h-17m-30s,0,0,56,256,2
REAL+4f8ca688+2023-09-07-13h-17m-30s,1,99,256,256,2
REAL+4f8ca688+2023-09-07-13h-38m-28s,0,0,165,165,1
REAL+4f8ca688+2023-09-07-13h-42m-00s,0,0,232,232,1
REAL+75b7b0f9+2023-06-23-15h-14m-42s,0,0,451,451,1
REAL+75b7b0f9+2023-06-23-15h-16m-52s,0,0,271,271,1
REAL+75b7b0f9+2023-06-23-15h-22m-18s,0,0,357,357,1
REAL+75b7b0f9+2023-06-23-15h-32m-29s,0,0,16,315,2
REAL+75b7b0f9+2023-06-23-15h-32m-29s,1,21,315,315,2
REAL+75b7b0f9+2023-06-23-15h-35m-21s,0,0,198,198,1
REAL+75b7b0f9+2023-06-23-15h-45m-50s,0,0,133,133,1
REAL+75b7b0f9+2023-06-23-16h-00m-36s,0,0,204,204,1
REAL+75b7b0f9+2023-06-23-16h-01m-43s,0,17,186,186,1
REAL+75b7b0f9+2023-06-23-16h-27m-17s,0,0,360,360,1
REAL+75b7b0f9+2023-06-23-16h-44m-23s,0,10,124,124,1
REAL+75b7b0f9+2023-06-23-16h-58m-01s,0,0,203,203,1
REAL+75b7b0f9+2023-06-23-17h-03m-29s,0,12,166,166,1
REAL+75b7b0f9+2023-06-23-17h-04m-08s,0,0,332,332,1
REAL+75b7b0f9+2023-09-10-11h-52m-58s,0,0,196,196,1
REAL+75b7b0f9+2023-09-10-11h-53m-31s,0,0,161,161,1
REAL+75b7b0f9+2023-09-10-11h-54m-36s,0,0,171,171,1
REAL+75b7b0f9+2023-09-10-11h-59m-20s,0,0,166,166,1
REAL+75b7b0f9+2023-09-10-12h-08m-29s,0,0,67,67,1
REAL+75b7b0f9+2023-09-10-12h-17m-17s,0,16,89,89,1
REAL+75b7b0f9+2023-09-10-12h-17m-53s,0,0,81,81,1
REAL+9f2719b2+2023-05-12-14h-24m-04s,0,29,221,221,1
REAL+a73643bb+2023-05-30-17h-14m-18s,0,17,265,265,1
REAL+a73643bb+2023-06-06-17h-33m-11s,0,37,674,674,1
REAL+b04f2af4+2023-05-21-14h-13m-27s,0,0,1306,1306,1
REAL+b04f2af4+2023-05-21-14h-21m-26s,0,0,1093,1093,1
REAL+b04f2af4+2023-06-01-18h-56m-59s,0,31,115,258,2
REAL+b04f2af4+2023-06-01-18h-56m-59s,1,120,258,258,2
REAL+b04f2af4+2023-06-11-15h-49m-55s,0,14,231,238,1
REAL+b04f2af4+2023-07-15-13h-51m-44s,0,24,112,270,2
REAL+b04f2af4+2023-07-15-13h-51m-44s,1,117,270,270,2
REAL+b04f2af4+2023-07-15-13h-56m-24s,0,15,392,392,1
REAL+b04f2af4+2023-07-15-14h-06m-25s,0,13,88,140,2
REAL+b04f2af4+2023-07-15-14h-06m-25s,1,95,140,140,2
REAL+b04f2af4+2023-07-15-14h-53m-48s,0,0,241,241,1
REAL+b04f2af4+2023-09-10-14h-57m-19s,0,0,141,169,2
REAL+b04f2af4+2023-09-10-14h-57m-19s,1,158,169,169,2
REAL+b04f2af4+2023-09-10-15h-34m-05s,0,0,45,73,1
REAL+b04f2af4+2023-09-10-15h-37m-51s,0,0,88,163,2
REAL+b04f2af4+2023-09-10-15h-37m-51s,1,101,163,163,2
REAL+b04f2af4+2023-09-10-15h-38m-35s,0,0,244,244,1
REAL+b04f2af4+2023-09-10-15h-49m-25s,0,0,69,255,2
REAL+b04f2af4+2023-09-10-15h-49m-25s,1,86,255,255,2
REAL+de601749+2023-05-19-11h-48m-18s,0,0,59,605,2
REAL+de601749+2023-05-19-11h-48m-18s,1,64,605,605,2
REAL+de601749+2023-05-19-12h-07m-20s,0,0,342,342,1
REAL+de601749+2023-05-19-12h-25m-44s,0,0,41,534,4
REAL+de601749+2023-05-19-12h-25m-44s,1,51,70,534,4
REAL+de601749+2023-05-19-12h-25m-44s,2,102,173,534,4
REAL+de601749+2023-05-19-12h-25m-44s,3,191,534,534,4
REAL+de601749+2023-05-19-12h-29m-37s,0,0,220,220,1
REAL+de601749+2023-05-20-14h-56m-27s,0,38,55,416,3
REAL+de601749+2023-05-20-14h-56m-27s,1,82,97,416,3
REAL+de601749+2023-05-20-14h-56m-27s,2,188,221,416,3
REAL+de601749+2023-05-20-16h-05m-05s,0,34,610,610,1
REAL+de601749+2023-05-28-15h-22m-53s,0,0,438,438,1
REAL+de601749+2023-05-28-15h-25m-00s,0,0,218,468,4
REAL+de601749+2023-05-28-15h-25m-00s,1,231,267,468,4
REAL+de601749+2023-05-28-15h-25m-00s,2,276,303,468,4
REAL+de601749+2023-05-28-15h-25m-00s,3,312,468,468,4
REAL+de601749+2023-05-28-15h-27m-40s,0,0,114,114,1
REAL+de601749+2023-05-28-15h-50m-57s,0,0,610,610,1
REAL+de601749+2023-05-28-15h-53m-23s,0,0,93,523,2
REAL+de601749+2023-05-28-15h-53m-23s,1,117,523,523,2
REAL+de601749+2023-05-28-16h-29m-57s,0,0,538,538,1
REAL+de601749+2023-06-01-18h-21m-08s,0,47,388,388,1
REAL+de601749+2023-06-01-18h-24m-16s,0,59,702,702,1
REAL+de601749+2023-06-09-12h-31m-16s,0,25,319,319,1
REAL+de601749+2023-06-09-12h-36m-45s,0,24,328,328,1
REAL+de601749+2023-06-09-12h-40m-00s,0,25,149,149,1
REAL+de601749+2023-06-09-12h-44m-55s,0,28,212,212,1
REAL+de601749+2023-06-09-12h-48m-58s,0,26,322,322,1
REAL+de601749+2023-06-09-12h-51m-53s,0,22,238,238,1
REAL+de601749+2023-06-09-13h-01m-42s,0,25,356,356,1
REAL+de601749+2023-06-09-13h-03m-04s,0,12,222,222,1
REAL+de601749+2023-06-09-13h-09m-41s,0,26,258,258,1
REAL+de601749+2023-06-09-13h-10m-29s,0,13,22,190,2
REAL+de601749+2023-06-09-13h-10m-29s,1,27,190,190,2
REAL+de601749+2023-06-10-13h-36m-07s,0,26,424,424,1
REAL+de601749+2023-06-10-14h-21m-10s,0,19,98,152,2
REAL+de601749+2023-06-10-14h-21m-10s,1,109,152,152,2
REAL+de601749+2023-06-10-14h-37m-54s,0,0,156,156,1
REAL+de601749+2023-06-11-16h-17m-48s,0,27,195,195,1
REAL+de601749+2023-06-15-18h-14m-02s,0,23,241,241,1
REAL+de601749+2023-06-15-18h-14m-28s,0,32,179,179,1
REAL+de601749+2023-06-15-18h-15m-25s,0,24,130,130,1
REAL+de601749+2023-06-17-11h-33m-58s,0,27,94,94,1
REAL+de601749+2023-06-17-11h-36m-04s,0,33,207,207,1
REAL+de601749+2023-06-17-11h-36m-34s,0,37,161,161,1
REAL+de601749+2023-06-17-11h-37m-28s,0,34,170,170,1
REAL+de601749+2023-06-17-11h-56m-21s,0,53,258,258,1
REAL+de601749+2023-06-17-12h-02m-53s,0,37,159,159,1
REAL+de601749+2023-06-17-13h-46m-26s,0,47,193,193,1
REAL+de601749+2023-06-17-13h-52m-08s,0,28,152,152,1
REAL+de601749+2023-06-17-13h-53m-27s,0,50,212,212,1
REAL+de601749+2023-06-17-13h-54m-16s,0,43,179,179,1
REAL+de601749+2023-06-17-13h-57m-02s,0,33,159,159,1
REAL+de601749+2023-06-17-13h-57m-25s,0,27,216,216,1
REAL+de601749+2023-06-17-14h-18m-45s,0,30,201,201,1
REAL+de601749+2023-06-19-16h-25m-38s,0,16,199,199,1
REAL+de601749+2023-06-19-16h-41m-07s,0,0,175,175,1
REAL+de601749+2023-06-19-16h-46m-30s,0,27,124,124,1
REAL+de601749+2023-06-19-16h-47m-45s,0,28,203,203,1
REAL+de601749+2023-06-19-16h-48m-09s,0,28,167,167,1
REAL+de601749+2023-06-19-16h-49m-56s,0,21,164,164,1
REAL+de601749+2023-06-19-16h-51m-15s,0,28,217,217,1
REAL+de601749+2023-06-19-16h-56m-06s,0,28,168,168,1
REAL+de601749+2023-06-19-17h-06m-45s,0,31,175,175,1
REAL+de601749+2023-06-19-17h-11m-44s,0,28,189,189,1
REAL+de601749+2023-06-19-19h-01m-07s,0,24,237,237,1
REAL+de601749+2023-06-19-19h-01m-32s,0,22,146,146,1
REAL+de601749+2023-06-19-19h-04m-52s,0,0,183,183,1
REAL+de601749+2023-06-19-19h-07m-40s,0,25,318,318,1
REAL+de601749+2023-06-19-19h-08m-56s,0,22,165,165,1
REAL+de601749+2023-06-19-19h-10m-48s,0,21,191,191,1
REAL+de601749+2023-06-19-19h-34m-42s,0,19,215,215,1
REAL+de601749+2023-06-19-19h-37m-13s,0,0,136,136,1
REAL+de601749+2023-08-27-10h-26m-13s,0,0,95,95,1
REAL+de601749+2023-08-27-10h-27m-31s,0,0,239,239,1
REAL+de601749+2023-12-14-13h-59m-56s,0,25,114,114,1
REAL+de601749+2023-12-18-16h-53m-29s,0,20,73,73,1
REAL+de601749+2023-12-18-16h-59m-50s,0,17,126,126,1
REAL+de601749+2023-12-18-17h-01m-48s,0,15,124,124,1
REAL+de601749+2023-12-18-17h-07m-28s,0,19,117,117,1
REAL+de601749+2023-12-18-17h-08m-03s,0,22,109,109,1
REAL+de601749+2023-12-18-17h-09m-52s,0,0,150,150,1
REAL+de601749+2023-12-18-17h-12m-24s,0,14,142,142,1
REAL+de601749+2023-12-18-17h-16m-57s,0,0,108,108,1
REAL+de601749+2023-12-18-17h-18m-59s,0,18,116,116,1
REAL+de601749+2023-12-18-17h-19m-38s,0,15,163,163,1
REAL+de601749+2023-12-19-16h-57m-59s,0,35,105,105,1
REAL+de601749+2023-12-19-16h-58m-30s,0,32,82,82,1
REAL+de601749+2023-12-19-17h-03m-10s,0,37,106,106,1
REAL+de601749+2023-12-19-17h-10m-26s,0,39,111,111,1
REAL+de601749+2023-12-19-17h-12m-55s,0,58,150,150,1
REAL+de601749+2023-12-19-18h-11m-35s,0,0,132,132,1
REAL+de601749+2023-12-19-18h-13m-15s,0,0,106,106,1
REAL+de601749+2023-12-19-18h-16m-35s,0,0,70,70,1
REAL+de601749+2023-12-19-18h-17m-23s,0,0,98,98,1
REAL+de601749+2023-12-19-18h-23m-17s,0,0,122,122,1
REAL+de601749+2023-12-19-18h-30m-25s,0,0,93,93,1
REAL+de601749+2023-12-19-18h-35m-45s,0,0,123,123,1
REAL+de601749+2023-12-19-18h-39m-25s,0,0,110,110,1
REAL+de601749+2023-12-19-18h-40m-38s,0,0,94,94,1
REAL+de601749+2023-12-19-18h-43m-01s,0,0,108,108,1
REAL+de601749+2023-12-19-18h-47m-30s,0,0,105,105,1
RPL+32cba90c+2023-11-30-21h-36m-01s,0,0,217,217,1
RPL+32cba90c+2023-11-30-21h-49m-49s,0,0,299,299,1
RPL+32cba90c+2023-11-30-21h-53m-41s,0,0,161,161,1
RPL+32cba90c+2023-11-30-21h-57m-33s,0,0,140,140,1
RPL+32cba90c+2023-11-30-22h-01m-40s,0,0,169,169,1
RPL+32cba90c+2023-11-30-22h-02m-31s,0,0,199,199,1
RPL+32cba90c+2023-11-30-22h-06m-08s,0,0,207,207,1
RPL+32cba90c+2023-11-30-22h-09m-26s,0,0,189,189,1
RPL+32cba90c+2023-11-30-22h-28m-23s,0,0,180,180,1
RPL+32cba90c+2023-11-30-22h-29m-42s,0,0,189,189,1
RPL+32cba90c+2023-11-30-22h-30m-07s,0,0,160,160,1
RPL+32cba90c+2023-11-30-22h-32m-28s,0,0,194,194,1
RPL+32cba90c+2023-11-30-22h-49m-26s,0,0,141,141,1
RPL+32cba90c+2023-11-30-22h-57m-20s,0,0,159,159,1
RPL+32cba90c+2023-11-30-23h-07m-15s,0,0,181,181,1
RPL+32cba90c+2023-11-30-23h-09m-25s,0,0,175,175,1
RPL+32cba90c+2023-12-01-15h-56m-13s,0,17,337,337,1
RPL+32cba90c+2023-12-01-16h-14m-38s,0,0,322,322,1
RPL+32cba90c+2023-12-01-16h-17m-30s,0,0,218,218,1
RPL+32cba90c+2023-12-01-16h-42m-59s,0,0,208,208,1
RPL+32cba90c+2023-12-01-17h-02m-12s,0,0,403,403,1
RPL+32cba90c+2023-12-01-17h-02m-47s,0,0,437,437,1
RPL+32cba90c+2023-12-01-17h-06m-33s,0,0,450,450,1
RPL+32cba90c+2023-12-01-17h-12m-27s,0,0,400,400,1
RPL+32cba90c+2023-12-01-18h-10m-09s,0,0,593,593,1
RPL+32cba90c+2023-12-01-19h-45m-32s,0,0,499,499,1
RPL+32cba90c+2023-12-01-19h-48m-29s,0,0,547,547,1
RPL+32cba90c+2023-12-01-20h-44m-28s,0,0,384,384,1
RPL+32cba90c+2023-12-01-21h-11m-44s,0,0,544,544,1
RPL+32cba90c+2023-12-01-21h-17m-54s,0,0,353,353,1
RPL+32cba90c+2023-12-01-21h-25m-45s,0,0,409,409,1
RPL+32cba90c+2023-12-01-21h-26m-24s,0,0,363,363,1
RPL+32cba90c+2023-12-01-21h-29m-40s,0,0,272,272,1
RPL+32cba90c+2023-12-03-14h-26m-29s,0,37,981,981,1
RPL+32cba90c+2023-12-03-14h-42m-35s,0,38,489,489,1
RPL+32cba90c+2023-12-03-14h-46m-03s,0,0,626,626,1
RPL+32cba90c+2023-12-03-14h-47m-55s,0,30,699,699,1
RPL+32cba90c+2023-12-03-14h-52m-41s,0,0,843,843,1
RPL+32cba90c+2023-12-03-15h-13m-26s,0,0,651,651,1
RPL+32cba90c+2023-12-03-15h-14m-26s,0,0,780,780,1
RPL+32cba90c+2023-12-03-15h-34m-30s,0,0,760,760,1
RPL+32cba90c+2023-12-03-15h-57m-15s,0,0,421,421,1
RPL+32cba90c+2023-12-03-17h-09m-46s,0,0,1057,1057,1
RPL+32cba90c+2023-12-04-14h-31m-39s,0,0,1245,1245,1
RPL+32cba90c+2023-12-04-14h-40m-43s,0,0,1246,1246,1
RPL+32cba90c+2023-12-04-14h-53m-05s,0,0,251,251,1
RPL+32cba90c+2023-12-04-14h-53m-33s,0,0,756,756,1
RPL+32cba90c+2023-12-04-15h-22m-38s,0,0,629,629,1
RPL+32cba90c+2023-12-04-15h-27m-13s,0,0,788,788,1
RPL+32cba90c+2023-12-04-15h-52m-56s,0,0,267,267,1
RPL+32cba90c+2023-12-04-17h-33m-56s,0,0,737,737,1
RPL+32cba90c+2023-12-04-17h-52m-18s,0,13,780,780,1
RPL+32cba90c+2023-12-04-18h-30m-04s,0,0,175,1139,3
RPL+32cba90c+2023-12-04-18h-30m-04s,1,210,960,1139,3
RPL+32cba90c+2023-12-04-18h-30m-04s,2,1031,1139,1139,3
RPL+32cba90c+2023-12-04-18h-39m-19s,0,28,827,956,2
RPL+32cba90c+2023-12-04-18h-39m-19s,1,841,956,956,2
RPL+32cba90c+2023-12-05-15h-24m-28s,0,27,1032,1032,1
RPL+32cba90c+2023-12-05-16h-11m-10s,0,30,548,635,2
RPL+32cba90c+2023-12-05-16h-11m-10s,1,605,635,635,2
RPL+32cba90c+2023-12-05-17h-02m-44s,0,0,1015,1015,1
RPL+32cba90c+2023-12-05-17h-07m-46s,0,0,927,927,1
RPL+32cba90c+2023-12-05-17h-18m-54s,0,0,588,588,1
RPL+32cba90c+2023-12-07-16h-53m-15s,0,21,1181,1181,1
RPL+32cba90c+2023-12-07-16h-59m-30s,0,18,1044,1044,1
RPL+32cba90c+2023-12-07-17h-21m-24s,0,0,918,918,1
RPL+32cba90c+2023-12-07-17h-25m-43s,0,0,1213,1213,1
RPL+32cba90c+2023-12-07-17h-55m-29s,0,29,1080,1080,1
RPL+32cba90c+2023-12-07-17h-57m-19s,0,0,948,1112,2
RPL+32cba90c+2023-12-07-17h-57m-19s,1,1024,1112,1112,2
RPL+32cba90c+2023-12-07-18h-08m-41s,0,30,931,931,1
RPL+32cba90c+2023-12-07-18h-14m-40s,0,0,171,171,1
RPL+32cba90c+2023-12-07-18h-14m-59s,0,14,1056,1056,1
RPL+32cba90c+2023-12-07-18h-37m-33s,0,19,1294,1294,1
RPL+32cba90c+2023-12-07-19h-39m-15s,0,42,196,1174,2
RPL+32cba90c+2023-12-07-19h-39m-15s,1,224,1174,1174,2
RPL+32cba90c+2023-12-07-21h-01m-43s,0,0,325,1325,2
RPL+32cba90c+2023-12-07-21h-01m-43s,1,364,1325,1325,2
RPL+32cba90c+2023-12-07-21h-04m-28s,0,0,985,1337,2
RPL+32cba90c+2023-12-07-21h-04m-28s,1,1069,1311,1337,2
RPL+32cba90c+2023-12-07-21h-12m-39s,0,30,582,1034,3
RPL+32cba90c+2023-12-07-21h-12m-39s,1,600,653,1034,3
RPL+32cba90c+2023-12-07-21h-12m-39s,2,736,1034,1034,3
RPL+32cba90c+2023-12-07-22h-03m-31s,0,0,958,958,1
RPL+32cba90c+2023-12-07-22h-16m-38s,0,87,234,234,1
RPL+32cba90c+2023-12-07-22h-41m-37s,0,0,1050,1050,1
RPL+32cba90c+2023-12-07-22h-43m-44s,0,0,1213,1213,1
RPL+32cba90c+2023-12-07-23h-53m-09s,0,0,729,729,1
RPL+32cba90c+2023-12-08-14h-08m-53s,0,29,1147,1233,1
RPL+32cba90c+2023-12-08-14h-11m-12s,0,33,1192,1192,1
RPL+32cba90c+2023-12-08-14h-24m-11s,0,0,1027,1324,3
RPL+32cba90c+2023-12-08-14h-24m-11s,1,1033,1228,1324,3
RPL+32cba90c+2023-12-08-14h-24m-11s,2,1251,1324,1324,3
RPL+32cba90c+2023-12-08-14h-43m-36s,0,9,377,377,1
RPL+32cba90c+2023-12-08-14h-47m-54s,0,0,1072,1072,1
RPL+32cba90c+2023-12-08-15h-03m-19s,0,18,675,689,1
RPL+32cba90c+2023-12-08-15h-46m-28s,0,17,1057,1388,2
RPL+32cba90c+2023-12-08-15h-46m-28s,1,1079,1388,1388,2
RPL+32cba90c+2023-12-08-15h-51m-47s,0,68,1134,1134,1
RPL+32cba90c+2023-12-08-16h-53m-07s,0,23,395,395,1
RPL+32cba90c+2023-12-08-17h-53m-24s,0,53,315,315,1
RPL+32cba90c+2023-12-09-14h-23m-47s,0,77,260,323,2
RPL+32cba90c+2023-12-09-14h-23m-47s,1,280,313,323,2
RPL+cb4f6842+2023-05-23-12h-28m-40s,0,0,279,279,1
RPL+cb4f6842+2023-05-23-12h-33m-48s,0,0,270,270,1
RPL+cb4f6842+2023-05-23-12h-37m-29s,0,0,101,101,1
RPL+cb4f6842+2023-05-23-12h-38m-50s,0,0,291,343,1
RPL+cb4f6842+2023-05-23-13h-19m-11s,0,0,139,281,2
RPL+cb4f6842+2023-05-23-13h-19m-11s,1,165,217,281,2
RPL+cb4f6842+2023-05-23-13h-24m-15s,0,0,152,152,1
RPL+cb4f6842+2023-05-23-13h-40m-12s,0,0,200,200,1
RPL+cb4f6842+2023-05-23-14h-41m-38s,0,0,429,429,1
RPL+cb4f6842+2023-05-23-14h-42m-38s,0,0,140,174,2
RPL+cb4f6842+2023-05-23-14h-42m-38s,1,164,174,174,2
RPL+cb4f6842+2023-05-25-10h-45m-16s,0,0,195,195,1
RPL+cb4f6842+2023-05-25-11h-03m-51s,0,0,193,193,1
RPL+cb4f6842+2023-05-25-11h-19m-50s,0,0,229,229,1
RPL+cb4f6842+2023-05-25-11h-42m-07s,0,0,401,401,1
RPL+cb4f6842+2023-05-25-11h-50m-50s,0,0,498,498,1
RPL+cb4f6842+2023-05-25-11h-58m-40s,0,0,241,241,1
RPL+cb4f6842+2023-05-25-13h-12m-21s,0,0,503,503,1
RPL+cb4f6842+2023-05-25-13h-38m-34s,0,0,301,301,1
RPL+cb4f6842+2023-05-25-13h-41m-24s,0,0,413,413,1
RPL+cb4f6842+2023-05-29-15h-49m-13s,0,0,272,272,1
RPL+cb4f6842+2023-05-29-15h-52m-07s,0,0,143,143,1
RPL+cb4f6842+2023-05-29-15h-52m-44s,0,0,399,399,1
RPL+cb4f6842+2023-05-29-16h-38m-50s,0,0,259,259,1
RPL+cb4f6842+2023-05-29-16h-40m-23s,0,0,91,91,1
RPL+cb4f6842+2023-05-29-16h-47m-06s,0,0,243,243,1
RPL+cb4f6842+2023-05-29-16h-51m-45s,0,0,275,275,1
RPL+cb4f6842+2023-05-29-17h-13m-42s,0,0,232,232,1
RPL+cb4f6842+2023-05-29-17h-18m-20s,0,0,225,225,1
RPL+cb4f6842+2023-05-29-17h-19m-14s,0,0,224,224,1
RPL+cb4f6842+2023-05-29-17h-29m-05s,0,0,278,278,1
RPL+cb4f6842+2023-05-29-17h-58m-33s,0,0,338,338,1
RPL+cb4f6842+2023-05-29-18h-07m-40s,0,0,267,267,1
RPL+cb4f6842+2023-05-30-15h-49m-08s,0,0,284,284,1
RPL+cb4f6842+2023-05-30-16h-56m-44s,0,0,107,107,1
RPL+cb4f6842+2023-06-04-12h-21m-49s,0,0,223,223,1
RPL+cb4f6842+2023-06-04-12h-39m-08s,0,0,248,248,1
RPL+cb4f6842+2023-06-04-12h-46m-12s,0,0,253,253,1
RPL+cb4f6842+2023-06-04-12h-47m-14s,0,0,217,217,1
RPL+cb4f6842+2023-06-04-12h-48m-14s,0,0,267,267,1
RPL+cb4f6842+2023-06-04-12h-55m-27s,0,0,312,312,1
RPL+cb4f6842+2023-06-04-13h-06m-26s,0,0,152,270,3
RPL+cb4f6842+2023-06-04-13h-06m-26s,1,171,232,270,3
RPL+cb4f6842+2023-06-04-13h-06m-26s,2,248,270,270,3
RPL+cb4f6842+2023-06-04-13h-09m-24s,0,0,155,304,3
RPL+cb4f6842+2023-06-04-13h-09m-24s,1,185,238,304,3
RPL+cb4f6842+2023-06-04-13h-09m-24s,2,249,304,304,3
RPL+cb4f6842+2023-06-04-13h-12m-57s,0,0,144,144,1
RPL+cb4f6842+2023-06-04-13h-14m-52s,0,0,142,142,1
RPL+cb4f6842+2023-06-04-13h-28m-08s,0,0,342,342,1
RPL+cb4f6842+2023-06-04-13h-38m-44s,0,0,264,264,1
RPL+cb4f6842+2023-06-04-13h-42m-08s,0,0,334,334,1
RPL+cb4f6842+2023-06-04-13h-54m-07s,0,0,334,334,1
RPL+cb4f6842+2023-06-04-14h-18m-32s,0,0,217,217,1
RPL+cb4f6842+2023-06-04-14h-23m-54s,0,0,235,235,1
RPL+cb4f6842+2023-06-04-14h-25m-46s,0,0,284,284,1
RPL+cb4f6842+2023-06-04-14h-41m-37s,0,0,301,301,1
RPL+cb4f6842+2023-06-04-14h-43m-20s,0,0,268,268,1
RPL+cb4f6842+2023-06-04-14h-47m-05s,0,0,190,190,1
RPL+cb4f6842+2023-06-04-14h-55m-07s,0,0,154,303,3
RPL+cb4f6842+2023-06-04-14h-55m-07s,1,171,208,303,3
RPL+cb4f6842+2023-06-04-14h-55m-07s,2,226,303,303,3
RPL+cb4f6842+2023-06-04-14h-58m-22s,0,0,171,293,3
RPL+cb4f6842+2023-06-04-14h-58m-22s,1,204,238,293,3
RPL+cb4f6842+2023-06-04-14h-58m-22s,2,262,293,293,3
RPL+cb4f6842+2023-06-05-16h-08m-25s,0,0,192,192,1
RPL+cb4f6842+2023-06-05-16h-09m-19s,0,0,240,240,1
RPL+cb4f6842+2023-06-05-16h-09m-48s,0,0,217,217,1
RPL+cb4f6842+2023-06-05-16h-25m-13s,0,0,246,246,1
RPL+cb4f6842+2023-06-05-16h-33m-28s,0,0,278,278,1
RPL+cb4f6842+2023-06-05-16h-34m-32s,0,0,299,299,1
RPL+cb4f6842+2023-06-05-16h-35m-41s,0,0,264,264,1
RPL+cb4f6842+2023-06-05-16h-59m-05s,0,0,161,283,3
RPL+cb4f6842+2023-06-05-16h-59m-05s,1,188,248,283,3
RPL+cb4f6842+2023-06-05-16h-59m-05s,2,260,283,283,3
RPL+cb4f6842+2023-06-05-17h-09m-38s,0,0,149,259,3
RPL+cb4f6842+2023-06-05-17h-09m-38s,1,189,225,259,3
RPL+cb4f6842+2023-06-05-17h-09m-38s,2,236,259,259,3
RPL+cb4f6842+2023-06-05-17h-23m-13s,0,0,177,282,2
RPL+cb4f6842+2023-06-05-17h-23m-13s,1,198,282,282,2
RPL+cb4f6842+2023-06-05-17h-54m-17s,0,0,288,288,1
RPL+cb4f6842+2023-06-05-17h-59m-35s,0,0,275,275,1
RPL+cb4f6842+2023-06-05-18h-23m-39s,0,0,175,175,1
RPL+cb4f6842+2023-06-05-18h-40m-10s,0,0,336,336,1
RPL+cb4f6842+2023-06-05-18h-53m-24s,0,0,226,226,1
RPL+cb4f6842+2023-06-05-18h-55m-17s,0,0,187,187,1
RPL+cb4f6842+2023-06-05-19h-16m-24s,0,0,184,184,1
RPL+cb4f6842+2023-06-05-19h-17m-21s,0,0,194,194,1
RPL+cb4f6842+2023-06-05-19h-21m-29s,0,0,184,184,1
RPL+cb4f6842+2023-06-05-19h-23m-52s,0,0,183,183,1
RPL+cb4f6842+2023-06-05-19h-46m-53s,0,0,246,246,1
RPL+cb4f6842+2023-06-05-19h-48m-28s,0,0,258,258,1
RPL+cb4f6842+2023-06-05-19h-53m-58s,0,0,202,202,1
RPL+cb4f6842+2023-06-05-19h-56m-52s,0,0,233,233,1
RPL+cb4f6842+2023-06-05-20h-04m-40s,0,0,223,223,1
RPL+cb4f6842+2023-06-05-20h-08m-24s,0,0,239,239,1
RPL+cb4f6842+2023-06-05-20h-19m-18s,0,0,245,245,1
RPL+cb4f6842+2023-06-05-20h-25m-58s,0,0,225,225,1
RPL+cb4f6842+2023-06-05-20h-26m-51s,0,0,193,193,1
RPL+cb4f6842+2023-11-10-17h-32m-41s,0,0,254,254,1
RPL+cb4f6842+2023-11-10-17h-47m-01s,0,0,239,239,1
RPL+cb4f6842+2023-11-10-17h-48m-06s,0,0,229,229,1
RPL+cb4f6842+2023-11-10-17h-52m-50s,0,0,227,227,1
RPL+cb4f6842+2023-11-10-17h-54m-50s,0,0,288,288,1
RPL+cb4f6842+2023-11-10-17h-57m-46s,0,0,300,300,1
RPL+cb4f6842+2023-11-10-18h-28m-11s,0,0,272,272,1
RPL+cb4f6842+2023-11-30-18h-06m-45s,0,0,275,275,1
RPL+cb4f6842+2023-11-30-18h-14m-40s,0,0,205,205,1
RPL+cb4f6842+2023-11-30-18h-20m-14s,0,0,218,218,1
RPL+cb4f6842+2023-11-30-18h-24m-36s,0,0,230,230,1
RPL+cb4f6842+2023-11-30-19h-10m-50s,0,0,202,202,1
RPL+cb4f6842+2023-11-30-19h-11m-26s,0,0,228,228,1
RPL+cb4f6842+2023-11-30-19h-20m-03s,0,0,208,208,1
RPL+cb4f6842+2023-11-30-19h-34m-42s,0,0,229,229,1
RPL+cb4f6842+2023-11-30-20h-15m-20s,0,26,268,268,1
RPL+cb4f6842+2023-11-30-20h-27m-22s,0,0,241,241,1
RPL+cb4f6842+2023-11-30-20h-28m-45s,0,0,163,163,1
RPL+cb4f6842+2023-11-30-20h-37m-25s,0,0,176,176,1
RPL+cb4f6842+2023-11-30-20h-40m-13s,0,0,190,190,1
RPL+cb4f6842+2023-11-30-20h-46m-04s,0,0,237,237,1
TRI+22cb038f+2023-09-21-09h-27m-40s,0,0,210,210,1
TRI+22cb038f+2023-09-21-09h-29m-20s,0,0,141,195,2
TRI+22cb038f+2023-09-21-09h-29m-20s,1,158,195,195,2
TRI+22cb038f+2023-09-21-09h-32m-19s,0,0,148,198,2
TRI+22cb038f+2023-09-21-09h-32m-19s,1,167,198,198,2
TRI+22cb038f+2023-09-21-10h-02m-36s,0,0,243,243,1
TRI+22cb038f+2023-09-21-10h-15m-01s,0,18,200,200,1
TRI+22cb038f+2023-09-21-10h-18m-55s,0,0,179,179,1
TRI+22cb038f+2023-09-21-11h-26m-43s,0,0,74,208,3
TRI+22cb038f+2023-09-21-11h-26m-43s,1,157,172,208,3
TRI+22cb038f+2023-09-21-11h-26m-43s,2,198,208,208,3
TRI+22cb038f+2023-09-21-11h-27m-18s,0,0,240,292,1
TRI+22cb038f+2023-09-21-12h-25m-01s,0,0,322,322,1
TRI+22cb038f+2023-09-21-12h-27m-45s,0,0,237,237,1
TRI+22cb038f+2023-09-21-15h-08m-12s,0,16,112,175,2
TRI+22cb038f+2023-09-21-15h-08m-12s,1,118,175,175,2
TRI+22cb038f+2023-09-21-15h-14m-44s,0,28,164,164,1
TRI+22cb038f+2023-09-21-16h-14m-17s,0,41,189,189,1
TRI+22cb038f+2023-09-21-16h-15m-22s,0,46,277,277,1
TRI+22cb038f+2023-09-21-16h-42m-10s,0,11,224,224,1
TRI+22cb038f+2023-09-21-16h-43m-35s,0,21,165,165,1
TRI+22cb038f+2023-09-21-16h-44m-32s,0,0,267,267,1
TRI+22cb038f+2023-09-21-17h-46m-50s,0,33,97,168,2
TRI+22cb038f+2023-09-21-17h-46m-50s,1,108,157,168,2
TRI+22cb038f+2023-09-21-18h-03m-00s,0,18,210,210,1
TRI+22cb038f+2023-09-21-18h-04m-42s,0,20,232,232,1
TRI+22cb038f+2023-09-21-18h-08m-06s,0,24,228,228,1
TRI+22cb038f+2023-09-21-18h-08m-38s,0,0,172,172,1
TRI+22cb038f+2023-09-25-08h-39m-44s,0,33,166,166,1
TRI+22cb038f+2023-09-25-08h-52m-48s,0,22,182,182,1
TRI+22cb038f+2023-09-25-08h-53m-19s,0,0,285,285,1
TRI+22cb038f+2023-09-25-09h-28m-12s,0,16,96,161,2
TRI+22cb038f+2023-09-25-09h-28m-12s,1,102,161,161,2
TRI+22cb038f+2023-09-25-09h-31m-25s,0,24,234,234,1
TRI+22cb038f+2023-09-25-09h-40m-12s,0,0,147,147,1
TRI+22cb038f+2023-09-25-09h-55m-53s,0,0,140,140,1
TRI+22cb038f+2023-09-25-10h-01m-19s,0,45,277,277,1
TRI+22cb038f+2023-09-25-10h-33m-55s,0,25,171,171,1
TRI+22cb038f+2023-09-25-11h-00m-59s,0,30,202,202,1
TRI+30510ef3+2023-10-12-12h-13m-20s,0,0,227,791,3
TRI+30510ef3+2023-10-12-12h-13m-20s,1,265,538,791,3
TRI+30510ef3+2023-10-12-12h-13m-20s,2,550,791,791,3
TRI+30510ef3+2023-10-12-12h-15m-25s,0,0,414,414,1
TRI+30510ef3+2023-10-12-12h-18m-22s,0,0,231,873,3
TRI+30510ef3+2023-10-12-12h-18m-22s,1,361,605,873,3
TRI+30510ef3+2023-10-12-12h-18m-22s,2,702,873,873,3
TRI+30510ef3+2023-10-12-16h-36m-54s,0,0,479,479,1
TRI+30510ef3+2023-10-12-16h-40m-47s,0,0,178,178,1
TRI+30510ef3+2023-10-12-16h-41m-09s,0,0,53,425,2
TRI+30510ef3+2023-10-12-16h-41m-09s,1,127,425,425,2
TRI+4b1a56cc+2023-09-05-16h-47m-08s,0,104,518,570,2
TRI+4b1a56cc+2023-09-05-16h-47m-08s,1,534,570,570,2
TRI+52ca9b6a+2023-10-16-10h-45m-34s,0,0,357,357,1
TRI+52ca9b6a+2023-10-16-10h-59m-15s,0,24,718,718,1
TRI+52ca9b6a+2023-10-16-11h-15m-04s,0,0,186,186,1
TRI+52ca9b6a+2023-10-16-12h-00m-47s,0,0,476,476,1
TRI+52ca9b6a+2023-10-16-12h-02m-03s,0,0,642,642,1
TRI+52ca9b6a+2023-10-16-12h-03m-11s,0,0,247,247,1
TRI+52ca9b6a+2023-10-16-12h-05m-38s,0,0,295,295,1
TRI+52ca9b6a+2023-10-16-14h-27m-54s,0,0,242,242,1
TRI+52ca9b6a+2023-10-16-14h-46m-39s,0,0,231,231,1
TRI+52ca9b6a+2023-10-16-14h-48m-07s,0,0,299,299,1
TRI+52ca9b6a+2023-10-16-14h-54m-50s,0,0,235,235,1
TRI+52ca9b6a+2023-10-16-15h-11m-54s,0,0,244,244,1
TRI+52ca9b6a+2023-10-16-15h-20m-22s,0,0,236,236,1
TRI+52ca9b6a+2023-10-16-15h-33m-09s,0,0,346,346,1
TRI+52ca9b6a+2023-10-16-16h-09m-32s,0,0,37,301,1
TRI+52ca9b6a+2023-10-16-16h-15m-56s,0,0,348,348,1
TRI+52ca9b6a+2023-10-16-16h-50m-34s,0,0,812,812,1
TRI+52ca9b6a+2023-10-16-16h-53m-28s,0,0,239,239,1
TRI+52ca9b6a+2023-10-16-16h-57m-03s,0,0,466,466,1
TRI+52ca9b6a+2023-10-17-10h-08m-20s,0,0,547,547,1
TRI+52ca9b6a+2023-10-17-10h-09m-10s,0,0,270,270,1
TRI+52ca9b6a+2023-10-17-11h-19m-53s,0,0,213,213,1
TRI+52ca9b6a+2023-10-17-13h-51m-19s,0,0,33,564,5
TRI+52ca9b6a+2023-10-17-13h-51m-19s,1,133,154,564,5
TRI+52ca9b6a+2023-10-17-13h-51m-19s,2,166,203,564,5
TRI+52ca9b6a+2023-10-17-13h-51m-19s,3,285,320,564,5
TRI+52ca9b6a+2023-10-17-13h-51m-19s,4,467,496,564,5
TRI+52ca9b6a+2023-10-17-13h-59m-42s,0,0,23,466,4
TRI+52ca9b6a+2023-10-17-13h-59m-42s,1,72,111,466,4
TRI+52ca9b6a+2023-10-17-13h-59m-42s,2,213,348,466,4
TRI+52ca9b6a+2023-10-17-13h-59m-42s,3,364,466,466,4
TRI+52ca9b6a+2023-10-17-14h-10m-04s,0,0,190,190,1
TRI+52ca9b6a+2023-10-17-14h-54m-51s,0,0,434,434,1
TRI+52ca9b6a+2023-10-17-15h-31m-20s,0,15,211,211,1
TRI+52ca9b6a+2023-10-17-15h-49m-35s,0,21,234,435,2
TRI+52ca9b6a+2023-10-17-15h-49m-35s,1,255,435,435,2
TRI+52ca9b6a+2023-10-17-16h-18m-16s,0,15,66,650,5
TRI+52ca9b6a+2023-10-17-16h-18m-16s,1,308,334,650,5
TRI+52ca9b6a+2023-10-17-16h-18m-16s,2,375,395,650,5
TRI+52ca9b6a+2023-10-17-16h-18m-16s,3,443,471,650,5
TRI+52ca9b6a+2023-10-17-16h-18m-16s,4,500,533,650,5
TRI+52ca9b6a+2023-10-17-16h-27m-22s,0,0,332,728,3
TRI+52ca9b6a+2023-10-17-16h-27m-22s,1,343,364,728,3
TRI+52ca9b6a+2023-10-17-16h-27m-22s,2,374,728,728,3
TRI+52ca9b6a+2023-10-17-16h-39m-39s,0,0,435,435,1
TRI+52ca9b6a+2023-10-17-17h-44m-18s,0,0,18,233,2
TRI+52ca9b6a+2023-10-17-17h-44m-18s,1,65,196,233,2
TRI+52ca9b6a+2023-10-17-18h-34m-15s,0,0,272,272,1
TRI+52ca9b6a+2023-10-17-18h-37m-15s,0,0,268,268,1
TRI+52ca9b6a+2023-10-17-18h-37m-44s,0,22,180,180,1
TRI+52ca9b6a+2023-10-18-10h-53m-42s,0,11,324,324,1
TRI+52ca9b6a+2023-10-18-11h-35m-49s,0,0,279,279,1
TRI+52ca9b6a+2023-10-18-13h-17m-10s,0,13,372,372,1
TRI+52ca9b6a+2023-10-18-13h-21m-51s,0,20,70,136,2
TRI+52ca9b6a+2023-10-18-13h-21m-51s,1,115,120,136,2
TRI+52ca9b6a+2023-10-18-13h-28m-19s,0,0,273,273,1
TRI+52ca9b6a+2023-10-18-15h-51m-07s,0,142,193,346,2
TRI+52ca9b6a+2023-10-18-15h-51m-07s,1,289,346,346,2
TRI+52ca9b6a+2023-10-18-16h-04m-05s,0,0,159,689,2
TRI+52ca9b6a+2023-10-18-16h-04m-05s,1,470,492,689,2
TRI+52ca9b6a+2023-10-18-16h-11m-27s,0,0,226,427,2
TRI+52ca9b6a+2023-10-18-16h-11m-27s,1,425,427,427,2
TRI+52ca9b6a+2023-10-18-16h-20m-14s,0,0,60,359,1
TRI+52ca9b6a+2023-10-18-16h-30m-05s,0,0,44,336,1
TRI+52ca9b6a+2023-10-18-16h-31m-36s,0,0,41,261,2
TRI+52ca9b6a+2023-10-18-16h-31m-36s,1,53,55,261,2
TRI+52ca9b6a+2023-10-18-16h-58m-15s,0,0,257,257,1
TRI+52ca9b6a+2023-10-18-17h-05m-59s,0,0,168,228,2
TRI+52ca9b6a+2023-10-18-17h-05m-59s,1,208,228,228,2
TRI+52ca9b6a+2023-10-18-17h-21m-51s,0,0,694,694,1
TRI+52ca9b6a+2023-10-18-18h-23m-12s,0,0,234,234,1
TRI+52ca9b6a+2023-10-18-18h-24m-10s,0,0,172,172,1
TRI+52ca9b6a+2023-10-18-18h-36m-11s,0,0,181,181,1
TRI+52ca9b6a+2023-10-19-09h-58m-07s,0,0,400,400,1
TRI+52ca9b6a+2023-10-19-10h-00m-12s,0,0,196,196,1
TRI+52ca9b6a+2023-10-19-10h-10m-51s,0,0,190,190,1
TRI+52ca9b6a+2023-10-19-10h-17m-50s,0,0,266,266,1
TRI+52ca9b6a+2023-10-19-10h-39m-02s,0,0,214,214,1
TRI+52ca9b6a+2023-10-19-11h-26m-21s,0,0,441,494,2
TRI+52ca9b6a+2023-10-19-11h-26m-21s,1,458,494,494,2
TRI+52ca9b6a+2023-10-19-11h-43m-11s,0,0,614,614,1
TRI+52ca9b6a+2023-10-19-12h-32m-07s,0,18,320,320,1
TRI+52ca9b6a+2023-10-19-14h-14m-24s,0,0,369,369,1
TRI+52ca9b6a+2023-10-19-14h-25m-18s,0,0,409,409,1
TRI+52ca9b6a+2023-10-19-14h-33m-09s,0,0,292,292,1
TRI+52ca9b6a+2023-10-19-14h-36m-58s,0,0,33,239,4
TRI+52ca9b6a+2023-10-19-14h-36m-58s,1,47,57,239,4
TRI+52ca9b6a+2023-10-19-14h-36m-58s,2,62,129,239,4
TRI+52ca9b6a+2023-10-19-14h-36m-58s,3,139,239,239,4
TRI+52ca9b6a+2023-10-19-15h-36m-13s,0,0,129,271,1
TRI+52ca9b6a+2023-10-19-16h-41m-05s,0,0,55,169,2
TRI+52ca9b6a+2023-10-19-16h-41m-05s,1,107,169,169,2
TRI+52ca9b6a+2023-10-19-16h-50m-06s,0,0,404,404,1
TRI+52ca9b6a+2023-10-19-17h-03m-53s,0,0,208,208,1
TRI+52ca9b6a+2023-10-19-17h-05m-19s,0,0,370,370,1
TRI+52ca9b6a+2023-10-19-17h-28m-35s,0,0,672,672,1
TRI+52ca9b6a+2023-10-23-10h-22m-20s,0,0,154,423,4
TRI+52ca9b6a+2023-10-23-10h-22m-20s,1,161,293,423,4
TRI+52ca9b6a+2023-10-23-10h-22m-20s,2,326,358,423,4
TRI+52ca9b6a+2023-10-23-10h-22m-20s,3,374,423,423,4
TRI+52ca9b6a+2023-10-23-10h-57m-14s,0,0,137,268,1
TRI+52ca9b6a+2023-10-23-10h-57m-52s,0,0,192,454,2
TRI+52ca9b6a+2023-10-23-10h-57m-52s,1,445,454,454,2
TRI+52ca9b6a+2023-10-23-10h-58m-32s,0,0,44,399,2
TRI+52ca9b6a+2023-10-23-10h-58m-32s,1,231,399,399,2
TRI+52ca9b6a+2023-10-23-11h-04m-18s,0,0,219,219,1
TRI+52ca9b6a+2023-10-23-11h-08m-52s,0,0,23,405,4
TRI+52ca9b6a+2023-10-23-11h-08m-52s,1,253,291,405,4
TRI+52ca9b6a+2023-10-23-11h-08m-52s,2,304,384,405,4
TRI+52ca9b6a+2023-10-23-11h-08m-52s,3,396,405,405,4
TRI+52ca9b6a+2023-10-23-13h-19m-23s,0,0,47,345,2
TRI+52ca9b6a+2023-10-23-13h-19m-23s,1,69,345,345,2
TRI+52ca9b6a+2023-10-23-13h-38m-07s,0,0,849,849,1
TRI+52ca9b6a+2023-10-23-13h-45m-05s,0,0,19,289,3
TRI+52ca9b6a+2023-10-23-13h-45m-05s,1,122,131,289,3
TRI+52ca9b6a+2023-10-23-13h-45m-05s,2,159,289,289,3
TRI+52ca9b6a+2023-10-23-13h-51m-13s,0,0,286,286,1
TRI+52ca9b6a+2023-10-23-13h-59m-31s,0,0,224,224,1
TRI+52ca9b6a+2023-10-23-14h-02m-09s,0,0,700,700,1
TRI+52ca9b6a+2023-10-23-14h-02m-23s,0,0,159,209,2
TRI+52ca9b6a+2023-10-23-14h-02m-23s,1,186,209,209,2
TRI+52ca9b6a+2023-10-23-14h-07m-03s,0,0,149,457,3
TRI+52ca9b6a+2023-10-23-14h-07m-03s,1,191,308,457,3
TRI+52ca9b6a+2023-10-23-14h-07m-03s,2,431,457,457,3
TRI+52ca9b6a+2023-10-23-14h-17m-21s,0,0,521,521,1
TRI+52ca9b6a+2023-10-23-14h-22m-35s,0,0,475,475,1
TRI+52ca9b6a+2023-10-23-14h-32m-23s,0,0,208,208,1
TRI+52ca9b6a+2023-10-23-14h-33m-08s,0,0,215,215,1
TRI+52ca9b6a+2023-10-23-14h-46m-52s,0,0,196,196,1
TRI+52ca9b6a+2023-10-23-14h-53m-39s,0,0,25,496,2
TRI+52ca9b6a+2023-10-23-14h-53m-39s,1,44,496,496,2
TRI+52ca9b6a+2023-10-23-14h-54m-51s,0,0,193,193,1
TRI+52ca9b6a+2023-10-23-15h-12m-45s,0,0,99,462,2
TRI+52ca9b6a+2023-10-23-15h-12m-45s,1,334,462,462,2
TRI+52ca9b6a+2023-10-23-15h-21m-30s,0,0,329,329,1
TRI+52ca9b6a+2023-10-23-15h-36m-25s,0,0,397,397,1
TRI+52ca9b6a+2023-10-23-16h-01m-51s,0,0,1095,1095,1
TRI+52ca9b6a+2023-10-23-16h-03m-21s,0,0,593,593,1
TRI+52ca9b6a+2023-10-23-16h-22m-09s,0,0,766,766,1
TRI+52ca9b6a+2023-10-23-16h-25m-40s,0,0,321,321,1
TRI+52ca9b6a+2023-10-23-16h-35m-41s,0,0,420,420,1
TRI+52ca9b6a+2023-10-23-16h-43m-52s,0,0,327,327,1
TRI+52ca9b6a+2023-10-23-16h-46m-46s,0,0,247,247,1
TRI+52ca9b6a+2023-10-23-17h-44m-41s,0,0,25,314,3
TRI+52ca9b6a+2023-10-23-17h-44m-41s,1,182,255,314,3
TRI+52ca9b6a+2023-10-23-17h-44m-41s,2,286,314,314,3
TRI+52ca9b6a+2023-10-23-17h-49m-56s,0,0,54,337,5
TRI+52ca9b6a+2023-10-23-17h-49m-56s,1,66,72,337,5
TRI+52ca9b6a+2023-10-23-17h-49m-56s,2,101,240,337,5
TRI+52ca9b6a+2023-10-23-17h-49m-56s,3,247,307,337,5
TRI+52ca9b6a+2023-10-23-17h-49m-56s,4,323,337,337,5
TRI+52ca9b6a+2023-10-23-17h-50m-54s,0,0,78,463,3
TRI+52ca9b6a+2023-10-23-17h-50m-54s,1,147,165,463,3
TRI+52ca9b6a+2023-10-23-17h-50m-54s,2,188,278,463,3
TRI+52ca9b6a+2023-10-23-17h-51m-35s,0,0,52,499,2
TRI+52ca9b6a+2023-10-23-17h-51m-35s,1,80,499,499,2
TRI+52ca9b6a+2023-10-23-17h-53m-32s,0,0,35,189,2
TRI+52ca9b6a+2023-10-23-17h-53m-32s,1,97,189,189,2
TRI+52ca9b6a+2023-10-23-17h-55m-18s,0,0,79,262,2
TRI+52ca9b6a+2023-10-23-17h-55m-18s,1,148,262,262,2
TRI+52ca9b6a+2023-10-23-18h-14m-54s,0,0,250,250,1
TRI+52ca9b6a+2023-10-23-18h-22m-32s,0,0,137,851,6
TRI+52ca9b6a+2023-10-23-18h-22m-32s,1,412,512,851,6
TRI+52ca9b6a+2023-10-23-18h-22m-32s,2,540,550,851,6
TRI+52ca9b6a+2023-10-23-18h-22m-32s,3,559,569,851,6
TRI+52ca9b6a+2023-10-23-18h-22m-32s,4,573,595,851,6
TRI+52ca9b6a+2023-10-23-18h-22m-32s,5,612,691,851,6
TRI+52ca9b6a+2023-10-23-18h-24m-24s,0,0,351,351,1
TRI+52ca9b6a+2023-10-24-10h-21m-45s,0,0,36,179,1
TRI+52ca9b6a+2023-10-24-10h-30m-34s,0,0,640,640,1
TRI+52ca9b6a+2023-10-24-10h-31m-29s,0,0,289,289,1
TRI+52ca9b6a+2023-10-24-10h-35m-46s,0,0,343,343,1
TRI+52ca9b6a+2023-10-24-10h-41m-28s,0,0,135,246,3
TRI+52ca9b6a+2023-10-24-10h-41m-28s,1,139,140,246,3
TRI+52ca9b6a+2023-10-24-10h-41m-28s,2,174,246,246,3
TRI+52ca9b6a+2023-10-24-11h-30m-35s,0,0,134,227,2
TRI+52ca9b6a+2023-10-24-11h-30m-35s,1,156,227,227,2
TRI+52ca9b6a+2023-10-24-12h-06m-40s,0,0,681,681,1
TRI+52ca9b6a+2023-10-24-12h-11m-18s,0,0,251,251,1
TRI+52ca9b6a+2023-10-24-13h-22m-46s,0,0,149,149,1
TRI+52ca9b6a+2023-10-24-13h-35m-47s,0,0,679,679,1
TRI+52ca9b6a+2023-10-24-13h-50m-51s,0,0,1214,1214,1
TRI+52ca9b6a+2023-10-24-13h-54m-00s,0,0,450,450,1
TRI+52ca9b6a+2023-10-24-14h-07m-06s,0,0,293,293,1
TRI+52ca9b6a+2023-10-24-15h-07m-15s,0,0,209,209,1
TRI+52ca9b6a+2023-10-24-15h-19m-14s,0,0,50,222,2
TRI+52ca9b6a+2023-10-24-15h-19m-14s,1,109,127,222,2
TRI+52ca9b6a+2023-10-24-15h-32m-30s,0,0,380,677,2
TRI+52ca9b6a+2023-10-24-15h-32m-30s,1,468,677,677,2
TRI+52ca9b6a+2023-10-24-15h-33m-31s,0,18,48,270,1
TRI+52ca9b6a+2023-10-24-16h-05m-39s,0,0,326,326,1
TRI+52ca9b6a+2023-10-24-17h-04m-58s,0,0,94,188,2
TRI+52ca9b6a+2023-10-24-17h-04m-58s,1,153,179,188,2
TRI+52ca9b6a+2023-10-24-17h-06m-18s,0,0,300,418,2
TRI+52ca9b6a+2023-10-24-17h-06m-18s,1,310,402,418,2
TRI+52ca9b6a+2023-10-24-17h-10m-33s,0,19,120,130,1
TRI+52ca9b6a+2023-10-24-17h-13m-33s,0,0,167,188,1
TRI+52ca9b6a+2023-10-24-17h-40m-31s,0,0,707,707,1
TRI+52ca9b6a+2023-10-24-17h-41m-13s,0,12,37,756,3
TRI+52ca9b6a+2023-10-24-17h-41m-13s,1,157,692,756,3
TRI+52ca9b6a+2023-10-24-17h-41m-13s,2,736,756,756,3
TRI+52ca9b6a+2023-10-24-17h-51m-44s,0,0,442,442,1
TRI+52ca9b6a+2023-10-24-17h-55m-34s,0,0,16,359,2
TRI+52ca9b6a+2023-10-24-17h-55m-34s,1,37,359,359,2
TRI+52ca9b6a+2023-10-24-18h-00m-02s,0,0,108,108,1
TRI+52ca9b6a+2023-10-24-18h-04m-58s,0,0,193,193,1
TRI+52ca9b6a+2023-10-24-18h-15m-17s,0,25,191,191,1
TRI+52ca9b6a+2023-10-24-18h-27m-00s,0,8,127,127,1
TRI+52ca9b6a+2023-10-25-09h-42m-03s,0,0,242,242,1
TRI+52ca9b6a+2023-10-25-09h-44m-49s,0,21,199,199,1
TRI+52ca9b6a+2023-10-25-10h-08m-44s,0,0,276,782,3
TRI+52ca9b6a+2023-10-25-10h-08m-44s,1,482,695,782,3
TRI+52ca9b6a+2023-10-25-10h-08m-44s,2,751,782,782,3
TRI+52ca9b6a+2023-10-25-10h-15m-56s,0,19,212,212,1
TRI+52ca9b6a+2023-10-25-10h-21m-18s,0,0,276,276,1
TRI+52ca9b6a+2023-10-25-10h-21m-56s,0,0,304,304,1
TRI+52ca9b6a+2023-10-25-10h-23m-49s,0,0,684,684,1
TRI+52ca9b6a+2023-10-25-11h-42m-49s,0,20,317,317,1
TRI+52ca9b6a+2023-10-25-11h-44m-47s,0,0,687,787,2
TRI+52ca9b6a+2023-10-25-11h-44m-47s,1,693,787,787,2
TRI+52ca9b6a+2023-10-25-14h-17m-03s,0,0,472,472,1
TRI+52ca9b6a+2023-10-25-14h-48m-15s,0,0,216,216,1
TRI+52ca9b6a+2023-10-25-15h-20m-02s,0,0,114,114,1
TRI+52ca9b6a+2023-10-25-15h-34m-57s,0,0,25,321,2
TRI+52ca9b6a+2023-10-25-15h-34m-57s,1,45,321,321,2
TRI+52ca9b6a+2023-10-25-15h-40m-08s,0,0,327,327,1
TRI+52ca9b6a+2023-10-25-15h-41m-28s,0,0,418,418,1
TRI+52ca9b6a+2023-10-25-16h-07m-29s,0,0,207,207,1
TRI+52ca9b6a+2023-10-25-16h-07m-37s,0,0,584,584,1
TRI+52ca9b6a+2023-10-25-16h-09m-59s,0,14,215,215,1
TRI+52ca9b6a+2023-10-25-16h-18m-01s,0,0,116,184,2
TRI+52ca9b6a+2023-10-25-16h-18m-01s,1,144,165,184,2
TRI+52ca9b6a+2023-10-25-16h-27m-34s,0,0,725,725,1
TRI+52ca9b6a+2023-10-25-16h-35m-12s,0,0,126,126,1
TRI+52ca9b6a+2023-10-25-17h-09m-40s,0,0,314,314,1
TRI+52ca9b6a+2023-10-25-17h-12m-00s,0,0,18,195,2
TRI+52ca9b6a+2023-10-25-17h-12m-00s,1,34,189,195,2
TRI+52ca9b6a+2023-10-25-17h-13m-52s,0,0,212,212,1
TRI+52ca9b6a+2023-10-25-17h-27m-59s,0,0,270,270,1
TRI+52ca9b6a+2023-10-25-17h-30m-53s,0,0,313,313,1
TRI+52ca9b6a+2023-10-25-17h-31m-42s,0,0,37,615,4
TRI+52ca9b6a+2023-10-25-17h-31m-42s,1,44,61,615,4
TRI+52ca9b6a+2023-10-25-17h-31m-42s,2,95,272,615,4
TRI+52ca9b6a+2023-10-25-17h-31m-42s,3,278,615,615,4
TRI+52ca9b6a+2023-10-25-17h-34m-08s,0,0,87,297,4
TRI+52ca9b6a+2023-10-25-17h-34m-08s,1,111,129,297,4
TRI+52ca9b6a+2023-10-25-17h-34m-08s,2,134,203,297,4
TRI+52ca9b6a+2023-10-25-17h-34m-08s,3,242,287,297,4
TRI+52ca9b6a+2023-10-25-17h-38m-17s,0,0,156,311,2
TRI+52ca9b6a+2023-10-25-17h-38m-17s,1,177,273,311,2
TRI+52ca9b6a+2023-10-25-17h-40m-36s,0,0,196,196,1
TRI+52ca9b6a+2023-10-26-11h-02m-15s,0,0,86,86,1
TRI+52ca9b6a+2023-10-26-11h-34m-28s,0,0,471,471,1
TRI+52ca9b6a+2023-10-26-11h-50m-58s,0,0,493,493,1
TRI+52ca9b6a+2023-10-26-11h-58m-58s,0,0,99,280,2
TRI+52ca9b6a+2023-10-26-11h-58m-58s,1,148,280,280,2
TRI+52ca9b6a+2023-10-26-12h-10m-58s,0,0,219,219,1
TRI+52ca9b6a+2023-10-26-12h-12m-14s,0,0,423,430,1
TRI+52ca9b6a+2023-10-26-13h-34m-14s,0,0,308,308,1
TRI+52ca9b6a+2023-10-26-13h-35m-32s,0,0,350,350,1
TRI+52ca9b6a+2023-10-26-13h-41m-35s,0,0,302,302,1
TRI+52ca9b6a+2023-10-26-13h-45m-54s,0,0,493,584,2
TRI+52ca9b6a+2023-10-26-13h-45m-54s,1,531,583,584,2
TRI+52ca9b6a+2023-10-26-13h-58m-12s,0,0,157,225,2
TRI+52ca9b6a+2023-10-26-13h-58m-12s,1,178,213,225,2
TRI+52ca9b6a+2023-10-26-14h-20m-08s,0,0,111,295,2
TRI+52ca9b6a+2023-10-26-14h-20m-08s,1,123,295,295,2
TRI+52ca9b6a+2023-10-26-14h-22m-45s,0,0,189,189,1
TRI+52ca9b6a+2023-10-26-14h-30m-07s,0,0,111,427,3
TRI+52ca9b6a+2023-10-26-14h-30m-07s,1,186,383,427,3
TRI+52ca9b6a+2023-10-26-14h-30m-07s,2,389,427,427,3
TRI+52ca9b6a+2023-10-26-14h-55m-11s,0,0,445,445,1
TRI+52ca9b6a+2023-10-26-15h-02m-35s,0,0,449,449,1
TRI+52ca9b6a+2023-10-26-15h-31m-47s,0,0,99,268,2
TRI+52ca9b6a+2023-10-26-15h-31m-47s,1,151,268,268,2
TRI+52ca9b6a+2023-10-30-15h-13m-06s,0,0,154,154,1
TRI+52ca9b6a+2023-10-30-15h-19m-04s,0,0,490,490,1
TRI+52ca9b6a+2023-10-30-16h-19m-51s,0,38,458,458,1
TRI+52ca9b6a+2023-10-30-16h-21m-32s,0,0,365,365,1
TRI+52ca9b6a+2023-10-30-16h-23m-35s,0,0,303,303,1
TRI+52ca9b6a+2023-10-30-16h-24m-14s,0,0,181,181,1
TRI+52ca9b6a+2023-10-30-16h-33m-01s,0,0,225,225,1
TRI+52ca9b6a+2023-10-30-16h-34m-57s,0,17,1201,1201,1
TRI+52ca9b6a+2023-10-30-16h-38m-41s,0,0,301,301,1
TRI+52ca9b6a+2023-10-30-16h-54m-29s,0,0,465,465,1
TRI+52ca9b6a+2023-10-30-17h-13m-43s,0,0,380,380,1
TRI+52ca9b6a+2023-10-30-17h-18m-48s,0,0,248,248,1
TRI+52ca9b6a+2023-10-30-17h-22m-50s,0,0,325,350,1
TRI+52ca9b6a+2023-10-30-17h-35m-23s,0,0,174,174,1
TRI+52ca9b6a+2023-10-31-13h-53m-49s,0,0,275,694,2
TRI+52ca9b6a+2023-10-31-13h-53m-49s,1,278,694,694,2
TRI+52ca9b6a+2023-10-31-13h-56m-41s,0,0,275,275,1
TRI+52ca9b6a+2023-10-31-14h-11m-16s,0,0,226,232,1
TRI+52ca9b6a+2023-10-31-14h-20m-26s,0,0,1118,1118,1
TRI+52ca9b6a+2023-10-31-14h-53m-36s,0,0,561,561,1
TRI+52ca9b6a+2023-10-31-14h-57m-32s,0,0,261,261,1
TRI+52ca9b6a+2023-10-31-15h-17m-22s,0,0,376,376,1
TRI+52ca9b6a+2023-10-31-15h-21m-40s,0,26,33,407,2
TRI+52ca9b6a+2023-10-31-15h-21m-40s,1,62,407,407,2
TRI+52ca9b6a+2023-10-31-15h-32m-01s,0,0,169,169,1
TRI+52ca9b6a+2023-10-31-15h-35m-06s,0,0,160,160,1
TRI+52ca9b6a+2023-10-31-15h-43m-37s,0,0,363,363,1
TRI+52ca9b6a+2023-10-31-16h-05m-30s,0,0,715,715,1
TRI+52ca9b6a+2023-10-31-16h-06m-48s,0,0,358,358,1
TRI+52ca9b6a+2023-10-31-16h-26m-52s,0,0,536,536,1
TRI+52ca9b6a+2023-10-31-16h-31m-52s,0,0,395,395,1
TRI+52ca9b6a+2023-10-31-16h-41m-26s,0,0,479,534,2
TRI+52ca9b6a+2023-10-31-16h-41m-26s,1,489,530,534,2
TRI+52ca9b6a+2023-10-31-16h-58m-48s,0,0,108,347,2
TRI+52ca9b6a+2023-10-31-16h-58m-48s,1,112,347,347,2
TRI+52ca9b6a+2023-10-31-17h-10m-36s,0,0,267,267,1
TRI+52ca9b6a+2023-10-31-17h-12m-55s,0,0,243,243,1
TRI+52ca9b6a+2023-10-31-17h-13m-19s,0,0,446,446,1
TRI+52ca9b6a+2023-10-31-17h-13m-34s,0,69,290,290,1
TRI+52ca9b6a+2023-10-31-17h-15m-05s,0,0,662,662,1
TRI+52ca9b6a+2023-10-31-17h-20m-07s,0,0,239,239,1
TRI+52ca9b6a+2023-10-31-17h-32m-53s,0,0,517,517,1
TRI+52ca9b6a+2023-11-01-09h-50m-05s,0,26,260,260,1
TRI+52ca9b6a+2023-11-01-09h-51m-57s,0,0,254,254,1
TRI+52ca9b6a+2023-11-01-10h-07m-49s,0,0,768,768,1
TRI+52ca9b6a+2023-11-01-10h-09m-14s,0,0,607,607,1
TRI+52ca9b6a+2023-11-01-10h-33m-43s,0,0,65,250,2
TRI+52ca9b6a+2023-11-01-10h-33m-43s,1,235,245,250,2
TRI+52ca9b6a+2023-11-01-11h-04m-08s,0,0,224,283,2
TRI+52ca9b6a+2023-11-01-11h-04m-08s,1,242,283,283,2
TRI+52ca9b6a+2023-11-01-11h-12m-52s,0,0,454,454,1
TRI+52ca9b6a+2023-11-01-11h-15m-22s,0,103,111,123,1
TRI+52ca9b6a+2023-11-01-11h-16m-51s,0,89,522,527,1
TRI+52ca9b6a+2023-11-01-11h-27m-49s,0,0,153,416,2
TRI+52ca9b6a+2023-11-01-11h-27m-49s,1,355,416,416,2
TRI+52ca9b6a+2023-11-01-13h-51m-43s,0,0,282,282,1
TRI+52ca9b6a+2023-11-01-14h-14m-21s,0,0,69,157,2
TRI+52ca9b6a+2023-11-01-14h-14m-21s,1,137,157,157,2
TRI+52ca9b6a+2023-11-01-14h-16m-24s,0,49,588,588,1
TRI+52ca9b6a+2023-11-01-14h-17m-05s,0,0,38,192,3
TRI+52ca9b6a+2023-11-01-14h-17m-05s,1,43,68,192,3
TRI+52ca9b6a+2023-11-01-14h-17m-05s,2,78,192,192,3
TRI+52ca9b6a+2023-11-01-14h-47m-47s,0,0,292,292,1
TRI+52ca9b6a+2023-11-01-15h-02m-36s,0,0,578,578,1
TRI+52ca9b6a+2023-11-01-15h-06m-35s,0,0,607,607,1
TRI+52ca9b6a+2023-11-01-15h-24m-05s,0,0,1069,1069,1
TRI+52ca9b6a+2023-11-01-15h-57m-06s,0,0,529,570,2
TRI+52ca9b6a+2023-11-01-15h-57m-06s,1,557,570,570,2
TRI+52ca9b6a+2023-11-01-16h-22m-11s,0,0,325,325,1
TRI+52ca9b6a+2023-11-01-16h-53m-17s,0,0,38,220,2
TRI+52ca9b6a+2023-11-01-16h-53m-17s,1,194,218,220,2
TRI+52ca9b6a+2023-11-01-17h-01m-51s,0,0,116,116,1
TRI+52ca9b6a+2023-11-01-17h-24m-38s,0,0,133,133,1
TRI+52ca9b6a+2023-11-02-10h-16m-13s,0,0,149,187,2
TRI+52ca9b6a+2023-11-02-10h-16m-13s,1,172,187,187,2
TRI+52ca9b6a+2023-11-02-11h-04m-38s,0,0,81,284,2
TRI+52ca9b6a+2023-11-02-11h-04m-38s,1,244,284,284,2
TRI+52ca9b6a+2023-11-02-11h-08m-26s,0,0,479,479,1
TRI+52ca9b6a+2023-11-02-11h-30m-33s,0,0,721,721,1
TRI+52ca9b6a+2023-11-02-11h-58m-11s,0,0,557,557,1
TRI+52ca9b6a+2023-11-02-11h-59m-39s,0,0,86,663,2
TRI+52ca9b6a+2023-11-02-11h-59m-39s,1,316,663,663,2
TRI+52ca9b6a+2023-11-02-12h-08m-16s,0,0,86,292,3
TRI+52ca9b6a+2023-11-02-12h-08m-16s,1,128,164,292,3
TRI+52ca9b6a+2023-11-02-12h-08m-16s,2,230,292,292,3
TRI+52ca9b6a+2023-11-02-12h-18m-31s,0,0,434,434,1
TRI+52ca9b6a+2023-11-02-13h-20m-47s,0,0,149,149,1
TRI+52ca9b6a+2023-11-02-13h-31m-15s,0,16,744,744,1
TRI+52ca9b6a+2023-11-02-13h-43m-23s,0,0,95,379,5
TRI+52ca9b6a+2023-11-02-13h-43m-23s,1,165,171,379,5
TRI+52ca9b6a+2023-11-02-13h-43m-23s,2,193,240,379,5
TRI+52ca9b6a+2023-11-02-13h-43m-23s,3,254,312,379,5
TRI+52ca9b6a+2023-11-02-13h-43m-23s,4,358,379,379,5
TRI+52ca9b6a+2023-11-02-13h-49m-58s,0,0,416,416,1
TRI+52ca9b6a+2023-11-02-14h-11m-01s,0,30,767,767,1
TRI+52ca9b6a+2023-11-02-14h-29m-20s,0,23,522,522,1
TRI+52ca9b6a+2023-11-02-14h-35m-04s,0,22,675,675,1
TRI+52ca9b6a+2023-11-02-14h-39m-17s,0,0,44,355,2
TRI+52ca9b6a+2023-11-02-14h-39m-17s,1,102,355,355,2
TRI+52ca9b6a+2023-11-02-14h-42m-58s,0,15,401,401,1
TRI+52ca9b6a+2023-11-02-15h-09m-47s,0,0,586,665,2
TRI+52ca9b6a+2023-11-02-15h-09m-47s,1,654,665,665,2
TRI+52ca9b6a+2023-11-02-15h-18m-04s,0,0,62,278,6
TRI+52ca9b6a+2023-11-02-15h-18m-04s,1,69,80,278,6
TRI+52ca9b6a+2023-11-02-15h-18m-04s,2,104,108,278,6
TRI+52ca9b6a+2023-11-02-15h-18m-04s,3,141,173,278,6
TRI+52ca9b6a+2023-11-02-15h-18m-04s,4,179,183,278,6
TRI+52ca9b6a+2023-11-02-15h-18m-04s,5,247,278,278,6
TRI+52ca9b6a+2023-11-02-15h-27m-44s,0,0,235,235,1
TRI+52ca9b6a+2023-11-02-15h-41m-49s,0,0,718,718,1
TRI+52ca9b6a+2023-11-02-15h-41m-57s,0,0,68,292,3
TRI+52ca9b6a+2023-11-02-15h-41m-57s,1,111,249,292,3
TRI+52ca9b6a+2023-11-02-15h-41m-57s,2,255,292,292,3
TRI+52ca9b6a+2023-11-02-15h-42m-30s,0,15,106,169,2
TRI+52ca9b6a+2023-11-02-15h-42m-30s,1,155,169,169,2
TRI+52ca9b6a+2023-11-02-15h-45m-25s,0,14,205,232,2
TRI+52ca9b6a+2023-11-02-15h-45m-25s,1,216,232,232,2
TRI+52ca9b6a+2023-11-02-15h-47m-25s,0,0,173,173,1
TRI+52ca9b6a+2023-11-02-15h-49m-00s,0,21,81,292,3
TRI+52ca9b6a+2023-11-02-15h-49m-00s,1,121,179,292,3
TRI+52ca9b6a+2023-11-02-15h-49m-00s,2,200,204,292,3
TRI+52ca9b6a+2023-11-02-16h-18m-56s,0,0,137,416,3
TRI+52ca9b6a+2023-11-02-16h-18m-56s,1,190,198,416,3
TRI+52ca9b6a+2023-11-02-16h-18m-56s,2,206,242,416,3
TRI+52ca9b6a+2023-11-02-16h-32m-55s,0,0,165,165,1
TRI+52ca9b6a+2023-11-02-16h-37m-25s,0,16,72,398,3
TRI+52ca9b6a+2023-11-02-16h-37m-25s,1,83,89,398,3
TRI+52ca9b6a+2023-11-02-16h-37m-25s,2,189,398,398,3
TRI+52ca9b6a+2023-11-02-16h-39m-49s,0,182,263,263,1
TRI+52ca9b6a+2023-11-02-16h-47m-11s,0,0,371,371,1
TRI+52ca9b6a+2023-11-02-17h-24m-25s,0,13,328,328,1
TRI+52ca9b6a+2023-11-02-17h-28m-51s,0,0,239,239,1
TRI+52ca9b6a+2023-11-02-17h-32m-00s,0,0,200,597,5
TRI+52ca9b6a+2023-11-02-17h-32m-00s,1,212,327,597,5
TRI+52ca9b6a+2023-11-02-17h-32m-00s,2,361,459,597,5
TRI+52ca9b6a+2023-11-02-17h-32m-00s,3,547,576,597,5
TRI+52ca9b6a+2023-11-02-17h-32m-00s,4,594,597,597,5
TRI+52ca9b6a+2023-11-02-17h-33m-25s,0,0,55,251,3
TRI+52ca9b6a+2023-11-02-17h-33m-25s,1,151,170,251,3
TRI+52ca9b6a+2023-11-02-17h-33m-25s,2,197,251,251,3
TRI+52ca9b6a+2023-11-02-17h-36m-36s,0,0,149,149,1
TRI+52ca9b6a+2023-11-02-17h-42m-47s,0,0,424,424,1
TRI+52ca9b6a+2023-11-06-10h-24m-15s,0,0,152,374,2
TRI+52ca9b6a+2023-11-06-10h-24m-15s,1,167,374,374,2
TRI+52ca9b6a+2023-11-06-10h-30m-46s,0,0,572,572,1
TRI+52ca9b6a+2023-11-06-10h-52m-05s,0,0,820,820,1
TRI+52ca9b6a+2023-11-06-11h-38m-59s,0,0,258,258,1
TRI+52ca9b6a+2023-11-06-13h-16m-21s,0,0,213,213,1
TRI+52ca9b6a+2023-11-06-13h-19m-53s,0,0,228,228,1
TRI+52ca9b6a+2023-11-06-13h-57m-18s,0,0,181,181,1
TRI+52ca9b6a+2023-11-06-13h-58m-12s,0,11,41,229,5
TRI+52ca9b6a+2023-11-06-13h-58m-12s,1,79,96,229,5
TRI+52ca9b6a+2023-11-06-13h-58m-12s,2,100,141,229,5
TRI+52ca9b6a+2023-11-06-13h-58m-12s,3,146,193,229,5
TRI+52ca9b6a+2023-11-06-13h-58m-12s,4,197,200,229,5
TRI+52ca9b6a+2023-11-06-14h-42m-32s,0,0,401,401,1
TRI+52ca9b6a+2023-11-06-14h-44m-51s,0,0,356,356,1
TRI+52ca9b6a+2023-11-06-15h-02m-44s,0,0,803,803,1
TRI+52ca9b6a+2023-11-06-15h-14m-57s,0,0,292,292,1
TRI+52ca9b6a+2023-11-06-15h-42m-53s,0,16,74,146,1
TRI+52ca9b6a+2023-11-06-15h-45m-19s,0,46,50,494,2
TRI+52ca9b6a+2023-11-06-15h-45m-19s,1,68,480,494,2
TRI+52ca9b6a+2023-11-06-15h-52m-52s,0,0,200,200,1
TRI+52ca9b6a+2023-11-06-16h-07m-54s,0,57,266,268,1
TRI+52ca9b6a+2023-11-06-16h-11m-53s,0,29,283,283,1
TRI+52ca9b6a+2023-11-06-16h-21m-31s,0,109,133,387,2
TRI+52ca9b6a+2023-11-06-16h-21m-31s,1,148,387,387,2
TRI+52ca9b6a+2023-11-06-16h-30m-24s,0,0,210,210,1
TRI+52ca9b6a+2023-11-06-16h-31m-43s,0,0,287,287,1
TRI+52ca9b6a+2023-11-06-16h-33m-48s,0,0,505,505,1
TRI+52ca9b6a+2023-11-06-17h-03m-19s,0,0,52,177,1
TRI+52ca9b6a+2023-11-06-17h-14m-08s,0,30,345,345,1
TRI+52ca9b6a+2023-11-06-17h-33m-18s,0,0,181,181,1
TRI+52ca9b6a+2023-11-07-09h-49m-11s,0,0,23,60,1
TRI+52ca9b6a+2023-11-07-13h-16m-33s,0,0,418,418,1
TRI+52ca9b6a+2023-11-07-13h-27m-26s,0,0,147,147,1
TRI+52ca9b6a+2023-11-07-13h-41m-43s,0,0,160,160,1
TRI+52ca9b6a+2023-11-07-13h-44m-01s,0,0,160,160,1
TRI+52ca9b6a+2023-11-07-13h-44m-24s,0,0,185,185,1
TRI+52ca9b6a+2023-11-07-14h-16m-39s,0,0,390,390,1
TRI+52ca9b6a+2023-11-07-14h-22m-47s,0,0,330,330,1
TRI+52ca9b6a+2023-11-07-14h-25m-56s,0,0,476,476,1
TRI+52ca9b6a+2023-11-07-14h-40m-05s,0,0,230,477,2
TRI+52ca9b6a+2023-11-07-14h-40m-05s,1,284,477,477,2
TRI+52ca9b6a+2023-11-07-14h-40m-29s,0,0,322,322,1
TRI+52ca9b6a+2023-11-07-14h-42m-14s,0,0,49,284,2
TRI+52ca9b6a+2023-11-07-14h-42m-14s,1,264,284,284,2
TRI+52ca9b6a+2023-11-07-14h-45m-51s,0,0,235,235,1
TRI+52ca9b6a+2023-11-07-14h-57m-27s,0,0,58,349,3
TRI+52ca9b6a+2023-11-07-14h-57m-27s,1,148,214,349,3
TRI+52ca9b6a+2023-11-07-14h-57m-27s,2,285,349,349,3
TRI+52ca9b6a+2023-11-07-15h-09m-28s,0,0,423,423,1
TRI+52ca9b6a+2023-11-07-15h-12m-47s,0,0,181,181,1
TRI+52ca9b6a+2023-11-07-15h-35m-01s,0,0,282,282,1
TRI+52ca9b6a+2023-11-07-15h-36m-03s,0,0,457,457,1
TRI+52ca9b6a+2023-11-07-15h-40m-50s,0,0,128,128,1
TRI+52ca9b6a+2023-11-07-15h-41m-09s,0,0,222,222,1
TRI+52ca9b6a+2023-11-07-15h-43m-08s,0,0,492,492,1
TRI+52ca9b6a+2023-11-07-15h-43m-35s,0,0,175,175,1
TRI+52ca9b6a+2023-11-07-15h-45m-38s,0,0,154,154,1
TRI+52ca9b6a+2023-11-07-15h-57m-06s,0,0,506,506,1
TRI+52ca9b6a+2023-11-07-16h-07m-05s,0,0,387,387,1
TRI+52ca9b6a+2023-11-07-16h-17m-02s,0,0,400,400,1
TRI+52ca9b6a+2023-11-07-16h-18m-39s,0,0,107,107,1
TRI+52ca9b6a+2023-11-07-16h-25m-18s,0,0,368,368,1
TRI+52ca9b6a+2023-11-07-16h-39m-55s,0,0,497,497,1
TRI+52ca9b6a+2023-11-07-16h-53m-41s,0,0,310,388,2
TRI+52ca9b6a+2023-11-07-16h-53m-41s,1,322,388,388,2
TRI+52ca9b6a+2023-11-07-16h-55m-18s,0,0,565,565,1
TRI+52ca9b6a+2023-11-07-17h-02m-11s,0,0,72,210,2
TRI+52ca9b6a+2023-11-07-17h-02m-11s,1,132,210,210,2
TRI+52ca9b6a+2023-11-07-17h-12m-59s,0,0,322,322,1
TRI+52ca9b6a+2023-11-07-17h-13m-33s,0,0,44,217,3
TRI+52ca9b6a+2023-11-07-17h-13m-33s,1,58,107,217,3
TRI+52ca9b6a+2023-11-07-17h-13m-33s,2,145,217,217,3
TRI+52ca9b6a+2023-11-07-17h-18m-27s,0,0,222,222,1
TRI+52ca9b6a+2023-11-07-17h-21m-31s,0,0,17,152,1
TRI+52ca9b6a+2023-11-07-17h-37m-02s,0,20,188,231,2
TRI+52ca9b6a+2023-11-07-17h-37m-02s,1,222,231,231,2
TRI+52ca9b6a+2023-11-07-17h-49m-12s,0,137,194,201,1
TRI+52ca9b6a+2023-11-08-10h-08m-31s,0,0,601,601,1
TRI+52ca9b6a+2023-11-08-10h-16m-30s,0,0,789,789,1
TRI+52ca9b6a+2023-11-08-10h-37m-56s,0,0,305,305,1
TRI+52ca9b6a+2023-11-08-10h-45m-00s,0,0,614,614,1
TRI+52ca9b6a+2023-11-08-11h-01m-50s,0,0,294,294,1
TRI+52ca9b6a+2023-11-08-11h-06m-07s,0,61,126,329,3
TRI+52ca9b6a+2023-11-08-11h-06m-07s,1,198,201,329,3
TRI+52ca9b6a+2023-11-08-11h-06m-07s,2,206,329,329,3
TRI+52ca9b6a+2023-11-08-12h-16m-28s,0,0,651,651,1
TRI+52ca9b6a+2023-11-08-12h-45m-58s,0,0,145,145,1
TRI+52ca9b6a+2023-11-08-14h-21m-27s,0,0,14,508,3
TRI+52ca9b6a+2023-11-08-14h-21m-27s,1,419,444,508,3
TRI+52ca9b6a+2023-11-08-14h-21m-27s,2,466,496,508,3
TRI+52ca9b6a+2023-11-08-15h-14m-44s,0,0,19,210,2
TRI+52ca9b6a+2023-11-08-15h-14m-44s,1,96,210,210,2
TRI+52ca9b6a+2023-11-08-15h-20m-46s,0,0,168,283,2
TRI+52ca9b6a+2023-11-08-15h-20m-46s,1,231,283,283,2
TRI+52ca9b6a+2023-11-08-15h-22m-10s,0,0,167,167,1
TRI+52ca9b6a+2023-11-08-16h-08m-16s,0,0,209,209,1
TRI+52ca9b6a+2023-11-08-16h-46m-27s,0,0,712,712,1
TRI+52ca9b6a+2023-11-08-16h-54m-30s,0,0,34,160,2
TRI+52ca9b6a+2023-11-08-16h-54m-30s,1,105,160,160,2
TRI+52ca9b6a+2023-11-08-17h-06m-58s,0,0,23,315,2
TRI+52ca9b6a+2023-11-08-17h-06m-58s,1,203,315,315,2
TRI+52ca9b6a+2023-11-08-17h-09m-42s,0,0,256,256,1
TRI+52ca9b6a+2023-11-08-17h-12m-07s,0,0,395,496,1
TRI+52ca9b6a+2023-11-08-17h-13m-11s,0,0,174,174,1
TRI+52ca9b6a+2023-11-08-17h-18m-37s,0,0,93,200,2
TRI+52ca9b6a+2023-11-08-17h-18m-37s,1,136,200,200,2
TRI+52ca9b6a+2023-11-08-17h-20m-14s,0,0,52,283,3
TRI+52ca9b6a+2023-11-08-17h-20m-14s,1,112,137,283,3
TRI+52ca9b6a+2023-11-08-17h-20m-14s,2,265,283,283,3
TRI+52ca9b6a+2023-11-08-17h-37m-38s,0,0,142,202,2
TRI+52ca9b6a+2023-11-08-17h-37m-38s,1,192,202,202,2
TRI+52ca9b6a+2023-11-08-17h-44m-25s,0,0,194,194,1
TRI+52ca9b6a+2023-11-08-17h-45m-29s,0,0,235,235,1
TRI+52ca9b6a+2023-11-09-10h-00m-10s,0,0,384,384,1
TRI+52ca9b6a+2023-11-09-10h-05m-06s,0,0,302,302,1
TRI+52ca9b6a+2023-11-09-10h-53m-54s,0,0,398,398,1
TRI+52ca9b6a+2023-11-09-10h-54m-56s,0,0,167,167,1
TRI+52ca9b6a+2023-11-09-11h-08m-22s,0,0,482,482,1
TRI+52ca9b6a+2023-11-09-11h-18m-31s,0,0,575,575,1
TRI+52ca9b6a+2023-11-09-11h-37m-03s,0,0,158,276,1
TRI+52ca9b6a+2023-11-09-11h-45m-11s,0,0,171,216,2
TRI+52ca9b6a+2023-11-09-11h-45m-11s,1,206,216,216,2
TRI+52ca9b6a+2023-11-09-12h-00m-56s,0,0,212,212,1
TRI+52ca9b6a+2023-11-09-12h-15m-51s,0,0,262,262,1
TRI+52ca9b6a+2023-11-09-12h-41m-18s,0,0,212,212,1
TRI+52ca9b6a+2023-11-09-13h-45m-04s,0,0,201,201,1
TRI+52ca9b6a+2023-11-09-13h-46m-44s,0,0,180,180,1
TRI+52ca9b6a+2023-11-09-13h-51m-06s,0,0,281,281,1
TRI+52ca9b6a+2023-11-09-14h-02m-02s,0,0,113,113,1
TRI+52ca9b6a+2023-11-09-14h-19m-47s,0,0,592,663,3
TRI+52ca9b6a+2023-11-09-14h-19m-47s,1,604,643,663,3
TRI+52ca9b6a+2023-11-09-14h-19m-47s,2,660,663,663,3
TRI+52ca9b6a+2023-11-09-14h-22m-38s,0,0,130,680,2
TRI+52ca9b6a+2023-11-09-14h-22m-38s,1,594,680,680,2
TRI+52ca9b6a+2023-11-09-14h-38m-57s,0,0,141,141,1
TRI+52ca9b6a+2023-11-09-14h-45m-04s,0,0,140,140,1
TRI+52ca9b6a+2023-11-09-14h-48m-24s,0,0,390,390,1
TRI+52ca9b6a+2023-11-09-14h-53m-23s,0,0,357,357,1
TRI+52ca9b6a+2023-11-09-15h-04m-39s,0,0,30,138,1
TRI+52ca9b6a+2023-11-09-15h-14m-16s,0,0,148,148,1
TRI+52ca9b6a+2023-11-09-15h-17m-10s,0,0,188,188,1
TRI+52ca9b6a+2023-11-09-15h-21m-24s,0,0,242,242,1
TRI+52ca9b6a+2023-11-09-15h-23m-32s,0,0,220,220,1
TRI+52ca9b6a+2023-11-09-15h-46m-02s,0,0,188,188,1
TRI+52ca9b6a+2023-11-09-15h-53m-09s,0,0,179,179,1
TRI+52ca9b6a+2023-11-09-15h-54m-29s,0,0,306,306,1
TRI+52ca9b6a+2023-11-09-15h-55m-03s,0,0,128,323,3
TRI+52ca9b6a+2023-11-09-15h-55m-03s,1,137,163,323,3
TRI+52ca9b6a+2023-11-09-15h-55m-03s,2,220,323,323,3
TRI+52ca9b6a+2023-11-09-16h-00m-31s,0,0,130,130,1
TRI+52ca9b6a+2023-11-09-16h-01m-21s,0,0,307,307,1
TRI+52ca9b6a+2023-11-13-10h-23m-59s,0,0,439,439,1
TRI+52ca9b6a+2023-11-13-13h-44m-00s,0,0,442,442,1
TRI+52ca9b6a+2023-11-13-13h-57m-55s,0,0,285,285,1
TRI+52ca9b6a+2023-11-13-14h-00m-07s,0,0,284,336,2
TRI+52ca9b6a+2023-11-13-14h-00m-07s,1,288,336,336,2
TRI+52ca9b6a+2023-11-13-14h-07m-17s,0,43,161,235,3
TRI+52ca9b6a+2023-11-13-14h-07m-17s,1,164,174,235,3
TRI+52ca9b6a+2023-11-13-14h-07m-17s,2,185,235,235,3
TRI+52ca9b6a+2023-11-13-14h-18m-27s,0,0,550,550,1
TRI+52ca9b6a+2023-11-13-14h-52m-10s,0,11,106,196,2
TRI+52ca9b6a+2023-11-13-14h-52m-10s,1,160,167,196,2
TRI+52ca9b6a+2023-11-13-14h-59m-52s,0,66,352,352,1
TRI+52ca9b6a+2023-11-13-15h-51m-51s,0,0,207,215,1
TRI+52ca9b6a+2023-11-13-16h-02m-20s,0,0,27,476,2
TRI+52ca9b6a+2023-11-13-16h-02m-20s,1,251,258,476,2
TRI+52ca9b6a+2023-11-13-16h-03m-53s,0,20,22,190,2
TRI+52ca9b6a+2023-11-13-16h-03m-53s,1,70,74,190,2
TRI+52ca9b6a+2023-11-13-16h-04m-30s,0,0,20,510,2
TRI+52ca9b6a+2023-11-13-16h-04m-30s,1,487,496,510,2
TRI+52ca9b6a+2023-11-13-16h-19m-10s,0,0,112,112,1
TRI+52ca9b6a+2023-11-13-16h-20m-02s,0,0,165,165,1
TRI+52ca9b6a+2023-11-13-17h-11m-23s,0,0,149,216,2
TRI+52ca9b6a+2023-11-13-17h-11m-23s,1,176,215,216,2
TRI+52ca9b6a+2023-11-13-17h-13m-54s,0,0,204,204,1
TRI+52ca9b6a+2023-11-13-17h-22m-34s,0,0,370,370,1
TRI+52ca9b6a+2023-11-14-09h-57m-29s,0,0,417,417,1
TRI+52ca9b6a+2023-11-14-10h-00m-11s,0,0,195,195,1
TRI+52ca9b6a+2023-11-14-10h-06m-03s,0,0,346,346,1
TRI+52ca9b6a+2023-11-14-10h-10m-01s,0,0,439,439,1
TRI+52ca9b6a+2023-11-14-10h-37m-12s,0,0,459,459,1
TRI+52ca9b6a+2023-11-14-10h-40m-45s,0,0,138,140,1
TRI+52ca9b6a+2023-11-14-10h-44m-07s,0,13,176,176,1
TRI+52ca9b6a+2023-11-14-10h-44m-59s,0,0,255,255,1
TRI+52ca9b6a+2023-11-14-11h-03m-46s,0,0,137,137,1
TRI+52ca9b6a+2023-11-14-11h-14m-08s,0,0,257,257,1
TRI+52ca9b6a+2023-11-14-11h-14m-41s,0,0,356,356,1
TRI+52ca9b6a+2023-11-14-11h-45m-17s,0,0,215,215,1
TRI+52ca9b6a+2023-11-14-12h-01m-00s,0,0,21,187,2
TRI+52ca9b6a+2023-11-14-12h-01m-00s,1,150,187,187,2
TRI+52ca9b6a+2023-11-14-13h-28m-07s,0,0,135,218,2
TRI+52ca9b6a+2023-11-14-13h-28m-07s,1,150,218,218,2
TRI+52ca9b6a+2023-11-14-13h-30m-20s,0,0,372,372,1
TRI+52ca9b6a+2023-11-14-13h-33m-31s,0,0,521,521,1
TRI+52ca9b6a+2023-11-14-13h-46m-55s,0,0,286,286,1
TRI+52ca9b6a+2023-11-14-13h-59m-52s,0,0,129,129,1
TRI+52ca9b6a+2023-11-14-14h-11m-11s,0,0,150,150,1
TRI+52ca9b6a+2023-11-14-14h-32m-15s,0,0,206,206,1
TRI+52ca9b6a+2023-11-14-14h-46m-43s,0,0,367,367,1
TRI+52ca9b6a+2023-11-14-15h-07m-06s,0,0,54,54,1
TRI+52ca9b6a+2023-11-14-15h-35m-13s,0,0,214,214,1
TRI+52ca9b6a+2023-11-14-15h-41m-22s,0,0,162,162,1
TRI+52ca9b6a+2023-11-14-15h-50m-22s,0,0,203,203,1
TRI+52ca9b6a+2023-11-14-15h-52m-42s,0,0,308,308,1
TRI+52ca9b6a+2023-11-14-16h-07m-02s,0,0,276,276,1
TRI+52ca9b6a+2023-11-15-10h-12m-42s,0,0,167,167,1
TRI+52ca9b6a+2023-11-15-10h-22m-19s,0,0,298,298,1
TRI+52ca9b6a+2023-11-15-10h-57m-40s,0,0,104,402,3
TRI+52ca9b6a+2023-11-15-10h-57m-40s,1,250,278,402,3
TRI+52ca9b6a+2023-11-15-10h-57m-40s,2,333,402,402,3
TRI+52ca9b6a+2023-11-15-11h-26m-03s,0,29,194,194,1
TRI+52ca9b6a+2023-11-15-11h-56m-18s,0,0,22,199,2
TRI+52ca9b6a+2023-11-15-11h-56m-18s,1,58,197,199,2
TRI+52ca9b6a+2023-11-15-11h-57m-37s,0,42,161,161,1
TRI+52ca9b6a+2023-11-15-13h-24m-36s,0,0,235,235,1
TRI+52ca9b6a+2023-11-15-13h-43m-22s,0,0,328,328,1
TRI+52ca9b6a+2023-11-15-13h-59m-07s,0,0,413,413,1
TRI+52ca9b6a+2023-11-15-14h-46m-07s,0,0,50,119,2
TRI+52ca9b6a+2023-11-15-14h-46m-07s,1,93,119,119,2
TRI+52ca9b6a+2023-11-15-14h-54m-55s,0,0,227,227,1
TRI+52ca9b6a+2023-11-15-14h-57m-24s,0,0,160,160,1
TRI+52ca9b6a+2023-11-15-15h-35m-02s,0,0,293,293,1
TRI+52ca9b6a+2023-11-15-16h-06m-45s,0,0,539,539,1
TRI+52ca9b6a+2023-11-15-17h-07m-58s,0,0,109,364,3
TRI+52ca9b6a+2023-11-15-17h-07m-58s,1,140,313,364,3
TRI+52ca9b6a+2023-11-15-17h-07m-58s,2,359,364,364,3
TRI+52ca9b6a+2023-11-15-17h-13m-26s,0,0,241,241,1
TRI+52ca9b6a+2023-11-15-17h-18m-10s,0,0,508,508,1
TRI+52ca9b6a+2023-11-16-10h-10m-17s,0,0,222,222,1
TRI+52ca9b6a+2023-11-16-10h-24m-50s,0,0,279,279,1
TRI+52ca9b6a+2023-11-16-10h-35m-38s,0,0,233,233,1
TRI+52ca9b6a+2023-11-16-10h-37m-41s,0,0,137,137,1
TRI+52ca9b6a+2023-11-16-10h-49m-21s,0,0,280,280,1
TRI+52ca9b6a+2023-11-16-10h-50m-06s,0,0,574,574,1
TRI+52ca9b6a+2023-11-16-11h-33m-56s,0,0,186,186,1
TRI+52ca9b6a+2023-11-16-11h-51m-26s,0,0,180,180,1
TRI+52ca9b6a+2023-11-16-14h-18m-05s,0,0,325,325,1
TRI+52ca9b6a+2023-11-16-14h-20m-16s,0,0,559,559,1
TRI+52ca9b6a+2023-11-16-14h-22m-10s,0,0,588,588,1
TRI+52ca9b6a+2023-11-16-14h-23m-02s,0,0,474,474,1
TRI+52ca9b6a+2023-11-16-15h-49m-18s,0,0,238,238,1
TRI+52ca9b6a+2023-11-16-16h-04m-29s,0,0,836,836,1
TRI+52ca9b6a+2023-11-16-16h-06m-05s,0,0,383,383,1
TRI+52ca9b6a+2023-11-16-16h-20m-43s,0,0,385,385,1
TRI+52ca9b6a+2023-11-16-16h-26m-41s,0,0,465,465,1
TRI+52ca9b6a+2023-11-20-10h-15m-56s,0,0,538,538,1
TRI+52ca9b6a+2023-11-20-10h-48m-29s,0,0,183,183,1
TRI+52ca9b6a+2023-11-20-10h-50m-00s,0,0,192,192,1
TRI+52ca9b6a+2023-11-20-11h-38m-09s,0,0,147,147,1
TRI+52ca9b6a+2023-11-20-13h-24m-50s,0,0,258,258,1
TRI+52ca9b6a+2023-11-20-13h-28m-25s,0,0,477,477,1
TRI+52ca9b6a+2023-11-20-13h-49m-19s,0,0,95,524,3
TRI+52ca9b6a+2023-11-20-13h-49m-19s,1,156,318,524,3
TRI+52ca9b6a+2023-11-20-13h-49m-19s,2,366,524,524,3
TRI+52ca9b6a+2023-11-20-13h-51m-06s,0,0,373,373,1
TRI+52ca9b6a+2023-11-20-14h-26m-05s,0,0,249,249,1
TRI+52ca9b6a+2023-11-20-14h-32m-39s,0,0,365,365,1
TRI+52ca9b6a+2023-11-20-14h-46m-30s,0,0,521,521,1
TRI+52ca9b6a+2023-11-21-10h-19m-15s,0,20,269,269,1
TRI+52ca9b6a+2023-11-21-10h-31m-52s,0,0,260,260,1
TRI+52ca9b6a+2023-11-21-13h-40m-57s,0,32,140,158,1
TRI+52ca9b6a+2023-11-21-13h-45m-36s,0,37,204,204,1
TRI+52ca9b6a+2023-11-21-13h-59m-19s,0,23,359,359,1
TRI+52ca9b6a+2023-11-21-14h-04m-37s,0,67,193,193,1
TRI+52ca9b6a+2023-11-27-10h-50m-43s,0,16,385,385,1
TRI+52ca9b6a+2023-11-27-11h-37m-47s,0,27,196,202,1
TRI+52ca9b6a+2023-11-27-11h-41m-29s,0,0,229,229,1
TRI+52ca9b6a+2023-11-27-13h-23m-58s,0,0,52,275,2
TRI+52ca9b6a+2023-11-27-13h-23m-58s,1,171,275,275,2
TRI+52ca9b6a+2023-11-27-13h-47m-14s,0,0,244,244,1
TRI+52ca9b6a+2023-11-27-14h-19m-34s,0,0,25,288,3
TRI+52ca9b6a+2023-11-27-14h-19m-34s,1,120,144,288,3
TRI+52ca9b6a+2023-11-27-14h-19m-34s,2,149,151,288,3
TRI+52ca9b6a+2023-11-27-14h-21m-07s,0,0,23,311,3
TRI+52ca9b6a+2023-11-27-14h-21m-07s,1,93,109,311,3
TRI+52ca9b6a+2023-11-27-14h-21m-07s,2,132,161,311,3
TRI+52ca9b6a+2023-11-27-14h-37m-27s,0,0,201,201,1
TRI+52ca9b6a+2023-11-27-15h-01m-50s,0,0,45,474,7
TRI+52ca9b6a+2023-11-27-15h-01m-50s,1,48,51,474,7
TRI+52ca9b6a+2023-11-27-15h-01m-50s,2,85,128,474,7
TRI+52ca9b6a+2023-11-27-15h-01m-50s,3,137,227,474,7
TRI+52ca9b6a+2023-11-27-15h-01m-50s,4,235,284,474,7
TRI+52ca9b6a+2023-11-27-15h-01m-50s,5,288,292,474,7
TRI+52ca9b6a+2023-11-27-15h-01m-50s,6,307,474,474,7
TRI+52ca9b6a+2023-11-27-15h-02m-45s,0,0,283,283,1
TRI+52ca9b6a+2023-11-27-15h-07m-12s,0,0,194,194,1
TRI+52ca9b6a+2023-11-27-15h-09m-01s,0,0,227,227,1
TRI+52ca9b6a+2023-11-27-15h-09m-37s,0,0,268,268,1
TRI+52ca9b6a+2023-11-27-15h-11m-34s,0,0,643,643,1
TRI+52ca9b6a+2023-11-27-15h-24m-48s,0,0,51,270,2
TRI+52ca9b6a+2023-11-27-15h-24m-48s,1,62,188,270,2
TRI+52ca9b6a+2023-11-27-15h-39m-44s,0,0,190,190,1
TRI+52ca9b6a+2023-11-27-15h-42m-30s,0,0,202,202,1
TRI+52ca9b6a+2023-11-27-15h-45m-37s,0,0,30,306,5
TRI+52ca9b6a+2023-11-27-15h-45m-37s,1,83,93,306,5
TRI+52ca9b6a+2023-11-27-15h-45m-37s,2,100,111,306,5
TRI+52ca9b6a+2023-11-27-15h-45m-37s,3,124,159,306,5
TRI+52ca9b6a+2023-11-27-15h-45m-37s,4,203,306,306,5
TRI+52ca9b6a+2023-11-27-15h-57m-35s,0,0,289,289,1
TRI+52ca9b6a+2023-11-27-16h-28m-10s,0,0,21,236,2
TRI+52ca9b6a+2023-11-27-16h-28m-10s,1,161,236,236,2
TRI+52ca9b6a+2023-11-27-16h-35m-52s,0,0,163,163,1
TRI+52ca9b6a+2023-11-28-14h-01m-22s,0,0,458,458,1
TRI+52ca9b6a+2023-11-28-14h-13m-41s,0,0,188,188,1
TRI+52ca9b6a+2023-11-28-14h-17m-08s,0,0,468,468,1
TRI+52ca9b6a+2023-11-28-14h-48m-11s,0,0,408,408,1
TRI+52ca9b6a+2023-11-28-16h-27m-42s,0,26,201,304,1
TRI+52ca9b6a+2023-11-28-16h-49m-12s,0,42,255,255,1
TRI+52ca9b6a+2023-11-28-16h-51m-05s,0,19,235,235,1
TRI+52ca9b6a+2023-11-28-17h-23m-39s,0,35,184,271,1
TRI+52ca9b6a+2023-11-28-17h-27m-04s,0,11,587,587,1
TRI+52ca9b6a+2023-11-28-17h-48m-01s,0,0,168,168,1
TRI+52ca9b6a+2023-11-28-17h-51m-50s,0,0,239,239,1
TRI+52ca9b6a+2023-11-28-18h-03m-23s,0,0,216,216,1
TRI+52ca9b6a+2023-11-28-18h-17m-19s,0,0,133,133,1
TRI+52ca9b6a+2023-11-29-10h-10m-54s,0,32,241,241,1
TRI+52ca9b6a+2023-11-29-10h-24m-34s,0,10,136,136,1
TRI+52ca9b6a+2023-11-29-10h-58m-18s,0,20,433,448,1
TRI+52ca9b6a+2023-11-29-11h-00m-01s,0,0,478,478,1
TRI+52ca9b6a+2023-11-29-11h-21m-20s,0,0,142,169,1
TRI+52ca9b6a+2023-11-29-14h-17m-17s,0,15,251,251,1
TRI+52ca9b6a+2023-11-29-14h-23m-58s,0,20,501,501,1
TRI+52ca9b6a+2023-11-29-14h-25m-05s,0,101,110,158,2
TRI+52ca9b6a+2023-11-29-14h-25m-05s,1,129,158,158,2
TRI+52ca9b6a+2023-11-29-14h-25m-50s,0,23,186,186,1
TRI+52ca9b6a+2023-11-29-14h-26m-25s,0,125,136,350,4
TRI+52ca9b6a+2023-11-29-14h-26m-25s,1,144,167,350,4
TRI+52ca9b6a+2023-11-29-14h-26m-25s,2,227,274,350,4
TRI+52ca9b6a+2023-11-29-14h-26m-25s,3,308,350,350,4
TRI+52ca9b6a+2023-11-29-14h-39m-21s,0,24,129,129,1
TRI+52ca9b6a+2023-11-29-14h-45m-22s,0,75,164,164,1
TRI+52ca9b6a+2023-11-29-14h-46m-55s,0,40,269,484,4
TRI+52ca9b6a+2023-11-29-14h-46m-55s,1,288,328,484,4
TRI+52ca9b6a+2023-11-29-14h-46m-55s,2,359,412,484,4
TRI+52ca9b6a+2023-11-29-14h-46m-55s,3,428,484,484,4
TRI+52ca9b6a+2023-11-29-15h-04m-43s,0,49,109,204,1
TRI+52ca9b6a+2023-11-29-15h-05m-33s,0,64,172,241,2
TRI+52ca9b6a+2023-11-29-15h-05m-33s,1,221,239,241,2
TRI+52ca9b6a+2023-11-29-16h-48m-46s,0,34,153,168,1
TRI+52ca9b6a+2023-11-29-16h-50m-01s,0,27,130,130,1
TRI+52ca9b6a+2023-11-29-16h-54m-37s,0,70,429,554,2
TRI+52ca9b6a+2023-11-29-16h-54m-37s,1,523,554,554,2
TRI+52ca9b6a+2023-11-29-16h-55m-40s,0,38,74,189,2
TRI+52ca9b6a+2023-11-29-16h-55m-40s,1,151,171,189,2
TRI+52ca9b6a+2023-11-29-17h-22m-10s,0,27,73,142,1
TRI+52ca9b6a+2023-11-30-10h-46m-37s,0,0,304,304,1
TRI+52ca9b6a+2023-11-30-10h-49m-53s,0,0,134,134,1
TRI+52ca9b6a+2023-11-30-11h-13m-41s,0,0,382,382,1
TRI+52ca9b6a+2023-11-30-11h-14m-36s,0,0,159,159,1
TRI+52ca9b6a+2023-11-30-11h-23m-16s,0,0,289,289,1
TRI+52ca9b6a+2023-11-30-13h-28m-15s,0,0,173,173,1
TRI+52ca9b6a+2023-11-30-14h-13m-17s,0,21,518,518,1
TRI+52ca9b6a+2023-11-30-14h-42m-48s,0,31,370,370,1
TRI+52ca9b6a+2023-11-30-15h-14m-56s,0,14,462,462,1
TRI+52ca9b6a+2023-11-30-16h-32m-55s,0,11,411,411,1
TRI+52ca9b6a+2023-11-30-17h-04m-35s,0,14,229,229,1
TRI+52ca9b6a+2023-11-30-17h-09m-24s,0,17,49,137,2
TRI+52ca9b6a+2023-11-30-17h-09m-24s,1,55,128,137,2
TRI+52ca9b6a+2023-12-04-10h-35m-01s,0,0,490,490,1
TRI+52ca9b6a+2023-12-04-10h-43m-15s,0,20,202,202,1
TRI+52ca9b6a+2023-12-04-10h-52m-48s,0,13,234,234,1
TRI+52ca9b6a+2023-12-04-10h-56m-27s,0,0,457,457,1
TRI+52ca9b6a+2023-12-04-10h-57m-15s,0,0,180,180,1
TRI+52ca9b6a+2023-12-04-11h-00m-17s,0,22,279,279,1
TRI+52ca9b6a+2023-12-04-11h-14m-34s,0,0,383,383,1
TRI+52ca9b6a+2023-12-04-11h-14m-44s,0,0,188,188,1
TRI+52ca9b6a+2023-12-04-11h-35m-49s,0,0,317,317,1
TRI+52ca9b6a+2023-12-04-11h-47m-04s,0,0,149,149,1
TRI+52ca9b6a+2023-12-04-11h-52m-52s,0,0,265,265,1
TRI+52ca9b6a+2023-12-04-13h-15m-16s,0,0,557,557,1
TRI+52ca9b6a+2023-12-04-13h-29m-39s,0,0,280,280,1
TRI+52ca9b6a+2023-12-04-13h-30m-11s,0,0,32,169,1
TRI+52ca9b6a+2023-12-04-13h-30m-56s,0,0,235,235,1
TRI+52ca9b6a+2023-12-04-13h-43m-16s,0,0,224,224,1
TRI+52ca9b6a+2023-12-04-13h-49m-09s,0,0,186,186,1
TRI+52ca9b6a+2023-12-04-14h-08m-26s,0,0,625,625,1
TRI+52ca9b6a+2023-12-04-14h-19m-03s,0,14,627,627,1
TRI+52ca9b6a+2023-12-04-14h-30m-05s,0,18,544,544,1
TRI+52ca9b6a+2023-12-04-14h-30m-52s,0,0,531,531,1
TRI+52ca9b6a+2023-12-04-15h-51m-40s,0,0,223,223,1
TRI+52ca9b6a+2023-12-04-16h-12m-00s,0,0,369,369,1
TRI+52ca9b6a+2023-12-04-16h-29m-10s,0,16,232,232,1
TRI+52ca9b6a+2023-12-04-16h-36m-11s,0,17,180,180,1
TRI+52ca9b6a+2023-12-04-17h-10m-11s,0,19,294,485,2
TRI+52ca9b6a+2023-12-04-17h-10m-11s,1,306,438,485,2
TRI+52ca9b6a+2023-12-04-17h-56m-11s,0,0,78,230,3
TRI+52ca9b6a+2023-12-04-17h-56m-11s,1,186,223,230,3
TRI+52ca9b6a+2023-12-04-17h-56m-11s,2,226,230,230,3
TRI+52ca9b6a+2023-12-05-10h-44m-25s,0,0,196,196,1
TRI+52ca9b6a+2023-12-05-10h-48m-00s,0,0,328,328,1
TRI+52ca9b6a+2023-12-05-11h-32m-18s,0,0,424,424,1
TRI+52ca9b6a+2023-12-05-15h-12m-52s,0,0,214,214,1
TRI+52ca9b6a+2023-12-05-15h-26m-04s,0,16,202,202,1
TRI+52ca9b6a+2023-12-05-15h-46m-04s,0,0,231,231,1
TRI+52ca9b6a+2023-12-05-16h-09m-30s,0,25,408,408,1
TRI+52ca9b6a+2023-12-05-16h-22m-37s,0,0,111,111,1
TRI+52ca9b6a+2023-12-05-16h-29m-09s,0,32,484,484,1
TRI+52ca9b6a+2023-12-05-16h-29m-55s,0,29,331,331,1
TRI+52ca9b6a+2023-12-05-16h-30m-12s,0,0,161,161,1
TRI+52ca9b6a+2023-12-05-16h-32m-11s,0,38,311,311,1
TRI+52ca9b6a+2023-12-05-17h-02m-07s,0,30,115,202,1
TRI+52ca9b6a+2023-12-05-17h-34m-55s,0,0,18,398,2
TRI+52ca9b6a+2023-12-05-17h-34m-55s,1,67,398,398,2
TRI+52ca9b6a+2023-12-06-13h-58m-14s,0,0,90,90,1
TRI+52ca9b6a+2023-12-06-14h-05m-02s,0,0,184,184,1
TRI+52ca9b6a+2023-12-06-14h-30m-47s,0,0,100,339,3
TRI+52ca9b6a+2023-12-06-14h-30m-47s,1,299,316,339,3
TRI+52ca9b6a+2023-12-06-14h-30m-47s,2,324,339,339,3
TRI+52ca9b6a+2023-12-06-14h-36m-11s,0,0,79,254,2
TRI+52ca9b6a+2023-12-06-14h-36m-11s,1,224,254,254,2
TRI+52ca9b6a+2023-12-06-15h-48m-45s,0,0,60,477,6
TRI+52ca9b6a+2023-12-06-15h-48m-45s,1,144,151,477,6
TRI+52ca9b6a+2023-12-06-15h-48m-45s,2,195,202,477,6
TRI+52ca9b6a+2023-12-06-15h-48m-45s,3,214,222,477,6
TRI+52ca9b6a+2023-12-06-15h-48m-45s,4,409,422,477,6
TRI+52ca9b6a+2023-12-06-15h-48m-45s,5,440,450,477,6
TRI+52ca9b6a+2023-12-06-16h-23m-38s,0,0,73,187,2
TRI+52ca9b6a+2023-12-06-16h-23m-38s,1,79,187,187,2
TRI+52ca9b6a+2023-12-06-16h-29m-23s,0,0,196,196,1
TRI+52ca9b6a+2023-12-06-16h-34m-40s,0,0,13,159,2
TRI+52ca9b6a+2023-12-06-16h-34m-40s,1,21,159,159,2
TRI+52ca9b6a+2023-12-06-16h-35m-01s,0,0,400,568,3
TRI+52ca9b6a+2023-12-06-16h-35m-01s,1,480,492,568,3
TRI+52ca9b6a+2023-12-06-16h-35m-01s,2,504,568,568,3
TRI+52ca9b6a+2023-12-06-17h-15m-11s,0,0,36,354,1
TRI+52ca9b6a+2023-12-06-17h-17m-23s,0,0,204,204,1
TRI+52ca9b6a+2023-12-07-11h-06m-13s,0,0,395,395,1
TRI+52ca9b6a+2023-12-07-11h-09m-02s,0,0,464,464,1
TRI+52ca9b6a+2023-12-07-11h-21m-20s,0,0,203,213,1
TRI+52ca9b6a+2023-12-07-11h-29m-34s,0,0,162,162,1
TRI+52ca9b6a+2023-12-07-12h-11m-13s,0,0,202,202,1
TRI+52ca9b6a+2023-12-07-13h-20m-49s,0,0,228,228,1
TRI+52ca9b6a+2023-12-07-15h-09m-32s,0,0,286,286,1
TRI+52ca9b6a+2023-12-07-15h-37m-36s,0,14,355,355,1
TRI+52ca9b6a+2023-12-07-15h-37m-40s,0,0,160,160,1
TRI+52ca9b6a+2023-12-07-15h-38m-10s,0,0,285,285,1
TRI+52ca9b6a+2023-12-07-16h-00m-04s,0,0,546,546,1
TRI+52ca9b6a+2023-12-07-16h-55m-57s,0,0,156,156,1
TRI+52ca9b6a+2023-12-07-17h-01m-04s,0,0,165,165,1
TRI+52ca9b6a+2023-12-07-17h-23m-18s,0,0,240,272,2
TRI+52ca9b6a+2023-12-07-17h-23m-18s,1,261,272,272,2
TRI+52ca9b6a+2023-12-07-17h-26m-20s,0,0,148,148,1
TRI+52ca9b6a+2023-12-07-17h-33m-13s,0,0,129,129,1
TRI+52ca9b6a+2023-12-07-17h-39m-47s,0,0,343,343,1
TRI+52ca9b6a+2023-12-11-10h-47m-20s,0,0,178,178,1
TRI+52ca9b6a+2023-12-11-10h-58m-41s,0,0,401,612,2
TRI+52ca9b6a+2023-12-11-10h-58m-41s,1,426,598,612,2
TRI+52ca9b6a+2023-12-11-11h-01m-33s,0,15,223,223,1
TRI+52ca9b6a+2023-12-11-11h-07m-18s,0,0,199,199,1
TRI+52ca9b6a+2023-12-11-11h-14m-10s,0,0,202,202,1
TRI+52ca9b6a+2023-12-11-11h-41m-20s,0,0,162,162,1
TRI+52ca9b6a+2023-12-11-11h-42m-44s,0,0,166,166,1
TRI+52ca9b6a+2023-12-11-11h-51m-20s,0,0,132,132,1
TRI+52ca9b6a+2023-12-11-11h-52m-46s,0,0,193,193,1
TRI+52ca9b6a+2023-12-11-17h-25m-44s,0,0,191,191,1
TRI+52ca9b6a+2023-12-12-10h-40m-22s,0,0,189,189,1
TRI+52ca9b6a+2023-12-12-11h-01m-36s,0,0,35,606,2
TRI+52ca9b6a+2023-12-12-11h-01m-36s,1,44,606,606,2
TRI+52ca9b6a+2023-12-12-11h-27m-24s,0,0,154,477,2
TRI+52ca9b6a+2023-12-12-11h-27m-24s,1,166,381,477,2
TRI+52ca9b6a+2023-12-12-13h-44m-43s,0,0,219,219,1
TRI+52ca9b6a+2023-12-12-13h-48m-19s,0,0,49,235,2
TRI+52ca9b6a+2023-12-12-13h-48m-19s,1,150,231,235,2
TRI+52ca9b6a+2023-12-12-14h-03m-06s,0,0,27,163,1
TRI+52ca9b6a+2023-12-12-15h-41m-54s,0,0,189,189,1
TRI+52ca9b6a+2023-12-12-16h-14m-27s,0,0,361,361,1
TRI+52ca9b6a+2023-12-12-17h-02m-55s,0,0,166,166,1
TRI+52ca9b6a+2023-12-12-17h-03m-14s,0,0,227,227,1
TRI+52ca9b6a+2023-12-12-17h-05m-04s,0,0,392,392,1
TRI+52ca9b6a+2023-12-12-17h-05m-54s,0,0,298,298,1
TRI+52ca9b6a+2023-12-12-17h-07m-52s,0,0,338,338,1
TRI+52ca9b6a+2023-12-13-11h-40m-04s,0,0,140,140,1
TRI+52ca9b6a+2023-12-13-11h-42m-06s,0,0,220,220,1
TRI+52ca9b6a+2023-12-13-11h-50m-24s,0,0,272,272,1
TRI+52ca9b6a+2023-12-13-11h-54m-21s,0,0,412,412,1
TRI+52ca9b6a+2023-12-13-11h-57m-18s,0,0,157,166,1
TRI+52ca9b6a+2023-12-13-13h-46m-32s,0,0,498,498,1
TRI+52ca9b6a+2023-12-13-13h-58m-47s,0,0,365,617,2
TRI+52ca9b6a+2023-12-13-13h-58m-47s,1,396,617,617,2
TRI+52ca9b6a+2023-12-13-14h-01m-29s,0,31,245,245,1
TRI+52ca9b6a+2023-12-13-14h-36m-13s,0,0,533,533,1
TRI+52ca9b6a+2023-12-13-15h-26m-59s,0,0,171,171,1
TRI+52ca9b6a+2023-12-13-15h-27m-08s,0,0,228,228,1
TRI+52ca9b6a+2023-12-13-15h-27m-27s,0,0,229,229,1
TRI+52ca9b6a+2023-12-13-15h-33m-55s,0,0,421,421,1
TRI+52ca9b6a+2023-12-13-15h-41m-32s,0,0,171,171,1
TRI+52ca9b6a+2023-12-13-15h-45m-45s,0,0,613,613,1
TRI+52ca9b6a+2023-12-13-15h-53m-12s,0,0,517,517,1
TRI+52ca9b6a+2023-12-13-16h-18m-32s,0,0,220,227,1
TRI+52ca9b6a+2023-12-13-16h-28m-08s,0,0,155,155,1
TRI+52ca9b6a+2023-12-13-16h-42m-08s,0,0,257,257,1
TRI+52ca9b6a+2023-12-13-16h-50m-17s,0,0,126,126,1
TRI+52ca9b6a+2023-12-13-17h-09m-31s,0,0,173,173,1
TRI+52ca9b6a+2024-01-02-10h-50m-22s,0,0,218,218,1
TRI+52ca9b6a+2024-01-02-10h-53m-50s,0,0,242,242,1
TRI+52ca9b6a+2024-01-02-11h-12m-13s,0,0,187,187,1
TRI+52ca9b6a+2024-01-02-11h-29m-36s,0,0,187,350,2
TRI+52ca9b6a+2024-01-02-11h-29m-36s,1,220,350,350,2
TRI+52ca9b6a+2024-01-02-11h-30m-10s,0,0,325,325,1
TRI+52ca9b6a+2024-01-02-11h-51m-36s,0,0,361,369,1
TRI+52ca9b6a+2024-01-02-11h-53m-56s,0,0,321,321,1
TRI+52ca9b6a+2024-01-02-11h-54m-36s,0,0,149,149,1
TRI+52ca9b6a+2024-01-02-12h-23m-25s,0,0,496,496,1
TRI+52ca9b6a+2024-01-02-12h-31m-39s,0,44,203,203,1
TRI+52ca9b6a+2024-01-02-13h-16m-28s,0,0,247,247,1
TRI+52ca9b6a+2024-01-02-13h-18m-08s,0,0,206,206,1
TRI+52ca9b6a+2024-01-02-13h-34m-47s,0,0,176,176,1
TRI+52ca9b6a+2024-01-02-13h-52m-27s,0,0,151,151,1
TRI+52ca9b6a+2024-01-02-14h-27m-09s,0,0,321,321,1
TRI+52ca9b6a+2024-01-02-15h-02m-54s,0,0,257,257,1
TRI+52ca9b6a+2024-01-02-15h-39m-01s,0,0,250,250,1
TRI+52ca9b6a+2024-01-02-15h-44m-10s,0,0,237,237,1
TRI+52ca9b6a+2024-01-02-15h-46m-22s,0,0,195,195,1
TRI+52ca9b6a+2024-01-02-15h-49m-28s,0,0,366,366,1
TRI+52ca9b6a+2024-01-02-15h-53m-34s,0,0,200,200,1
TRI+52ca9b6a+2024-01-02-16h-04m-00s,0,0,142,142,1
TRI+52ca9b6a+2024-01-02-16h-21m-03s,0,0,186,186,1
TRI+52ca9b6a+2024-01-02-16h-46m-25s,0,0,393,393,1
TRI+52ca9b6a+2024-01-02-16h-57m-40s,0,0,110,110,1
TRI+52ca9b6a+2024-01-02-17h-14m-05s,0,0,169,169,1
TRI+52ca9b6a+2024-01-03-15h-00m-21s,0,0,168,168,1
TRI+52ca9b6a+2024-01-03-15h-00m-51s,0,0,134,134,1
TRI+52ca9b6a+2024-01-03-15h-01m-30s,0,0,148,148,1
TRI+52ca9b6a+2024-01-03-15h-07m-26s,0,0,236,236,1
TRI+52ca9b6a+2024-01-03-15h-08m-15s,0,0,156,156,1
TRI+52ca9b6a+2024-01-03-15h-22m-29s,0,0,178,178,1
TRI+52ca9b6a+2024-01-03-15h-58m-19s,0,0,219,219,1
TRI+52ca9b6a+2024-01-03-16h-02m-56s,0,0,166,166,1
TRI+52ca9b6a+2024-01-03-16h-18m-21s,0,0,444,444,1
TRI+52ca9b6a+2024-01-03-16h-29m-30s,0,0,563,563,1
TRI+52ca9b6a+2024-01-04-10h-29m-36s,0,0,349,349,1
TRI+52ca9b6a+2024-01-04-10h-38m-32s,0,0,213,213,1
TRI+52ca9b6a+2024-01-04-10h-53m-08s,0,0,293,293,1
TRI+52ca9b6a+2024-01-04-14h-37m-50s,0,0,263,263,1
TRI+52ca9b6a+2024-01-04-15h-04m-04s,0,0,123,123,1
TRI+52ca9b6a+2024-01-04-15h-15m-18s,0,0,14,244,3
TRI+52ca9b6a+2024-01-04-15h-15m-18s,1,80,85,244,3
TRI+52ca9b6a+2024-01-04-15h-15m-18s,2,123,244,244,3
TRI+52ca9b6a+2024-01-04-15h-40m-24s,0,0,9,238,2
TRI+52ca9b6a+2024-01-04-15h-40m-24s,1,43,231,238,2
TRI+52ca9b6a+2024-01-04-16h-52m-59s,0,0,27,240,4
TRI+52ca9b6a+2024-01-04-16h-52m-59s,1,71,151,240,4
TRI+52ca9b6a+2024-01-04-16h-52m-59s,2,167,184,240,4
TRI+52ca9b6a+2024-01-04-16h-52m-59s,3,190,228,240,4
TRI+52ca9b6a+2024-01-04-16h-53m-48s,0,0,226,229,1
TRI+52ca9b6a+2024-01-08-10h-38m-14s,0,11,245,245,1
TRI+52ca9b6a+2024-01-08-11h-07m-02s,0,34,347,347,1
TRI+52ca9b6a+2024-01-08-11h-28m-38s,0,12,420,420,1
TRI+52ca9b6a+2024-01-08-11h-29m-23s,0,17,233,233,1
TRI+52ca9b6a+2024-01-08-13h-59m-08s,0,0,92,178,2
TRI+52ca9b6a+2024-01-08-13h-59m-08s,1,103,178,178,2
TRI+52ca9b6a+2024-01-09-10h-52m-19s,0,0,236,236,1
TRI+52ca9b6a+2024-01-09-11h-00m-46s,0,0,16,170,2
TRI+52ca9b6a+2024-01-09-11h-00m-46s,1,76,130,170,2
TRI+52ca9b6a+2024-01-09-15h-18m-14s,0,0,166,166,1
TRI+52ca9b6a+2024-01-09-15h-50m-18s,0,0,325,325,1
TRI+52ca9b6a+2024-01-09-15h-54m-43s,0,0,147,147,1
TRI+52ca9b6a+2024-01-09-15h-54m-58s,0,0,488,488,1
TRI+52ca9b6a+2024-01-09-16h-04m-54s,0,0,198,198,1
TRI+52ca9b6a+2024-01-10-13h-17m-36s,0,0,283,283,1
TRI+52ca9b6a+2024-01-10-13h-51m-39s,0,0,128,128,1
TRI+52ca9b6a+2024-01-10-13h-56m-03s,0,47,153,189,2
TRI+52ca9b6a+2024-01-10-13h-56m-03s,1,164,189,189,2
TRI+52ca9b6a+2024-01-10-14h-20m-07s,0,0,17,176,3
TRI+52ca9b6a+2024-01-10-14h-20m-07s,1,41,113,176,3
TRI+52ca9b6a+2024-01-10-14h-20m-07s,2,118,176,176,3
TRI+52ca9b6a+2024-01-10-14h-27m-05s,0,0,179,179,1
TRI+52ca9b6a+2024-01-10-15h-41m-31s,0,0,136,136,1
TRI+52ca9b6a+2024-01-10-15h-49m-23s,0,0,398,398,1
TRI+52ca9b6a+2024-01-10-15h-51m-54s,0,0,136,136,1
TRI+52ca9b6a+2024-01-10-15h-52m-22s,0,0,166,179,1
TRI+52ca9b6a+2024-01-10-15h-53m-24s,0,0,91,124,1
TRI+52ca9b6a+2024-01-10-16h-33m-13s,0,0,204,204,1
TRI+52ca9b6a+2024-01-11-11h-13m-27s,0,0,203,203,1
TRI+52ca9b6a+2024-01-11-12h-19m-09s,0,0,138,138,1
TRI+52ca9b6a+2024-01-11-12h-20m-35s,0,0,204,204,1
TRI+52ca9b6a+2024-01-11-12h-22m-25s,0,0,266,266,1
TRI+52ca9b6a+2024-01-11-13h-27m-35s,0,0,162,162,1
TRI+52ca9b6a+2024-01-11-13h-33m-09s,0,0,173,173,1
TRI+52ca9b6a+2024-01-11-13h-41m-23s,0,0,204,204,1
TRI+52ca9b6a+2024-01-11-13h-45m-52s,0,0,392,392,1
TRI+52ca9b6a+2024-01-11-13h-47m-01s,0,0,457,457,1
TRI+52ca9b6a+2024-01-11-14h-12m-14s,0,0,189,189,1
TRI+52ca9b6a+2024-01-11-14h-12m-38s,0,0,177,177,1
TRI+52ca9b6a+2024-01-11-14h-26m-21s,0,0,293,293,1
TRI+52ca9b6a+2024-01-11-15h-15m-30s,0,0,246,246,1
TRI+52ca9b6a+2024-01-16-10h-59m-09s,0,0,254,254,1
TRI+52ca9b6a+2024-01-16-11h-19m-28s,0,0,130,130,1
TRI+52ca9b6a+2024-01-16-11h-30m-58s,0,16,176,176,1
TRI+52ca9b6a+2024-01-16-11h-36m-10s,0,0,529,529,1
TRI+52ca9b6a+2024-01-16-14h-27m-38s,0,0,427,427,1
TRI+52ca9b6a+2024-01-16-14h-29m-18s,0,0,194,194,1
TRI+52ca9b6a+2024-01-16-14h-40m-15s,0,0,250,250,1
TRI+52ca9b6a+2024-01-16-15h-26m-39s,0,0,145,145,1
TRI+52ca9b6a+2024-01-16-15h-30m-40s,0,0,520,520,1
TRI+52ca9b6a+2024-01-16-15h-45m-44s,0,0,174,174,1
TRI+52ca9b6a+2024-01-16-15h-48m-19s,0,0,190,190,1
TRI+52ca9b6a+2024-01-16-15h-59m-36s,0,0,318,512,2
TRI+52ca9b6a+2024-01-16-15h-59m-36s,1,331,512,512,2
TRI+52ca9b6a+2024-01-16-16h-19m-18s,0,0,120,120,1
TRI+52ca9b6a+2024-01-16-16h-19m-33s,0,0,131,131,1
TRI+52ca9b6a+2024-01-16-16h-42m-46s,0,0,270,270,1
TRI+52ca9b6a+2024-01-16-16h-47m-58s,0,0,167,167,1
TRI+52ca9b6a+2024-01-16-16h-50m-10s,0,0,160,160,1
TRI+52ca9b6a+2024-01-16-16h-52m-21s,0,0,153,153,1
TRI+52ca9b6a+2024-01-16-16h-55m-05s,0,12,131,131,1
TRI+52ca9b6a+2024-01-16-17h-14m-26s,0,0,146,146,1
TRI+52ca9b6a+2024-01-16-17h-15m-41s,0,0,130,130,1
TRI+52ca9b6a+2024-01-17-10h-27m-44s,0,0,20,139,1
TRI+52ca9b6a+2024-01-17-10h-37m-14s,0,49,263,309,2
TRI+52ca9b6a+2024-01-17-10h-37m-14s,1,268,307,309,2
TRI+52ca9b6a+2024-01-17-11h-07m-56s,0,0,399,399,1
TRI+52ca9b6a+2024-01-17-11h-15m-52s,0,0,497,497,1
TRI+52ca9b6a+2024-01-17-11h-38m-07s,0,0,14,301,2
TRI+52ca9b6a+2024-01-17-11h-38m-07s,1,37,301,301,2
TRI+52ca9b6a+2024-01-17-11h-41m-13s,0,0,251,251,1
TRI+52ca9b6a+2024-01-17-11h-47m-58s,0,0,222,222,1
TRI+52ca9b6a+2024-01-17-11h-53m-16s,0,24,262,262,1
TRI+52ca9b6a+2024-01-17-13h-50m-29s,0,33,286,286,1
TRI+52ca9b6a+2024-01-17-13h-51m-20s,0,14,280,280,1
TRI+52ca9b6a+2024-01-17-14h-05m-03s,0,0,221,221,1
TRI+52ca9b6a+2024-01-17-14h-05m-52s,0,22,198,198,1
TRI+52ca9b6a+2024-01-17-14h-17m-02s,0,0,15,250,3
TRI+52ca9b6a+2024-01-17-14h-17m-02s,1,32,108,250,3
TRI+52ca9b6a+2024-01-17-14h-17m-02s,2,134,250,250,3
TRI+52ca9b6a+2024-01-17-14h-23m-09s,0,0,357,357,1
TRI+52ca9b6a+2024-01-17-14h-35m-15s,0,49,181,181,1
TRI+52ca9b6a+2024-01-17-15h-06m-35s,0,0,659,659,1
TRI+52ca9b6a+2024-01-17-15h-22m-43s,0,0,372,372,1
TRI+52ca9b6a+2024-01-17-16h-02m-04s,0,0,74,298,4
TRI+52ca9b6a+2024-01-17-16h-02m-04s,1,93,197,298,4
TRI+52ca9b6a+2024-01-17-16h-02m-04s,2,205,215,298,4
TRI+52ca9b6a+2024-01-17-16h-02m-04s,3,242,290,298,4
TRI+52ca9b6a+2024-01-17-16h-34m-27s,0,0,524,524,1
TRI+52ca9b6a+2024-01-17-16h-45m-34s,0,0,158,158,1
TRI+52ca9b6a+2024-01-17-17h-18m-00s,0,0,133,133,1
TRI+52ca9b6a+2024-01-17-17h-34m-05s,0,0,184,184,1
TRI+52ca9b6a+2024-01-17-17h-36m-53s,0,0,155,155,1
TRI+52ca9b6a+2024-01-18-10h-37m-16s,0,16,277,277,1
TRI+52ca9b6a+2024-01-18-10h-46m-05s,0,32,209,221,1
TRI+52ca9b6a+2024-01-18-10h-49m-12s,0,29,137,149,1
TRI+52ca9b6a+2024-01-18-10h-50m-04s,0,0,196,205,1
TRI+52ca9b6a+2024-01-18-11h-10m-58s,0,0,364,364,1
TRI+52ca9b6a+2024-01-18-11h-16m-33s,0,45,140,149,1
TRI+52ca9b6a+2024-01-18-11h-17m-19s,0,0,409,409,1
TRI+52ca9b6a+2024-01-18-11h-18m-50s,0,0,341,341,1
TRI+52ca9b6a+2024-01-18-11h-29m-57s,0,0,258,258,1
TRI+52ca9b6a+2024-01-18-11h-31m-49s,0,0,537,537,1
TRI+52ca9b6a+2024-01-18-11h-47m-22s,0,0,267,267,1
TRI+52ca9b6a+2024-01-18-11h-47m-58s,0,0,277,277,1
TRI+52ca9b6a+2024-01-18-13h-34m-44s,0,15,165,165,1
TRI+52ca9b6a+2024-01-18-15h-57m-51s,0,17,169,169,1
TRI+52ca9b6a+2024-01-18-16h-23m-11s,0,14,64,228,1
TRI+52ca9b6a+2024-01-18-17h-06m-29s,0,0,208,208,1
TRI+52ca9b6a+2024-01-18-17h-07m-09s,0,55,159,159,1
TRI+52ca9b6a+2024-01-22-11h-02m-18s,0,0,279,279,1
TRI+52ca9b6a+2024-01-22-11h-08m-06s,0,0,257,257,1
TRI+52ca9b6a+2024-01-22-11h-09m-21s,0,0,296,296,1
TRI+52ca9b6a+2024-01-22-13h-34m-22s,0,25,169,169,1
TRI+52ca9b6a+2024-01-22-13h-55m-33s,0,30,192,192,1
TRI+52ca9b6a+2024-01-22-14h-05m-58s,0,27,67,273,3
TRI+52ca9b6a+2024-01-22-14h-05m-58s,1,100,140,273,3
TRI+52ca9b6a+2024-01-22-14h-05m-58s,2,178,273,273,3
TRI+52ca9b6a+2024-01-22-14h-17m-18s,0,0,171,171,1
TRI+52ca9b6a+2024-01-22-14h-30m-54s,0,26,278,278,1
TRI+52ca9b6a+2024-01-22-14h-46m-30s,0,0,284,284,1
TRI+52ca9b6a+2024-01-22-15h-22m-28s,0,15,155,155,1
TRI+52ca9b6a+2024-01-22-16h-36m-40s,0,43,180,180,1
TRI+52ca9b6a+2024-01-22-16h-38m-09s,0,27,235,235,1
TRI+52ca9b6a+2024-01-22-17h-15m-52s,0,0,97,254,2
TRI+52ca9b6a+2024-01-22-17h-15m-52s,1,118,254,254,2
TRI+52ca9b6a+2024-01-23-10h-39m-36s,0,51,165,224,2
TRI+52ca9b6a+2024-01-23-10h-39m-36s,1,176,224,224,2
TRI+52ca9b6a+2024-01-23-10h-40m-00s,0,55,206,379,2
TRI+52ca9b6a+2024-01-23-10h-40m-00s,1,209,374,379,2
TRI+52ca9b6a+2024-01-23-10h-55m-11s,0,0,190,190,1
TRI+52ca9b6a+2024-01-23-10h-56m-22s,0,0,120,291,3
TRI+52ca9b6a+2024-01-23-10h-56m-22s,1,125,222,291,3
TRI+52ca9b6a+2024-01-23-10h-56m-22s,2,274,291,291,3
TRI+52ca9b6a+2024-01-23-10h-56m-45s,0,13,141,148,1
TRI+52ca9b6a+2024-01-23-10h-58m-36s,0,36,157,157,1
TRI+52ca9b6a+2024-01-23-11h-03m-50s,0,49,103,293,2
TRI+52ca9b6a+2024-01-23-11h-03m-50s,1,111,273,293,2
TRI+52ca9b6a+2024-01-23-11h-13m-29s,0,22,181,181,1
TRI+52ca9b6a+2024-01-23-11h-16m-17s,0,26,28,224,2
TRI+52ca9b6a+2024-01-23-11h-16m-17s,1,34,224,224,2
TRI+52ca9b6a+2024-01-23-13h-31m-41s,0,18,174,174,1
TRI+52ca9b6a+2024-01-23-13h-48m-01s,0,0,226,226,1
TRI+52ca9b6a+2024-01-23-13h-58m-19s,0,50,237,237,1
TRI+52ca9b6a+2024-01-23-15h-49m-45s,0,0,131,131,1
TRI+52ca9b6a+2024-01-23-16h-17m-19s,0,0,423,423,1
TRI+52ca9b6a+2024-01-23-16h-25m-29s,0,0,308,308,1
TRI+52ca9b6a+2024-01-23-16h-33m-34s,0,0,204,204,1
TRI+52ca9b6a+2024-01-23-16h-39m-06s,0,0,194,194,1
TRI+52ca9b6a+2024-01-23-16h-41m-02s,0,0,53,187,1
TRI+52ca9b6a+2024-01-23-16h-42m-52s,0,0,213,213,1
TRI+52ca9b6a+2024-01-23-16h-44m-18s,0,0,272,272,1
TRI+52ca9b6a+2024-01-24-10h-49m-19s,0,0,132,135,1
TRI+52ca9b6a+2024-01-24-11h-04m-00s,0,0,282,282,1
TRI+52ca9b6a+2024-01-24-12h-47m-30s,0,0,40,866,6
TRI+52ca9b6a+2024-01-24-12h-47m-30s,1,46,76,866,6
TRI+52ca9b6a+2024-01-24-12h-47m-30s,2,137,297,866,6
TRI+52ca9b6a+2024-01-24-12h-47m-30s,3,342,363,866,6
TRI+52ca9b6a+2024-01-24-12h-47m-30s,4,390,469,866,6
TRI+52ca9b6a+2024-01-24-12h-47m-30s,5,807,843,866,6
TRI+52ca9b6a+2024-01-24-12h-50m-26s,0,10,194,249,2
TRI+52ca9b6a+2024-01-24-12h-50m-26s,1,212,240,249,2
TRI+52ca9b6a+2024-01-24-13h-16m-47s,0,0,170,170,1
TRI+52ca9b6a+2024-01-24-13h-20m-19s,0,0,203,203,1
TRI+52ca9b6a+2024-01-24-13h-42m-48s,0,0,291,291,1
TRI+52ca9b6a+2024-01-24-14h-03m-35s,0,0,371,371,1
TRI+52ca9b6a+2024-01-24-14h-37m-55s,0,0,140,190,2
TRI+52ca9b6a+2024-01-24-14h-37m-55s,1,164,190,190,2
TRI+52ca9b6a+2024-01-24-14h-54m-11s,0,44,114,211,2
TRI+52ca9b6a+2024-01-24-14h-54m-11s,1,149,211,211,2
TRI+52ca9b6a+2024-01-24-15h-06m-13s,0,54,228,228,1
TRI+52ca9b6a+2024-01-25-10h-40m-10s,0,0,11,261,3
TRI+52ca9b6a+2024-01-25-10h-40m-10s,1,87,111,261,3
TRI+52ca9b6a+2024-01-25-10h-40m-10s,2,134,261,261,3
TRI+52ca9b6a+2024-01-25-10h-43m-40s,0,28,187,438,1
TRI+52ca9b6a+2024-01-25-10h-58m-21s,0,0,253,253,1
TRI+52ca9b6a+2024-01-25-13h-28m-36s,0,24,193,258,1
TRI+52ca9b6a+2024-01-25-13h-39m-11s,0,207,252,252,1
TRI+52ca9b6a+2024-01-25-13h-54m-44s,0,14,145,145,1
TRI+52ca9b6a+2024-01-25-13h-56m-59s,0,34,165,165,1
TRI+52ca9b6a+2024-01-25-14h-17m-38s,0,15,374,374,1
TRI+52ca9b6a+2024-01-25-14h-36m-04s,0,27,141,213,1
TRI+52ca9b6a+2024-01-25-14h-50m-29s,0,17,21,266,2
TRI+52ca9b6a+2024-01-25-14h-50m-29s,1,33,134,266,2
TRI+52ca9b6a+2024-01-25-14h-59m-01s,0,19,191,191,1
TRI+52ca9b6a+2024-01-25-15h-00m-44s,0,0,177,177,1
TRI+52ca9b6a+2024-01-25-15h-03m-01s,0,45,384,454,1
TRI+52ca9b6a+2024-01-25-15h-18m-14s,0,16,36,235,2
TRI+52ca9b6a+2024-01-25-15h-18m-14s,1,52,123,235,2
TRI+52ca9b6a+2024-01-25-15h-18m-59s,0,35,94,177,1
TRI+52ca9b6a+2024-01-25-15h-20m-34s,0,0,87,160,1
TRI+52ca9b6a+2024-01-25-16h-01m-49s,0,0,96,226,2
TRI+52ca9b6a+2024-01-25-16h-01m-49s,1,212,226,226,2
TRI+52ca9b6a+2024-01-25-16h-02m-47s,0,0,191,191,1
TRI+52ca9b6a+2024-01-25-16h-11m-19s,0,0,178,178,1
TRI+52ca9b6a+2024-01-25-16h-18m-43s,0,0,270,318,2
TRI+52ca9b6a+2024-01-25-16h-18m-43s,1,304,318,318,2
TRI+52ca9b6a+2024-01-25-16h-20m-36s,0,0,82,259,2
TRI+52ca9b6a+2024-01-25-16h-20m-36s,1,93,259,259,2
TRI+52ca9b6a+2024-01-25-16h-21m-39s,0,16,149,149,1
TRI+52ca9b6a+2024-01-25-16h-33m-03s,0,0,324,392,1
TRI+52ca9b6a+2024-01-25-16h-37m-15s,0,0,159,159,1
TRI+52ca9b6a+2024-01-25-16h-41m-41s,0,0,151,227,2
TRI+52ca9b6a+2024-01-25-16h-41m-41s,1,157,227,227,2
TRI+52ca9b6a+2024-01-25-16h-45m-03s,0,0,189,247,2
TRI+52ca9b6a+2024-01-25-16h-45m-03s,1,227,247,247,2
TRI+52ca9b6a+2024-01-25-16h-54m-03s,0,15,106,173,2
TRI+52ca9b6a+2024-01-25-16h-54m-03s,1,151,169,173,2
TRI+52ca9b6a+2024-01-25-17h-09m-09s,0,0,177,177,1
TRI+52ca9b6a+2024-01-25-17h-14m-49s,0,0,150,150,1
TRI+52ca9b6a+2024-01-25-17h-15m-42s,0,131,160,160,1
TRI+52ca9b6a+2024-01-25-17h-16m-01s,0,119,123,165,2
TRI+52ca9b6a+2024-01-25-17h-16m-01s,1,139,163,165,2
TRI+52ca9b6a+2024-01-25-17h-22m-29s,0,0,232,232,1
TRI+52ca9b6a+2024-01-25-17h-22m-53s,0,0,113,113,1
TRI+52ca9b6a+2024-01-25-17h-25m-34s,0,0,316,316,1
TRI+52ca9b6a+2024-01-29-10h-10m-38s,0,15,514,514,1
TRI+52ca9b6a+2024-01-29-10h-14m-07s,0,0,363,363,1
TRI+52ca9b6a+2024-01-29-10h-28m-00s,0,0,633,633,1
TRI+52ca9b6a+2024-01-29-13h-37m-00s,0,0,191,191,1
TRI+52ca9b6a+2024-01-29-14h-01m-35s,0,0,244,244,1
TRI+52ca9b6a+2024-01-29-14h-17m-15s,0,0,224,224,1
TRI+52ca9b6a+2024-01-29-14h-20m-47s,0,0,158,158,1
TRI+52ca9b6a+2024-01-29-14h-54m-19s,0,0,166,166,1
TRI+52ca9b6a+2024-01-29-14h-57m-13s,0,0,313,313,1
TRI+52ca9b6a+2024-01-29-15h-15m-45s,0,0,147,147,1
TRI+52ca9b6a+2024-01-29-15h-30m-18s,0,0,149,309,2
TRI+52ca9b6a+2024-01-29-15h-30m-18s,1,197,309,309,2
TRI+52ca9b6a+2024-01-29-15h-40m-08s,0,0,195,195,1
TRI+52ca9b6a+2024-01-29-15h-54m-49s,0,0,192,192,1
TRI+52ca9b6a+2024-01-29-15h-59m-27s,0,0,286,286,1
TRI+52ca9b6a+2024-01-29-16h-07m-28s,0,0,197,197,1
TRI+52ca9b6a+2024-01-29-16h-25m-08s,0,0,57,467,3
TRI+52ca9b6a+2024-01-29-16h-25m-08s,1,116,225,467,3
TRI+52ca9b6a+2024-01-29-16h-25m-08s,2,237,467,467,3
TRI+52ca9b6a+2024-01-29-16h-28m-14s,0,0,430,430,1
TRI+52ca9b6a+2024-01-29-16h-30m-26s,0,0,231,231,1
TRI+52ca9b6a+2024-01-29-16h-46m-53s,0,0,198,198,1
TRI+52ca9b6a+2024-01-29-17h-10m-50s,0,0,178,178,1
TRI+52ca9b6a+2024-01-30-10h-14m-50s,0,0,377,377,1
TRI+52ca9b6a+2024-01-30-10h-32m-36s,0,0,380,380,1
TRI+52ca9b6a+2024-01-30-10h-33m-20s,0,0,339,339,1
TRI+52ca9b6a+2024-01-30-10h-40m-13s,0,0,300,300,1
TRI+52ca9b6a+2024-01-30-11h-07m-38s,0,0,148,148,1
TRI+52ca9b6a+2024-01-30-11h-48m-08s,0,0,381,381,1
TRI+52ca9b6a+2024-01-30-14h-20m-02s,0,0,175,175,1
TRI+52ca9b6a+2024-01-30-14h-24m-37s,0,0,222,222,1
TRI+52ca9b6a+2024-01-30-14h-38m-18s,0,0,100,130,2
TRI+52ca9b6a+2024-01-30-14h-38m-18s,1,113,130,130,2
TRI+52ca9b6a+2024-01-30-14h-45m-28s,0,0,337,337,1
TRI+52ca9b6a+2024-01-30-15h-03m-07s,0,0,73,143,2
TRI+52ca9b6a+2024-01-30-15h-03m-07s,1,91,143,143,2
TRI+52ca9b6a+2024-01-30-15h-22m-59s,0,0,50,330,2
TRI+52ca9b6a+2024-01-30-15h-22m-59s,1,92,330,330,2
TRI+52ca9b6a+2024-01-30-15h-28m-04s,0,0,242,242,1
TRI+52ca9b6a+2024-01-30-16h-02m-40s,0,0,281,281,1
TRI+52ca9b6a+2024-01-30-16h-30m-58s,0,30,132,132,1
TRI+52ca9b6a+2024-01-30-16h-43m-53s,0,0,107,244,4
TRI+52ca9b6a+2024-01-30-16h-43m-53s,1,120,134,244,4
TRI+52ca9b6a+2024-01-30-16h-43m-53s,2,171,209,244,4
TRI+52ca9b6a+2024-01-30-16h-43m-53s,3,234,244,244,4
TRI+52ca9b6a+2024-01-30-16h-46m-26s,0,0,87,87,1
TRI+52ca9b6a+2024-01-30-17h-07m-22s,0,0,219,219,1
TRI+52ca9b6a+2024-01-30-17h-24m-29s,0,15,158,158,1
TRI+52ca9b6a+2024-01-30-17h-27m-22s,0,16,138,138,1
TRI+52ca9b6a+2024-01-30-17h-28m-27s,0,0,252,252,1
TRI+52ca9b6a+2024-01-31-11h-15m-13s,0,13,189,189,1
TRI+52ca9b6a+2024-01-31-11h-39m-21s,0,22,135,187,2
TRI+52ca9b6a+2024-01-31-11h-39m-21s,1,159,187,187,2
TRI+52ca9b6a+2024-01-31-15h-41m-05s,0,0,163,163,1
TRI+52ca9b6a+2024-01-31-15h-46m-35s,0,26,281,281,1
TRI+52ca9b6a+2024-01-31-15h-51m-47s,0,0,238,250,2
TRI+52ca9b6a+2024-01-31-15h-51m-47s,1,242,250,250,2
TRI+52ca9b6a+2024-01-31-15h-54m-21s,0,0,54,211,1
TRI+52ca9b6a+2024-01-31-15h-59m-07s,0,0,395,395,1
TRI+52ca9b6a+2024-01-31-16h-07m-13s,0,0,52,351,2
TRI+52ca9b6a+2024-01-31-16h-07m-13s,1,104,192,351,2
TRI+52ca9b6a+2024-01-31-16h-33m-21s,0,0,166,166,1
TRI+52ca9b6a+2024-01-31-16h-34m-18s,0,0,112,321,2
TRI+52ca9b6a+2024-01-31-16h-34m-18s,1,186,321,321,2
TRI+52ca9b6a+2024-01-31-16h-35m-37s,0,31,289,490,2
TRI+52ca9b6a+2024-01-31-16h-35m-37s,1,307,478,490,2
TRI+52ca9b6a+2024-01-31-16h-37m-44s,0,0,152,234,2
TRI+52ca9b6a+2024-01-31-16h-37m-44s,1,231,234,234,2
TRI+52ca9b6a+2024-02-01-14h-22m-51s,0,0,56,203,3
TRI+52ca9b6a+2024-02-01-14h-22m-51s,1,65,102,203,3
TRI+52ca9b6a+2024-02-01-14h-22m-51s,2,106,203,203,3
TRI+52ca9b6a+2024-02-01-14h-27m-00s,0,62,87,333,2
TRI+52ca9b6a+2024-02-01-14h-27m-00s,1,150,327,333,2
TRI+52ca9b6a+2024-02-01-14h-48m-11s,0,21,730,743,1
TRI+52ca9b6a+2024-02-01-15h-06m-39s,0,0,198,198,1
TRI+52ca9b6a+2024-02-01-15h-19m-02s,0,0,235,235,1
TRI+52ca9b6a+2024-02-01-15h-33m-30s,0,0,139,182,2
TRI+52ca9b6a+2024-02-01-15h-33m-30s,1,177,182,182,2
TRI+52ca9b6a+2024-02-01-15h-43m-27s,0,89,172,396,6
TRI+52ca9b6a+2024-02-01-15h-43m-27s,1,213,220,396,6
TRI+52ca9b6a+2024-02-01-15h-43m-27s,2,240,249,396,6
TRI+52ca9b6a+2024-02-01-15h-43m-27s,3,274,285,396,6
TRI+52ca9b6a+2024-02-01-15h-43m-27s,4,339,359,396,6
TRI+52ca9b6a+2024-02-01-15h-43m-27s,5,365,376,396,6
TRI+52ca9b6a+2024-02-01-15h-50m-01s,0,0,174,174,1
TRI+52ca9b6a+2024-02-05-10h-24m-08s,0,0,259,259,1
TRI+52ca9b6a+2024-02-05-10h-34m-51s,0,0,586,611,1
TRI+52ca9b6a+2024-02-05-10h-45m-15s,0,0,166,186,1
TRI+52ca9b6a+2024-02-05-13h-28m-34s,0,25,177,177,1
TRI+52ca9b6a+2024-02-05-13h-31m-19s,0,27,106,172,2
TRI+52ca9b6a+2024-02-05-13h-31m-19s,1,126,172,172,2
TRI+52ca9b6a+2024-02-05-13h-44m-06s,0,0,100,100,1
TRI+52ca9b6a+2024-02-05-13h-44m-47s,0,0,13,163,2
TRI+52ca9b6a+2024-02-05-13h-44m-47s,1,32,163,163,2
TRI+52ca9b6a+2024-02-05-14h-04m-01s,0,0,151,151,1
TRI+52ca9b6a+2024-02-05-14h-31m-22s,0,0,218,218,1
TRI+52ca9b6a+2024-02-05-14h-43m-37s,0,30,127,127,1
TRI+52ca9b6a+2024-02-05-14h-44m-01s,0,0,131,131,1
TRI+52ca9b6a+2024-02-05-14h-51m-02s,0,0,277,277,1
TRI+52ca9b6a+2024-02-05-14h-56m-38s,0,0,201,201,1
TRI+52ca9b6a+2024-02-05-14h-58m-31s,0,11,370,370,1
TRI+52ca9b6a+2024-02-06-10h-17m-51s,0,0,343,343,1
TRI+52ca9b6a+2024-02-06-10h-35m-40s,0,0,248,248,1
TRI+52ca9b6a+2024-02-06-10h-36m-38s,0,0,195,195,1
TRI+52ca9b6a+2024-02-06-10h-44m-22s,0,0,190,190,1
TRI+52ca9b6a+2024-02-06-10h-45m-47s,0,0,355,355,1
TRI+52ca9b6a+2024-02-06-10h-46m-18s,0,0,162,162,1
TRI+52ca9b6a+2024-02-06-10h-49m-08s,0,0,307,307,1
TRI+52ca9b6a+2024-02-06-12h-03m-18s,0,0,209,209,1
TRI+52ca9b6a+2024-02-06-12h-16m-44s,0,0,293,293,1
TRI+52ca9b6a+2024-02-06-13h-20m-31s,0,0,213,232,1
TRI+52ca9b6a+2024-02-06-13h-21m-27s,0,0,200,211,1
TRI+52ca9b6a+2024-02-06-13h-30m-23s,0,0,213,219,1
TRI+52ca9b6a+2024-02-06-13h-31m-43s,0,0,205,205,1
TRI+52ca9b6a+2024-02-06-13h-45m-13s,0,0,28,294,2
TRI+52ca9b6a+2024-02-06-13h-45m-13s,1,187,294,294,2
TRI+52ca9b6a+2024-02-06-13h-48m-06s,0,0,150,150,1
TRI+52ca9b6a+2024-02-06-14h-04m-18s,0,0,26,255,1
TRI+52ca9b6a+2024-02-06-14h-13m-34s,0,0,144,144,1
TRI+52ca9b6a+2024-02-06-14h-16m-57s,0,0,19,273,1
TRI+52ca9b6a+2024-02-06-14h-17m-26s,0,0,97,392,1
TRI+52ca9b6a+2024-02-06-14h-18m-24s,0,0,118,118,1
TRI+52ca9b6a+2024-02-06-15h-12m-51s,0,0,49,276,2
TRI+52ca9b6a+2024-02-06-15h-12m-51s,1,136,276,276,2
TRI+52ca9b6a+2024-02-06-15h-20m-34s,0,0,97,192,2
TRI+52ca9b6a+2024-02-06-15h-20m-34s,1,115,192,192,2
TRI+52ca9b6a+2024-02-06-15h-50m-59s,0,0,136,136,1
TRI+52ca9b6a+2024-02-06-15h-52m-45s,0,20,253,253,1
TRI+52ca9b6a+2024-02-06-16h-21m-25s,0,0,289,289,1
TRI+52ca9b6a+2024-02-06-16h-23m-19s,0,0,176,176,1
TRI+52ca9b6a+2024-02-06-16h-25m-13s,0,0,277,277,1
TRI+52ca9b6a+2024-02-06-16h-28m-27s,0,25,120,203,1
TRI+52ca9b6a+2024-02-06-16h-53m-40s,0,34,195,195,1
TRI+52ca9b6a+2024-02-06-17h-06m-16s,0,29,277,277,1
TRI+52ca9b6a+2024-02-06-17h-06m-43s,0,0,174,174,1
TRI+52ca9b6a+2024-02-07-10h-15m-55s,0,24,189,189,1
TRI+52ca9b6a+2024-02-07-10h-37m-15s,0,36,458,458,1
TRI+52ca9b6a+2024-02-07-10h-52m-57s,0,19,216,321,1
TRI+52ca9b6a+2024-02-07-10h-55m-26s,0,38,108,477,2
TRI+52ca9b6a+2024-02-07-10h-55m-26s,1,186,460,477,2
TRI+52ca9b6a+2024-02-07-11h-26m-56s,0,0,136,136,1
TRI+52ca9b6a+2024-02-07-13h-54m-31s,0,0,151,151,1
TRI+52ca9b6a+2024-02-07-13h-55m-47s,0,0,250,250,1
TRI+52ca9b6a+2024-02-07-15h-36m-24s,0,0,267,380,2
TRI+52ca9b6a+2024-02-07-15h-36m-24s,1,354,380,380,2
TRI+52ca9b6a+2024-02-08-11h-22m-32s,0,0,354,354,1
TRI+52ca9b6a+2024-02-08-11h-23m-53s,0,0,165,165,1
TRI+52ca9b6a+2024-02-08-11h-58m-51s,0,0,260,260,1
TRI+52ca9b6a+2024-02-08-12h-08m-08s,0,51,447,447,1
TRI+52ca9b6a+2024-02-08-13h-58m-07s,0,0,285,285,1
TRI+52ca9b6a+2024-02-08-14h-15m-10s,0,0,120,198,2
TRI+52ca9b6a+2024-02-08-14h-15m-10s,1,157,198,198,2
TRI+52ca9b6a+2024-02-08-14h-20m-35s,0,0,205,205,1
TRI+52ca9b6a+2024-02-08-14h-23m-13s,0,0,220,220,1
TRI+52ca9b6a+2024-02-08-14h-30m-31s,0,0,190,190,1
TRI+52ca9b6a+2024-02-08-14h-43m-48s,0,22,181,181,1
TRI+52ca9b6a+2024-02-08-14h-49m-04s,0,0,435,437,1
TRI+52ca9b6a+2024-02-08-14h-52m-56s,0,0,133,133,1
TRI+52ca9b6a+2024-02-08-14h-59m-55s,0,0,279,279,1
TRI+52ca9b6a+2024-02-08-15h-00m-44s,0,0,194,194,1
TRI+52ca9b6a+2024-02-08-15h-39m-31s,0,0,14,275,2
TRI+52ca9b6a+2024-02-08-15h-39m-31s,1,48,155,275,2
TRI+52ca9b6a+2024-02-08-15h-46m-28s,0,0,402,477,1
TRI+52ca9b6a+2024-02-08-16h-07m-51s,0,40,145,200,2
TRI+52ca9b6a+2024-02-08-16h-07m-51s,1,157,187,200,2
TRI+52ca9b6a+2024-02-08-16h-23m-26s,0,0,96,112,1
TRI+52ca9b6a+2024-02-08-16h-35m-08s,0,0,201,201,1
TRI+52ca9b6a+2024-02-08-16h-40m-31s,0,0,167,167,1
TRI+52ca9b6a+2024-02-08-16h-53m-13s,0,0,85,175,2
TRI+52ca9b6a+2024-02-08-16h-53m-13s,1,120,175,175,2
TRI+52ca9b6a+2024-02-08-17h-00m-21s,0,0,133,133,1
TRI+52ca9b6a+2024-02-08-17h-05m-31s,0,0,141,141,1
TRI+52ca9b6a+2024-02-08-17h-11m-11s,0,0,334,334,1
TRI+52ca9b6a+2024-02-08-17h-13m-40s,0,0,169,169,1
TRI+52ca9b6a+2024-02-12-09h-55m-31s,0,0,416,416,1
TRI+52ca9b6a+2024-02-12-09h-57m-24s,0,0,174,174,1
TRI+52ca9b6a+2024-02-12-10h-36m-28s,0,0,252,252,1
TRI+52ca9b6a+2024-02-12-11h-09m-46s,0,0,267,267,1
TRI+52ca9b6a+2024-02-12-13h-32m-43s,0,0,313,313,1
TRI+52ca9b6a+2024-02-12-13h-38m-22s,0,0,241,241,1
TRI+52ca9b6a+2024-02-12-13h-52m-52s,0,0,153,153,1
TRI+52ca9b6a+2024-02-12-13h-56m-38s,0,0,233,244,1
TRI+52ca9b6a+2024-02-12-13h-59m-17s,0,0,292,292,1
TRI+52ca9b6a+2024-02-12-14h-06m-08s,0,0,91,227,3
TRI+52ca9b6a+2024-02-12-14h-06m-08s,1,100,160,227,3
TRI+52ca9b6a+2024-02-12-14h-06m-08s,2,182,208,227,3
TRI+52ca9b6a+2024-02-12-14h-48m-44s,0,0,286,286,1
TRI+52ca9b6a+2024-02-12-15h-16m-09s,0,0,221,221,1
TRI+52ca9b6a+2024-02-12-15h-18m-00s,0,0,120,120,1
TRI+52ca9b6a+2024-02-12-15h-19m-03s,0,0,100,100,1
TRI+52ca9b6a+2024-02-12-15h-25m-16s,0,0,219,219,1
TRI+52ca9b6a+2024-02-12-15h-33m-10s,0,0,383,383,1
TRI+52ca9b6a+2024-02-12-16h-23m-33s,0,0,271,271,1
TRI+52ca9b6a+2024-02-12-16h-43m-39s,0,0,406,406,1
TRI+52ca9b6a+2024-02-12-16h-44m-43s,0,0,173,173,1
TRI+52ca9b6a+2024-02-13-10h-49m-15s,0,0,64,188,2
TRI+52ca9b6a+2024-02-13-10h-49m-15s,1,107,188,188,2
TRI+52ca9b6a+2024-02-13-11h-07m-14s,0,0,186,186,1
TRI+52ca9b6a+2024-02-13-15h-03m-30s,0,0,149,149,1
TRI+52ca9b6a+2024-02-13-15h-04m-50s,0,0,170,170,1
TRI+52ca9b6a+2024-02-13-15h-14m-58s,0,8,191,191,1
TRI+52ca9b6a+2024-02-13-15h-16m-34s,0,17,189,189,1
TRI+52ca9b6a+2024-02-13-15h-16m-57s,0,0,162,162,1
TRI+52ca9b6a+2024-02-13-15h-17m-15s,0,0,160,160,1
TRI+52ca9b6a+2024-02-13-16h-03m-29s,0,0,135,135,1
TRI+52ca9b6a+2024-02-13-16h-05m-04s,0,0,146,146,1
TRI+7dfa2da3+2023-10-12-13h-20m-22s,0,18,171,171,1
TRI+7dfa2da3+2023-10-12-13h-22m-11s,0,28,307,307,1
TRI+938130c4+2023-08-07-14h-00m-35s,0,0,181,181,1
TRI+938130c4+2023-08-07-14h-16m-16s,0,0,149,149,1
TRI+938130c4+2023-08-07-14h-27m-11s,0,0,390,390,1
TRI+938130c4+2023-08-07-15h-16m-01s,0,0,139,139,1
TRI+938130c4+2023-08-07-15h-25m-28s,0,0,290,290,1
TRI+938130c4+2023-08-07-15h-40m-11s,0,8,98,98,1
TRI+938130c4+2023-08-07-16h-06m-12s,0,0,192,192,1
TRI+938130c4+2023-08-07-16h-14m-02s,0,0,186,186,1
TRI+938130c4+2023-08-07-16h-53m-30s,0,10,263,263,1
TRI+938130c4+2023-08-07-17h-07m-30s,0,7,125,125,1
TRI+938130c4+2023-08-07-17h-16m-11s,0,17,185,185,1
TRI+938130c4+2023-08-07-17h-23m-27s,0,0,236,236,1
TRI+938130c4+2023-08-07-17h-24m-50s,0,14,302,302,1
TRI+938130c4+2023-08-07-17h-30m-10s,0,0,138,138,1
TRI+938130c4+2023-08-07-17h-31m-21s,0,10,132,132,1
TRI+938130c4+2023-08-07-17h-55m-57s,0,0,230,230,1
TRI+938130c4+2023-08-07-17h-56m-25s,0,10,128,128,1
TRI+938130c4+2023-08-07-18h-01m-40s,0,0,179,179,1
TRI+938130c4+2023-08-07-18h-06m-09s,0,0,166,166,1
TRI+938130c4+2023-08-07-18h-12m-27s,0,0,86,86,1
TRI+938130c4+2023-08-07-18h-20m-43s,0,0,133,133,1
TRI+938130c4+2023-08-08-08h-54m-22s,0,0,229,229,1
TRI+938130c4+2023-08-08-09h-01m-29s,0,0,172,172,1
TRI+938130c4+2023-08-08-09h-04m-12s,0,0,131,131,1
TRI+938130c4+2023-08-08-09h-12m-09s,0,0,205,205,1
TRI+938130c4+2023-08-08-09h-33m-50s,0,0,155,155,1
TRI+938130c4+2023-08-08-09h-39m-22s,0,0,339,339,1
TRI+938130c4+2023-08-08-09h-51m-54s,0,0,179,179,1
TRI+938130c4+2023-08-08-09h-54m-40s,0,0,374,374,1
TRI+938130c4+2023-08-09-08h-51m-08s,0,0,216,216,1
TRI+938130c4+2023-08-09-08h-54m-31s,0,0,189,189,1
TRI+938130c4+2023-08-09-08h-55m-40s,0,0,202,202,1
TRI+938130c4+2023-08-09-09h-00m-18s,0,0,118,118,1
TRI+938130c4+2023-08-09-09h-13m-08s,0,0,42,159,2
TRI+938130c4+2023-08-09-09h-13m-08s,1,98,159,159,2
TRI+938130c4+2023-08-09-09h-28m-37s,0,0,193,193,1
TRI+938130c4+2023-08-09-09h-29m-24s,0,0,286,286,1
TRI+938130c4+2023-08-09-09h-44m-40s,0,0,179,179,1
TRI+938130c4+2023-08-09-10h-21m-05s,0,0,187,187,1
TRI+938130c4+2023-08-09-10h-26m-27s,0,0,268,268,1
TRI+938130c4+2023-08-09-10h-26m-56s,0,0,231,231,1
TRI+938130c4+2023-08-09-10h-32m-40s,0,0,290,290,1
TRI+938130c4+2023-08-09-10h-53m-51s,0,0,260,260,1
TRI+938130c4+2023-08-09-11h-09m-18s,0,0,118,118,1
TRI+938130c4+2023-08-09-11h-38m-48s,0,0,140,140,1
TRI+938130c4+2023-08-09-11h-53m-06s,0,0,281,281,1
TRI+938130c4+2023-08-09-13h-52m-53s,0,0,366,366,1
TRI+938130c4+2023-08-09-13h-54m-39s,0,0,157,157,1
TRI+938130c4+2023-08-09-13h-57m-17s,0,0,228,228,1
TRI+938130c4+2023-08-09-13h-57m-48s,0,0,104,104,1
TRI+938130c4+2023-08-09-14h-15m-08s,0,0,382,382,1
TRI+938130c4+2023-08-09-14h-25m-48s,0,0,366,366,1
TRI+938130c4+2023-08-09-14h-32m-04s,0,0,116,116,1
TRI+938130c4+2023-08-09-14h-36m-44s,0,0,395,395,1
TRI+938130c4+2023-08-09-15h-22m-20s,0,0,121,121,1
TRI+938130c4+2023-08-09-15h-27m-43s,0,0,152,152,1
TRI+938130c4+2023-08-09-15h-29m-51s,0,0,305,305,1
TRI+938130c4+2023-08-09-15h-33m-01s,0,0,208,208,1
TRI+938130c4+2023-08-09-15h-58m-44s,0,0,241,241,1
TRI+938130c4+2023-08-09-16h-50m-13s,0,0,187,187,1
TRI+938130c4+2023-08-09-17h-02m-06s,0,0,212,212,1
TRI+938130c4+2023-08-09-17h-30m-35s,0,0,84,116,2
TRI+938130c4+2023-08-09-17h-30m-35s,1,102,116,116,2
TRI+938130c4+2023-08-09-17h-37m-13s,0,0,306,306,1
TRI+938130c4+2023-08-10-09h-00m-22s,0,0,145,145,1
TRI+938130c4+2023-08-10-09h-32m-33s,0,0,237,237,1
TRI+938130c4+2023-08-10-10h-06m-22s,0,0,200,200,1
TRI+938130c4+2023-08-10-10h-11m-41s,0,0,195,195,1
TRI+938130c4+2023-08-10-10h-20m-51s,0,0,185,185,1
TRI+938130c4+2023-08-10-10h-23m-31s,0,0,191,191,1
TRI+938130c4+2023-08-10-10h-25m-02s,0,0,132,132,1
TRI+938130c4+2023-08-10-10h-37m-31s,0,0,246,246,1
TRI+938130c4+2023-08-10-10h-38m-13s,0,0,250,250,1
TRI+938130c4+2023-08-10-10h-40m-42s,0,0,377,377,1
TRI+938130c4+2023-08-10-10h-59m-03s,0,0,142,142,1
TRI+938130c4+2023-08-10-14h-30m-06s,0,0,314,314,1
TRI+938130c4+2023-08-10-14h-33m-06s,0,0,192,192,1
TRI+938130c4+2023-08-10-14h-41m-11s,0,0,258,258,1
TRI+938130c4+2023-08-10-15h-53m-54s,0,0,384,384,1
TRI+938130c4+2023-08-10-15h-55m-12s,0,0,137,137,1
TRI+938130c4+2023-08-10-15h-59m-05s,0,0,203,203,1
TRI+938130c4+2023-08-10-16h-03m-18s,0,0,292,292,1
TRI+938130c4+2023-08-10-16h-07m-29s,0,0,114,114,1
TRI+938130c4+2023-08-10-16h-26m-53s,0,0,169,169,1
TRI+938130c4+2023-08-10-16h-35m-28s,0,0,299,299,1
TRI+938130c4+2023-08-10-17h-02m-59s,0,0,257,257,1
TRI+938130c4+2023-08-10-17h-08m-18s,0,0,293,293,1
TRI+938130c4+2023-08-10-17h-20m-13s,0,0,350,350,1
TRI+938130c4+2023-08-10-17h-44m-14s,0,0,144,144,1
TRI+938130c4+2023-08-21-14h-01m-28s,0,0,234,234,1
TRI+938130c4+2023-08-21-14h-02m-21s,0,0,232,232,1
TRI+938130c4+2023-08-21-14h-12m-12s,0,0,269,269,1
TRI+938130c4+2023-08-21-14h-15m-45s,0,0,23,253,1
TRI+938130c4+2023-08-21-14h-16m-59s,0,0,220,220,1
TRI+938130c4+2023-08-21-14h-20m-09s,0,0,219,219,1
TRI+938130c4+2023-08-21-14h-46m-21s,0,0,244,244,1
TRI+938130c4+2023-08-21-14h-55m-10s,0,0,283,283,1
TRI+938130c4+2023-08-21-14h-55m-38s,0,0,350,350,1
TRI+938130c4+2023-08-21-14h-58m-42s,0,0,133,133,1
TRI+938130c4+2023-08-21-17h-21m-43s,0,0,207,207,1
TRI+938130c4+2023-08-21-17h-38m-07s,0,0,150,150,1
TRI+938130c4+2023-08-21-17h-42m-08s,0,0,168,168,1
TRI+938130c4+2023-08-21-17h-44m-22s,0,0,223,223,1
TRI+938130c4+2023-08-21-18h-00m-19s,0,0,175,175,1
TRI+938130c4+2023-08-22-11h-01m-15s,0,0,224,224,1
TRI+938130c4+2023-08-22-11h-10m-54s,0,0,182,182,1
TRI+938130c4+2023-08-22-11h-11m-57s,0,0,257,257,1
TRI+938130c4+2023-08-22-11h-17m-59s,0,0,322,322,1
TRI+938130c4+2023-08-22-11h-39m-03s,0,0,383,383,1
TRI+938130c4+2023-08-22-16h-06m-39s,0,0,146,146,1
TRI+938130c4+2023-08-22-16h-15m-47s,0,0,142,356,2
TRI+938130c4+2023-08-22-16h-15m-47s,1,147,356,356,2
TRI+938130c4+2023-08-22-17h-38m-47s,0,0,112,112,1
TRI+a23987ac+2023-10-12-11h-17m-45s,0,0,396,494,2
TRI+a23987ac+2023-10-12-11h-17m-45s,1,406,494,494,2
TRI+a23987ac+2023-10-12-11h-19m-56s,0,0,426,426,1
TRI+a23987ac+2023-10-12-11h-45m-10s,0,0,290,439,1
TRI+a23987ac+2023-10-12-13h-10m-33s,0,0,436,436,1
TRI+a23987ac+2023-10-12-13h-17m-54s,0,0,380,380,1
TRI+a8754edb+2023-10-12-09h-53m-24s,0,0,587,587,1
TRI+a8754edb+2023-10-12-09h-58m-46s,0,0,903,903,1
TRI+a8754edb+2023-10-12-10h-24m-40s,0,0,228,228,1
TRI+a8754edb+2023-10-12-10h-29m-09s,0,0,80,426,2
TRI+a8754edb+2023-10-12-10h-29m-09s,1,405,426,426,2
TRI+a8754edb+2023-10-12-10h-49m-38s,0,0,203,203,1
TRI+a8754edb+2023-10-12-18h-13m-33s,0,0,540,540,1
TRI+a8754edb+2023-10-12-18h-22m-19s,0,0,49,610,2
TRI+a8754edb+2023-10-12-18h-22m-19s,1,67,610,610,2
WEIRD+30c3da59+2023-11-13-19h-59m-52s,0,0,362,362,1
WEIRD+30c3da59+2023-12-01-17h-14m-41s,0,0,228,228,1
WEIRD+30c3da59+2023-12-01-17h-19m-25s,0,0,76,765,6
WEIRD+30c3da59+2023-12-01-17h-19m-25s,1,148,161,765,6
WEIRD+30c3da59+2023-12-01-17h-19m-25s,2,216,229,765,6
WEIRD+30c3da59+2023-12-01-17h-19m-25s,3,290,673,765,6
WEIRD+30c3da59+2023-12-01-17h-19m-25s,4,688,689,765,6
WEIRD+30c3da59+2023-12-01-17h-19m-25s,5,742,765,765,6
WEIRD+30c3da59+2023-12-06-17h-29m-17s,0,0,52,331,5
WEIRD+30c3da59+2023-12-06-17h-29m-17s,1,118,124,331,5
WEIRD+30c3da59+2023-12-06-17h-29m-17s,2,131,161,331,5
WEIRD+30c3da59+2023-12-06-17h-29m-17s,3,282,289,331,5
WEIRD+30c3da59+2023-12-06-17h-29m-17s,4,326,331,331,5
WEIRD+30c3da59+2023-12-06-17h-29m-54s,0,0,106,475,3
WEIRD+30c3da59+2023-12-06-17h-29m-54s,1,141,288,475,3
WEIRD+30c3da59+2023-12-06-17h-29m-54s,2,313,475,475,3
WEIRD+30c3da59+2023-12-08-15h-55m-35s,0,0,754,754,1
WEIRD+30c3da59+2023-12-08-16h-05m-45s,0,0,442,442,1
WEIRD+30c3da59+2023-12-08-16h-14m-53s,0,0,456,456,1
WEIRD+30c3da59+2023-12-08-16h-25m-06s,0,0,573,573,1
WEIRD+30c3da59+2024-01-12-16h-10m-42s,0,0,568,568,1
WEIRD+30c3da59+2024-01-12-16h-12m-07s,0,0,342,342,1
WEIRD+417ecf07+2023-11-21-19h-51m-24s,0,0,63,651,1
WEIRD+417ecf07+2023-11-21-20h-52m-51s,0,0,196,244,2
WEIRD+417ecf07+2023-11-21-20h-52m-51s,1,203,228,244,2
WEIRD+417ecf07+2023-11-21-20h-54m-57s,0,0,513,513,1
WEIRD+417ecf07+2023-11-30-20h-05m-35s,0,0,259,259,1
WEIRD+5047dd9a+2023-11-22-16h-43m-12s,0,0,1578,1578,1
WEIRD+5047dd9a+2023-11-29-22h-29m-50s,0,0,495,495,1
WEIRD+5047dd9a+2023-11-29-22h-30m-54s,0,0,399,399,1
WEIRD+5a211037+2023-11-20-20h-49m-20s,0,0,301,301,1
WEIRD+5a211037+2023-11-20-20h-51m-49s,0,0,290,336,1
WEIRD+5a211037+2023-11-20-21h-00m-40s,0,0,774,774,1
WEIRD+5a211037+2023-11-20-21h-08m-17s,0,0,765,765,1
WEIRD+5a211037+2023-11-20-21h-15m-30s,0,0,328,328,1
WEIRD+5a211037+2023-11-20-21h-24m-00s,0,0,256,256,1
WEIRD+5a211037+2023-11-22-17h-14m-24s,0,0,286,286,1
WEIRD+5a211037+2023-11-22-17h-29m-29s,0,0,60,687,2
WEIRD+5a211037+2023-11-22-17h-29m-29s,1,676,687,687,2
WEIRD+5a211037+2023-11-22-18h-22m-25s,0,23,716,716,1
WEIRD+5a211037+2023-11-30-16h-25m-16s,0,0,505,505,1
WEIRD+5a211037+2023-11-30-16h-26m-06s,0,0,323,323,1
WEIRD+5a211037+2023-11-30-16h-50m-28s,0,0,152,152,1
WEIRD+5a211037+2023-12-05-22h-07m-40s,0,0,570,570,1
WEIRD+5a211037+2023-12-12-22h-20m-26s,0,0,411,411,1
WEIRD+5a211037+2023-12-12-22h-32m-16s,0,0,178,178,1
WEIRD+5a211037+2023-12-19-21h-42m-40s,0,0,151,151,1
WEIRD+5a211037+2023-12-19-22h-36m-49s,0,0,1349,1349,1
WEIRD+5a211037+2023-12-20-21h-27m-47s,0,0,917,917,1
WEIRD+5a211037+2023-12-20-21h-37m-02s,0,0,624,624,1
WEIRD+5a211037+2023-12-20-21h-51m-33s,0,0,305,305,1
WEIRD+5a211037+2023-12-20-22h-32m-23s,0,0,555,555,1
WEIRD+9338a0f6+2023-12-04-20h-44m-05s,0,0,295,295,1
WEIRD+9338a0f6+2023-12-04-20h-49m-47s,0,0,407,407,1
WEIRD+9338a0f6+2023-12-04-20h-51m-54s,0,0,268,268,1
WEIRD+9338a0f6+2023-12-04-21h-58m-01s,0,0,391,1076,3
WEIRD+9338a0f6+2023-12-04-21h-58m-01s,1,402,410,1076,3
WEIRD+9338a0f6+2023-12-04-21h-58m-01s,2,713,715,1076,3
WEIRD+9338a0f6+2023-12-06-21h-57m-26s,0,0,571,571,1
WEIRD+b0440f67+2024-01-09-23h-41m-00s,0,0,220,220,1
WEIRD+b0440f67+2024-01-11-20h-24m-09s,0,0,530,603,2
WEIRD+b0440f67+2024-01-11-20h-24m-09s,1,540,603,603,2
WEIRD+bccfde6e+2023-12-11-21h-49m-27s,0,129,136,328,2
WEIRD+bccfde6e+2023-12-11-21h-49m-27s,1,153,328,328,2
WEIRD+bcd0b679+2023-11-21-21h-19m-34s,0,0,737,1358,5
WEIRD+bcd0b679+2023-11-21-21h-19m-34s,1,754,778,1358,5
WEIRD+bcd0b679+2023-11-21-21h-19m-34s,2,812,1109,1358,5
WEIRD+bcd0b679+2023-11-21-21h-19m-34s,3,1128,1129,1358,5
WEIRD+bcd0b679+2023-11-21-21h-19m-34s,4,1165,1288,1358,5
WEIRD+bcd0b679+2023-11-21-21h-50m-54s,0,0,1407,1407,1
WEIRD+bcd0b679+2023-11-29-14h-49m-52s,0,0,577,577,1
WEIRD+bcd0b679+2023-11-29-15h-14m-00s,0,0,1537,1537,1
WEIRD+bcd0b679+2023-11-30-18h-42m-49s,0,0,698,698,1
WEIRD+bcd0b679+2023-11-30-18h-49m-09s,0,0,580,580,1
WEIRD+bcd0b679+2023-11-30-18h-56m-45s,0,0,511,511,1
WEIRD+bcd0b679+2023-11-30-18h-58m-09s,0,0,500,500,1
WEIRD+d5edb57c+2023-11-22-22h-21m-10s,0,0,197,1336,3
WEIRD+d5edb57c+2023-11-22-22h-21m-10s,1,247,615,1336,3
WEIRD+d5edb57c+2023-11-22-22h-21m-10s,2,686,1201,1336,3
WEIRD+d5edb57c+2023-11-22-22h-41m-07s,0,0,119,412,6
WEIRD+d5edb57c+2023-11-22-22h-41m-07s,1,186,192,412,6
WEIRD+d5edb57c+2023-11-22-22h-41m-07s,2,216,235,412,6
WEIRD+d5edb57c+2023-11-22-22h-41m-07s,3,254,267,412,6
WEIRD+d5edb57c+2023-11-22-22h-41m-07s,4,287,324,412,6
WEIRD+d5edb57c+2023-11-22-22h-41m-07s,5,327,380,412,6
WEIRD+d5edb57c+2023-11-22-22h-45m-07s,0,0,445,490,1
WEIRD+d5edb57c+2023-12-01-16h-02m-20s,0,0,154,185,1
WEIRD+d5edb57c+2023-12-01-16h-12m-37s,0,0,721,803,2
WEIRD+d5edb57c+2023-12-01-16h-12m-37s,1,743,803,803,2
WEIRD+d5edb57c+2023-12-08-13h-24m-38s,0,0,953,953,1
WEIRD+d5edb57c+2023-12-08-14h-02m-04s,0,0,793,793,1
WEIRD+d5edb57c+2023-12-08-14h-07m-25s,0,0,773,773,1
WEIRD+d5edb57c+2023-12-08-14h-11m-29s,0,0,344,344,1
WEIRD+d5edb57c+2023-12-08-14h-12m-14s,0,0,598,598,1
WEIRD+e604eeed+2023-11-28-19h-10m-36s,0,0,394,394,1
WEIRD+e604eeed+2023-11-28-19h-24m-25s,0,0,161,161,1
WEIRD+e604eeed+2023-11-28-19h-40m-07s,0,0,251,251,1
WEIRD+e604eeed+2023-11-28-19h-50m-45s,0,0,173,173,1
WEIRD+e604eeed+2023-11-28-20h-01m-41s,0,0,439,439,1
WEIRD+e604eeed+2023-11-29-15h-28m-43s,0,0,526,526,1
WEIRD+e604eeed+2023-11-29-15h-29m-44s,0,0,384,384,1
WEIRD+e604eeed+2023-11-30-20h-45m-07s,0,0,498,498,1
WEIRD+e604eeed+2023-12-01-16h-52m-08s,0,0,67,524,6
WEIRD+e604eeed+2023-12-01-16h-52m-08s,1,112,121,524,6
WEIRD+e604eeed+2023-12-01-16h-52m-08s,2,142,157,524,6
WEIRD+e604eeed+2023-12-01-16h-52m-08s,3,162,185,524,6
WEIRD+e604eeed+2023-12-01-16h-52m-08s,4,199,368,524,6
WEIRD+e604eeed+2023-12-01-16h-52m-08s,5,405,524,524,6
WEIRD+e604eeed+2023-12-01-16h-52m-54s,0,0,531,909,3
WEIRD+e604eeed+2023-12-01-16h-52m-54s,1,541,544,909,3
WEIRD+e604eeed+2023-12-01-16h-52m-54s,2,655,909,909,3
WEIRD+e604eeed+2023-12-08-17h-12m-31s,0,0,1056,1056,1
WEIRD+e604eeed+2023-12-08-18h-00m-32s,0,0,933,933,1
WEIRD+e604eeed+2023-12-08-18h-14m-48s,0,0,183,560,3
WEIRD+e604eeed+2023-12-08-18h-14m-48s,1,387,480,560,3
WEIRD+e604eeed+2023-12-08-18h-14m-48s,2,497,560,560,3
WEIRD+e604eeed+2023-12-08-20h-38m-05s,0,0,963,963,1
WEIRD+e604eeed+2023-12-08-20h-51m-49s,0,0,635,867,2
WEIRD+e604eeed+2023-12-08-20h-51m-49s,1,660,867,867,2
WEIRD+e604eeed+2023-12-08-20h-56m-15s,0,0,1047,1047,1
WEIRD+e604eeed+2023-12-13-20h-42m-31s,0,0,527,721,2
WEIRD+e604eeed+2023-12-13-20h-42m-31s,1,543,721,721,2
WEIRD+e604eeed+2024-01-04-02h-12m-34s,0,0,544,544,1
WEIRD+e604eeed+2024-01-04-02h-21m-28s,0,0,277,277,1
WEIRD+e604eeed+2024-01-04-02h-48m-47s,0,0,1116,1116,1
WEIRD+f1c42455+2023-12-07-23h-28m-55s,0,0,711,711,1
WEIRD+f1c42455+2023-12-12-03h-54m-24s,0,0,662,662,1
WEIRD+f1c42455+2023-12-12-04h-16m-56s,0,0,333,333,1
WEIRD+f1c42455+2023-12-14-04h-39m-15s,0,0,505,505,1
WEIRD+f1c42455+2023-12-14-04h-47m-14s,0,0,223,223,1
WEIRD+f1c42455+2023-12-15-23h-59m-47s,0,0,315,315,1
WEIRD+f1c42455+2023-12-16-00h-24m-56s,0,0,259,259,1
WEIRD+f1c42455+2023-12-20-05h-22m-34s,0,0,246,246,1
WEIRD+f1c42455+2024-01-15-02h-03m-35s,0,0,632,687,1
WEIRD+f1c42455+2024-01-16-00h-49m-38s,0,79,94,1113,7
WEIRD+f1c42455+2024-01-16-00h-49m-38s,1,107,220,1113,7
WEIRD+f1c42455+2024-01-16-00h-49m-38s,2,271,398,1113,7
WEIRD+f1c42455+2024-01-16-00h-49m-38s,3,412,523,1113,7
WEIRD+f1c42455+2024-01-16-00h-49m-38s,4,532,709,1113,7
WEIRD+f1c42455+2024-01-16-00h-49m-38s,5,713,1047,1113,7
WEIRD+f1c42455+2024-01-16-00h-49m-38s,6,1065,1113,1113,7
WEIRD+f61abce9+2023-11-22-20h-51m-25s,0,0,352,352,1
WEIRD+f61abce9+2023-11-22-20h-55m-08s,0,0,337,337,1
WEIRD+f61abce9+2023-11-22-20h-58m-43s,0,0,436,436,1
WEIRD+f61abce9+2023-11-28-20h-17m-29s,0,0,511,511,1
WEIRD+f61abce9+2023-11-28-20h-43m-41s,0,0,911,911,1
WEIRD+f61abce9+2023-11-29-19h-10m-49s,0,0,538,538,1
WEIRD+f61abce9+2023-11-29-19h-17m-10s,0,0,254,254,1
WEIRD+f61abce9+2023-11-29-19h-17m-58s,0,0,334,334,1
WEIRD+f61abce9+2023-11-29-19h-29m-04s,0,0,333,333,1
WEIRD+f61abce9+2023-11-29-20h-16m-20s,0,0,471,471,1
WEIRD+f61abce9+2023-11-29-20h-19m-08s,0,0,417,1611,2
WEIRD+f61abce9+2023-11-29-20h-19m-08s,1,489,1611,1611,2
WEIRD+f61abce9+2023-12-06-18h-12m-33s,0,0,317,317,1
WEIRD+f61abce9+2023-12-06-18h-39m-49s,0,0,266,548,2
WEIRD+f61abce9+2023-12-06-18h-39m-49s,1,285,548,548,2
WEIRD+f61abce9+2023-12-07-18h-13m-53s,0,0,235,235,1
WEIRD+f61abce9+2023-12-07-18h-44m-19s,0,0,1112,1112,1
WEIRD+f61abce9+2023-12-08-19h-04m-01s,0,0,936,936,1
WEIRD+f61abce9+2023-12-08-19h-07m-22s,0,0,322,536,2
WEIRD+f61abce9+2023-12-08-19h-07m-22s,1,330,536,536,2
WEIRD+f61abce9+2023-12-08-19h-31m-47s,0,0,292,292,1
WEIRD+f61abce9+2023-12-08-19h-47m-13s,0,0,731,731,1
WEIRD+f61abce9+2023-12-08-19h-48m-30s,0,0,837,837,1
WEIRD+f61abce9+2023-12-08-19h-50m-14s,0,0,290,290,1
WEIRD+f61abce9+2023-12-08-19h-52m-59s,0,0,732,732,1
WEIRD+f61abce9+2023-12-08-19h-56m-01s,0,0,659,659,1
WEIRD+f61abce9+2023-12-09-17h-25m-47s,0,18,50,50,1
WEIRD+f61abce9+2023-12-09-17h-45m-41s,0,291,612,1820,2
WEIRD+f61abce9+2023-12-09-17h-45m-41s,1,642,1820,1820,2
WEIRD+f61abce9+2023-12-11-19h-55m-24s,0,0,144,144,1
WEIRD+f61abce9+2023-12-13-21h-06m-03s,0,0,350,350,1
WEIRD+f61abce9+2023-12-13-21h-48m-01s,0,0,146,146,1
WEIRD+f61abce9+2023-12-13-21h-49m-55s,0,0,302,302,1
WEIRD+f61abce9+2023-12-13-21h-52m-41s,0,0,217,217,1
WEIRD+f61abce9+2023-12-13-21h-54m-52s,0,0,183,183,1
WEIRD+f61abce9+2023-12-13-22h-31m-47s,0,0,267,267,1
WEIRD+f61abce9+2023-12-13-22h-32m-14s,0,0,232,232,1
WEIRD+f61abce9+2023-12-13-22h-33m-26s,0,0,490,490,1
WEIRD+f61abce9+2023-12-13-22h-36m-52s,0,0,730,730,1
WEIRD+f61abce9+2023-12-13-22h-39m-48s,0,0,150,150,1
WEIRD+f61abce9+2023-12-13-23h-21m-09s,0,0,191,191,1
