episode,cam,birth_frame,status,n_points,grid_stride,mask_area,n_frames_store,n_frames_mp4,tracked_frames,vis_frac_mean,vis_frac_last,seconds,fps_tracking,gpu_mem_gb,decode_error,npz
AUTOLab+0d4edc83+2023-10-21-19h-48m-55s,ext1,118,ok,42,4,0.0014713541666666666,158,158,40,0.26607142857142857,0.047619047619047616,6.42,6.2,0.62,,tracks/AUTOLab+0d4edc83+2023-10-21-19h-48m-55s/ext1_f00118.npz
AUTOLab+0d4edc83+2023-10-21-19h-48m-55s,ext2,118,ok,69,10,0.009175347222222222,158,158,40,0.7398550724637681,0.9855072463768116,6.54,6.1,0.64,,tracks/AUTOLab+0d4edc83+2023-10-21-19h-48m-55s/ext2_f00118.npz
AUTOLab+0d4edc83+2023-10-21-19h-52m-38s,ext1,119,ok,68,15,0.017422960069444444,157,157,38,0.559984520123839,0.9705882352941176,6.67,5.7,0.64,,tracks/AUTOLab+0d4edc83+2023-10-21-19h-52m-38s/ext1_f00119.npz
AUTOLab+0d4edc83+2023-10-21-19h-52m-38s,ext2,119,ok,71,10,0.009276258680555555,157,157,38,0.7446256486286138,0.9577464788732394,6.92,5.5,0.64,,tracks/AUTOLab+0d4edc83+2023-10-21-19h-52m-38s/ext2_f00119.npz
AUTOLab+44bb9c36+2023-11-21-17h-48m-20s,ext1,226,ok,59,9,0.006509331597222222,288,288,62,0.7509568069983598,0.9661016949152542,9.18,6.8,0.63,,tracks/AUTOLab+44bb9c36+2023-11-21-17h-48m-20s/ext1_f00226.npz
AUTOLab+44bb9c36+2023-11-21-17h-48m-20s,ext2,226,ok,69,5,0.002126736111111111,288,288,62,0.5198690977092099,0.5362318840579711,8.89,7.0,0.64,,tracks/AUTOLab+44bb9c36+2023-11-21-17h-48m-20s/ext2_f00226.npz
AUTOLab+44bb9c36+2023-11-21-17h-48m-54s,ext1,12,ok,63,16,0.02010308159722222,193,193,181,0.5285451197053407,1.0,13.93,13.0,0.64,,tracks/AUTOLab+44bb9c36+2023-11-21-17h-48m-54s/ext1_f00012.npz
AUTOLab+44bb9c36+2023-11-21-17h-48m-54s,ext2,12,ok,68,15,0.018087022569444444,193,193,181,0.9022586935326616,0.9852941176470589,14.39,12.6,0.64,,tracks/AUTOLab+44bb9c36+2023-11-21-17h-48m-54s/ext2_f00012.npz
AUTOLab+44bb9c36+2023-11-23-10h-45m-46s,ext1,360,ok,62,11,0.008419053819444444,705,705,345,0.4938756428237494,0.9193548387096774,17.87,19.3,0.63,,tracks/AUTOLab+44bb9c36+2023-11-23-10h-45m-46s/ext1_f00360.npz
AUTOLab+44bb9c36+2023-11-23-10h-45m-46s,ext1,397,ok,67,27,0.052542317708333335,705,705,308,0.3876720294630742,0.9552238805970149,16.06,19.2,0.64,,tracks/AUTOLab+44bb9c36+2023-11-23-10h-45m-46s/ext1_f00397.npz
AUTOLab+44bb9c36+2023-11-23-10h-45m-46s,ext2,360,ok,70,9,0.006598307291666667,705,705,345,0.7039337474120083,0.7,18.55,18.6,0.64,,tracks/AUTOLab+44bb9c36+2023-11-23-10h-45m-46s/ext2_f00360.npz
AUTOLab+44bb9c36+2023-11-23-10h-45m-46s,ext2,397,ok,67,10,0.008102213541666667,705,705,308,0.8773502616786198,0.835820895522388,16.25,19.0,0.64,,tracks/AUTOLab+44bb9c36+2023-11-23-10h-45m-46s/ext2_f00397.npz
AUTOLab+44bb9c36+2023-11-23-15h-22m-31s,ext1,317,ok,64,7,0.004122178819444444,339,339,22,0.8707386363636364,0.921875,1.56,14.1,0.64,,tracks/AUTOLab+44bb9c36+2023-11-23-15h-22m-31s/ext1_f00317.npz
AUTOLab+44bb9c36+2023-11-23-15h-22m-31s,ext2,317,ok,71,9,0.008089192708333333,339,339,22,0.9590268886043534,0.7887323943661971,1.49,14.8,0.64,,tracks/AUTOLab+44bb9c36+2023-11-23-15h-22m-31s/ext2_f00317.npz
AUTOLab+44bb9c36+2023-11-23-15h-25m-46s,ext1,168,ok,63,7,0.0040646701388888885,515,515,347,0.5292987512007685,0.5714285714285714,17.79,19.5,0.64,,tracks/AUTOLab+44bb9c36+2023-11-23-15h-25m-46s/ext1_f00168.npz
AUTOLab+44bb9c36+2023-11-23-15h-25m-46s,ext2,168,ok,64,7,0.0035601128472222223,515,515,347,0.834338976945245,0.828125,18.43,18.8,0.64,,tracks/AUTOLab+44bb9c36+2023-11-23-15h-25m-46s/ext2_f00168.npz
AUTOLab+44bb9c36+2023-11-23-17h-02m-03s,ext1,36,ok,63,29,0.06270941840277777,400,400,364,0.2721960579103436,0.0,18.43,19.7,0.63,,tracks/AUTOLab+44bb9c36+2023-11-23-17h-02m-03s/ext1_f00036.npz
AUTOLab+44bb9c36+2023-11-23-17h-02m-03s,ext1,137,ok,73,8,0.0057465277777777775,400,400,263,0.5434137194645554,0.3013698630136986,13.53,19.4,0.64,,tracks/AUTOLab+44bb9c36+2023-11-23-17h-02m-03s/ext1_f00137.npz
AUTOLab+44bb9c36+2023-11-23-17h-02m-03s,ext1,264,ok,66,10,0.007395833333333333,400,400,136,0.6168672014260249,0.2727272727272727,7.38,18.4,0.64,,tracks/AUTOLab+44bb9c36+2023-11-23-17h-02m-03s/ext1_f00264.npz
AUTOLab+44bb9c36+2023-11-23-17h-02m-03s,ext1,384,ok,67,7,0.00392578125,400,400,16,0.8582089552238806,0.5373134328358209,1.33,12.1,0.64,,tracks/AUTOLab+44bb9c36+2023-11-23-17h-02m-03s/ext1_f00384.npz
AUTOLab+44bb9c36+2023-11-23-17h-02m-03s,ext2,36,ok,65,10,0.008060980902777778,400,400,364,0.4349112426035503,0.0,18.66,19.5,0.64,,tracks/AUTOLab+44bb9c36+2023-11-23-17h-02m-03s/ext2_f00036.npz
AUTOLab+44bb9c36+2023-11-23-17h-02m-03s,ext2,137,ok,75,9,0.0077083333333333335,400,400,263,0.5096070975918885,0.38666666666666666,13.9,18.9,0.64,,tracks/AUTOLab+44bb9c36+2023-11-23-17h-02m-03s/ext2_f00137.npz
AUTOLab+44bb9c36+2023-11-23-17h-02m-03s,ext2,264,ok,76,9,0.00789822048611111,400,400,136,0.5585332817337462,0.3684210526315789,7.22,18.8,0.64,,tracks/AUTOLab+44bb9c36+2023-11-23-17h-02m-03s/ext2_f00264.npz
AUTOLab+44bb9c36+2023-11-23-17h-02m-03s,ext2,384,ok,66,6,0.0031640625,400,400,16,0.7708333333333334,0.6060606060606061,1.3,12.3,0.64,,tracks/AUTOLab+44bb9c36+2023-11-23-17h-02m-03s/ext2_f00384.npz
AUTOLab+44bb9c36+2023-11-23-17h-02m-54s,ext1,123,ok,65,6,0.002875434027777778,265,265,142,0.3189599133261105,0.13846153846153847,7.33,19.4,0.64,,tracks/AUTOLab+44bb9c36+2023-11-23-17h-02m-54s/ext1_f00123.npz
AUTOLab+44bb9c36+2023-11-23-17h-02m-54s,ext1,233,ok,76,7,0.004149305555555555,265,265,32,0.5394736842105263,0.75,1.95,16.4,0.64,,tracks/AUTOLab+44bb9c36+2023-11-23-17h-02m-54s/ext1_f00233.npz
AUTOLab+44bb9c36+2023-11-23-17h-02m-54s,ext1,252,ok,80,6,0.003483072916666667,265,265,13,0.8884615384615384,0.8125,1.06,12.3,0.64,,tracks/AUTOLab+44bb9c36+2023-11-23-17h-02m-54s/ext1_f00252.npz
AUTOLab+44bb9c36+2023-11-23-17h-02m-54s,ext2,123,ok,72,7,0.004463975694444444,265,265,142,0.6391823161189358,0.8472222222222222,7.5,18.9,0.64,,tracks/AUTOLab+44bb9c36+2023-11-23-17h-02m-54s/ext2_f00123.npz
AUTOLab+44bb9c36+2023-11-23-17h-02m-54s,ext2,233,ok,66,7,0.003627387152777778,265,265,32,0.5606060606060606,0.8787878787878788,1.92,16.6,0.64,,tracks/AUTOLab+44bb9c36+2023-11-23-17h-02m-54s/ext2_f00233.npz
AUTOLab+44bb9c36+2023-11-23-17h-02m-54s,ext2,252,ok,67,7,0.003933376736111111,265,265,13,1.0,1.0,1.06,12.3,0.64,,tracks/AUTOLab+44bb9c36+2023-11-23-17h-02m-54s/ext2_f00252.npz
AUTOLab+44bb9c36+2023-11-23-17h-08m-17s,ext1,413,ok,70,7,0.003969184027777778,460,460,47,0.2851063829787234,0.0,2.83,16.6,0.64,,tracks/AUTOLab+44bb9c36+2023-11-23-17h-08m-17s/ext1_f00413.npz
AUTOLab+44bb9c36+2023-11-23-17h-08m-17s,ext1,430,ok,69,5,0.0026182725694444443,460,460,30,0.4265700483091787,0.2028985507246377,2.07,14.5,0.64,,tracks/AUTOLab+44bb9c36+2023-11-23-17h-08m-17s/ext1_f00430.npz
AUTOLab+44bb9c36+2023-11-23-17h-08m-17s,ext1,123,ok,43,4,0.0008648003472222222,460,460,337,0.209233317231385,0.0,16.88,20.0,0.64,,tracks/AUTOLab+44bb9c36+2023-11-23-17h-08m-17s/ext1_f00123.npz
AUTOLab+44bb9c36+2023-11-23-17h-08m-17s,ext1,272,ok,80,4,0.002084418402777778,460,460,188,0.3690159574468085,0.0,10.34,18.2,0.64,,tracks/AUTOLab+44bb9c36+2023-11-23-17h-08m-17s/ext1_f00272.npz
AUTOLab+44bb9c36+2023-11-23-17h-08m-17s,ext2,123,ok,77,5,0.003187934027777778,460,460,337,0.3158888589155652,0.24675324675324675,17.81,18.9,0.64,,tracks/AUTOLab+44bb9c36+2023-11-23-17h-08m-17s/ext2_f00123.npz
AUTOLab+44bb9c36+2023-11-23-17h-08m-17s,ext2,272,ok,69,7,0.004493272569444444,460,460,188,0.7504625346901017,0.8695652173913043,9.92,19.0,0.64,,tracks/AUTOLab+44bb9c36+2023-11-23-17h-08m-17s/ext2_f00272.npz
AUTOLab+44bb9c36+2023-11-23-17h-08m-17s,ext2,413,ok,71,6,0.003015407986111111,460,460,47,0.8468684447108181,0.8450704225352113,4.44,10.6,0.64,,tracks/AUTOLab+44bb9c36+2023-11-23-17h-08m-17s/ext2_f00413.npz
AUTOLab+44bb9c36+2023-11-23-17h-08m-17s,ext2,430,ok,69,8,0.00515625,460,460,30,0.9053140096618357,0.782608695652174,2.07,14.5,0.64,,tracks/AUTOLab+44bb9c36+2023-11-23-17h-08m-17s/ext2_f00430.npz
AUTOLab+44bb9c36+2023-11-23-18h-31m-35s,ext1,433,ok,78,7,0.004491102430555556,453,453,20,0.7666666666666667,0.4230769230769231,1.53,13.0,0.64,,tracks/AUTOLab+44bb9c36+2023-11-23-18h-31m-35s/ext1_f00433.npz
AUTOLab+44bb9c36+2023-11-23-18h-31m-35s,ext1,152,ok,62,7,0.0038465711805555558,453,453,301,0.38077376486978887,0.6290322580645161,15.36,19.6,0.64,,tracks/AUTOLab+44bb9c36+2023-11-23-18h-31m-35s/ext1_f00152.npz
AUTOLab+44bb9c36+2023-11-23-18h-31m-35s,ext1,299,ok,68,6,0.003101128472222222,453,453,154,0.3744270435446906,0.16176470588235295,8.58,18.0,0.64,,tracks/AUTOLab+44bb9c36+2023-11-23-18h-31m-35s/ext1_f00299.npz
AUTOLab+44bb9c36+2023-11-23-18h-31m-35s,ext2,152,ok,59,10,0.007845052083333333,453,453,301,0.9025846049890196,0.9152542372881356,15.33,19.6,0.64,,tracks/AUTOLab+44bb9c36+2023-11-23-18h-31m-35s/ext2_f00152.npz
AUTOLab+44bb9c36+2023-11-23-18h-31m-35s,ext2,299,ok,68,9,0.007084418402777778,453,453,154,0.8832123758594347,0.9705882352941176,8.38,18.4,0.64,,tracks/AUTOLab+44bb9c36+2023-11-23-18h-31m-35s/ext2_f00299.npz
AUTOLab+44bb9c36+2023-11-23-18h-31m-35s,ext2,433,ok,69,9,0.0072591145833333336,453,453,20,0.981159420289855,0.9565217391304348,1.53,13.1,0.64,,tracks/AUTOLab+44bb9c36+2023-11-23-18h-31m-35s/ext2_f00433.npz
AUTOLab+44bb9c36+2023-11-23-18h-32m-23s,ext1,156,ok,59,8,0.0057671440972222225,453,453,297,0.3631227529532614,0.2033898305084746,15.23,19.5,0.64,,tracks/AUTOLab+44bb9c36+2023-11-23-18h-32m-23s/ext1_f00156.npz
AUTOLab+44bb9c36+2023-11-23-18h-32m-23s,ext1,308,ok,69,10,0.008107638888888888,453,453,145,0.34182908545727136,0.2318840579710145,7.9,18.3,0.64,,tracks/AUTOLab+44bb9c36+2023-11-23-18h-32m-23s/ext1_f00308.npz
AUTOLab+44bb9c36+2023-11-23-18h-32m-23s,ext1,401,ok,60,7,0.003498263888888889,453,453,52,0.32884615384615384,0.4166666666666667,3.13,16.6,0.64,,tracks/AUTOLab+44bb9c36+2023-11-23-18h-32m-23s/ext1_f00401.npz
AUTOLab+44bb9c36+2023-11-23-18h-32m-23s,ext1,431,ok,80,5,0.0028407118055555555,453,453,22,0.7636363636363637,0.6625,1.77,12.4,0.64,,tracks/AUTOLab+44bb9c36+2023-11-23-18h-32m-23s/ext1_f00431.npz
AUTOLab+44bb9c36+2023-11-23-18h-32m-23s,ext2,156,ok,67,11,0.010533854166666667,453,453,297,0.8742147846625459,0.835820895522388,15.19,19.6,0.64,,tracks/AUTOLab+44bb9c36+2023-11-23-18h-32m-23s/ext2_f00156.npz
AUTOLab+44bb9c36+2023-11-23-18h-32m-23s,ext2,308,ok,67,10,0.008628472222222221,453,453,145,0.8722593926917138,0.8507462686567164,7.62,19.0,0.64,,tracks/AUTOLab+44bb9c36+2023-11-23-18h-32m-23s/ext2_f00308.npz
AUTOLab+44bb9c36+2023-11-23-18h-32m-23s,ext2,401,ok,62,9,0.006462673611111111,453,453,52,0.9987593052109182,1.0,3.21,16.2,0.64,,tracks/AUTOLab+44bb9c36+2023-11-23-18h-32m-23s/ext2_f00401.npz
AUTOLab+44bb9c36+2023-11-23-18h-32m-23s,ext2,431,ok,63,10,0.008256293402777778,453,453,22,0.9783549783549783,0.873015873015873,1.67,13.2,0.64,,tracks/AUTOLab+44bb9c36+2023-11-23-18h-32m-23s/ext2_f00431.npz
AUTOLab+44bb9c36+2023-11-23-19h-47m-13s,ext1,222,ok,64,17,0.020693359375,248,248,26,0.8395432692307693,0.4375,1.66,15.7,0.64,,tracks/AUTOLab+44bb9c36+2023-11-23-19h-47m-13s/ext1_f00222.npz
AUTOLab+44bb9c36+2023-11-23-19h-47m-13s,ext2,222,ok,65,5,0.002375217013888889,248,248,26,0.8668639053254438,0.7384615384615385,1.6,16.3,0.64,,tracks/AUTOLab+44bb9c36+2023-11-23-19h-47m-13s/ext2_f00222.npz
AUTOLab+44bb9c36+2023-11-24-16h-02m-51s,ext1,647,ok,63,4,0.0018598090277777777,849,849,202,0.6644664466446645,0.0,10.94,18.5,0.64,,tracks/AUTOLab+44bb9c36+2023-11-24-16h-02m-51s/ext1_f00647.npz
AUTOLab+44bb9c36+2023-11-24-16h-02m-51s,ext1,177,ok,62,8,0.004952256944444444,849,849,672,0.7083573348694316,0.016129032258064516,33.98,19.8,0.64,,tracks/AUTOLab+44bb9c36+2023-11-24-16h-02m-51s/ext1_f00177.npz
AUTOLab+44bb9c36+2023-11-24-16h-02m-51s,ext1,494,ok,59,7,0.0038509114583333334,849,849,355,0.28001909763666744,0.0,19.16,18.5,0.64,,tracks/AUTOLab+44bb9c36+2023-11-24-16h-02m-51s/ext1_f00494.npz
AUTOLab+44bb9c36+2023-11-24-16h-02m-51s,ext2,177,ok,64,17,0.021532118055555556,849,849,672,0.6931733630952381,0.8125,34.38,19.5,0.64,,tracks/AUTOLab+44bb9c36+2023-11-24-16h-02m-51s/ext2_f00177.npz
AUTOLab+44bb9c36+2023-11-24-16h-02m-51s,ext2,494,ok,59,15,0.016827256944444445,849,849,355,0.6863213177369301,0.6101694915254238,18.89,18.8,0.64,,tracks/AUTOLab+44bb9c36+2023-11-24-16h-02m-51s/ext2_f00494.npz
AUTOLab+44bb9c36+2023-11-24-16h-02m-51s,ext2,647,ok,62,20,0.030074869791666667,849,849,202,0.6313478122005749,0.4838709677419355,11.0,18.4,0.64,,tracks/AUTOLab+44bb9c36+2023-11-24-16h-02m-51s/ext2_f00647.npz
AUTOLab+44bb9c36+2023-11-24-18h-22m-36s,ext1,187,ok,65,7,0.004404296875,1382,1382,1195,0.09756034760218861,0.0,61.2,19.5,0.64,,tracks/AUTOLab+44bb9c36+2023-11-24-18h-22m-36s/ext1_f00187.npz
AUTOLab+44bb9c36+2023-11-24-18h-22m-36s,ext1,793,ok,53,6,0.002790798611111111,1382,1382,589,0.8726655348047538,0.4339622641509434,31.17,18.9,0.64,,tracks/AUTOLab+44bb9c36+2023-11-24-18h-22m-36s/ext1_f00793.npz
AUTOLab+44bb9c36+2023-11-24-18h-22m-36s,ext1,951,ok,55,6,0.002843967013888889,1382,1382,431,0.8560219363003586,0.16363636363636364,22.87,18.8,0.64,,tracks/AUTOLab+44bb9c36+2023-11-24-18h-22m-36s/ext1_f00951.npz
AUTOLab+44bb9c36+2023-11-24-18h-22m-36s,ext2,793,ok,61,14,0.014844835069444444,1382,1382,589,0.4288457791755963,0.7704918032786885,30.51,19.3,0.64,,tracks/AUTOLab+44bb9c36+2023-11-24-18h-22m-36s/ext2_f00793.npz
AUTOLab+44bb9c36+2023-11-24-18h-22m-36s,ext2,951,ok,66,10,0.008472222222222223,1382,1382,431,0.7101525697813401,0.9545454545454546,22.77,18.9,0.64,,tracks/AUTOLab+44bb9c36+2023-11-24-18h-22m-36s/ext2_f00951.npz
AUTOLab+44bb9c36+2023-11-24-18h-22m-36s,ext2,187,ok,67,21,0.03323893229166667,1382,1382,1195,0.2754636857553238,0.05970149253731343,63.42,18.8,0.64,,tracks/AUTOLab+44bb9c36+2023-11-24-18h-22m-36s/ext2_f00187.npz
AUTOLab+44bb9c36+2023-11-24-18h-38m-17s,ext1,103,ok,64,5,0.002506510416666667,662,662,559,0.4475067084078712,0.0,29.32,19.1,0.64,,tracks/AUTOLab+44bb9c36+2023-11-24-18h-38m-17s/ext1_f00103.npz
AUTOLab+44bb9c36+2023-11-24-18h-38m-17s,ext1,188,ok,67,10,0.0076953125,662,662,474,0.6623527929970401,0.29850746268656714,24.58,19.3,0.64,,tracks/AUTOLab+44bb9c36+2023-11-24-18h-38m-17s/ext1_f00188.npz
AUTOLab+44bb9c36+2023-11-24-18h-38m-17s,ext1,308,ok,80,7,0.004408637152777777,662,662,354,0.7801906779661016,0.2375,18.62,19.0,0.64,,tracks/AUTOLab+44bb9c36+2023-11-24-18h-38m-17s/ext1_f00308.npz
AUTOLab+44bb9c36+2023-11-24-18h-38m-17s,ext2,103,ok,69,17,0.021797960069444445,662,662,559,0.8415649062767364,0.7536231884057971,29.07,19.2,0.64,,tracks/AUTOLab+44bb9c36+2023-11-24-18h-38m-17s/ext2_f00103.npz
AUTOLab+44bb9c36+2023-11-24-18h-38m-17s,ext2,188,ok,63,12,0.010565321180555556,662,662,474,0.7945214654075413,0.8412698412698413,24.17,19.6,0.64,,tracks/AUTOLab+44bb9c36+2023-11-24-18h-38m-17s/ext2_f00188.npz
AUTOLab+44bb9c36+2023-11-24-18h-38m-17s,ext2,308,ok,65,12,0.010735677083333334,662,662,354,0.8730986527596697,0.8615384615384616,18.93,18.7,0.64,,tracks/AUTOLab+44bb9c36+2023-11-24-18h-38m-17s/ext2_f00308.npz
AUTOLab+44bb9c36+2023-11-24-18h-53m-11s,ext1,142,ok,24,4,0.0009787326388888888,941,941,799,0.41692740926157695,0.0,39.05,20.5,0.64,,tracks/AUTOLab+44bb9c36+2023-11-24-18h-53m-11s/ext1_f00142.npz
AUTOLab+44bb9c36+2023-11-24-18h-53m-11s,ext2,142,ok,57,18,0.02279513888888889,941,941,799,0.29453483521068,0.07017543859649122,40.36,19.8,0.64,,tracks/AUTOLab+44bb9c36+2023-11-24-18h-53m-11s/ext2_f00142.npz
AUTOLab+44bb9c36+2023-11-24-18h-57m-25s,ext1,129,ok,51,5,0.0022916666666666667,900,900,771,0.16077922738485798,0.0,39.99,19.3,0.64,,tracks/AUTOLab+44bb9c36+2023-11-24-18h-57m-25s/ext1_f00129.npz
AUTOLab+44bb9c36+2023-11-24-18h-57m-25s,ext1,211,ok,72,12,0.012086588541666667,900,900,689,0.4970367682631834,0.18055555555555555,35.88,19.2,0.64,,tracks/AUTOLab+44bb9c36+2023-11-24-18h-57m-25s/ext1_f00211.npz
AUTOLab+44bb9c36+2023-11-24-18h-57m-25s,ext1,361,ok,64,8,0.00474609375,900,900,539,0.48078038033395176,0.0,28.01,19.2,0.64,,tracks/AUTOLab+44bb9c36+2023-11-24-18h-57m-25s/ext1_f00361.npz
AUTOLab+44bb9c36+2023-11-24-18h-57m-25s,ext2,129,ok,64,19,0.027347005208333334,900,900,771,0.5468547341115434,0.5,40.05,19.3,0.64,,tracks/AUTOLab+44bb9c36+2023-11-24-18h-57m-25s/ext2_f00129.npz
AUTOLab+44bb9c36+2023-11-24-18h-57m-25s,ext2,211,ok,63,11,0.009904513888888888,900,900,689,0.718939341580851,0.9523809523809523,35.12,19.6,0.64,,tracks/AUTOLab+44bb9c36+2023-11-24-18h-57m-25s/ext2_f00211.npz
AUTOLab+44bb9c36+2023-11-24-18h-57m-25s,ext2,361,ok,69,11,0.009321831597222222,900,900,539,0.5765642225269555,0.2898550724637681,28.69,18.8,0.64,,tracks/AUTOLab+44bb9c36+2023-11-24-18h-57m-25s/ext2_f00361.npz
AUTOLab+44bb9c36+2023-11-25-10h-19m-02s,ext1,390,ok,72,8,0.005627170138888889,984,984,594,0.06977179199401422,0.05555555555555555,30.7,19.4,0.64,,tracks/AUTOLab+44bb9c36+2023-11-25-10h-19m-02s/ext1_f00390.npz
AUTOLab+44bb9c36+2023-11-25-10h-19m-02s,ext1,721,ok,59,8,0.005071614583333333,984,984,263,0.759489592060321,0.0,14.12,18.6,0.64,,tracks/AUTOLab+44bb9c36+2023-11-25-10h-19m-02s/ext1_f00721.npz
AUTOLab+44bb9c36+2023-11-25-10h-19m-02s,ext2,390,ok,66,15,0.0169921875,984,984,594,0.6199367411488623,0.0,31.45,18.9,0.64,,tracks/AUTOLab+44bb9c36+2023-11-25-10h-19m-02s/ext2_f00390.npz
AUTOLab+44bb9c36+2023-11-25-10h-19m-02s,ext2,721,ok,64,21,0.03212348090277778,984,984,263,0.8797528517110266,0.0,14.43,18.2,0.64,,tracks/AUTOLab+44bb9c36+2023-11-25-10h-19m-02s/ext2_f00721.npz
AUTOLab+44bb9c36+2023-11-25-11h-05m-25s,ext1,64,ok,61,15,0.02240776909722222,588,588,524,0.9524777875109498,0.9344262295081968,26.69,19.6,0.64,,tracks/AUTOLab+44bb9c36+2023-11-25-11h-05m-25s/ext1_f00064.npz
AUTOLab+44bb9c36+2023-11-25-11h-05m-25s,ext1,278,ok,74,5,0.0027224392361111112,588,588,310,0.36573670444638184,0.35135135135135137,16.6,18.7,0.64,,tracks/AUTOLab+44bb9c36+2023-11-25-11h-05m-25s/ext1_f00278.npz
AUTOLab+44bb9c36+2023-11-25-11h-05m-25s,ext2,64,ok,65,5,0.002572699652777778,588,588,524,0.45273047563123897,0.6153846153846154,26.63,19.7,0.64,,tracks/AUTOLab+44bb9c36+2023-11-25-11h-05m-25s/ext2_f00064.npz
AUTOLab+44bb9c36+2023-11-25-11h-05m-25s,ext2,278,ok,66,8,0.007267795138888889,588,588,310,0.4764907135874878,0.4090909090909091,16.65,18.6,0.64,,tracks/AUTOLab+44bb9c36+2023-11-25-11h-05m-25s/ext2_f00278.npz
AUTOLab+44bb9c36+2023-11-25-11h-07m-29s,ext1,160,ok,69,9,0.006644965277777777,622,622,462,0.11911035824079302,0.0,23.75,19.4,0.64,,tracks/AUTOLab+44bb9c36+2023-11-25-11h-07m-29s/ext1_f00160.npz
AUTOLab+44bb9c36+2023-11-25-11h-07m-29s,ext2,160,ok,72,9,0.007387152777777778,622,622,462,0.5595238095238095,0.875,23.65,19.5,0.64,,tracks/AUTOLab+44bb9c36+2023-11-25-11h-07m-29s/ext2_f00160.npz
AUTOLab+44bb9c36+2023-11-25-11h-10m-00s,ext1,135,ok,71,12,0.011129557291666667,700,700,565,0.3033528605259878,0.014084507042253521,29.96,18.9,0.64,,tracks/AUTOLab+44bb9c36+2023-11-25-11h-10m-00s/ext1_f00135.npz
AUTOLab+44bb9c36+2023-11-25-11h-10m-00s,ext2,135,ok,64,12,0.011255425347222223,700,700,565,0.434983407079646,0.5625,29.17,19.4,0.64,,tracks/AUTOLab+44bb9c36+2023-11-25-11h-10m-00s/ext2_f00135.npz
AUTOLab+44bb9c36+2023-11-25-11h-13m-51s,ext1,505,ok,64,12,0.01553927951388889,592,592,87,0.9960488505747126,0.984375,5.21,16.7,0.64,,tracks/AUTOLab+44bb9c36+2023-11-25-11h-13m-51s/ext1_f00505.npz
AUTOLab+44bb9c36+2023-11-25-11h-13m-51s,ext2,505,ok,60,7,0.0038313802083333333,592,592,87,0.8256704980842912,1.0,5.16,16.9,0.64,,tracks/AUTOLab+44bb9c36+2023-11-25-11h-13m-51s/ext2_f00505.npz
AUTOLab+44bb9c36+2023-11-25-11h-39m-41s,ext1,197,ok,69,6,0.00365234375,1095,1095,898,0.6334204835221587,0.9855072463768116,45.82,19.6,0.64,,tracks/AUTOLab+44bb9c36+2023-11-25-11h-39m-41s/ext1_f00197.npz
AUTOLab+44bb9c36+2023-11-25-11h-39m-41s,ext1,659,ok,62,9,0.006563585069444444,1095,1095,436,0.7750443918319029,0.9193548387096774,23.72,18.4,0.64,,tracks/AUTOLab+44bb9c36+2023-11-25-11h-39m-41s/ext1_f00659.npz
AUTOLab+44bb9c36+2023-11-25-11h-39m-41s,ext2,197,ok,64,22,0.034507378472222225,1095,1095,898,0.6172048997772829,0.5,45.51,19.7,0.64,,tracks/AUTOLab+44bb9c36+2023-11-25-11h-39m-41s/ext2_f00197.npz
AUTOLab+44bb9c36+2023-11-25-11h-39m-41s,ext2,659,ok,54,7,0.0037510850694444445,1095,1095,436,0.8306150186884131,1.0,22.78,19.1,0.64,,tracks/AUTOLab+44bb9c36+2023-11-25-11h-39m-41s/ext2_f00659.npz
AUTOLab+44bb9c36+2023-11-25-11h-50m-53s,ext1,127,ok,78,6,0.0034418402777777776,975,975,848,0.23040638606676342,0.3717948717948718,44.5,19.1,0.64,,tracks/AUTOLab+44bb9c36+2023-11-25-11h-50m-53s/ext1_f00127.npz
AUTOLab+44bb9c36+2023-11-25-11h-50m-53s,ext1,856,ok,66,14,0.014922960069444444,975,975,119,0.8666921313980137,0.6818181818181818,7.34,16.2,0.64,,tracks/AUTOLab+44bb9c36+2023-11-25-11h-50m-53s/ext1_f00856.npz
AUTOLab+44bb9c36+2023-11-25-11h-50m-53s,ext2,127,ok,66,15,0.016221788194444444,975,975,848,0.6308426243567753,0.6212121212121212,43.72,19.4,0.64,,tracks/AUTOLab+44bb9c36+2023-11-25-11h-50m-53s/ext2_f00127.npz
AUTOLab+44bb9c36+2023-11-25-11h-50m-53s,ext2,856,ok,62,6,0.003286675347222222,975,975,119,0.9578476551911087,0.8870967741935484,7.22,16.5,0.64,,tracks/AUTOLab+44bb9c36+2023-11-25-11h-50m-53s/ext2_f00856.npz
AUTOLab+44bb9c36+2023-11-25-13h-18m-02s,ext1,694,ok,71,7,0.004222005208333333,774,774,80,0.7808098591549296,0.11267605633802817,5.08,15.7,0.64,,tracks/AUTOLab+44bb9c36+2023-11-25-13h-18m-02s/ext1_f00694.npz
AUTOLab+44bb9c36+2023-11-25-13h-18m-02s,ext2,694,ok,65,7,0.004401041666666667,774,774,80,0.6161538461538462,0.4,5.14,15.6,0.64,,tracks/AUTOLab+44bb9c36+2023-11-25-13h-18m-02s/ext2_f00694.npz
AUTOLab+44bb9c36+2023-11-25-13h-39m-05s,ext1,71,ok,63,7,0.006039496527777778,742,742,671,0.9628367989023727,1.0,33.94,19.8,0.64,,tracks/AUTOLab+44bb9c36+2023-11-25-13h-39m-05s/ext1_f00071.npz
AUTOLab+44bb9c36+2023-11-25-13h-39m-05s,ext1,233,ok,63,8,0.005467664930555556,742,742,509,0.9679109364767517,0.9841269841269841,26.32,19.3,0.64,,tracks/AUTOLab+44bb9c36+2023-11-25-13h-39m-05s/ext1_f00233.npz
AUTOLab+44bb9c36+2023-11-25-13h-39m-05s,ext2,71,ok,61,6,0.003247612847222222,742,742,671,0.7934328504067821,0.8688524590163934,35.1,19.1,0.64,,tracks/AUTOLab+44bb9c36+2023-11-25-13h-39m-05s/ext2_f00071.npz
AUTOLab+44bb9c36+2023-11-25-13h-39m-05s,ext2,233,ok,74,7,0.004640842013888889,742,742,509,0.7649338926352679,0.9054054054054054,26.54,19.2,0.64,,tracks/AUTOLab+44bb9c36+2023-11-25-13h-39m-05s/ext2_f00233.npz
AUTOLab+44bb9c36+2023-11-25-13h-40m-15s,ext1,379,ok,64,10,0.00823025173611111,578,578,199,0.9933260050251256,0.96875,10.73,18.5,0.64,,tracks/AUTOLab+44bb9c36+2023-11-25-13h-40m-15s/ext1_f00379.npz
AUTOLab+44bb9c36+2023-11-25-13h-40m-15s,ext2,379,ok,67,6,0.003205295138888889,578,578,199,0.48923723093077326,0.9701492537313433,10.81,18.4,0.64,,tracks/AUTOLab+44bb9c36+2023-11-25-13h-40m-15s/ext2_f00379.npz
AUTOLab+44bb9c36+2023-11-28-09h-03m-58s,ext1,656,ok,73,4,0.0020746527777777777,693,693,37,0.9707515734912995,0.9726027397260274,2.5,14.8,0.64,,tracks/AUTOLab+44bb9c36+2023-11-28-09h-03m-58s/ext1_f00656.npz
AUTOLab+44bb9c36+2023-11-28-09h-03m-58s,ext1,137,ok,35,4,0.0013444010416666667,693,693,556,0.46603288797533404,0.0,28.06,19.8,0.64,,tracks/AUTOLab+44bb9c36+2023-11-28-09h-03m-58s/ext1_f00137.npz
AUTOLab+44bb9c36+2023-11-28-09h-03m-58s,ext1,257,ok,59,6,0.003115234375,693,693,436,0.8978385943088166,0.9661016949152542,23.09,18.9,0.64,,tracks/AUTOLab+44bb9c36+2023-11-28-09h-03m-58s/ext1_f00257.npz
AUTOLab+44bb9c36+2023-11-28-09h-03m-58s,ext2,137,ok,59,6,0.003076171875,693,693,556,0.7147299109864651,0.23728813559322035,28.1,19.8,0.64,,tracks/AUTOLab+44bb9c36+2023-11-28-09h-03m-58s/ext2_f00137.npz
AUTOLab+44bb9c36+2023-11-28-09h-03m-58s,ext2,257,ok,57,6,0.0027962239583333333,693,693,436,0.7674231450185096,0.05263157894736842,23.01,18.9,0.64,,tracks/AUTOLab+44bb9c36+2023-11-28-09h-03m-58s/ext2_f00257.npz
AUTOLab+44bb9c36+2023-11-28-09h-03m-58s,ext2,656,ok,66,17,0.021444227430555556,693,693,37,0.7334152334152334,0.6212121212121212,2.66,13.9,0.64,,tracks/AUTOLab+44bb9c36+2023-11-28-09h-03m-58s/ext2_f00656.npz
AUTOLab+44bb9c36+2023-11-29-17h-22m-07s,ext1,94,ok,69,4,0.0016080729166666667,419,419,325,0.6883389074693422,0.0,16.75,19.4,0.64,,tracks/AUTOLab+44bb9c36+2023-11-29-17h-22m-07s/ext1_f00094.npz
AUTOLab+44bb9c36+2023-11-29-17h-22m-07s,ext1,278,ok,75,6,0.0045106336805555555,419,419,141,0.41371158392434987,0.0,7.65,18.4,0.64,,tracks/AUTOLab+44bb9c36+2023-11-29-17h-22m-07s/ext1_f00278.npz
AUTOLab+44bb9c36+2023-11-29-17h-22m-07s,ext2,94,ok,65,6,0.003175998263888889,419,419,325,0.6843076923076923,0.9846153846153847,16.92,19.2,0.64,,tracks/AUTOLab+44bb9c36+2023-11-29-17h-22m-07s/ext2_f00094.npz
AUTOLab+44bb9c36+2023-11-29-17h-22m-07s,ext2,278,ok,70,5,0.002509765625,419,419,141,0.892806484295846,1.0,7.82,18.0,0.64,,tracks/AUTOLab+44bb9c36+2023-11-29-17h-22m-07s/ext2_f00278.npz
AUTOLab+44bb9c36+2023-11-29-20h-12m-58s,ext1,207,ok,73,8,0.006381293402777778,476,476,269,0.6448031776747976,0.6438356164383562,13.82,19.5,0.64,,tracks/AUTOLab+44bb9c36+2023-11-29-20h-12m-58s/ext1_f00207.npz
AUTOLab+44bb9c36+2023-11-29-20h-12m-58s,ext1,328,ok,66,11,0.009610460069444444,476,476,148,0.3186936936936937,0.3939393939393939,7.83,18.9,0.64,,tracks/AUTOLab+44bb9c36+2023-11-29-20h-12m-58s/ext1_f00328.npz
AUTOLab+44bb9c36+2023-11-29-20h-12m-58s,ext2,207,ok,71,6,0.0033138020833333335,476,476,269,0.9982198020838787,1.0,14.39,18.7,0.64,,tracks/AUTOLab+44bb9c36+2023-11-29-20h-12m-58s/ext2_f00207.npz
AUTOLab+44bb9c36+2023-11-29-20h-12m-58s,ext2,328,ok,57,6,0.0031640625,476,476,148,0.9976292081555239,1.0,7.84,18.9,0.64,,tracks/AUTOLab+44bb9c36+2023-11-29-20h-12m-58s/ext2_f00328.npz
AUTOLab+44bb9c36+2023-11-30-01h-58m-09s,ext1,828,ok,48,7,0.005465494791666667,833,833,5,1.0,1.0,1.11,4.5,0.64,,tracks/AUTOLab+44bb9c36+2023-11-30-01h-58m-09s/ext1_f00828.npz
AUTOLab+44bb9c36+2023-11-30-01h-58m-09s,ext2,828,ok,62,7,0.0042426215277777775,833,833,5,0.9967741935483871,1.0,1.13,4.4,0.64,,tracks/AUTOLab+44bb9c36+2023-11-30-01h-58m-09s/ext2_f00828.npz
AUTOLab+44bb9c36+2023-11-30-05h-40m-30s,ext1,136,ok,68,5,0.002632378472222222,523,523,387,0.8381592947256422,0.75,20.1,19.3,0.64,,tracks/AUTOLab+44bb9c36+2023-11-30-05h-40m-30s/ext1_f00136.npz
AUTOLab+44bb9c36+2023-11-30-05h-40m-30s,ext2,136,ok,62,8,0.005491536458333333,523,523,387,0.6204051012753188,0.0,20.37,19.0,0.64,,tracks/AUTOLab+44bb9c36+2023-11-30-05h-40m-30s/ext2_f00136.npz
AUTOLab+44bb9c36+2023-11-30-10h-57m-25s,ext1,386,ok,69,9,0.009535590277777778,1381,1381,995,0.8140412205957323,1.0,50.68,19.6,0.64,,tracks/AUTOLab+44bb9c36+2023-11-30-10h-57m-25s/ext1_f00386.npz
AUTOLab+44bb9c36+2023-11-30-10h-57m-25s,ext1,894,ok,64,6,0.0032530381944444442,1381,1381,487,0.4061858316221766,0.0,25.8,18.9,0.64,,tracks/AUTOLab+44bb9c36+2023-11-30-10h-57m-25s/ext1_f00894.npz
AUTOLab+44bb9c36+2023-11-30-10h-57m-25s,ext1,1094,ok,63,7,0.0045768229166666665,1381,1381,287,0.5732536917205907,0.7301587301587301,16.22,17.7,0.64,,tracks/AUTOLab+44bb9c36+2023-11-30-10h-57m-25s/ext1_f01094.npz
AUTOLab+44bb9c36+2023-11-30-10h-57m-25s,ext1,1303,ok,75,5,0.004174262152777778,1381,1381,78,0.5263247863247863,0.5866666666666667,5.45,14.3,0.64,,tracks/AUTOLab+44bb9c36+2023-11-30-10h-57m-25s/ext1_f01303.npz
AUTOLab+44bb9c36+2023-11-30-10h-57m-25s,ext2,386,ok,63,7,0.004086371527777778,1381,1381,995,0.6802424822525325,0.14285714285714285,51.27,19.4,0.64,,tracks/AUTOLab+44bb9c36+2023-11-30-10h-57m-25s/ext2_f00386.npz
AUTOLab+44bb9c36+2023-11-30-10h-57m-25s,ext2,894,ok,69,11,0.009791666666666667,1381,1381,487,0.9022408713507722,0.8985507246376812,26.19,18.6,0.64,,tracks/AUTOLab+44bb9c36+2023-11-30-10h-57m-25s/ext2_f00894.npz
AUTOLab+44bb9c36+2023-11-30-10h-57m-25s,ext2,1094,ok,71,6,0.003616536458333333,1381,1381,287,0.9735486087255238,0.9295774647887324,16.0,17.9,0.64,,tracks/AUTOLab+44bb9c36+2023-11-30-10h-57m-25s/ext2_f01094.npz
AUTOLab+44bb9c36+2023-11-30-10h-57m-25s,ext2,1303,ok,64,7,0.004408637152777777,1381,1381,78,0.9407051282051282,1.0,5.5,14.2,0.64,,tracks/AUTOLab+44bb9c36+2023-11-30-10h-57m-25s/ext2_f01303.npz
AUTOLab+44bb9c36+2023-11-30-10h-59m-28s,ext1,1470,ok,68,9,0.0069520399305555555,1538,1538,68,0.8624567474048442,0.9411764705882353,5.02,13.5,0.64,,tracks/AUTOLab+44bb9c36+2023-11-30-10h-59m-28s/ext1_f01470.npz
AUTOLab+44bb9c36+2023-11-30-10h-59m-28s,ext2,1470,ok,57,7,0.00376953125,1538,1538,68,0.7812177502579979,0.5964912280701754,4.95,13.7,0.64,,tracks/AUTOLab+44bb9c36+2023-11-30-10h-59m-28s/ext2_f01470.npz
AUTOLab+44bb9c36+2023-11-30-11h-25m-20s,ext1,924,ok,60,11,0.009018012152777777,1669,1669,745,0.43109619686800893,0.9666666666666667,39.74,18.7,0.64,,tracks/AUTOLab+44bb9c36+2023-11-30-11h-25m-20s/ext1_f00924.npz
AUTOLab+44bb9c36+2023-11-30-11h-25m-20s,ext1,1123,ok,63,8,0.005699869791666667,1669,1669,546,0.30652944938659227,0.30158730158730157,29.09,18.8,0.64,,tracks/AUTOLab+44bb9c36+2023-11-30-11h-25m-20s/ext1_f01123.npz
AUTOLab+44bb9c36+2023-11-30-11h-25m-20s,ext1,1326,ok,61,13,0.012336154513888888,1669,1669,343,0.43454571524160013,0.9016393442622951,18.78,18.3,0.64,,tracks/AUTOLab+44bb9c36+2023-11-30-11h-25m-20s/ext1_f01326.npz
AUTOLab+44bb9c36+2023-11-30-11h-25m-20s,ext1,1593,ok,65,14,0.015634765625,1669,1669,76,0.9008097165991903,0.7230769230769231,5.58,13.6,0.64,,tracks/AUTOLab+44bb9c36+2023-11-30-11h-25m-20s/ext1_f01593.npz
AUTOLab+44bb9c36+2023-11-30-11h-25m-20s,ext2,1326,ok,57,7,0.004070095486111111,1669,1669,343,0.8779602066390466,0.8245614035087719,18.32,18.7,0.64,,tracks/AUTOLab+44bb9c36+2023-11-30-11h-25m-20s/ext2_f01326.npz
AUTOLab+44bb9c36+2023-11-30-11h-25m-20s,ext2,1593,ok,61,7,0.004139539930555556,1669,1669,76,0.9516824849007766,0.8688524590163934,5.33,14.3,0.64,,tracks/AUTOLab+44bb9c36+2023-11-30-11h-25m-20s/ext2_f01593.npz
AUTOLab+44bb9c36+2023-11-30-11h-25m-20s,ext2,924,ok,70,6,0.0035015190972222223,1669,1669,745,0.9611121764141899,0.9571428571428572,39.33,18.9,0.64,,tracks/AUTOLab+44bb9c36+2023-11-30-11h-25m-20s/ext2_f00924.npz
AUTOLab+44bb9c36+2023-11-30-11h-25m-20s,ext2,1123,ok,55,8,0.004866536458333333,1669,1669,546,0.9136197136197136,0.5636363636363636,29.52,18.5,0.64,,tracks/AUTOLab+44bb9c36+2023-11-30-11h-25m-20s/ext2_f01123.npz
AUTOLab+44bb9c36+2023-11-30-11h-27m-42s,ext1,989,ok,57,10,0.009177517361111111,1450,1450,461,0.2795981276401416,0.7192982456140351,24.95,18.5,0.64,,tracks/AUTOLab+44bb9c36+2023-11-30-11h-27m-42s/ext1_f00989.npz
AUTOLab+44bb9c36+2023-11-30-11h-27m-42s,ext1,1376,ok,56,5,0.0022797309027777777,1450,1450,74,0.3518339768339768,0.9821428571428571,5.21,14.2,0.64,,tracks/AUTOLab+44bb9c36+2023-11-30-11h-27m-42s/ext1_f01376.npz
AUTOLab+44bb9c36+2023-11-30-11h-27m-42s,ext2,989,ok,71,7,0.0044986979166666665,1450,1450,461,0.9827686291283493,0.8591549295774648,24.61,18.7,0.64,,tracks/AUTOLab+44bb9c36+2023-11-30-11h-27m-42s/ext2_f00989.npz
AUTOLab+44bb9c36+2023-11-30-11h-27m-42s,ext2,1376,ok,69,7,0.00462890625,1450,1450,74,0.981590285938112,0.9130434782608695,5.17,14.3,0.64,,tracks/AUTOLab+44bb9c36+2023-11-30-11h-27m-42s/ext2_f01376.npz
AUTOLab+44bb9c36+2023-11-30-11h-50m-56s,ext1,923,ok,66,8,0.0057280815972222225,1103,1103,180,0.7663299663299663,1.0,10.25,17.6,0.64,,tracks/AUTOLab+44bb9c36+2023-11-30-11h-50m-56s/ext1_f00923.npz
AUTOLab+44bb9c36+2023-11-30-11h-50m-56s,ext1,1034,ok,68,11,0.01265625,1103,1103,69,0.954390451832907,0.9411764705882353,4.83,14.3,0.64,,tracks/AUTOLab+44bb9c36+2023-11-30-11h-50m-56s/ext1_f01034.npz
AUTOLab+44bb9c36+2023-11-30-11h-50m-56s,ext2,923,ok,68,7,0.004653862847222222,1103,1103,180,0.8890522875816993,0.8529411764705882,9.9,18.2,0.64,,tracks/AUTOLab+44bb9c36+2023-11-30-11h-50m-56s/ext2_f00923.npz
AUTOLab+44bb9c36+2023-11-30-11h-50m-56s,ext2,1034,ok,67,7,0.00431640625,1103,1103,69,0.8849232100367727,0.373134328358209,4.55,15.2,0.64,,tracks/AUTOLab+44bb9c36+2023-11-30-11h-50m-56s/ext2_f01034.npz
AUTOLab+5d05c5aa+2023-07-07-10h-17m-57s,ext1,43,ok,63,16,0.019483506944444444,423,423,380,0.3597744360902256,0.0,19.77,19.2,0.64,,tracks/AUTOLab+5d05c5aa+2023-07-07-10h-17m-57s/ext1_f00043.npz
AUTOLab+5d05c5aa+2023-07-07-10h-17m-57s,ext2,43,ok,71,15,0.018018663194444444,423,423,380,0.677353595255745,0.6619718309859155,19.53,19.5,0.64,,tracks/AUTOLab+5d05c5aa+2023-07-07-10h-17m-57s/ext2_f00043.npz
AUTOLab+5d05c5aa+2023-07-07-10h-45m-46s,ext1,67,ok,69,9,0.006462673611111111,553,553,486,0.4537484344247629,0.2753623188405797,24.98,19.5,0.64,,tracks/AUTOLab+5d05c5aa+2023-07-07-10h-45m-46s/ext1_f00067.npz
AUTOLab+5d05c5aa+2023-07-07-10h-45m-46s,ext2,67,ok,64,13,0.013292100694444444,553,553,486,0.9758230452674898,0.984375,25.25,19.2,0.64,,tracks/AUTOLab+5d05c5aa+2023-07-07-10h-45m-46s/ext2_f00067.npz
AUTOLab+5d05c5aa+2023-07-07-10h-56m-37s,ext1,68,ok,69,15,0.018859592013888888,227,227,159,0.7556284750706408,0.6811594202898551,8.39,18.9,0.64,,tracks/AUTOLab+5d05c5aa+2023-07-07-10h-56m-37s/ext1_f00068.npz
AUTOLab+5d05c5aa+2023-07-07-10h-56m-37s,ext2,68,ok,67,13,0.0137109375,227,227,159,0.8435182577677649,1.0,8.53,18.6,0.64,,tracks/AUTOLab+5d05c5aa+2023-07-07-10h-56m-37s/ext2_f00068.npz
AUTOLab+5d05c5aa+2023-07-23-20h-55m-06s,ext1,51,ok,72,15,0.019501953125,298,298,247,0.9518106162843005,0.9027777777777778,12.67,19.5,0.64,,tracks/AUTOLab+5d05c5aa+2023-07-23-20h-55m-06s/ext1_f00051.npz
AUTOLab+5d05c5aa+2023-07-23-20h-55m-06s,ext2,51,ok,62,13,0.012329644097222222,298,298,247,0.9238605197858168,0.7741935483870968,12.57,19.7,0.64,,tracks/AUTOLab+5d05c5aa+2023-07-23-20h-55m-06s/ext2_f00051.npz
AUTOLab+5d05c5aa+2023-08-12-15h-55m-49s,ext1,119,ok,72,11,0.01025390625,165,165,46,0.9525966183574879,0.8194444444444444,2.63,17.5,0.64,,tracks/AUTOLab+5d05c5aa+2023-08-12-15h-55m-49s/ext1_f00119.npz
AUTOLab+5d05c5aa+2023-08-12-15h-55m-49s,ext2,119,ok,66,16,0.019881727430555555,165,165,46,0.7832674571805006,0.5,2.52,18.3,0.64,,tracks/AUTOLab+5d05c5aa+2023-08-12-15h-55m-49s/ext2_f00119.npz
AUTOLab+5d05c5aa+2023-08-12-20h-31m-55s,ext1,15,ok,69,11,0.008934461805555556,164,164,149,0.7180235385662873,0.9710144927536232,7.77,19.2,0.64,,tracks/AUTOLab+5d05c5aa+2023-08-12-20h-31m-55s/ext1_f00015.npz
AUTOLab+5d05c5aa+2023-08-12-20h-31m-55s,ext2,15,ok,66,16,0.01919704861111111,164,164,149,0.9297335773845841,0.7727272727272727,7.77,19.2,0.64,,tracks/AUTOLab+5d05c5aa+2023-08-12-20h-31m-55s/ext2_f00015.npz
AUTOLab+5d05c5aa+2023-09-02-09h-47m-43s,ext1,90,ok,67,11,0.008868272569444445,243,243,153,0.8823529411764706,0.26865671641791045,8.12,18.8,0.64,,tracks/AUTOLab+5d05c5aa+2023-09-02-09h-47m-43s/ext1_f00090.npz
AUTOLab+5d05c5aa+2023-09-02-09h-47m-43s,ext1,195,ok,75,10,0.008272569444444445,243,243,48,0.9711111111111111,0.44,2.99,16.1,0.64,,tracks/AUTOLab+5d05c5aa+2023-09-02-09h-47m-43s/ext1_f00195.npz
AUTOLab+5d05c5aa+2023-09-02-09h-47m-43s,ext2,90,ok,64,14,0.01591796875,243,243,153,0.8060661764705882,0.875,7.88,19.4,0.64,,tracks/AUTOLab+5d05c5aa+2023-09-02-09h-47m-43s/ext2_f00090.npz
AUTOLab+5d05c5aa+2023-09-02-09h-47m-43s,ext2,195,ok,66,15,0.017229817708333334,243,243,48,0.8879419191919192,0.8333333333333334,2.74,17.5,0.64,,tracks/AUTOLab+5d05c5aa+2023-09-02-09h-47m-43s/ext2_f00195.npz
AUTOLab+5d05c5aa+2023-09-02-09h-51m-19s,ext1,79,ok,64,10,0.007290581597222222,216,216,137,0.9182253649635036,0.984375,7.39,18.5,0.64,,tracks/AUTOLab+5d05c5aa+2023-09-02-09h-51m-19s/ext1_f00079.npz
AUTOLab+5d05c5aa+2023-09-02-09h-51m-19s,ext1,171,ok,71,12,0.011357421875,216,216,45,0.9984350547730829,1.0,2.56,17.6,0.64,,tracks/AUTOLab+5d05c5aa+2023-09-02-09h-51m-19s/ext1_f00171.npz
AUTOLab+5d05c5aa+2023-09-02-09h-51m-19s,ext2,79,ok,64,13,0.013683810763888889,216,216,137,0.9291742700729927,0.890625,7.16,19.1,0.64,,tracks/AUTOLab+5d05c5aa+2023-09-02-09h-51m-19s/ext2_f00079.npz
AUTOLab+5d05c5aa+2023-09-02-09h-51m-19s,ext2,171,ok,59,11,0.009603949652777779,216,216,45,0.8885122410546139,0.8305084745762712,2.6,17.3,0.64,,tracks/AUTOLab+5d05c5aa+2023-09-02-09h-51m-19s/ext2_f00171.npz
AUTOLab+5d05c5aa+2023-09-02-09h-55m-32s,ext1,102,ok,65,9,0.006369357638888889,236,236,134,0.8820895522388059,0.0,7.1,18.9,0.64,,tracks/AUTOLab+5d05c5aa+2023-09-02-09h-55m-32s/ext1_f00102.npz
AUTOLab+5d05c5aa+2023-09-02-09h-55m-32s,ext1,199,ok,72,11,0.009432508680555556,236,236,37,0.7608858858858859,0.0,2.3,16.1,0.64,,tracks/AUTOLab+5d05c5aa+2023-09-02-09h-55m-32s/ext1_f00199.npz
AUTOLab+5d05c5aa+2023-09-02-09h-55m-32s,ext2,102,ok,61,15,0.01650390625,236,236,134,0.8611450942011255,0.6229508196721312,6.88,19.5,0.64,,tracks/AUTOLab+5d05c5aa+2023-09-02-09h-55m-32s/ext2_f00102.npz
AUTOLab+5d05c5aa+2023-09-02-09h-55m-32s,ext2,199,ok,58,11,0.008779296875,236,236,37,0.929636533084809,0.6896551724137931,2.17,17.1,0.64,,tracks/AUTOLab+5d05c5aa+2023-09-02-09h-55m-32s/ext2_f00199.npz
AUTOLab+5d05c5aa+2023-09-02-10h-24m-18s,ext1,77,ok,74,11,0.009932725694444445,108,108,31,0.7641673931996512,0.4189189189189189,1.8,17.2,0.64,,tracks/AUTOLab+5d05c5aa+2023-09-02-10h-24m-18s/ext1_f00077.npz
AUTOLab+5d05c5aa+2023-09-02-10h-24m-18s,ext1,105,ok,75,9,0.007311197916666666,108,108,3,0.9777777777777777,0.96,0.33,9.2,0.64,,tracks/AUTOLab+5d05c5aa+2023-09-02-10h-24m-18s/ext1_f00105.npz
AUTOLab+5d05c5aa+2023-09-02-10h-24m-18s,ext2,77,ok,67,17,0.02144748263888889,108,108,31,0.7000481463649495,0.5970149253731343,1.74,17.8,0.64,,tracks/AUTOLab+5d05c5aa+2023-09-02-10h-24m-18s/ext2_f00077.npz
AUTOLab+5d05c5aa+2023-09-02-10h-24m-18s,ext2,105,ok,67,17,0.02358940972222222,108,108,3,1.0,1.0,0.35,8.7,0.64,,tracks/AUTOLab+5d05c5aa+2023-09-02-10h-24m-18s/ext2_f00105.npz
AUTOLab+5d05c5aa+2023-09-02-10h-32m-29s,ext1,66,ok,64,11,0.008581814236111112,196,196,130,0.8008413461538462,0.0,6.8,19.1,0.64,,tracks/AUTOLab+5d05c5aa+2023-09-02-10h-32m-29s/ext1_f00066.npz
AUTOLab+5d05c5aa+2023-09-02-10h-32m-29s,ext1,153,ok,69,11,0.009447699652777778,196,196,43,0.8264239973036738,0.0,2.53,17.0,0.64,,tracks/AUTOLab+5d05c5aa+2023-09-02-10h-32m-29s/ext1_f00153.npz
AUTOLab+5d05c5aa+2023-09-02-10h-32m-29s,ext2,66,ok,71,12,0.012491319444444444,196,196,130,0.7996749729144096,0.028169014084507043,6.74,19.3,0.64,,tracks/AUTOLab+5d05c5aa+2023-09-02-10h-32m-29s/ext2_f00066.npz
AUTOLab+5d05c5aa+2023-09-02-10h-32m-29s,ext2,153,ok,61,17,0.021465928819444445,196,196,43,0.8044224170796798,0.06557377049180328,2.49,17.3,0.64,,tracks/AUTOLab+5d05c5aa+2023-09-02-10h-32m-29s/ext2_f00153.npz
AUTOLab+5d05c5aa+2023-09-02-10h-35m-23s,ext1,70,ok,68,10,0.007240668402777778,180,180,110,0.8724598930481283,0.0,5.96,18.5,0.64,,tracks/AUTOLab+5d05c5aa+2023-09-02-10h-35m-23s/ext1_f00070.npz
AUTOLab+5d05c5aa+2023-09-02-10h-35m-23s,ext1,139,ok,73,12,0.011337890625,180,180,41,0.8162378884062813,0.0136986301369863,2.33,17.6,0.64,,tracks/AUTOLab+5d05c5aa+2023-09-02-10h-35m-23s/ext1_f00139.npz
AUTOLab+5d05c5aa+2023-09-02-10h-35m-23s,ext2,70,ok,67,14,0.016219618055555555,180,180,110,0.8457259158751697,0.1791044776119403,5.76,19.1,0.64,,tracks/AUTOLab+5d05c5aa+2023-09-02-10h-35m-23s/ext2_f00070.npz
AUTOLab+5d05c5aa+2023-09-02-10h-35m-23s,ext2,139,ok,69,11,0.010489366319444445,180,180,41,0.8865323435843054,0.2753623188405797,2.35,17.5,0.64,,tracks/AUTOLab+5d05c5aa+2023-09-02-10h-35m-23s/ext2_f00139.npz
AUTOLab+5d05c5aa+2023-09-02-10h-49m-03s,ext1,80,ok,67,9,0.006244574652777778,309,309,229,0.8885485237567621,0.0,11.84,19.3,0.64,,tracks/AUTOLab+5d05c5aa+2023-09-02-10h-49m-03s/ext1_f00080.npz
AUTOLab+5d05c5aa+2023-09-02-10h-49m-03s,ext1,173,ok,68,11,0.009454210069444444,309,309,136,0.9396626297577855,0.0,7.43,18.3,0.64,,tracks/AUTOLab+5d05c5aa+2023-09-02-10h-49m-03s/ext1_f00173.npz
AUTOLab+5d05c5aa+2023-09-02-10h-49m-03s,ext2,80,ok,67,13,0.014053819444444445,309,309,229,0.9075148276086815,0.208955223880597,11.67,19.6,0.64,,tracks/AUTOLab+5d05c5aa+2023-09-02-10h-49m-03s/ext2_f00080.npz
AUTOLab+5d05c5aa+2023-09-02-10h-49m-03s,ext2,173,ok,63,15,0.016782769097222223,309,309,136,0.8131419234360411,0.19047619047619047,7.2,18.9,0.64,,tracks/AUTOLab+5d05c5aa+2023-09-02-10h-49m-03s/ext2_f00173.npz
AUTOLab+5d05c5aa+2023-09-02-10h-51m-11s,ext1,82,ok,74,11,0.010474175347222222,404,404,322,0.7178949135470875,0.13513513513513514,17.01,18.9,0.64,,tracks/AUTOLab+5d05c5aa+2023-09-02-10h-51m-11s/ext1_f00082.npz
AUTOLab+5d05c5aa+2023-09-02-10h-51m-11s,ext1,168,ok,67,17,0.020947265625,404,404,236,0.7090817100935998,0.16417910447761194,12.35,19.1,0.64,,tracks/AUTOLab+5d05c5aa+2023-09-02-10h-51m-11s/ext1_f00168.npz
AUTOLab+5d05c5aa+2023-09-02-10h-51m-11s,ext1,251,ok,69,14,0.01505642361111111,404,404,153,0.7056929051813963,0.15942028985507245,8.31,18.4,0.64,,tracks/AUTOLab+5d05c5aa+2023-09-02-10h-51m-11s/ext1_f00251.npz
AUTOLab+5d05c5aa+2023-09-02-10h-51m-11s,ext2,82,ok,63,13,0.014143880208333333,404,404,322,0.8074041210687174,0.3333333333333333,16.81,19.2,0.64,,tracks/AUTOLab+5d05c5aa+2023-09-02-10h-51m-11s/ext2_f00082.npz
AUTOLab+5d05c5aa+2023-09-02-10h-51m-11s,ext2,168,ok,65,17,0.02118381076388889,404,404,236,0.7522164276401565,0.27692307692307694,12.5,18.9,0.64,,tracks/AUTOLab+5d05c5aa+2023-09-02-10h-51m-11s/ext2_f00168.npz
AUTOLab+5d05c5aa+2023-09-02-10h-51m-11s,ext2,251,ok,71,21,0.03453342013888889,404,404,153,0.6955721255638405,0.2676056338028169,8.44,18.1,0.64,,tracks/AUTOLab+5d05c5aa+2023-09-02-10h-51m-11s/ext2_f00251.npz
AUTOLab+5d05c5aa+2023-11-12-16h-54m-03s,ext1,876,ok,59,8,0.005284288194444445,1080,1080,204,0.9866234629444999,0.9830508474576272,11.41,17.9,0.64,,tracks/AUTOLab+5d05c5aa+2023-11-12-16h-54m-03s/ext1_f00876.npz
AUTOLab+5d05c5aa+2023-11-12-16h-54m-03s,ext2,876,ok,62,15,0.017903645833333332,1080,1080,204,0.6744149272612271,0.04838709677419355,11.43,17.8,0.64,,tracks/AUTOLab+5d05c5aa+2023-11-12-16h-54m-03s/ext2_f00876.npz
AUTOLab+5d05c5aa+2023-11-12-21h-12m-59s,ext1,352,ok,66,14,0.014916449652777778,790,790,438,0.9535422720354227,1.0,23.32,18.8,0.64,,tracks/AUTOLab+5d05c5aa+2023-11-12-21h-12m-59s/ext1_f00352.npz
AUTOLab+5d05c5aa+2023-11-12-21h-12m-59s,ext2,352,ok,73,12,0.011420355902777778,790,790,438,0.7884531181585038,0.6986301369863014,22.9,19.1,0.64,,tracks/AUTOLab+5d05c5aa+2023-11-12-21h-12m-59s/ext2_f00352.npz
AUTOLab+5d05c5aa+2023-11-17-22h-34m-22s,ext1,69,ok,77,7,0.004548611111111111,1098,1098,1029,0.5914707255815127,0.0,52.85,19.5,0.64,,tracks/AUTOLab+5d05c5aa+2023-11-17-22h-34m-22s/ext1_f00069.npz
AUTOLab+5d05c5aa+2023-11-17-22h-34m-22s,ext2,69,ok,70,15,0.016864149305555555,1098,1098,1029,0.6815632375399139,0.22857142857142856,53.3,19.3,0.64,,tracks/AUTOLab+5d05c5aa+2023-11-17-22h-34m-22s/ext2_f00069.npz
AUTOLab+5d05c5aa+2023-11-18-01h-24m-07s,ext1,16,ok,62,8,0.005546875,115,115,99,0.9113717823395243,0.8709677419354839,5.05,19.6,0.64,,tracks/AUTOLab+5d05c5aa+2023-11-18-01h-24m-07s/ext1_f00016.npz
AUTOLab+5d05c5aa+2023-11-18-01h-24m-07s,ext2,16,ok,76,14,0.016136067708333333,115,115,99,0.8961988304093568,0.9473684210526315,5.31,18.6,0.64,,tracks/AUTOLab+5d05c5aa+2023-11-18-01h-24m-07s/ext2_f00016.npz
AUTOLab+7cb094d5+2023-12-13-18h-06m-10s,ext1,131,ok,66,11,0.009682074652777779,339,339,208,0.8784965034965035,0.8484848484848485,10.67,19.5,0.64,,tracks/AUTOLab+7cb094d5+2023-12-13-18h-06m-10s/ext1_f00131.npz
AUTOLab+7cb094d5+2023-12-13-18h-06m-10s,ext1,170,ok,58,11,0.008626302083333334,339,339,169,0.742093450316262,0.8793103448275862,8.75,19.3,0.64,,tracks/AUTOLab+7cb094d5+2023-12-13-18h-06m-10s/ext1_f00170.npz
AUTOLab+7cb094d5+2023-12-13-18h-06m-10s,ext2,131,ok,47,4,0.001238064236111111,339,339,208,0.44905891980360063,0.44680851063829785,10.94,19.0,0.64,,tracks/AUTOLab+7cb094d5+2023-12-13-18h-06m-10s/ext2_f00131.npz
AUTOLab+7cb094d5+2023-12-13-18h-06m-10s,ext2,170,ok,50,5,0.0023817274305555558,339,339,169,0.3049704142011834,0.94,8.75,19.3,0.64,,tracks/AUTOLab+7cb094d5+2023-12-13-18h-06m-10s/ext2_f00170.npz
AUTOLab+7cb094d5+2023-12-13-18h-09m-21s,ext1,68,ok,58,6,0.0028059895833333335,537,537,469,0.3633556356150283,0.27586206896551724,23.98,19.6,0.64,,tracks/AUTOLab+7cb094d5+2023-12-13-18h-09m-21s/ext1_f00068.npz
AUTOLab+7cb094d5+2023-12-13-18h-09m-21s,ext1,179,ok,70,9,0.00669921875,537,537,358,0.7010774142059059,0.9,18.83,19.0,0.64,,tracks/AUTOLab+7cb094d5+2023-12-13-18h-09m-21s/ext1_f00179.npz
AUTOLab+7cb094d5+2023-12-13-18h-09m-21s,ext2,68,ok,60,9,0.0065299479166666665,537,537,469,0.7843283582089552,0.36666666666666664,23.96,19.6,0.64,,tracks/AUTOLab+7cb094d5+2023-12-13-18h-09m-21s/ext2_f00068.npz
AUTOLab+7cb094d5+2023-12-13-18h-09m-21s,ext2,179,ok,65,7,0.0045616319444444445,537,537,358,0.8716373012462398,0.9692307692307692,18.96,18.9,0.64,,tracks/AUTOLab+7cb094d5+2023-12-13-18h-09m-21s/ext2_f00179.npz
AUTOLab+7cb094d5+2023-12-13-21h-25m-01s,ext1,263,ok,58,9,0.0065418836805555556,495,495,232,0.7959274673008323,0.5517241379310345,11.84,19.6,0.64,,tracks/AUTOLab+7cb094d5+2023-12-13-21h-25m-01s/ext1_f00263.npz
AUTOLab+7cb094d5+2023-12-13-21h-25m-01s,ext1,405,ok,70,9,0.0072113715277777775,495,495,90,0.9958730158730159,1.0,4.95,18.2,0.64,,tracks/AUTOLab+7cb094d5+2023-12-13-21h-25m-01s/ext1_f00405.npz
AUTOLab+7cb094d5+2023-12-13-21h-25m-01s,ext2,263,ok,81,10,0.009080946180555556,495,495,232,0.7337696892294594,0.9629629629629629,12.47,18.6,0.65,,tracks/AUTOLab+7cb094d5+2023-12-13-21h-25m-01s/ext2_f00263.npz
AUTOLab+7cb094d5+2023-12-13-21h-25m-01s,ext2,405,ok,73,8,0.005256076388888889,495,495,90,0.884779299847793,0.821917808219178,4.97,18.1,0.64,,tracks/AUTOLab+7cb094d5+2023-12-13-21h-25m-01s/ext2_f00405.npz
AUTOLab+7cb094d5+2023-12-13-21h-29m-17s,ext1,94,ok,54,8,0.004875217013888889,808,808,714,0.4980547774665422,0.0,36.01,19.8,0.64,,tracks/AUTOLab+7cb094d5+2023-12-13-21h-29m-17s/ext1_f00094.npz
AUTOLab+7cb094d5+2023-12-13-21h-29m-17s,ext1,592,ok,67,10,0.008357204861111111,808,808,216,0.7495163073521283,0.6716417910447762,11.74,18.4,0.64,,tracks/AUTOLab+7cb094d5+2023-12-13-21h-29m-17s/ext1_f00592.npz
AUTOLab+7cb094d5+2023-12-13-21h-29m-17s,ext1,630,ok,62,12,0.01043728298611111,808,808,178,0.8730518303733237,0.967741935483871,9.72,18.3,0.64,,tracks/AUTOLab+7cb094d5+2023-12-13-21h-29m-17s/ext1_f00630.npz
AUTOLab+7cb094d5+2023-12-13-21h-29m-17s,ext2,592,ok,72,13,0.014773220486111112,808,808,216,0.23668981481481483,0.05555555555555555,11.38,19.0,0.64,,tracks/AUTOLab+7cb094d5+2023-12-13-21h-29m-17s/ext2_f00592.npz
AUTOLab+7cb094d5+2023-12-13-21h-29m-17s,ext2,630,ok,69,9,0.006317274305555555,808,808,178,0.5929001791239212,0.391304347826087,9.6,18.5,0.64,,tracks/AUTOLab+7cb094d5+2023-12-13-21h-29m-17s/ext2_f00630.npz
AUTOLab+7cb094d5+2023-12-13-21h-29m-17s,ext2,94,ok,74,7,0.004205729166666667,808,808,714,0.39963282610341433,0.0,37.55,19.0,0.64,,tracks/AUTOLab+7cb094d5+2023-12-13-21h-29m-17s/ext2_f00094.npz
AUTOLab+7cb094d5+2023-12-13-21h-49m-47s,ext1,120,ok,64,12,0.011064453125,300,300,180,0.7457465277777777,0.953125,9.6,18.7,0.65,,tracks/AUTOLab+7cb094d5+2023-12-13-21h-49m-47s/ext1_f00120.npz
AUTOLab+7cb094d5+2023-12-13-21h-49m-47s,ext2,120,ok,74,6,0.0031944444444444446,300,300,180,0.6807057057057057,0.527027027027027,9.37,19.2,0.64,,tracks/AUTOLab+7cb094d5+2023-12-13-21h-49m-47s/ext2_f00120.npz
AUTOLab+7cb094d5+2023-12-13-22h-08m-16s,ext1,77,ok,62,7,0.004014756944444444,210,210,133,0.8673296143584769,0.7419354838709677,6.84,19.5,0.64,,tracks/AUTOLab+7cb094d5+2023-12-13-22h-08m-16s/ext1_f00077.npz
AUTOLab+7cb094d5+2023-12-13-22h-08m-16s,ext2,77,ok,74,6,0.0032411024305555557,210,210,133,0.535663483031904,0.0,7.0,19.0,0.64,,tracks/AUTOLab+7cb094d5+2023-12-13-22h-08m-16s/ext2_f00077.npz
AUTOLab+7cb094d5+2023-12-13-23h-07m-10s,ext1,312,ok,61,10,0.00884982638888889,324,324,12,0.9836065573770492,0.9672131147540983,0.92,13.1,0.64,,tracks/AUTOLab+7cb094d5+2023-12-13-23h-07m-10s/ext1_f00312.npz
AUTOLab+7cb094d5+2023-12-13-23h-07m-10s,ext1,60,ok,55,9,0.0067350260416666665,324,324,264,0.946969696969697,0.7454545454545455,13.5,19.6,0.64,,tracks/AUTOLab+7cb094d5+2023-12-13-23h-07m-10s/ext1_f00060.npz
AUTOLab+7cb094d5+2023-12-13-23h-07m-10s,ext1,269,ok,61,13,0.012848307291666666,324,324,55,0.5716840536512667,0.21311475409836064,3.15,17.5,0.64,,tracks/AUTOLab+7cb094d5+2023-12-13-23h-07m-10s/ext1_f00269.npz
AUTOLab+7cb094d5+2023-12-13-23h-07m-10s,ext2,60,ok,60,10,0.008483072916666667,324,324,264,0.771780303030303,0.8333333333333334,13.35,19.8,0.64,,tracks/AUTOLab+7cb094d5+2023-12-13-23h-07m-10s/ext2_f00060.npz
AUTOLab+7cb094d5+2023-12-13-23h-07m-10s,ext2,269,ok,65,10,0.008543836805555555,324,324,55,0.7874125874125875,0.5538461538461539,3.22,17.1,0.65,,tracks/AUTOLab+7cb094d5+2023-12-13-23h-07m-10s/ext2_f00269.npz
AUTOLab+7cb094d5+2023-12-13-23h-07m-10s,ext2,312,ok,62,12,0.011614583333333333,324,324,12,0.9865591397849462,0.9838709677419355,0.9,13.3,0.64,,tracks/AUTOLab+7cb094d5+2023-12-13-23h-07m-10s/ext2_f00312.npz
AUTOLab+7cb094d5+2023-12-13-23h-33m-27s,ext1,212,ok,58,12,0.012119140625,507,507,295,0.9042080654587961,1.0,14.95,19.7,0.64,,tracks/AUTOLab+7cb094d5+2023-12-13-23h-33m-27s/ext1_f00212.npz
AUTOLab+7cb094d5+2023-12-13-23h-33m-27s,ext1,314,ok,64,18,0.024562717013888888,507,507,193,0.889815414507772,0.953125,10.03,19.2,0.64,,tracks/AUTOLab+7cb094d5+2023-12-13-23h-33m-27s/ext1_f00314.npz
AUTOLab+7cb094d5+2023-12-13-23h-33m-27s,ext1,400,ok,64,17,0.02308376736111111,507,507,107,0.860251168224299,1.0,5.95,18.0,0.65,,tracks/AUTOLab+7cb094d5+2023-12-13-23h-33m-27s/ext1_f00400.npz
AUTOLab+7cb094d5+2023-12-13-23h-33m-27s,ext1,494,ok,70,16,0.021165364583333332,507,507,13,1.0,1.0,1.1,11.8,0.64,,tracks/AUTOLab+7cb094d5+2023-12-13-23h-33m-27s/ext1_f00494.npz
AUTOLab+7cb094d5+2023-12-13-23h-33m-27s,ext1,56,ok,64,17,0.02238823784722222,507,507,451,0.8752771618625277,0.96875,22.97,19.6,0.64,,tracks/AUTOLab+7cb094d5+2023-12-13-23h-33m-27s/ext1_f00056.npz
AUTOLab+7cb094d5+2023-12-13-23h-33m-27s,ext1,116,ok,66,17,0.02270073784722222,507,507,391,0.8837479655893978,1.0,20.22,19.3,0.64,,tracks/AUTOLab+7cb094d5+2023-12-13-23h-33m-27s/ext1_f00116.npz
AUTOLab+7cb094d5+2023-12-13-23h-33m-27s,ext1,144,ok,60,17,0.02177951388888889,507,507,363,0.8645087235996327,1.0,18.79,19.3,0.64,,tracks/AUTOLab+7cb094d5+2023-12-13-23h-33m-27s/ext1_f00144.npz
AUTOLab+7cb094d5+2023-12-13-23h-33m-27s,ext1,186,ok,60,18,0.023792317708333333,507,507,321,0.8820872274143302,1.0,16.86,19.0,0.64,,tracks/AUTOLab+7cb094d5+2023-12-13-23h-33m-27s/ext1_f00186.npz
AUTOLab+7cb094d5+2023-12-13-23h-33m-27s,ext2,212,ok,73,12,0.012720269097222223,507,507,295,0.7832830276294405,0.9452054794520548,15.07,19.6,0.64,,tracks/AUTOLab+7cb094d5+2023-12-13-23h-33m-27s/ext2_f00212.npz
AUTOLab+7cb094d5+2023-12-13-23h-33m-27s,ext2,314,ok,61,15,0.017152777777777777,507,507,193,0.8867748237492568,1.0,9.94,19.4,0.64,,tracks/AUTOLab+7cb094d5+2023-12-13-23h-33m-27s/ext2_f00314.npz
AUTOLab+7cb094d5+2023-12-13-23h-33m-27s,ext2,400,ok,64,15,0.018426649305555556,507,507,107,0.8225759345794392,1.0,5.96,17.9,0.65,,tracks/AUTOLab+7cb094d5+2023-12-13-23h-33m-27s/ext2_f00400.npz
AUTOLab+7cb094d5+2023-12-13-23h-33m-27s,ext2,494,ok,63,14,0.015160590277777778,507,507,13,0.9938949938949939,0.9841269841269841,1.05,12.3,0.64,,tracks/AUTOLab+7cb094d5+2023-12-13-23h-33m-27s/ext2_f00494.npz
AUTOLab+7cb094d5+2023-12-13-23h-33m-27s,ext2,56,ok,61,14,0.015055338541666666,507,507,451,0.8424266656973575,0.9836065573770492,22.86,19.7,0.64,,tracks/AUTOLab+7cb094d5+2023-12-13-23h-33m-27s/ext2_f00056.npz
AUTOLab+7cb094d5+2023-12-13-23h-33m-27s,ext2,116,ok,66,14,0.01569118923611111,507,507,391,0.9024645431295047,1.0,20.26,19.3,0.64,,tracks/AUTOLab+7cb094d5+2023-12-13-23h-33m-27s/ext2_f00116.npz
AUTOLab+7cb094d5+2023-12-13-23h-33m-27s,ext2,144,ok,60,15,0.016890190972222222,507,507,363,0.7155188246097337,0.8833333333333333,18.68,19.4,0.64,,tracks/AUTOLab+7cb094d5+2023-12-13-23h-33m-27s/ext2_f00144.npz
AUTOLab+7cb094d5+2023-12-13-23h-33m-27s,ext2,186,ok,59,15,0.016780598958333334,507,507,321,0.9019483605258989,1.0,16.88,19.0,0.64,,tracks/AUTOLab+7cb094d5+2023-12-13-23h-33m-27s/ext2_f00186.npz
AUTOLab+7cb094d5+2023-12-14-10h-45m-51s,ext1,632,ok,33,4,0.0008572048611111111,1015,1015,383,0.9121765962497033,1.0,19.12,20.0,0.64,,tracks/AUTOLab+7cb094d5+2023-12-14-10h-45m-51s/ext1_f00632.npz
AUTOLab+7cb094d5+2023-12-14-10h-45m-51s,ext1,806,ok,58,5,0.0020735677083333335,1015,1015,209,0.9122257053291536,0.8793103448275862,11.12,18.8,0.64,,tracks/AUTOLab+7cb094d5+2023-12-14-10h-45m-51s/ext1_f00806.npz
AUTOLab+7cb094d5+2023-12-14-10h-45m-51s,ext1,36,ok,58,8,0.004892578125,1015,1015,979,0.7362192244020993,1.0,49.92,19.6,0.64,,tracks/AUTOLab+7cb094d5+2023-12-14-10h-45m-51s/ext1_f00036.npz
AUTOLab+7cb094d5+2023-12-14-10h-45m-51s,ext1,90,ok,60,7,0.003908420138888889,1015,1015,925,0.8128288288288288,1.0,47.58,19.4,0.64,,tracks/AUTOLab+7cb094d5+2023-12-14-10h-45m-51s/ext1_f00090.npz
AUTOLab+7cb094d5+2023-12-14-10h-45m-51s,ext1,226,ok,64,5,0.002045355902777778,1015,1015,789,0.8332541191381495,1.0,40.74,19.4,0.64,,tracks/AUTOLab+7cb094d5+2023-12-14-10h-45m-51s/ext1_f00226.npz
AUTOLab+7cb094d5+2023-12-14-10h-45m-51s,ext1,543,ok,56,5,0.0023817274305555558,1015,1015,472,0.7064164648910412,0.9107142857142857,25.26,18.7,0.64,,tracks/AUTOLab+7cb094d5+2023-12-14-10h-45m-51s/ext1_f00543.npz
AUTOLab+7cb094d5+2023-12-14-10h-45m-51s,ext2,36,ok,69,8,0.006323784722222222,1015,1015,979,0.6004500303474412,0.927536231884058,51.15,19.1,0.65,,tracks/AUTOLab+7cb094d5+2023-12-14-10h-45m-51s/ext2_f00036.npz
AUTOLab+7cb094d5+2023-12-14-10h-45m-51s,ext2,90,ok,28,4,0.0007931857638888888,1015,1015,925,0.8208494208494208,1.0,45.5,20.3,0.64,,tracks/AUTOLab+7cb094d5+2023-12-14-10h-45m-51s/ext2_f00090.npz
AUTOLab+7cb094d5+2023-12-14-10h-45m-51s,ext2,226,ok,18,4,0.0008257378472222222,1015,1015,789,0.5748486128714265,1.0,38.64,20.4,0.64,,tracks/AUTOLab+7cb094d5+2023-12-14-10h-45m-51s/ext2_f00226.npz
AUTOLab+7cb094d5+2023-12-14-10h-45m-51s,ext2,543,ok,72,4,0.0018446180555555555,1015,1015,472,0.4992643596986817,0.0,24.77,19.1,0.64,,tracks/AUTOLab+7cb094d5+2023-12-14-10h-45m-51s/ext2_f00543.npz
AUTOLab+7cb094d5+2023-12-14-10h-45m-51s,ext2,632,ok,74,4,0.0020963541666666665,1015,1015,383,0.7452896760990756,1.0,20.11,19.0,0.64,,tracks/AUTOLab+7cb094d5+2023-12-14-10h-45m-51s/ext2_f00632.npz
AUTOLab+7cb094d5+2023-12-14-10h-45m-51s,ext2,806,ok,37,4,0.001103515625,1015,1015,209,0.6981766455450666,0.918918918918919,11.41,18.3,0.64,,tracks/AUTOLab+7cb094d5+2023-12-14-10h-45m-51s/ext2_f00806.npz
AUTOLab+7cb094d5+2023-12-14-12h-05m-55s,ext1,197,ok,57,8,0.007543402777777777,234,234,37,0.9886201991465149,1.0,2.11,17.6,0.64,,tracks/AUTOLab+7cb094d5+2023-12-14-12h-05m-55s/ext1_f00197.npz
AUTOLab+7cb094d5+2023-12-14-12h-05m-55s,ext2,197,ok,63,10,0.008650173611111112,234,234,37,0.9446589446589446,0.873015873015873,2.11,17.5,0.64,,tracks/AUTOLab+7cb094d5+2023-12-14-12h-05m-55s/ext2_f00197.npz
AUTOLab+7cb094d5+2023-12-14-12h-06m-34s,ext1,138,ok,80,8,0.006055772569444445,981,981,843,0.6202698695136417,0.4375,44.43,19.0,0.65,,tracks/AUTOLab+7cb094d5+2023-12-14-12h-06m-34s/ext1_f00138.npz
AUTOLab+7cb094d5+2023-12-14-12h-06m-34s,ext1,548,ok,24,4,0.0009700520833333333,981,981,433,0.99153194765204,1.0,21.93,19.7,0.64,,tracks/AUTOLab+7cb094d5+2023-12-14-12h-06m-34s/ext1_f00548.npz
AUTOLab+7cb094d5+2023-12-14-12h-06m-34s,ext2,138,ok,70,12,0.011060112847222222,981,981,843,0.8330791391289611,0.8428571428571429,42.95,19.6,0.64,,tracks/AUTOLab+7cb094d5+2023-12-14-12h-06m-34s/ext2_f00138.npz
AUTOLab+7cb094d5+2023-12-14-12h-06m-34s,ext2,548,ok,68,15,0.017637803819444443,981,981,433,0.7959855997826383,0.6176470588235294,22.67,19.1,0.64,,tracks/AUTOLab+7cb094d5+2023-12-14-12h-06m-34s/ext2_f00548.npz
AUTOLab+7cb094d5+2023-12-14-13h-24m-55s,ext1,73,ok,78,4,0.0016731770833333334,85,85,12,0.9882478632478633,0.9871794871794872,0.77,15.6,0.64,,tracks/AUTOLab+7cb094d5+2023-12-14-13h-24m-55s/ext1_f00073.npz
AUTOLab+7cb094d5+2023-12-14-13h-24m-55s,ext2,73,ok,66,9,0.007581380208333334,85,85,12,0.9987373737373737,0.9848484848484849,0.8,14.9,0.64,,tracks/AUTOLab+7cb094d5+2023-12-14-13h-24m-55s/ext2_f00073.npz
AUTOLab+7cb094d5+2023-12-15-16h-23m-25s,ext1,29,ok,72,21,0.03403211805555555,407,407,378,0.5141460905349794,0.4861111111111111,19.27,19.6,0.64,,tracks/AUTOLab+7cb094d5+2023-12-15-16h-23m-25s/ext1_f00029.npz
AUTOLab+7cb094d5+2023-12-15-16h-23m-25s,ext2,29,ok,65,15,0.017176649305555555,407,407,378,0.7956450956450957,0.9230769230769231,19.22,19.7,0.64,,tracks/AUTOLab+7cb094d5+2023-12-15-16h-23m-25s/ext2_f00029.npz
AUTOLab+7cb094d5+2023-12-15-16h-25m-41s,ext1,120,ok,66,9,0.0063009982638888885,409,409,289,0.8232148474363007,0.8181818181818182,15.17,19.1,0.65,,tracks/AUTOLab+7cb094d5+2023-12-15-16h-25m-41s/ext1_f00120.npz
AUTOLab+7cb094d5+2023-12-15-16h-25m-41s,ext1,168,ok,70,10,0.008119574652777777,409,409,241,0.8468286899822169,0.8,12.55,19.2,0.64,,tracks/AUTOLab+7cb094d5+2023-12-15-16h-25m-41s/ext1_f00168.npz
AUTOLab+7cb094d5+2023-12-15-16h-25m-41s,ext1,181,ok,64,10,0.007566189236111111,409,409,228,0.8690378289473685,0.90625,11.78,19.4,0.64,,tracks/AUTOLab+7cb094d5+2023-12-15-16h-25m-41s/ext1_f00181.npz
AUTOLab+7cb094d5+2023-12-15-16h-25m-41s,ext2,120,ok,71,10,0.008549262152777778,409,409,289,0.9121789560894781,0.7605633802816901,15.05,19.2,0.64,,tracks/AUTOLab+7cb094d5+2023-12-15-16h-25m-41s/ext2_f00120.npz
AUTOLab+7cb094d5+2023-12-15-16h-25m-41s,ext2,168,ok,73,11,0.010282118055555555,409,409,241,0.9111578468709146,0.8767123287671232,12.67,19.0,0.64,,tracks/AUTOLab+7cb094d5+2023-12-15-16h-25m-41s/ext2_f00168.npz
AUTOLab+7cb094d5+2023-12-15-16h-25m-41s,ext2,181,ok,75,10,0.00830837673611111,409,409,228,0.9152631578947369,0.8266666666666667,12.34,18.5,0.64,,tracks/AUTOLab+7cb094d5+2023-12-15-16h-25m-41s/ext2_f00181.npz
AUTOLab+7cb094d5+2023-12-15-17h-07m-32s,ext1,86,ok,67,11,0.008682725694444445,134,134,48,0.8631840796019901,0.7910447761194029,2.51,19.1,0.64,,tracks/AUTOLab+7cb094d5+2023-12-15-17h-07m-32s/ext1_f00086.npz
AUTOLab+7cb094d5+2023-12-15-17h-07m-32s,ext1,118,ok,67,14,0.015028211805555556,134,134,16,0.7154850746268657,0.6268656716417911,0.98,16.2,0.64,,tracks/AUTOLab+7cb094d5+2023-12-15-17h-07m-32s/ext1_f00118.npz
AUTOLab+7cb094d5+2023-12-15-17h-07m-32s,ext2,86,ok,66,24,0.04059678819444444,134,134,48,0.6726641414141414,0.8787878787878788,2.83,17.0,0.65,,tracks/AUTOLab+7cb094d5+2023-12-15-17h-07m-32s/ext2_f00086.npz
AUTOLab+7cb094d5+2023-12-15-17h-07m-32s,ext2,118,ok,73,17,0.02219509548611111,134,134,16,0.988013698630137,1.0,1.02,15.6,0.64,,tracks/AUTOLab+7cb094d5+2023-12-15-17h-07m-32s/ext2_f00118.npz
AUTOLab+7cb094d5+2023-12-15-17h-43m-21s,ext1,265,ok,16,4,0.0007042100694444445,413,413,148,0.9121621621621622,1.0,7.44,19.9,0.64,,tracks/AUTOLab+7cb094d5+2023-12-15-17h-43m-21s/ext1_f00265.npz
AUTOLab+7cb094d5+2023-12-15-17h-43m-21s,ext2,265,ok,70,4,0.001691623263888889,413,413,148,0.6395752895752895,1.0,7.96,18.6,0.64,,tracks/AUTOLab+7cb094d5+2023-12-15-17h-43m-21s/ext2_f00265.npz
AUTOLab+7cb094d5+2023-12-16-00h-23m-42s,ext1,113,ok,65,10,0.00822482638888889,454,454,341,0.885810963230318,0.9692307692307692,17.59,19.4,0.64,,tracks/AUTOLab+7cb094d5+2023-12-16-00h-23m-42s/ext1_f00113.npz
AUTOLab+7cb094d5+2023-12-16-00h-23m-42s,ext1,143,ok,59,8,0.005244140625,454,454,311,0.9173251948335059,0.9830508474576272,16.5,18.9,0.64,,tracks/AUTOLab+7cb094d5+2023-12-16-00h-23m-42s/ext1_f00143.npz
AUTOLab+7cb094d5+2023-12-16-00h-23m-42s,ext2,113,ok,71,13,0.013237847222222222,454,454,341,0.8074015943166329,0.971830985915493,17.37,19.6,0.64,,tracks/AUTOLab+7cb094d5+2023-12-16-00h-23m-42s/ext2_f00113.npz
AUTOLab+7cb094d5+2023-12-16-00h-23m-42s,ext2,143,ok,61,13,0.012732204861111112,454,454,311,0.9100732697274788,0.9836065573770492,15.92,19.5,0.64,,tracks/AUTOLab+7cb094d5+2023-12-16-00h-23m-42s/ext2_f00143.npz
AUTOLab+7cb094d5+2023-12-16-00h-52m-35s,ext1,376,ok,62,10,0.008812934027777778,404,404,28,0.9706221198156681,0.9193548387096774,1.9,14.8,0.65,,tracks/AUTOLab+7cb094d5+2023-12-16-00h-52m-35s/ext1_f00376.npz
AUTOLab+7cb094d5+2023-12-16-00h-52m-35s,ext2,376,ok,72,9,0.0066927083333333335,404,404,28,0.8844246031746031,0.7777777777777778,1.85,15.1,0.64,,tracks/AUTOLab+7cb094d5+2023-12-16-00h-52m-35s/ext2_f00376.npz
AUTOLab+84bd5053+2023-07-21-12h-42m-32s,ext1,8,ok,64,8,0.0061534288194444444,129,129,121,0.9975464876033058,1.0,6.27,19.3,0.64,,tracks/AUTOLab+84bd5053+2023-07-21-12h-42m-32s/ext1_f00008.npz
AUTOLab+84bd5053+2023-07-21-12h-42m-32s,ext2,8,ok,71,12,0.011297743055555556,129,129,121,0.7268071237341404,0.6338028169014085,6.35,19.0,0.64,,tracks/AUTOLab+84bd5053+2023-07-21-12h-42m-32s/ext2_f00008.npz
AUTOLab+84bd5053+2023-09-04-18h-45m-31s,ext1,129,ok,62,17,0.021196831597222222,221,221,92,0.8006661991584852,0.7419354838709677,4.92,18.7,0.64,,tracks/AUTOLab+84bd5053+2023-09-04-18h-45m-31s/ext1_f00129.npz
AUTOLab+84bd5053+2023-09-04-18h-45m-31s,ext2,129,ok,64,17,0.022526041666666666,221,221,92,0.720108695652174,0.796875,5.03,18.3,0.64,,tracks/AUTOLab+84bd5053+2023-09-04-18h-45m-31s/ext2_f00129.npz
AUTOLab+84bd5053+2023-09-10-16h-17m-22s,ext1,233,ok,74,13,0.013995225694444445,2100,2100,1867,0.2050333675936247,0.4594594594594595,94.58,19.7,0.64,,tracks/AUTOLab+84bd5053+2023-09-10-16h-17m-22s/ext1_f00233.npz
AUTOLab+84bd5053+2023-09-10-16h-17m-22s,ext1,579,ok,59,9,0.006130642361111111,2100,2100,1521,0.7216817660103189,0.9491525423728814,76.97,19.8,0.64,,tracks/AUTOLab+84bd5053+2023-09-10-16h-17m-22s/ext1_f00579.npz
AUTOLab+84bd5053+2023-09-10-16h-17m-22s,ext2,233,ok,68,8,0.004933810763888889,2100,2100,1867,0.8879769368915215,1.0,97.61,19.1,0.65,,tracks/AUTOLab+84bd5053+2023-09-10-16h-17m-22s/ext2_f00233.npz
AUTOLab+84bd5053+2023-09-10-16h-17m-22s,ext2,579,ok,62,9,0.0063943142361111115,2100,2100,1521,0.8222731225212615,0.8870967741935484,77.67,19.6,0.64,,tracks/AUTOLab+84bd5053+2023-09-10-16h-17m-22s/ext2_f00579.npz
AUTOLab+84bd5053+2023-10-13-20h-18m-20s,ext1,87,ok,72,7,0.004321831597222222,117,117,30,0.27037037037037037,0.0,1.72,17.4,0.64,,tracks/AUTOLab+84bd5053+2023-10-13-20h-18m-20s/ext1_f00087.npz
AUTOLab+84bd5053+2023-10-13-20h-18m-20s,ext2,87,ok,69,12,0.012373046875,117,117,30,0.9454106280193236,0.8840579710144928,1.71,17.5,0.64,,tracks/AUTOLab+84bd5053+2023-10-13-20h-18m-20s/ext2_f00087.npz
AUTOLab+84bd5053+2023-10-13-20h-21m-40s,ext1,113,ok,67,7,0.004453125,145,145,32,0.363339552238806,0.6865671641791045,1.83,17.5,0.64,,tracks/AUTOLab+84bd5053+2023-10-13-20h-21m-40s/ext1_f00113.npz
AUTOLab+84bd5053+2023-10-13-20h-21m-40s,ext1,139,ok,78,9,0.007217881944444444,145,145,6,0.9871794871794872,0.9743589743589743,0.55,10.9,0.64,,tracks/AUTOLab+84bd5053+2023-10-13-20h-21m-40s/ext1_f00139.npz
AUTOLab+84bd5053+2023-10-13-20h-21m-40s,ext2,113,ok,66,9,0.007112630208333333,145,145,32,0.9834280303030303,0.9393939393939394,1.74,18.4,0.64,,tracks/AUTOLab+84bd5053+2023-10-13-20h-21m-40s/ext2_f00113.npz
AUTOLab+84bd5053+2023-10-13-20h-21m-40s,ext2,139,ok,62,9,0.007093098958333334,145,145,6,1.0,1.0,0.53,11.4,0.64,,tracks/AUTOLab+84bd5053+2023-10-13-20h-21m-40s/ext2_f00139.npz
AUTOLab+84bd5053+2023-10-13-20h-25m-47s,ext1,85,ok,72,6,0.0036773003472222224,108,108,23,0.5489130434782609,0.013888888888888888,1.37,16.8,0.65,,tracks/AUTOLab+84bd5053+2023-10-13-20h-25m-47s/ext1_f00085.npz
AUTOLab+84bd5053+2023-10-13-20h-25m-47s,ext2,85,ok,62,10,0.008540581597222222,108,108,23,0.967741935483871,0.967741935483871,1.37,16.8,0.64,,tracks/AUTOLab+84bd5053+2023-10-13-20h-25m-47s/ext2_f00085.npz
AUTOLab+84bd5053+2023-10-13-20h-28m-45s,ext1,74,ok,67,7,0.004382595486111111,99,99,25,0.702089552238806,0.835820895522388,1.41,17.7,0.64,,tracks/AUTOLab+84bd5053+2023-10-13-20h-28m-45s/ext1_f00074.npz
AUTOLab+84bd5053+2023-10-13-20h-28m-45s,ext1,96,ok,65,11,0.009111328125,99,99,3,1.0,1.0,0.32,9.3,0.64,,tracks/AUTOLab+84bd5053+2023-10-13-20h-28m-45s/ext1_f00096.npz
AUTOLab+84bd5053+2023-10-13-20h-28m-45s,ext2,74,ok,70,10,0.008752170138888888,99,99,25,0.9388571428571428,0.7857142857142857,1.49,16.8,0.64,,tracks/AUTOLab+84bd5053+2023-10-13-20h-28m-45s/ext2_f00074.npz
AUTOLab+84bd5053+2023-10-13-20h-28m-45s,ext2,96,ok,55,11,0.008914930555555556,99,99,3,1.0,1.0,0.31,9.7,0.64,,tracks/AUTOLab+84bd5053+2023-10-13-20h-28m-45s/ext2_f00096.npz
AUTOLab+9aed6d7a+2023-11-06-19h-52m-45s,ext1,32,ok,66,11,0.010575086805555555,171,171,139,0.7583387835186396,0.48484848484848486,7.09,19.6,0.64,,tracks/AUTOLab+9aed6d7a+2023-11-06-19h-52m-45s/ext1_f00032.npz
AUTOLab+9aed6d7a+2023-11-06-19h-52m-45s,ext2,32,ok,62,9,0.005991753472222222,171,171,139,0.6539800417730331,0.6451612903225806,7.1,19.6,0.64,,tracks/AUTOLab+9aed6d7a+2023-11-06-19h-52m-45s/ext2_f00032.npz
AUTOLab+9aed6d7a+2023-11-06-20h-11m-23s,ext1,39,ok,60,17,0.021420355902777778,180,180,141,0.8160756501182033,0.8833333333333333,7.35,19.2,0.65,,tracks/AUTOLab+9aed6d7a+2023-11-06-20h-11m-23s/ext1_f00039.npz
AUTOLab+9aed6d7a+2023-11-06-20h-11m-23s,ext2,39,ok,82,12,0.012711588541666667,180,180,141,0.9257048953468258,0.9024390243902439,7.35,19.2,0.65,,tracks/AUTOLab+9aed6d7a+2023-11-06-20h-11m-23s/ext2_f00039.npz
AUTOLab+9aed6d7a+2023-11-06-20h-37m-10s,ext1,119,ok,62,11,0.009064670138888889,185,185,66,0.9821603128054741,0.967741935483871,3.52,18.7,0.64,,tracks/AUTOLab+9aed6d7a+2023-11-06-20h-37m-10s/ext1_f00119.npz
AUTOLab+9aed6d7a+2023-11-06-20h-37m-10s,ext2,119,ok,76,7,0.004494357638888889,185,185,66,0.965311004784689,0.8947368421052632,3.61,18.3,0.64,,tracks/AUTOLab+9aed6d7a+2023-11-06-20h-37m-10s/ext2_f00119.npz
AUTOLab+9aed6d7a+2023-11-07-16h-33m-19s,ext1,212,ok,68,6,0.002998046875,254,254,42,0.886204481792717,0.7794117647058824,2.56,16.4,0.64,,tracks/AUTOLab+9aed6d7a+2023-11-07-16h-33m-19s/ext1_f00212.npz
AUTOLab+9aed6d7a+2023-11-07-16h-33m-19s,ext2,212,ok,73,7,0.004745008680555556,254,254,42,0.8878016960208741,0.7397260273972602,2.53,16.6,0.64,,tracks/AUTOLab+9aed6d7a+2023-11-07-16h-33m-19s/ext2_f00212.npz
AUTOLab+9aed6d7a+2023-11-07-17h-14m-19s,ext1,9,ok,60,10,0.007430555555555556,231,231,222,0.586036036036036,0.9666666666666667,11.3,19.7,0.64,,tracks/AUTOLab+9aed6d7a+2023-11-07-17h-14m-19s/ext1_f00009.npz
AUTOLab+9aed6d7a+2023-11-07-17h-14m-19s,ext2,9,ok,69,14,0.016826171875,231,231,222,0.611698655176916,0.9710144927536232,11.5,19.3,0.64,,tracks/AUTOLab+9aed6d7a+2023-11-07-17h-14m-19s/ext2_f00009.npz
AUTOLab+9aed6d7a+2023-11-07-17h-20m-29s,ext1,323,ok,54,9,0.006473524305555555,605,605,282,0.5218019437877593,0.5740740740740741,15.05,18.7,0.65,,tracks/AUTOLab+9aed6d7a+2023-11-07-17h-20m-29s/ext1_f00323.npz
AUTOLab+9aed6d7a+2023-11-07-17h-20m-29s,ext1,350,ok,63,7,0.0037337239583333333,605,605,255,0.7057578586990352,1.0,13.48,18.9,0.65,,tracks/AUTOLab+9aed6d7a+2023-11-07-17h-20m-29s/ext1_f00350.npz
AUTOLab+9aed6d7a+2023-11-07-17h-20m-29s,ext1,563,ok,65,7,0.004476996527777778,605,605,42,0.7307692307692307,0.6,2.85,14.7,0.64,,tracks/AUTOLab+9aed6d7a+2023-11-07-17h-20m-29s/ext1_f00563.npz
AUTOLab+9aed6d7a+2023-11-07-17h-20m-29s,ext2,323,ok,65,10,0.008734809027777778,605,605,282,0.8684124386252046,0.2,15.04,18.7,0.64,,tracks/AUTOLab+9aed6d7a+2023-11-07-17h-20m-29s/ext2_f00323.npz
AUTOLab+9aed6d7a+2023-11-07-17h-20m-29s,ext2,350,ok,59,9,0.006728515625,605,605,255,0.8748421402459289,0.1864406779661017,13.36,19.1,0.64,,tracks/AUTOLab+9aed6d7a+2023-11-07-17h-20m-29s/ext2_f00350.npz
AUTOLab+9aed6d7a+2023-11-07-17h-20m-29s,ext2,563,ok,69,9,0.007171223958333334,605,605,42,0.7032436162870945,0.2463768115942029,2.91,14.5,0.64,,tracks/AUTOLab+9aed6d7a+2023-11-07-17h-20m-29s/ext2_f00563.npz
AUTOLab+9aed6d7a+2023-11-07-17h-21m-18s,ext1,84,ok,67,8,0.00548828125,230,230,146,0.8892864444898794,1.0,7.6,19.2,0.64,,tracks/AUTOLab+9aed6d7a+2023-11-07-17h-21m-18s/ext1_f00084.npz
AUTOLab+9aed6d7a+2023-11-07-17h-21m-18s,ext2,84,ok,60,10,0.008820529513888889,230,230,146,0.6465753424657534,0.016666666666666666,7.56,19.3,0.64,,tracks/AUTOLab+9aed6d7a+2023-11-07-17h-21m-18s/ext2_f00084.npz
AUTOLab+9aed6d7a+2023-11-16-12h-25m-59s,ext1,8,ok,66,15,0.0180859375,780,780,772,0.5168393782383419,1.0,40.11,19.2,0.65,,tracks/AUTOLab+9aed6d7a+2023-11-16-12h-25m-59s/ext1_f00008.npz
AUTOLab+9aed6d7a+2023-11-16-12h-25m-59s,ext2,8,ok,78,12,0.012077907986111112,780,780,772,0.8874219476551083,0.9102564102564102,39.78,19.4,0.65,,tracks/AUTOLab+9aed6d7a+2023-11-16-12h-25m-59s/ext2_f00008.npz
AUTOLab+9aed6d7a+2023-11-16-14h-36m-32s,ext1,506,ok,70,6,0.0033018663194444445,581,581,75,0.963047619047619,1.0,4.44,16.9,0.64,,tracks/AUTOLab+9aed6d7a+2023-11-16-14h-36m-32s/ext1_f00506.npz
AUTOLab+9aed6d7a+2023-11-16-14h-36m-32s,ext2,506,ok,63,10,0.008219401041666666,581,581,75,0.9991534391534391,1.0,4.46,16.8,0.64,,tracks/AUTOLab+9aed6d7a+2023-11-16-14h-36m-32s/ext2_f00506.npz
AUTOLab+9aed6d7a+2023-11-16-14h-45m-17s,ext1,9,ok,65,13,0.013528645833333333,534,534,525,0.5347106227106228,0.5846153846153846,26.89,19.5,0.64,,tracks/AUTOLab+9aed6d7a+2023-11-16-14h-45m-17s/ext1_f00009.npz
AUTOLab+9aed6d7a+2023-11-16-14h-45m-17s,ext2,9,ok,63,10,0.007462022569444444,534,534,525,0.9653514739229025,0.873015873015873,27.4,19.2,0.64,,tracks/AUTOLab+9aed6d7a+2023-11-16-14h-45m-17s/ext2_f00009.npz
AUTOLab+9aed6d7a+2023-11-16-15h-38m-38s,ext1,104,ok,65,10,0.007856987847222222,152,152,48,0.7410256410256411,0.7384615384615385,2.61,18.4,0.64,,tracks/AUTOLab+9aed6d7a+2023-11-16-15h-38m-38s/ext1_f00104.npz
AUTOLab+9aed6d7a+2023-11-16-15h-38m-38s,ext2,104,ok,74,6,0.0034223090277777776,152,152,48,0.6897522522522522,0.0,2.67,18.0,0.64,,tracks/AUTOLab+9aed6d7a+2023-11-16-15h-38m-38s/ext2_f00104.npz
AUTOLab+9aed6d7a+2023-11-16-15h-39m-00s,ext1,166,ok,61,12,0.011146918402777779,190,190,24,0.9842896174863388,0.9836065573770492,1.51,15.9,0.65,,tracks/AUTOLab+9aed6d7a+2023-11-16-15h-39m-00s/ext1_f00166.npz
AUTOLab+9aed6d7a+2023-11-16-15h-39m-00s,ext2,166,ok,79,6,0.003752170138888889,190,190,24,0.9994725738396625,1.0,1.66,14.5,0.65,,tracks/AUTOLab+9aed6d7a+2023-11-16-15h-39m-00s/ext2_f00166.npz
AUTOLab+9aed6d7a+2023-11-16-15h-41m-42s,ext1,115,ok,69,15,0.018065321180555555,201,201,86,0.8053589484327603,0.5942028985507246,4.56,18.8,0.64,,tracks/AUTOLab+9aed6d7a+2023-11-16-15h-41m-42s/ext1_f00115.npz
AUTOLab+9aed6d7a+2023-11-16-15h-41m-42s,ext2,115,ok,67,7,0.004012586805555556,201,201,86,0.38250607427976396,0.014925373134328358,4.6,18.7,0.64,,tracks/AUTOLab+9aed6d7a+2023-11-16-15h-41m-42s/ext2_f00115.npz
AUTOLab+9aed6d7a+2023-11-16-15h-46m-57s,ext1,122,ok,47,5,0.0026746961805555556,196,196,74,0.7340425531914894,0.8723404255319149,3.95,18.7,0.64,,tracks/AUTOLab+9aed6d7a+2023-11-16-15h-46m-57s/ext1_f00122.npz
AUTOLab+9aed6d7a+2023-11-16-15h-46m-57s,ext1,179,ok,57,8,0.005335286458333333,196,196,17,0.6377708978328174,0.42105263157894735,1.14,14.9,0.64,,tracks/AUTOLab+9aed6d7a+2023-11-16-15h-46m-57s/ext1_f00179.npz
AUTOLab+9aed6d7a+2023-11-16-15h-46m-57s,ext2,122,ok,61,6,0.0027604166666666667,196,196,74,0.8546743464776252,0.8524590163934426,3.86,19.2,0.64,,tracks/AUTOLab+9aed6d7a+2023-11-16-15h-46m-57s/ext2_f00122.npz
AUTOLab+9aed6d7a+2023-11-16-15h-46m-57s,ext2,179,ok,70,7,0.004131944444444444,196,196,17,0.9302521008403362,0.6571428571428571,1.14,14.9,0.64,,tracks/AUTOLab+9aed6d7a+2023-11-16-15h-46m-57s/ext2_f00179.npz
AUTOLab+9aed6d7a+2023-11-16-15h-52m-16s,ext1,95,ok,63,10,0.008206380208333334,157,157,62,0.8223246287762417,0.8253968253968254,3.41,18.2,0.65,,tracks/AUTOLab+9aed6d7a+2023-11-16-15h-52m-16s/ext1_f00095.npz
AUTOLab+9aed6d7a+2023-11-16-15h-52m-16s,ext2,95,ok,68,13,0.013179253472222222,157,157,62,0.5756641366223909,0.22058823529411764,3.33,18.6,0.65,,tracks/AUTOLab+9aed6d7a+2023-11-16-15h-52m-16s/ext2_f00095.npz
AUTOLab+9aed6d7a+2023-11-16-16h-15m-06s,ext1,101,ok,65,10,0.0082421875,161,161,60,0.9684615384615385,0.9692307692307692,3.23,18.6,0.64,,tracks/AUTOLab+9aed6d7a+2023-11-16-16h-15m-06s/ext1_f00101.npz
AUTOLab+9aed6d7a+2023-11-16-16h-15m-06s,ext2,101,ok,75,12,0.011687282986111111,161,161,60,0.9146666666666666,0.26666666666666666,3.32,18.1,0.64,,tracks/AUTOLab+9aed6d7a+2023-11-16-16h-15m-06s/ext2_f00101.npz
AUTOLab+9aed6d7a+2023-11-16-16h-29m-52s,ext1,153,ok,62,12,0.011124131944444445,356,356,203,0.9269029079930081,0.9516129032258065,10.66,19.0,0.64,,tracks/AUTOLab+9aed6d7a+2023-11-16-16h-29m-52s/ext1_f00153.npz
AUTOLab+9aed6d7a+2023-11-16-16h-29m-52s,ext2,153,ok,75,6,0.003337673611111111,356,356,203,0.7148111658456486,0.0,11.04,18.4,0.64,,tracks/AUTOLab+9aed6d7a+2023-11-16-16h-29m-52s/ext2_f00153.npz
AUTOLab+9aed6d7a+2023-11-21-15h-33m-18s,ext1,120,ok,45,4,0.0015028211805555556,266,266,146,0.21750380517503806,0.35555555555555557,7.39,19.8,0.64,,tracks/AUTOLab+9aed6d7a+2023-11-21-15h-33m-18s/ext1_f00120.npz
AUTOLab+9aed6d7a+2023-11-21-15h-33m-18s,ext1,157,ok,64,4,0.0028483072916666665,266,266,109,0.9888188073394495,1.0,5.82,18.7,0.64,,tracks/AUTOLab+9aed6d7a+2023-11-21-15h-33m-18s/ext1_f00157.npz
AUTOLab+9aed6d7a+2023-11-21-15h-33m-18s,ext1,173,ok,62,5,0.0019053819444444444,266,266,93,0.44068678459937566,0.9838709677419355,5.06,18.4,0.65,,tracks/AUTOLab+9aed6d7a+2023-11-21-15h-33m-18s/ext1_f00173.npz
AUTOLab+9aed6d7a+2023-11-21-15h-33m-18s,ext2,120,ok,79,9,0.007294921875,266,266,146,0.2754465059823132,0.0,7.7,19.0,0.65,,tracks/AUTOLab+9aed6d7a+2023-11-21-15h-33m-18s/ext2_f00120.npz
AUTOLab+9aed6d7a+2023-11-21-15h-33m-18s,ext2,157,ok,69,10,0.009302300347222223,266,266,109,0.30767185214732085,1.0,5.78,18.9,0.64,,tracks/AUTOLab+9aed6d7a+2023-11-21-15h-33m-18s/ext2_f00157.npz
AUTOLab+9aed6d7a+2023-11-21-15h-33m-18s,ext2,173,ok,68,4,0.002084418402777778,266,266,93,0.99573055028463,1.0,5.03,18.5,0.64,,tracks/AUTOLab+9aed6d7a+2023-11-21-15h-33m-18s/ext2_f00173.npz
AUTOLab+9aed6d7a+2023-11-21-16h-13m-16s,ext1,422,ok,50,5,0.0025303819444444445,488,488,66,0.963030303030303,0.92,3.76,17.5,0.64,,tracks/AUTOLab+9aed6d7a+2023-11-21-16h-13m-16s/ext1_f00422.npz
AUTOLab+9aed6d7a+2023-11-21-16h-13m-16s,ext2,422,ok,69,5,0.002204861111111111,488,488,66,0.7740447957839263,0.30434782608695654,3.88,17.0,0.64,,tracks/AUTOLab+9aed6d7a+2023-11-21-16h-13m-16s/ext2_f00422.npz
AUTOLab+9aed6d7a+2023-11-21-16h-14m-05s,ext1,171,ok,66,22,0.03705078125,576,576,405,0.18215488215488215,0.015151515151515152,20.54,19.7,0.64,,tracks/AUTOLab+9aed6d7a+2023-11-21-16h-14m-05s/ext1_f00171.npz
AUTOLab+9aed6d7a+2023-11-21-16h-14m-05s,ext1,235,ok,69,5,0.005083550347222222,576,576,341,0.973097029198011,1.0,17.7,19.3,0.64,,tracks/AUTOLab+9aed6d7a+2023-11-21-16h-14m-05s/ext1_f00235.npz
AUTOLab+9aed6d7a+2023-11-21-16h-14m-05s,ext1,479,ok,57,7,0.004411892361111111,576,576,97,0.8715861819497197,1.0,5.6,17.3,0.65,,tracks/AUTOLab+9aed6d7a+2023-11-21-16h-14m-05s/ext1_f00479.npz
AUTOLab+9aed6d7a+2023-11-21-16h-14m-05s,ext2,171,ok,74,8,0.005209418402777778,576,576,405,0.8345679012345679,0.9864864864864865,20.96,19.3,0.65,,tracks/AUTOLab+9aed6d7a+2023-11-21-16h-14m-05s/ext2_f00171.npz
AUTOLab+9aed6d7a+2023-11-21-16h-14m-05s,ext2,235,ok,59,11,0.00905056423611111,576,576,341,0.7951687459615289,1.0,17.49,19.5,0.64,,tracks/AUTOLab+9aed6d7a+2023-11-21-16h-14m-05s/ext2_f00235.npz
AUTOLab+9aed6d7a+2023-11-21-16h-14m-05s,ext2,479,ok,72,6,0.0031260850694444444,576,576,97,1.0,1.0,5.43,17.9,0.64,,tracks/AUTOLab+9aed6d7a+2023-11-21-16h-14m-05s/ext2_f00479.npz
AUTOLab+9aed6d7a+2023-11-22-14h-11m-35s,ext1,370,ok,73,7,0.004039713541666667,580,580,210,0.8998695368558383,0.726027397260274,11.07,19.0,0.64,,tracks/AUTOLab+9aed6d7a+2023-11-22-14h-11m-35s/ext1_f00370.npz
AUTOLab+9aed6d7a+2023-11-22-14h-11m-35s,ext2,370,ok,13,4,0.0007009548611111111,580,580,210,0.063003663003663,0.15384615384615385,10.97,19.2,0.64,,tracks/AUTOLab+9aed6d7a+2023-11-22-14h-11m-35s/ext2_f00370.npz
AUTOLab+9aed6d7a+2023-11-22-14h-12m-52s,ext1,150,ok,58,5,0.0020768229166666665,438,438,288,0.8571599616858238,1.0,14.56,19.8,0.64,,tracks/AUTOLab+9aed6d7a+2023-11-22-14h-12m-52s/ext1_f00150.npz
AUTOLab+9aed6d7a+2023-11-22-14h-12m-52s,ext1,346,ok,62,6,0.0028721788194444446,438,438,92,0.9723001402524544,1.0,5.03,18.3,0.64,,tracks/AUTOLab+9aed6d7a+2023-11-22-14h-12m-52s/ext1_f00346.npz
AUTOLab+9aed6d7a+2023-11-22-14h-12m-52s,ext2,150,ok,58,4,0.0017881944444444445,438,438,288,0.7312021072796935,0.9827586206896551,15.26,18.9,0.65,,tracks/AUTOLab+9aed6d7a+2023-11-22-14h-12m-52s/ext2_f00150.npz
AUTOLab+9aed6d7a+2023-11-22-14h-12m-52s,ext2,346,ok,66,4,0.002150607638888889,438,438,92,0.6612318840579711,0.5757575757575758,5.06,18.2,0.65,,tracks/AUTOLab+9aed6d7a+2023-11-22-14h-12m-52s/ext2_f00346.npz
AUTOLab+9aed6d7a+2023-11-30-13h-47m-57s,ext1,9,ok,65,16,0.020721571180555554,846,846,837,0.4465766014153111,0.8769230769230769,42.76,19.6,0.64,,tracks/AUTOLab+9aed6d7a+2023-11-30-13h-47m-57s/ext1_f00009.npz
AUTOLab+9aed6d7a+2023-11-30-13h-47m-57s,ext2,9,ok,69,7,0.004512803819444445,846,846,837,0.24381417415545512,0.6811594202898551,43.07,19.4,0.64,,tracks/AUTOLab+9aed6d7a+2023-11-30-13h-47m-57s/ext2_f00009.npz
AUTOLab+cf2a60c6+2023-11-18-17h-29m-55s,ext1,116,ok,59,9,0.005732421875,185,185,69,0.988454925079833,1.0,3.75,18.4,0.64,,tracks/AUTOLab+cf2a60c6+2023-11-18-17h-29m-55s/ext1_f00116.npz
AUTOLab+cf2a60c6+2023-11-18-17h-29m-55s,ext2,116,ok,71,8,0.0057584635416666665,185,185,69,0.9736680955296999,0.9577464788732394,3.79,18.2,0.64,,tracks/AUTOLab+cf2a60c6+2023-11-18-17h-29m-55s/ext2_f00116.npz
AUTOLab+cf2a60c6+2023-11-20-09h-03m-56s,ext1,16,ok,62,15,0.017159288194444445,453,453,437,0.6137152137004502,0.7580645161290323,22.06,19.8,0.64,,tracks/AUTOLab+cf2a60c6+2023-11-20-09h-03m-56s/ext1_f00016.npz
AUTOLab+cf2a60c6+2023-11-20-09h-03m-56s,ext2,16,ok,73,8,0.005588107638888889,453,453,437,0.6208269333249742,0.6027397260273972,22.3,19.6,0.64,,tracks/AUTOLab+cf2a60c6+2023-11-20-09h-03m-56s/ext2_f00016.npz
AUTOLab+cf2a60c6+2023-11-27-08h-55m-59s,ext1,132,ok,64,9,0.005942925347222222,473,473,341,0.6174395161290323,0.359375,18.07,18.9,0.65,,tracks/AUTOLab+cf2a60c6+2023-11-27-08h-55m-59s/ext1_f00132.npz
AUTOLab+cf2a60c6+2023-11-27-08h-55m-59s,ext1,317,ok,74,11,0.009581163194444445,473,473,156,0.8387907137907138,0.9459459459459459,8.49,18.4,0.65,,tracks/AUTOLab+cf2a60c6+2023-11-27-08h-55m-59s/ext1_f00317.npz
AUTOLab+cf2a60c6+2023-11-27-08h-55m-59s,ext2,132,ok,71,13,0.013829210069444445,473,473,341,0.6118293337739045,0.4084507042253521,17.67,19.3,0.64,,tracks/AUTOLab+cf2a60c6+2023-11-27-08h-55m-59s/ext2_f00132.npz
AUTOLab+cf2a60c6+2023-11-27-08h-55m-59s,ext2,317,ok,64,13,0.013111979166666666,473,473,156,0.7241586538461539,0.546875,8.58,18.2,0.64,,tracks/AUTOLab+cf2a60c6+2023-11-27-08h-55m-59s/ext2_f00317.npz
AUTOLab+cf2a60c6+2023-12-16-17h-16m-01s,ext1,401,ok,62,11,0.010196397569444444,419,419,18,0.8718637992831542,0.9354838709677419,1.53,11.8,0.64,,tracks/AUTOLab+cf2a60c6+2023-12-16-17h-16m-01s/ext1_f00401.npz
AUTOLab+cf2a60c6+2023-12-16-17h-16m-01s,ext1,191,ok,59,27,0.053723958333333335,419,419,228,0.7036128456735058,0.6610169491525424,12.0,19.0,0.64,,tracks/AUTOLab+cf2a60c6+2023-12-16-17h-16m-01s/ext1_f00191.npz
AUTOLab+cf2a60c6+2023-12-16-17h-16m-01s,ext1,348,ok,67,19,0.027995876736111112,419,419,71,0.7672903090182889,0.7014925373134329,4.23,16.8,0.64,,tracks/AUTOLab+cf2a60c6+2023-12-16-17h-16m-01s/ext1_f00348.npz
AUTOLab+cf2a60c6+2023-12-16-17h-16m-01s,ext2,191,ok,75,5,0.00244140625,419,419,228,0.5036842105263157,0.0,11.86,19.2,0.64,,tracks/AUTOLab+cf2a60c6+2023-12-16-17h-16m-01s/ext2_f00191.npz
AUTOLab+cf2a60c6+2023-12-16-17h-16m-01s,ext2,348,ok,13,4,0.0005740017361111111,419,419,71,1.0,1.0,4.1,17.3,0.65,,tracks/AUTOLab+cf2a60c6+2023-12-16-17h-16m-01s/ext2_f00348.npz
AUTOLab+cf2a60c6+2023-12-16-17h-16m-01s,ext2,401,ok,68,14,0.015049913194444445,419,419,18,0.9305555555555556,0.9117647058823529,1.47,12.2,0.65,,tracks/AUTOLab+cf2a60c6+2023-12-16-17h-16m-01s/ext2_f00401.npz
AUTOLab+cf2a60c6+2023-12-16-17h-20m-16s,ext1,140,ok,64,20,0.031845703125,443,443,303,0.6725453795379538,0.640625,15.69,19.3,0.64,,tracks/AUTOLab+cf2a60c6+2023-12-16-17h-20m-16s/ext1_f00140.npz
AUTOLab+cf2a60c6+2023-12-16-17h-20m-16s,ext2,140,ok,77,7,0.004388020833333333,443,443,303,0.9424371008529424,0.948051948051948,15.93,19.0,0.64,,tracks/AUTOLab+cf2a60c6+2023-12-16-17h-20m-16s/ext2_f00140.npz
AUTOLab+cf2a60c6+2023-12-16-17h-53m-09s,ext1,110,ok,68,9,0.006497395833333333,249,249,139,0.9259415996614473,1.0,7.32,19.0,0.64,,tracks/AUTOLab+cf2a60c6+2023-12-16-17h-53m-09s/ext1_f00110.npz
AUTOLab+cf2a60c6+2023-12-16-17h-53m-09s,ext2,110,ok,71,15,0.017953559027777777,249,249,139,0.8308845881041645,0.8450704225352113,7.5,18.5,0.64,,tracks/AUTOLab+cf2a60c6+2023-12-16-17h-53m-09s/ext2_f00110.npz
AUTOLab+cf2a60c6+2023-12-18-10h-49m-04s,ext1,117,ok,67,19,0.02715494791666667,533,533,416,0.394804822043628,0.22388059701492538,21.1,19.7,0.64,,tracks/AUTOLab+cf2a60c6+2023-12-18-10h-49m-04s/ext1_f00117.npz
AUTOLab+cf2a60c6+2023-12-18-10h-49m-04s,ext1,269,ok,70,14,0.016499565972222224,533,533,264,0.9031385281385281,0.8142857142857143,13.61,19.4,0.64,,tracks/AUTOLab+cf2a60c6+2023-12-18-10h-49m-04s/ext1_f00269.npz
AUTOLab+cf2a60c6+2023-12-18-10h-49m-04s,ext1,488,ok,68,19,0.02812934027777778,533,533,45,0.9810457516339869,1.0,2.82,16.0,0.65,,tracks/AUTOLab+cf2a60c6+2023-12-18-10h-49m-04s/ext1_f00488.npz
AUTOLab+cf2a60c6+2023-12-18-10h-49m-04s,ext2,117,ok,71,10,0.008268229166666667,533,533,416,0.3445287107258938,0.29577464788732394,21.41,19.4,0.65,,tracks/AUTOLab+cf2a60c6+2023-12-18-10h-49m-04s/ext2_f00117.npz
AUTOLab+cf2a60c6+2023-12-18-10h-49m-04s,ext2,269,ok,72,5,0.002482638888888889,533,533,264,0.890256734006734,0.8194444444444444,13.84,19.1,0.64,,tracks/AUTOLab+cf2a60c6+2023-12-18-10h-49m-04s/ext2_f00269.npz
AUTOLab+cf2a60c6+2023-12-18-10h-49m-04s,ext2,488,ok,69,10,0.007864583333333333,533,533,45,0.975523349436393,0.9565217391304348,2.85,15.8,0.64,,tracks/AUTOLab+cf2a60c6+2023-12-18-10h-49m-04s/ext2_f00488.npz
AUTOLab+cf2a60c6+2023-12-18-11h-01m-10s,ext1,491,ok,68,8,0.0059722222222222225,926,926,435,0.7364097363083164,1.0,22.27,19.5,0.64,,tracks/AUTOLab+cf2a60c6+2023-12-18-11h-01m-10s/ext1_f00491.npz
AUTOLab+cf2a60c6+2023-12-18-11h-01m-10s,ext1,586,ok,68,10,0.008498263888888889,926,926,340,0.6991782006920415,1.0,17.71,19.2,0.64,,tracks/AUTOLab+cf2a60c6+2023-12-18-11h-01m-10s/ext1_f00586.npz
AUTOLab+cf2a60c6+2023-12-18-11h-01m-10s,ext1,702,ok,66,9,0.00744140625,926,926,224,0.7610254329004329,1.0,12.25,18.3,0.65,,tracks/AUTOLab+cf2a60c6+2023-12-18-11h-01m-10s/ext1_f00702.npz
AUTOLab+cf2a60c6+2023-12-18-11h-01m-10s,ext1,844,ok,61,9,0.006850043402777777,926,926,82,0.9884046381447421,1.0,4.9,16.7,0.65,,tracks/AUTOLab+cf2a60c6+2023-12-18-11h-01m-10s/ext1_f00844.npz
AUTOLab+cf2a60c6+2023-12-18-11h-01m-10s,ext1,118,ok,64,15,0.018892144097222223,926,926,808,0.7059676670792079,0.9375,41.43,19.5,0.64,,tracks/AUTOLab+cf2a60c6+2023-12-18-11h-01m-10s/ext1_f00118.npz
AUTOLab+cf2a60c6+2023-12-18-11h-01m-10s,ext1,225,ok,68,15,0.019337022569444445,926,926,701,0.7352731392128892,0.9852941176470589,37.15,18.9,0.64,,tracks/AUTOLab+cf2a60c6+2023-12-18-11h-01m-10s/ext1_f00225.npz
AUTOLab+cf2a60c6+2023-12-18-11h-01m-10s,ext2,702,ok,63,12,0.010567491319444445,926,926,224,0.8252551020408163,0.9841269841269841,11.85,18.9,0.64,,tracks/AUTOLab+cf2a60c6+2023-12-18-11h-01m-10s/ext2_f00702.npz
AUTOLab+cf2a60c6+2023-12-18-11h-01m-10s,ext2,844,ok,68,20,0.029653862847222223,926,926,82,0.9727403156384505,0.9852941176470589,4.94,16.6,0.64,,tracks/AUTOLab+cf2a60c6+2023-12-18-11h-01m-10s/ext2_f00844.npz
AUTOLab+cf2a60c6+2023-12-18-11h-01m-10s,ext2,118,ok,71,7,0.004207899305555556,926,926,808,0.6234486124668804,1.0,41.32,19.6,0.64,,tracks/AUTOLab+cf2a60c6+2023-12-18-11h-01m-10s/ext2_f00118.npz
AUTOLab+cf2a60c6+2023-12-18-11h-01m-10s,ext2,225,ok,57,6,0.00263671875,926,926,701,0.5622544235052681,1.0,36.13,19.4,0.64,,tracks/AUTOLab+cf2a60c6+2023-12-18-11h-01m-10s/ext2_f00225.npz
AUTOLab+cf2a60c6+2023-12-18-11h-01m-10s,ext2,491,ok,61,13,0.011976996527777778,926,926,435,0.5560203504804975,0.9508196721311475,22.97,18.9,0.64,,tracks/AUTOLab+cf2a60c6+2023-12-18-11h-01m-10s/ext2_f00491.npz
AUTOLab+cf2a60c6+2023-12-18-11h-01m-10s,ext2,586,ok,67,18,0.024052734375,926,926,340,0.7093503072870939,1.0,18.33,18.6,0.64,,tracks/AUTOLab+cf2a60c6+2023-12-18-11h-01m-10s/ext2_f00586.npz
AUTOLab+cf2a60c6+2023-12-18-11h-26m-08s,ext1,140,ok,67,17,0.022852647569444443,833,833,693,0.7006956559195365,0.9552238805970149,36.23,19.1,0.65,,tracks/AUTOLab+cf2a60c6+2023-12-18-11h-26m-08s/ext1_f00140.npz
AUTOLab+cf2a60c6+2023-12-18-11h-26m-08s,ext1,384,ok,67,13,0.014639756944444445,833,833,449,0.7666123724362597,1.0,23.23,19.3,0.65,,tracks/AUTOLab+cf2a60c6+2023-12-18-11h-26m-08s/ext1_f00384.npz
AUTOLab+cf2a60c6+2023-12-18-11h-26m-08s,ext1,520,ok,62,15,0.018687065972222222,833,833,313,0.7750695661135731,0.9193548387096774,16.31,19.2,0.64,,tracks/AUTOLab+cf2a60c6+2023-12-18-11h-26m-08s/ext1_f00520.npz
AUTOLab+cf2a60c6+2023-12-18-11h-26m-08s,ext1,813,ok,62,9,0.006846788194444444,833,833,20,1.0,1.0,1.72,11.6,0.64,,tracks/AUTOLab+cf2a60c6+2023-12-18-11h-26m-08s/ext1_f00813.npz
AUTOLab+cf2a60c6+2023-12-18-11h-26m-08s,ext2,520,ok,79,5,0.0025206163194444442,833,833,313,0.8517410118493954,0.9367088607594937,16.3,19.2,0.64,,tracks/AUTOLab+cf2a60c6+2023-12-18-11h-26m-08s/ext2_f00520.npz
AUTOLab+cf2a60c6+2023-12-18-11h-26m-08s,ext2,813,ok,65,11,0.008986545138888889,833,833,20,0.9953846153846154,1.0,1.76,11.3,0.64,,tracks/AUTOLab+cf2a60c6+2023-12-18-11h-26m-08s/ext2_f00813.npz
AUTOLab+cf2a60c6+2023-12-18-11h-26m-08s,ext2,140,ok,65,6,0.002903645833333333,833,833,693,0.45296925296925294,0.6615384615384615,35.66,19.4,0.64,,tracks/AUTOLab+cf2a60c6+2023-12-18-11h-26m-08s/ext2_f00140.npz
AUTOLab+cf2a60c6+2023-12-18-11h-26m-08s,ext2,384,ok,66,7,0.004114583333333333,833,833,449,0.8698791928190592,1.0,23.75,18.9,0.64,,tracks/AUTOLab+cf2a60c6+2023-12-18-11h-26m-08s/ext2_f00384.npz
AUTOLab+cf2a60c6+2023-12-18-11h-32m-14s,ext1,101,ok,68,14,0.0164453125,1262,1262,1161,0.7484926787252368,0.6911764705882353,60.81,19.1,0.65,,tracks/AUTOLab+cf2a60c6+2023-12-18-11h-32m-14s/ext1_f00101.npz
AUTOLab+cf2a60c6+2023-12-18-11h-32m-14s,ext1,215,ok,63,15,0.01808810763888889,1262,1262,1047,0.7745637573717803,0.9523809523809523,53.56,19.5,0.65,,tracks/AUTOLab+cf2a60c6+2023-12-18-11h-32m-14s/ext1_f00215.npz
AUTOLab+cf2a60c6+2023-12-18-11h-32m-14s,ext1,307,ok,62,15,0.01686089409722222,1262,1262,955,0.7536395879074481,0.8709677419354839,48.91,19.5,0.64,,tracks/AUTOLab+cf2a60c6+2023-12-18-11h-32m-14s/ext1_f00307.npz
AUTOLab+cf2a60c6+2023-12-18-11h-32m-14s,ext1,783,ok,56,10,0.0074609375,1262,1262,479,0.7327020578586341,0.9285714285714286,25.01,19.2,0.64,,tracks/AUTOLab+cf2a60c6+2023-12-18-11h-32m-14s/ext1_f00783.npz
AUTOLab+cf2a60c6+2023-12-18-11h-32m-14s,ext2,307,ok,74,9,0.006939019097222222,1262,1262,955,0.8234470072166408,0.9459459459459459,48.57,19.7,0.64,,tracks/AUTOLab+cf2a60c6+2023-12-18-11h-32m-14s/ext2_f00307.npz
AUTOLab+cf2a60c6+2023-12-18-11h-32m-14s,ext2,783,ok,66,10,0.007647569444444445,1262,1262,479,0.6716328209021319,0.7575757575757576,24.86,19.3,0.64,,tracks/AUTOLab+cf2a60c6+2023-12-18-11h-32m-14s/ext2_f00783.npz
AUTOLab+cf2a60c6+2023-12-18-11h-32m-14s,ext2,101,ok,68,9,0.0066569010416666664,1262,1262,1161,0.6253483305466889,0.7794117647058824,59.75,19.4,0.64,,tracks/AUTOLab+cf2a60c6+2023-12-18-11h-32m-14s/ext2_f00101.npz
AUTOLab+cf2a60c6+2023-12-18-11h-32m-14s,ext2,215,ok,67,9,0.006323784722222222,1262,1262,1047,0.8520007412792769,1.0,54.74,19.1,0.64,,tracks/AUTOLab+cf2a60c6+2023-12-18-11h-32m-14s/ext2_f00215.npz
AUTOLab+cf2a60c6+2023-12-18-11h-42m-44s,ext1,121,ok,67,16,0.01947265625,712,712,591,0.8018789302219865,0.8208955223880597,31.06,19.0,0.65,,tracks/AUTOLab+cf2a60c6+2023-12-18-11h-42m-44s/ext1_f00121.npz
AUTOLab+cf2a60c6+2023-12-18-11h-42m-44s,ext2,121,ok,74,6,0.003327907986111111,712,712,591,0.9046737092422371,0.9324324324324325,30.38,19.5,0.65,,tracks/AUTOLab+cf2a60c6+2023-12-18-11h-42m-44s/ext2_f00121.npz
AUTOLab+cf2a60c6+2023-12-18-12h-12m-12s,ext1,150,ok,66,12,0.011958550347222222,340,340,190,0.8166666666666667,0.8484848484848485,9.83,19.3,0.64,,tracks/AUTOLab+cf2a60c6+2023-12-18-12h-12m-12s/ext1_f00150.npz
AUTOLab+cf2a60c6+2023-12-18-12h-12m-12s,ext1,287,ok,69,11,0.010228949652777777,340,340,53,0.8578069455838119,0.782608695652174,3.02,17.5,0.64,,tracks/AUTOLab+cf2a60c6+2023-12-18-12h-12m-12s/ext1_f00287.npz
AUTOLab+cf2a60c6+2023-12-18-12h-12m-12s,ext2,150,ok,63,9,0.0059765625,340,340,190,0.6578111946533,1.0,9.96,19.1,0.64,,tracks/AUTOLab+cf2a60c6+2023-12-18-12h-12m-12s/ext2_f00150.npz
AUTOLab+cf2a60c6+2023-12-18-12h-12m-12s,ext2,287,ok,62,9,0.006001519097222222,340,340,53,1.0,1.0,3.3,16.1,0.64,,tracks/AUTOLab+cf2a60c6+2023-12-18-12h-12m-12s/ext2_f00287.npz
AUTOLab+cf2a60c6+2023-12-18-12h-19m-01s,ext1,109,ok,71,12,0.011584201388888889,290,290,181,0.9831919694965372,0.9859154929577465,9.28,19.5,0.64,,tracks/AUTOLab+cf2a60c6+2023-12-18-12h-19m-01s/ext1_f00109.npz
AUTOLab+cf2a60c6+2023-12-18-12h-19m-01s,ext2,109,ok,61,5,0.002045355902777778,290,290,181,1.0,1.0,9.26,19.5,0.64,,tracks/AUTOLab+cf2a60c6+2023-12-18-12h-19m-01s/ext2_f00109.npz
AUTOLab+cf2a60c6+2023-12-18-12h-25m-14s,ext1,119,ok,57,14,0.014114583333333333,676,676,557,0.8724999212573624,0.8596491228070176,29.15,19.1,0.65,,tracks/AUTOLab+cf2a60c6+2023-12-18-12h-25m-14s/ext1_f00119.npz
AUTOLab+cf2a60c6+2023-12-18-12h-25m-14s,ext1,369,ok,65,15,0.016477864583333335,676,676,307,0.903282385367076,0.8615384615384616,16.09,19.1,0.65,,tracks/AUTOLab+cf2a60c6+2023-12-18-12h-25m-14s/ext1_f00369.npz
AUTOLab+cf2a60c6+2023-12-18-12h-25m-14s,ext2,119,ok,78,8,0.005626085069444444,676,676,557,0.7621875431570225,0.8076923076923077,28.81,19.3,0.64,,tracks/AUTOLab+cf2a60c6+2023-12-18-12h-25m-14s/ext2_f00119.npz
AUTOLab+cf2a60c6+2023-12-18-12h-25m-14s,ext2,369,ok,70,9,0.0069552951388888885,676,676,307,0.6263378315495579,0.4714285714285714,16.17,19.0,0.64,,tracks/AUTOLab+cf2a60c6+2023-12-18-12h-25m-14s/ext2_f00369.npz
AUTOLab+cf2a60c6+2023-12-18-12h-39m-32s,ext1,179,ok,68,16,0.020186631944444443,297,297,118,0.9431704885343968,0.9117647058823529,6.28,18.8,0.64,,tracks/AUTOLab+cf2a60c6+2023-12-18-12h-39m-32s/ext1_f00179.npz
AUTOLab+cf2a60c6+2023-12-18-12h-39m-32s,ext1,198,ok,58,11,0.009837239583333334,297,297,99,0.9869383490073145,0.9137931034482759,5.37,18.4,0.64,,tracks/AUTOLab+cf2a60c6+2023-12-18-12h-39m-32s/ext1_f00198.npz
AUTOLab+cf2a60c6+2023-12-18-12h-39m-32s,ext2,179,ok,69,8,0.005300564236111111,297,297,118,0.6790714812085483,0.7101449275362319,6.17,19.1,0.64,,tracks/AUTOLab+cf2a60c6+2023-12-18-12h-39m-32s/ext2_f00179.npz
AUTOLab+cf2a60c6+2023-12-18-12h-39m-32s,ext2,198,ok,70,6,0.0033138020833333335,297,297,99,0.9083694083694084,0.8142857142857143,5.25,18.9,0.64,,tracks/AUTOLab+cf2a60c6+2023-12-18-12h-39m-32s/ext2_f00198.npz
AUTOLab+cf2a60c6+2023-12-18-12h-41m-06s,ext1,228,ok,70,10,0.008532986111111111,1123,1123,895,0.7980047885075818,0.0,46.99,19.0,0.65,,tracks/AUTOLab+cf2a60c6+2023-12-18-12h-41m-06s/ext1_f00228.npz
AUTOLab+cf2a60c6+2023-12-18-12h-41m-06s,ext1,324,ok,68,15,0.017706163194444444,1123,1123,799,0.7679820363689907,0.0,40.92,19.5,0.65,,tracks/AUTOLab+cf2a60c6+2023-12-18-12h-41m-06s/ext1_f00324.npz
AUTOLab+cf2a60c6+2023-12-18-12h-41m-06s,ext1,487,ok,64,10,0.008069661458333334,1123,1123,636,0.7770489386792453,0.0,32.86,19.4,0.64,,tracks/AUTOLab+cf2a60c6+2023-12-18-12h-41m-06s/ext1_f00487.npz
AUTOLab+cf2a60c6+2023-12-18-12h-41m-06s,ext1,600,ok,68,20,0.02934787326388889,1123,1123,523,0.7316387358002474,0.0,27.38,19.1,0.64,,tracks/AUTOLab+cf2a60c6+2023-12-18-12h-41m-06s/ext1_f00600.npz
AUTOLab+cf2a60c6+2023-12-18-12h-41m-06s,ext1,777,ok,64,24,0.042850477430555554,1123,1123,346,0.6082911849710982,0.015625,18.21,19.0,0.64,,tracks/AUTOLab+cf2a60c6+2023-12-18-12h-41m-06s/ext1_f00777.npz
AUTOLab+cf2a60c6+2023-12-18-12h-41m-06s,ext1,1002,ok,70,16,0.019452039930555557,1123,1123,121,0.722668240850059,0.0,7.12,17.0,0.64,,tracks/AUTOLab+cf2a60c6+2023-12-18-12h-41m-06s/ext1_f01002.npz
AUTOLab+cf2a60c6+2023-12-18-12h-41m-06s,ext2,228,ok,71,14,0.015909288194444444,1123,1123,895,0.530395782516327,0.4084507042253521,45.45,19.7,0.64,,tracks/AUTOLab+cf2a60c6+2023-12-18-12h-41m-06s/ext2_f00228.npz
AUTOLab+cf2a60c6+2023-12-18-12h-41m-06s,ext2,324,ok,74,9,0.006825086805555556,1123,1123,799,0.48516726989818354,0.3108108108108108,40.91,19.5,0.64,,tracks/AUTOLab+cf2a60c6+2023-12-18-12h-41m-06s/ext2_f00324.npz
AUTOLab+cf2a60c6+2023-12-18-12h-41m-06s,ext2,487,ok,66,13,0.012709418402777778,1123,1123,636,0.5993663045549839,0.696969696969697,33.53,19.0,0.65,,tracks/AUTOLab+cf2a60c6+2023-12-18-12h-41m-06s/ext2_f00487.npz
AUTOLab+cf2a60c6+2023-12-18-12h-41m-06s,ext2,600,ok,62,9,0.006069878472222222,1123,1123,523,0.5560352803305989,0.1935483870967742,27.11,19.3,0.65,,tracks/AUTOLab+cf2a60c6+2023-12-18-12h-41m-06s/ext2_f00600.npz
AUTOLab+cf2a60c6+2023-12-18-12h-41m-06s,ext2,777,ok,66,11,0.011781684027777777,1123,1123,346,0.5551760378349974,0.6666666666666666,18.47,18.7,0.64,,tracks/AUTOLab+cf2a60c6+2023-12-18-12h-41m-06s/ext2_f00777.npz
AUTOLab+cf2a60c6+2023-12-18-12h-41m-06s,ext2,1002,ok,73,7,0.004270833333333333,1123,1123,121,0.7841050605683233,0.1095890410958904,7.22,16.8,0.64,,tracks/AUTOLab+cf2a60c6+2023-12-18-12h-41m-06s/ext2_f01002.npz
AUTOLab+cf2a60c6+2023-12-18-12h-42m-39s,ext1,887,ok,54,5,0.0023068576388888887,1221,1221,334,0.3273453093812375,0.0,17.41,19.2,0.64,,tracks/AUTOLab+cf2a60c6+2023-12-18-12h-42m-39s/ext1_f00887.npz
AUTOLab+cf2a60c6+2023-12-18-12h-42m-39s,ext1,980,ok,64,7,0.004829644097222223,1221,1221,241,0.21116441908713693,0.0,13.25,18.2,0.64,,tracks/AUTOLab+cf2a60c6+2023-12-18-12h-42m-39s/ext1_f00980.npz
AUTOLab+cf2a60c6+2023-12-18-12h-42m-39s,ext1,1132,ok,66,16,0.018917100694444446,1221,1221,89,0.9787197820905686,1.0,5.65,15.7,0.65,,tracks/AUTOLab+cf2a60c6+2023-12-18-12h-42m-39s/ext1_f01132.npz
AUTOLab+cf2a60c6+2023-12-18-12h-42m-39s,ext1,1174,ok,67,10,0.009273003472222222,1221,1221,47,0.972054620514449,0.9850746268656716,3.45,13.6,0.65,,tracks/AUTOLab+cf2a60c6+2023-12-18-12h-42m-39s/ext1_f01174.npz
AUTOLab+cf2a60c6+2023-12-18-12h-42m-39s,ext1,200,ok,62,19,0.026580946180555554,1221,1221,1021,0.35087359009194025,1.0,51.97,19.6,0.64,,tracks/AUTOLab+cf2a60c6+2023-12-18-12h-42m-39s/ext1_f00200.npz
AUTOLab+cf2a60c6+2023-12-18-12h-42m-39s,ext1,738,ok,61,11,0.009086371527777777,1221,1221,483,0.44947900756881515,0.8688524590163934,26.14,18.5,0.64,,tracks/AUTOLab+cf2a60c6+2023-12-18-12h-42m-39s/ext1_f00738.npz
AUTOLab+cf2a60c6+2023-12-18-12h-42m-39s,ext2,1132,ok,62,7,0.003833550347222222,1221,1221,89,0.5208408843783979,0.6935483870967742,5.44,16.4,0.64,,tracks/AUTOLab+cf2a60c6+2023-12-18-12h-42m-39s/ext2_f01132.npz
AUTOLab+cf2a60c6+2023-12-18-12h-42m-39s,ext2,1174,ok,65,7,0.003793402777777778,1221,1221,47,0.9990180032733225,1.0,3.43,13.7,0.64,,tracks/AUTOLab+cf2a60c6+2023-12-18-12h-42m-39s/ext2_f01174.npz
AUTOLab+cf2a60c6+2023-12-18-12h-42m-39s,ext2,200,ok,66,8,0.0056770833333333335,1221,1221,1021,0.6890600421452527,0.8181818181818182,52.0,19.6,0.64,,tracks/AUTOLab+cf2a60c6+2023-12-18-12h-42m-39s/ext2_f00200.npz
AUTOLab+cf2a60c6+2023-12-18-12h-42m-39s,ext2,738,ok,68,9,0.006873914930555555,1221,1221,483,0.4523809523809524,0.7941176470588235,25.64,18.8,0.64,,tracks/AUTOLab+cf2a60c6+2023-12-18-12h-42m-39s/ext2_f00738.npz
AUTOLab+cf2a60c6+2023-12-18-12h-42m-39s,ext2,887,ok,69,12,0.010797526041666667,1221,1221,334,0.5146663195348433,0.9420289855072463,18.04,18.5,0.64,,tracks/AUTOLab+cf2a60c6+2023-12-18-12h-42m-39s/ext2_f00887.npz
AUTOLab+cf2a60c6+2023-12-18-12h-42m-39s,ext2,980,ok,69,9,0.006616753472222223,1221,1221,241,0.8594022490829274,0.9710144927536232,13.62,17.7,0.64,,tracks/AUTOLab+cf2a60c6+2023-12-18-12h-42m-39s/ext2_f00980.npz
AUTOLab+cf2a60c6+2023-12-18-17h-14m-40s,ext1,164,ok,60,13,0.013328993055555556,568,568,404,0.9164191419141914,1.0,21.04,19.2,0.65,,tracks/AUTOLab+cf2a60c6+2023-12-18-17h-14m-40s/ext1_f00164.npz
AUTOLab+cf2a60c6+2023-12-18-17h-14m-40s,ext1,488,ok,63,13,0.01383572048611111,568,568,80,0.9424603174603174,0.9523809523809523,4.62,17.3,0.65,,tracks/AUTOLab+cf2a60c6+2023-12-18-17h-14m-40s/ext1_f00488.npz
AUTOLab+cf2a60c6+2023-12-18-17h-14m-40s,ext2,164,ok,66,21,0.03321180555555556,568,568,404,0.7490999099909991,0.803030303030303,20.58,19.6,0.64,,tracks/AUTOLab+cf2a60c6+2023-12-18-17h-14m-40s/ext2_f00164.npz
AUTOLab+cf2a60c6+2023-12-18-17h-14m-40s,ext2,488,ok,61,20,0.02874240451388889,568,568,80,0.9848360655737705,0.9836065573770492,4.39,18.2,0.64,,tracks/AUTOLab+cf2a60c6+2023-12-18-17h-14m-40s/ext2_f00488.npz
AUTOLab+t3d58310+2023-08-19-17h-40m-34s,ext1,24,ok,71,8,0.005298394097222222,771,771,747,0.49305202028772366,0.4788732394366197,38.43,19.4,0.64,,tracks/AUTOLab+t3d58310+2023-08-19-17h-40m-34s/ext1_f00024.npz
AUTOLab+t3d58310+2023-08-19-17h-40m-34s,ext2,24,ok,67,9,0.0064637586805555555,771,771,747,0.6264660632580071,0.746268656716418,39.03,19.1,0.64,,tracks/AUTOLab+t3d58310+2023-08-19-17h-40m-34s/ext2_f00024.npz
AUTOLab+t3d58310+2023-08-19-17h-41m-40s,ext1,158,ok,72,8,0.005615234375,1221,1221,1063,0.6603689766907076,0.7083333333333334,54.11,19.6,0.64,,tracks/AUTOLab+t3d58310+2023-08-19-17h-41m-40s/ext1_f00158.npz
AUTOLab+t3d58310+2023-08-19-17h-41m-40s,ext1,322,ok,76,14,0.015883246527777777,1221,1221,899,0.18647912885662432,0.6578947368421053,46.07,19.5,0.64,,tracks/AUTOLab+t3d58310+2023-08-19-17h-41m-40s/ext1_f00322.npz
AUTOLab+t3d58310+2023-08-19-17h-41m-40s,ext1,580,ok,28,4,0.00126953125,1221,1221,641,0.6466458658346333,1.0,32.84,19.5,0.65,,tracks/AUTOLab+t3d58310+2023-08-19-17h-41m-40s/ext1_f00580.npz
AUTOLab+t3d58310+2023-08-19-17h-41m-40s,ext1,941,ok,66,13,0.012788628472222223,1221,1221,280,0.4231601731601732,0.045454545454545456,15.68,17.9,0.65,,tracks/AUTOLab+t3d58310+2023-08-19-17h-41m-40s/ext1_f00941.npz
AUTOLab+t3d58310+2023-08-19-17h-41m-40s,ext1,1085,ok,64,8,0.005067274305555556,1221,1221,136,0.49172794117647056,0.40625,8.31,16.4,0.64,,tracks/AUTOLab+t3d58310+2023-08-19-17h-41m-40s/ext1_f01085.npz
AUTOLab+t3d58310+2023-08-19-17h-41m-40s,ext1,1187,ok,60,8,0.00486328125,1221,1221,34,0.5784313725490197,0.26666666666666666,3.24,10.5,0.64,,tracks/AUTOLab+t3d58310+2023-08-19-17h-41m-40s/ext1_f01187.npz
AUTOLab+t3d58310+2023-08-19-17h-41m-40s,ext2,580,ok,72,11,0.010922309027777778,1221,1221,641,0.4925897035881435,0.027777777777777776,33.38,19.2,0.64,,tracks/AUTOLab+t3d58310+2023-08-19-17h-41m-40s/ext2_f00580.npz
AUTOLab+t3d58310+2023-08-19-17h-41m-40s,ext2,941,ok,58,10,0.0076421440972222225,1221,1221,280,0.6152709359605911,0.10344827586206896,15.2,18.4,0.64,,tracks/AUTOLab+t3d58310+2023-08-19-17h-41m-40s/ext2_f00941.npz
AUTOLab+t3d58310+2023-08-19-17h-41m-40s,ext2,1085,ok,61,8,0.004877387152777778,1221,1221,136,0.7971311475409836,0.18032786885245902,8.37,16.2,0.65,,tracks/AUTOLab+t3d58310+2023-08-19-17h-41m-40s/ext2_f01085.npz
AUTOLab+t3d58310+2023-08-19-17h-41m-40s,ext2,1187,ok,69,8,0.0055143229166666665,1221,1221,34,0.6048593350383632,0.2318840579710145,3.15,10.8,0.65,,tracks/AUTOLab+t3d58310+2023-08-19-17h-41m-40s/ext2_f01187.npz
AUTOLab+t3d58310+2023-08-19-17h-41m-40s,ext2,158,ok,69,11,0.00974609375,1221,1221,1063,0.46303188951150015,0.08695652173913043,55.13,19.3,0.64,,tracks/AUTOLab+t3d58310+2023-08-19-17h-41m-40s/ext2_f00158.npz
AUTOLab+t3d58310+2023-08-19-17h-41m-40s,ext2,322,ok,66,11,0.010295138888888888,1221,1221,899,0.6349479219334614,0.0,47.26,19.0,0.64,,tracks/AUTOLab+t3d58310+2023-08-19-17h-41m-40s/ext2_f00322.npz
AUTOLab+t3d58310+2023-09-02-13h-33m-34s,ext1,393,ok,67,14,0.014231770833333334,949,949,556,0.6525824116825942,0.0,28.45,19.5,0.64,,tracks/AUTOLab+t3d58310+2023-09-02-13h-33m-34s/ext1_f00393.npz
AUTOLab+t3d58310+2023-09-02-13h-33m-34s,ext1,837,ok,66,9,0.006497395833333333,949,949,112,0.35781926406926406,0.0,6.46,17.3,0.64,,tracks/AUTOLab+t3d58310+2023-09-02-13h-33m-34s/ext1_f00837.npz
AUTOLab+t3d58310+2023-09-02-13h-33m-34s,ext1,437,ok,63,12,0.010562065972222222,949,949,512,0.6862909226190477,0.0,26.3,19.5,0.64,,tracks/AUTOLab+t3d58310+2023-09-02-13h-33m-34s/ext1_f00437.npz
AUTOLab+t3d58310+2023-09-02-13h-33m-34s,ext1,501,ok,72,13,0.013441840277777778,949,949,448,0.7274925595238095,0.0,24.06,18.6,0.65,,tracks/AUTOLab+t3d58310+2023-09-02-13h-33m-34s/ext1_f00501.npz
AUTOLab+t3d58310+2023-09-02-13h-33m-34s,ext1,529,ok,68,11,0.00959201388888889,949,949,420,0.7242997198879552,0.014705882352941176,22.01,19.1,0.65,,tracks/AUTOLab+t3d58310+2023-09-02-13h-33m-34s/ext1_f00529.npz
AUTOLab+t3d58310+2023-09-02-13h-33m-34s,ext1,196,ok,64,17,0.02056423611111111,949,949,753,0.6226137118193891,0.09375,38.62,19.5,0.64,,tracks/AUTOLab+t3d58310+2023-09-02-13h-33m-34s/ext1_f00196.npz
AUTOLab+t3d58310+2023-09-02-13h-33m-34s,ext1,606,ok,65,9,0.005981987847222222,949,949,343,0.6860731105629064,0.09230769230769231,18.26,18.8,0.64,,tracks/AUTOLab+t3d58310+2023-09-02-13h-33m-34s/ext1_f00606.npz
AUTOLab+t3d58310+2023-09-02-13h-33m-34s,ext1,266,ok,65,10,0.007457682291666667,949,949,683,0.6984795585088411,0.03076923076923077,35.52,19.2,0.64,,tracks/AUTOLab+t3d58310+2023-09-02-13h-33m-34s/ext1_f00266.npz
AUTOLab+t3d58310+2023-09-02-13h-33m-34s,ext1,715,ok,69,13,0.013406032986111111,949,949,234,0.5887526322308931,0.043478260869565216,12.72,18.4,0.64,,tracks/AUTOLab+t3d58310+2023-09-02-13h-33m-34s/ext1_f00715.npz
AUTOLab+t3d58310+2023-09-02-13h-33m-34s,ext1,327,ok,68,14,0.014892578125,949,949,622,0.5936022318895404,0.1323529411764706,32.22,19.3,0.64,,tracks/AUTOLab+t3d58310+2023-09-02-13h-33m-34s/ext1_f00327.npz
AUTOLab+t3d58310+2023-09-02-13h-33m-34s,ext1,738,ok,72,9,0.006974826388888889,949,949,211,0.5906398104265402,0.0,11.55,18.3,0.64,,tracks/AUTOLab+t3d58310+2023-09-02-13h-33m-34s/ext1_f00738.npz
AUTOLab+t3d58310+2023-09-02-13h-33m-34s,ext1,354,ok,78,7,0.004710286458333333,949,949,595,0.49204912734324496,0.02564102564102564,31.57,18.8,0.64,,tracks/AUTOLab+t3d58310+2023-09-02-13h-33m-34s/ext1_f00354.npz
AUTOLab+t3d58310+2023-09-02-13h-33m-34s,ext1,811,ok,71,13,0.012954644097222223,949,949,138,0.38211879975505203,0.0,8.14,17.0,0.64,,tracks/AUTOLab+t3d58310+2023-09-02-13h-33m-34s/ext1_f00811.npz
AUTOLab+t3d58310+2023-09-02-13h-33m-34s,ext2,529,ok,63,14,0.016064453125,949,949,420,0.8280045351473923,0.9682539682539683,21.83,19.2,0.64,,tracks/AUTOLab+t3d58310+2023-09-02-13h-33m-34s/ext2_f00529.npz
AUTOLab+t3d58310+2023-09-02-13h-33m-34s,ext2,196,ok,69,11,0.010212673611111112,949,949,753,0.8396366225917585,0.9130434782608695,38.32,19.6,0.64,,tracks/AUTOLab+t3d58310+2023-09-02-13h-33m-34s/ext2_f00196.npz
AUTOLab+t3d58310+2023-09-02-13h-33m-34s,ext2,606,ok,68,14,0.01623589409722222,949,949,343,0.8577859715314697,0.9852941176470589,18.03,19.0,0.64,,tracks/AUTOLab+t3d58310+2023-09-02-13h-33m-34s/ext2_f00606.npz
AUTOLab+t3d58310+2023-09-02-13h-33m-34s,ext2,266,ok,61,14,0.015518663194444445,949,949,683,0.7968701245709623,0.9344262295081968,35.66,19.2,0.65,,tracks/AUTOLab+t3d58310+2023-09-02-13h-33m-34s/ext2_f00266.npz
AUTOLab+t3d58310+2023-09-02-13h-33m-34s,ext2,715,ok,62,11,0.009585503472222222,949,949,234,0.7196029776674938,0.9354838709677419,12.95,18.1,0.65,,tracks/AUTOLab+t3d58310+2023-09-02-13h-33m-34s/ext2_f00715.npz
AUTOLab+t3d58310+2023-09-02-13h-33m-34s,ext2,327,ok,58,12,0.010517578125,949,949,622,0.8319658498724914,0.9655172413793104,31.92,19.5,0.65,,tracks/AUTOLab+t3d58310+2023-09-02-13h-33m-34s/ext2_f00327.npz
AUTOLab+t3d58310+2023-09-02-13h-33m-34s,ext2,738,ok,60,21,0.0319921875,949,949,211,0.7488941548183254,0.8666666666666667,11.57,18.2,0.65,,tracks/AUTOLab+t3d58310+2023-09-02-13h-33m-34s/ext2_f00738.npz
AUTOLab+t3d58310+2023-09-02-13h-33m-34s,ext2,354,ok,67,14,0.01565646701388889,949,949,595,0.8087796312554872,0.8805970149253731,30.68,19.4,0.64,,tracks/AUTOLab+t3d58310+2023-09-02-13h-33m-34s/ext2_f00354.npz
AUTOLab+t3d58310+2023-09-02-13h-33m-34s,ext2,811,ok,60,11,0.009148220486111112,949,949,138,0.6979468599033817,0.9666666666666667,7.94,17.4,0.64,,tracks/AUTOLab+t3d58310+2023-09-02-13h-33m-34s/ext2_f00811.npz
AUTOLab+t3d58310+2023-09-02-13h-33m-34s,ext2,393,ok,63,11,0.009596354166666666,949,949,556,0.7622187963914583,0.8253968253968254,29.15,19.1,0.64,,tracks/AUTOLab+t3d58310+2023-09-02-13h-33m-34s/ext2_f00393.npz
AUTOLab+t3d58310+2023-09-02-13h-33m-34s,ext2,837,ok,64,17,0.02338107638888889,949,949,112,0.6823381696428571,0.96875,6.77,16.5,0.64,,tracks/AUTOLab+t3d58310+2023-09-02-13h-33m-34s/ext2_f00837.npz
AUTOLab+t3d58310+2023-09-02-13h-33m-34s,ext2,437,ok,65,15,0.018534071180555556,949,949,512,0.8028846153846154,0.9538461538461539,26.76,19.1,0.64,,tracks/AUTOLab+t3d58310+2023-09-02-13h-33m-34s/ext2_f00437.npz
AUTOLab+t3d58310+2023-09-02-13h-33m-34s,ext2,501,ok,62,12,0.011499565972222223,949,949,448,0.8230846774193549,0.9354838709677419,23.86,18.8,0.64,,tracks/AUTOLab+t3d58310+2023-09-02-13h-33m-34s/ext2_f00501.npz
AUTOLab+t3d58310+2023-09-02-14h-27m-35s,ext1,272,ok,63,11,0.00890625,933,933,661,0.38926110030497324,0.2857142857142857,33.75,19.6,0.64,,tracks/AUTOLab+t3d58310+2023-09-02-14h-27m-35s/ext1_f00272.npz
AUTOLab+t3d58310+2023-09-02-14h-27m-35s,ext1,867,ok,68,13,0.012963324652777778,933,933,66,0.4391711229946524,0.04411764705882353,4.17,15.8,0.64,,tracks/AUTOLab+t3d58310+2023-09-02-14h-27m-35s/ext1_f00867.npz
AUTOLab+t3d58310+2023-09-02-14h-27m-35s,ext1,384,ok,69,10,0.007778862847222222,933,933,549,0.2989889390459597,0.028985507246376812,28.37,19.3,0.64,,tracks/AUTOLab+t3d58310+2023-09-02-14h-27m-35s/ext1_f00384.npz
AUTOLab+t3d58310+2023-09-02-14h-27m-35s,ext1,452,ok,77,9,0.0071809895833333335,933,933,481,0.28995328995328995,0.025974025974025976,25.72,18.7,0.65,,tracks/AUTOLab+t3d58310+2023-09-02-14h-27m-35s/ext1_f00452.npz
AUTOLab+t3d58310+2023-09-02-14h-27m-35s,ext1,547,ok,68,15,0.016866319444444444,933,933,386,0.16991770801584882,0.014705882352941176,20.43,18.9,0.65,,tracks/AUTOLab+t3d58310+2023-09-02-14h-27m-35s/ext1_f00547.npz
AUTOLab+t3d58310+2023-09-02-14h-27m-35s,ext1,579,ok,75,11,0.009614800347222223,933,933,354,0.26101694915254237,0.09333333333333334,18.72,18.9,0.64,,tracks/AUTOLab+t3d58310+2023-09-02-14h-27m-35s/ext1_f00579.npz
AUTOLab+t3d58310+2023-09-02-14h-27m-35s,ext1,652,ok,63,10,0.007457682291666667,933,933,281,0.15957747274473252,0.0,15.21,18.5,0.64,,tracks/AUTOLab+t3d58310+2023-09-02-14h-27m-35s/ext1_f00652.npz
AUTOLab+t3d58310+2023-09-02-14h-27m-35s,ext1,177,ok,74,11,0.010055338541666667,933,933,756,0.20642070642070642,0.2702702702702703,39.0,19.4,0.64,,tracks/AUTOLab+t3d58310+2023-09-02-14h-27m-35s/ext1_f00177.npz
AUTOLab+t3d58310+2023-09-02-14h-27m-35s,ext1,741,ok,59,8,0.0047699652777777775,933,933,192,0.4771362994350282,0.0847457627118644,10.43,18.4,0.64,,tracks/AUTOLab+t3d58310+2023-09-02-14h-27m-35s/ext1_f00741.npz
AUTOLab+t3d58310+2023-09-02-14h-27m-35s,ext1,221,ok,70,13,0.013307291666666667,933,933,712,0.043117977528089886,0.12857142857142856,37.71,18.9,0.64,,tracks/AUTOLab+t3d58310+2023-09-02-14h-27m-35s/ext1_f00221.npz
AUTOLab+t3d58310+2023-09-02-14h-27m-35s,ext1,812,ok,71,6,0.003238932291666667,933,933,121,0.49051332790129204,0.014084507042253521,7.24,16.7,0.64,,tracks/AUTOLab+t3d58310+2023-09-02-14h-27m-35s/ext1_f00812.npz
AUTOLab+t3d58310+2023-09-02-14h-27m-35s,ext2,652,ok,63,15,0.01775173611111111,933,933,281,0.8661808732983111,0.9047619047619048,14.91,18.9,0.64,,tracks/AUTOLab+t3d58310+2023-09-02-14h-27m-35s/ext2_f00652.npz
AUTOLab+t3d58310+2023-09-02-14h-27m-35s,ext2,177,ok,62,13,0.012913411458333333,933,933,756,0.6697601979860044,0.7419354838709677,38.3,19.7,0.64,,tracks/AUTOLab+t3d58310+2023-09-02-14h-27m-35s/ext2_f00177.npz
AUTOLab+t3d58310+2023-09-02-14h-27m-35s,ext2,741,ok,61,20,0.030493706597222222,933,933,192,0.695099043715847,0.6721311475409836,10.62,18.1,0.64,,tracks/AUTOLab+t3d58310+2023-09-02-14h-27m-35s/ext2_f00741.npz
AUTOLab+t3d58310+2023-09-02-14h-27m-35s,ext2,221,ok,69,11,0.010862630208333333,933,933,712,0.644825761276665,0.7391304347826086,37.51,19.0,0.65,,tracks/AUTOLab+t3d58310+2023-09-02-14h-27m-35s/ext2_f00221.npz
AUTOLab+t3d58310+2023-09-02-14h-27m-35s,ext2,812,ok,67,19,0.028463541666666668,933,933,121,0.9060071543110891,0.9850746268656716,7.29,16.6,0.65,,tracks/AUTOLab+t3d58310+2023-09-02-14h-27m-35s/ext2_f00812.npz
AUTOLab+t3d58310+2023-09-02-14h-27m-35s,ext2,272,ok,59,16,0.019237196180555555,933,933,661,0.7993281879022539,0.7627118644067796,33.85,19.5,0.65,,tracks/AUTOLab+t3d58310+2023-09-02-14h-27m-35s/ext2_f00272.npz
AUTOLab+t3d58310+2023-09-02-14h-27m-35s,ext2,867,ok,65,14,0.015611979166666666,933,933,66,0.8538461538461538,0.8461538461538461,4.39,15.0,0.65,,tracks/AUTOLab+t3d58310+2023-09-02-14h-27m-35s/ext2_f00867.npz
AUTOLab+t3d58310+2023-09-02-14h-27m-35s,ext2,384,ok,59,16,0.019765625,933,933,549,0.6490383131116668,0.5423728813559322,28.45,19.3,0.64,,tracks/AUTOLab+t3d58310+2023-09-02-14h-27m-35s/ext2_f00384.npz
AUTOLab+t3d58310+2023-09-02-14h-27m-35s,ext2,452,ok,64,16,0.020296223958333335,933,933,481,0.8165605509355509,0.78125,25.28,19.0,0.64,,tracks/AUTOLab+t3d58310+2023-09-02-14h-27m-35s/ext2_f00452.npz
AUTOLab+t3d58310+2023-09-02-14h-27m-35s,ext2,547,ok,62,10,0.008092447916666667,933,933,386,0.8488634464315561,0.9354838709677419,20.45,18.9,0.64,,tracks/AUTOLab+t3d58310+2023-09-02-14h-27m-35s/ext2_f00547.npz
AUTOLab+t3d58310+2023-09-02-14h-27m-35s,ext2,579,ok,62,16,0.019136284722222223,933,933,354,0.8106433388008019,0.7903225806451613,19.25,18.4,0.64,,tracks/AUTOLab+t3d58310+2023-09-02-14h-27m-35s/ext2_f00579.npz
AUTOLab+t3d58310+2023-09-02-15h-15m-44s,ext1,480,ok,60,9,0.006083984375,972,972,492,0.3059281842818428,0.016666666666666666,25.28,19.5,0.64,,tracks/AUTOLab+t3d58310+2023-09-02-15h-15m-44s/ext1_f00480.npz
AUTOLab+t3d58310+2023-09-02-15h-15m-44s,ext1,849,ok,60,6,0.002758246527777778,972,972,123,0.15989159891598917,0.0,6.99,17.6,0.64,,tracks/AUTOLab+t3d58310+2023-09-02-15h-15m-44s/ext1_f00849.npz
AUTOLab+t3d58310+2023-09-02-15h-15m-44s,ext1,531,ok,69,12,0.011138237847222222,972,972,441,0.11873541687206284,0.0,22.95,19.2,0.64,,tracks/AUTOLab+t3d58310+2023-09-02-15h-15m-44s/ext1_f00531.npz
AUTOLab+t3d58310+2023-09-02-15h-15m-44s,ext1,911,ok,85,4,0.001979166666666667,972,972,61,0.4135004821600771,0.03529411764705882,4.09,14.9,0.65,,tracks/AUTOLab+t3d58310+2023-09-02-15h-15m-44s/ext1_f00911.npz
AUTOLab+t3d58310+2023-09-02-15h-15m-44s,ext1,562,ok,70,10,0.007934027777777778,972,972,410,0.11951219512195121,0.0,22.01,18.6,0.65,,tracks/AUTOLab+t3d58310+2023-09-02-15h-15m-44s/ext1_f00562.npz
AUTOLab+t3d58310+2023-09-02-15h-15m-44s,ext1,950,ok,67,4,0.0015125868055555556,972,972,22,0.9165535956580733,0.417910447761194,2.16,10.2,0.65,,tracks/AUTOLab+t3d58310+2023-09-02-15h-15m-44s/ext1_f00950.npz
AUTOLab+t3d58310+2023-09-02-15h-15m-44s,ext1,609,ok,61,9,0.005903862847222222,972,972,363,0.12401210314772163,0.08196721311475409,19.07,19.0,0.65,,tracks/AUTOLab+t3d58310+2023-09-02-15h-15m-44s/ext1_f00609.npz
AUTOLab+t3d58310+2023-09-02-15h-15m-44s,ext1,228,ok,59,8,0.004618055555555556,972,972,744,0.24824585383634043,0.03389830508474576,37.77,19.7,0.64,,tracks/AUTOLab+t3d58310+2023-09-02-15h-15m-44s/ext1_f00228.npz
AUTOLab+t3d58310+2023-09-02-15h-15m-44s,ext1,670,ok,64,6,0.0029123263888888888,972,972,302,0.3421978476821192,0.0625,16.06,18.8,0.64,,tracks/AUTOLab+t3d58310+2023-09-02-15h-15m-44s/ext1_f00670.npz
AUTOLab+t3d58310+2023-09-02-15h-15m-44s,ext1,281,ok,63,10,0.0074641927083333335,972,972,691,0.34242988078009784,0.015873015873015872,35.96,19.2,0.64,,tracks/AUTOLab+t3d58310+2023-09-02-15h-15m-44s/ext1_f00281.npz
AUTOLab+t3d58310+2023-09-02-15h-15m-44s,ext1,714,ok,68,8,0.0050802951388888885,972,972,258,0.19835841313269495,0.08823529411764706,14.03,18.4,0.64,,tracks/AUTOLab+t3d58310+2023-09-02-15h-15m-44s/ext1_f00714.npz
AUTOLab+t3d58310+2023-09-02-15h-15m-44s,ext1,337,ok,69,9,0.006410590277777778,972,972,635,0.33579824261097796,0.34782608695652173,32.94,19.3,0.64,,tracks/AUTOLab+t3d58310+2023-09-02-15h-15m-44s/ext1_f00337.npz
AUTOLab+t3d58310+2023-09-02-15h-15m-44s,ext1,762,ok,69,6,0.0030783420138888887,972,972,210,0.3010351966873706,0.0,11.39,18.4,0.64,,tracks/AUTOLab+t3d58310+2023-09-02-15h-15m-44s/ext1_f00762.npz
AUTOLab+t3d58310+2023-09-02-15h-15m-44s,ext1,363,ok,65,10,0.007531467013888889,972,972,609,0.2614374131615511,0.15384615384615385,32.22,18.9,0.64,,tracks/AUTOLab+t3d58310+2023-09-02-15h-15m-44s/ext1_f00363.npz
AUTOLab+t3d58310+2023-09-02-15h-15m-44s,ext1,816,ok,80,5,0.0025911458333333333,972,972,156,0.33413461538461536,0.075,9.11,17.1,0.64,,tracks/AUTOLab+t3d58310+2023-09-02-15h-15m-44s/ext1_f00816.npz
AUTOLab+t3d58310+2023-09-02-15h-15m-44s,ext2,531,ok,65,10,0.008514539930555556,972,972,441,0.7454735740450026,0.06153846153846154,22.82,19.3,0.64,,tracks/AUTOLab+t3d58310+2023-09-02-15h-15m-44s/ext2_f00531.npz
AUTOLab+t3d58310+2023-09-02-15h-15m-44s,ext2,911,ok,60,10,0.008662109375,972,972,61,0.7603825136612021,0.43333333333333335,4.07,15.0,0.64,,tracks/AUTOLab+t3d58310+2023-09-02-15h-15m-44s/ext2_f00911.npz
AUTOLab+t3d58310+2023-09-02-15h-15m-44s,ext2,562,ok,70,10,0.00871310763888889,972,972,410,0.6904878048780487,0.1,21.56,19.0,0.65,,tracks/AUTOLab+t3d58310+2023-09-02-15h-15m-44s/ext2_f00562.npz
AUTOLab+t3d58310+2023-09-02-15h-15m-44s,ext2,950,ok,60,14,0.014565972222222221,972,972,22,0.6674242424242425,0.5333333333333333,2.4,9.2,0.65,,tracks/AUTOLab+t3d58310+2023-09-02-15h-15m-44s/ext2_f00950.npz
AUTOLab+t3d58310+2023-09-02-15h-15m-44s,ext2,609,ok,70,12,0.012456597222222223,972,972,363,0.7068083431719795,0.14285714285714285,19.51,18.6,0.65,,tracks/AUTOLab+t3d58310+2023-09-02-15h-15m-44s/ext2_f00609.npz
AUTOLab+t3d58310+2023-09-02-15h-15m-44s,ext2,228,ok,65,12,0.011687282986111111,972,972,744,0.7622828784119107,0.12307692307692308,38.45,19.3,0.65,,tracks/AUTOLab+t3d58310+2023-09-02-15h-15m-44s/ext2_f00228.npz
AUTOLab+t3d58310+2023-09-02-15h-15m-44s,ext2,670,ok,61,13,0.013384331597222222,972,972,302,0.8114754098360656,0.36065573770491804,16.16,18.7,0.65,,tracks/AUTOLab+t3d58310+2023-09-02-15h-15m-44s/ext2_f00670.npz
AUTOLab+t3d58310+2023-09-02-15h-15m-44s,ext2,281,ok,64,12,0.011534288194444445,972,972,691,0.7186821635311144,0.078125,35.53,19.5,0.64,,tracks/AUTOLab+t3d58310+2023-09-02-15h-15m-44s/ext2_f00281.npz
AUTOLab+t3d58310+2023-09-02-15h-15m-44s,ext2,714,ok,61,13,0.013372395833333333,972,972,258,0.7386580251620282,0.21311475409836064,13.98,18.5,0.64,,tracks/AUTOLab+t3d58310+2023-09-02-15h-15m-44s/ext2_f00714.npz
AUTOLab+t3d58310+2023-09-02-15h-15m-44s,ext2,337,ok,65,11,0.010368923611111112,972,972,635,0.7695457298606905,0.15384615384615385,33.0,19.2,0.64,,tracks/AUTOLab+t3d58310+2023-09-02-15h-15m-44s/ext2_f00337.npz
AUTOLab+t3d58310+2023-09-02-15h-15m-44s,ext2,762,ok,64,14,0.01609809027777778,972,972,210,0.7144345238095238,0.28125,11.74,17.9,0.64,,tracks/AUTOLab+t3d58310+2023-09-02-15h-15m-44s/ext2_f00762.npz
AUTOLab+t3d58310+2023-09-02-15h-15m-44s,ext2,363,ok,63,11,0.009571397569444445,972,972,609,0.7322699194620377,0.07936507936507936,31.74,19.2,0.64,,tracks/AUTOLab+t3d58310+2023-09-02-15h-15m-44s/ext2_f00363.npz
AUTOLab+t3d58310+2023-09-02-15h-15m-44s,ext2,816,ok,71,11,0.011114366319444444,972,972,156,0.7445828819068255,0.36619718309859156,9.01,17.3,0.64,,tracks/AUTOLab+t3d58310+2023-09-02-15h-15m-44s/ext2_f00816.npz
AUTOLab+t3d58310+2023-09-02-15h-15m-44s,ext2,480,ok,71,9,0.007796223958333333,972,972,492,0.8169014084507042,0.07042253521126761,26.51,18.6,0.64,,tracks/AUTOLab+t3d58310+2023-09-02-15h-15m-44s/ext2_f00480.npz
AUTOLab+t3d58310+2023-09-02-15h-15m-44s,ext2,849,ok,61,13,0.014172092013888889,972,972,123,0.4926029588164734,0.13114754098360656,7.42,16.6,0.64,,tracks/AUTOLab+t3d58310+2023-09-02-15h-15m-44s/ext2_f00849.npz
CLVR+13759f6e+2023-05-16-21h-52m-56s,ext1,158,ok,68,17,0.02366644965277778,301,301,143,0.9757301522007404,0.7941176470588235,7.46,19.2,0.65,,tracks/CLVR+13759f6e+2023-05-16-21h-52m-56s/ext1_f00158.npz
CLVR+13759f6e+2023-05-16-21h-52m-56s,ext2,158,ok,67,14,0.01672309027777778,301,301,143,0.9565807327001357,0.7611940298507462,7.46,19.2,0.65,,tracks/CLVR+13759f6e+2023-05-16-21h-52m-56s/ext2_f00158.npz
CLVR+13759f6e+2023-05-19-22h-01m-34s,ext1,187,ok,69,12,0.011286892361111111,265,265,78,0.7963582311408398,0.9565217391304348,4.2,18.6,0.64,,tracks/CLVR+13759f6e+2023-05-19-22h-01m-34s/ext1_f00187.npz
CLVR+13759f6e+2023-05-19-22h-01m-34s,ext2,187,ok,66,11,0.01049587673611111,265,265,78,0.820901320901321,0.7878787878787878,4.25,18.3,0.64,,tracks/CLVR+13759f6e+2023-05-19-22h-01m-34s/ext2_f00187.npz
CLVR+13759f6e+2023-05-20-15h-25m-34s,ext1,147,ok,72,11,0.011031901041666667,180,180,33,0.9957912457912458,1.0,1.92,17.2,0.64,,tracks/CLVR+13759f6e+2023-05-20-15h-25m-34s/ext1_f00147.npz
CLVR+13759f6e+2023-05-20-15h-25m-34s,ext2,147,ok,60,10,0.007847222222222222,180,180,33,0.8313131313131313,0.7833333333333333,1.92,17.2,0.64,,tracks/CLVR+13759f6e+2023-05-20-15h-25m-34s/ext2_f00147.npz
CLVR+13759f6e+2023-05-20-15h-25m-58s,ext1,109,ok,67,12,0.0116796875,179,179,70,0.9560767590618336,0.9402985074626866,3.69,19.0,0.64,,tracks/CLVR+13759f6e+2023-05-20-15h-25m-58s/ext1_f00109.npz
CLVR+13759f6e+2023-05-20-15h-25m-58s,ext2,109,ok,62,12,0.011299913194444445,179,179,70,0.9808755760368664,1.0,3.73,18.8,0.65,,tracks/CLVR+13759f6e+2023-05-20-15h-25m-58s/ext2_f00109.npz
CLVR+13759f6e+2023-05-20-17h-33m-35s,ext1,109,ok,80,5,0.002470703125,170,170,61,0.9973360655737705,1.0,3.34,18.2,0.65,,tracks/CLVR+13759f6e+2023-05-20-17h-33m-35s/ext1_f00109.npz
CLVR+13759f6e+2023-05-20-17h-33m-35s,ext2,109,ok,64,9,0.006847873263888889,170,170,61,0.9956454918032787,1.0,3.28,18.6,0.65,,tracks/CLVR+13759f6e+2023-05-20-17h-33m-35s/ext2_f00109.npz
CLVR+13759f6e+2023-06-03-22h-54m-58s,ext1,259,ok,70,7,0.004898003472222222,283,283,24,0.3125,0.05714285714285714,1.54,15.5,0.64,,tracks/CLVR+13759f6e+2023-06-03-22h-54m-58s/ext1_f00259.npz
CLVR+13759f6e+2023-06-03-22h-54m-58s,ext2,259,ok,42,4,0.0012282986111111112,283,283,24,0.9861111111111112,0.9761904761904762,1.51,15.8,0.64,,tracks/CLVR+13759f6e+2023-06-03-22h-54m-58s/ext2_f00259.npz
CLVR+13759f6e+2023-06-09-11h-23m-32s,ext1,91,ok,69,19,0.02810546875,118,118,27,0.9844337090713903,0.9855072463768116,1.52,17.8,0.64,,tracks/CLVR+13759f6e+2023-06-09-11h-23m-32s/ext1_f00091.npz
CLVR+13759f6e+2023-06-09-11h-23m-32s,ext2,91,ok,68,13,0.01490993923611111,118,118,27,0.9809368191721133,0.9852941176470589,1.56,17.3,0.64,,tracks/CLVR+13759f6e+2023-06-09-11h-23m-32s/ext2_f00091.npz
CLVR+13759f6e+2023-06-13-01h-33m-52s,ext1,45,ok,56,12,0.010801866319444445,142,142,97,0.9867452135493373,0.9642857142857143,4.96,19.6,0.64,,tracks/CLVR+13759f6e+2023-06-13-01h-33m-52s/ext1_f00045.npz
CLVR+13759f6e+2023-06-13-01h-33m-52s,ext2,45,ok,69,11,0.011613498263888888,142,142,97,0.8241446287165696,0.9710144927536232,5.07,19.1,0.65,,tracks/CLVR+13759f6e+2023-06-13-01h-33m-52s/ext2_f00045.npz
CLVR+236539bc+2023-05-16-19h-24m-38s,ext1,203,ok,65,10,0.008109809027777777,280,280,77,0.8973026973026973,0.9538461538461539,4.2,18.3,0.65,,tracks/CLVR+236539bc+2023-05-16-19h-24m-38s/ext1_f00203.npz
CLVR+236539bc+2023-05-16-19h-24m-38s,ext2,203,ok,67,14,0.016102430555555554,280,280,77,0.5817018802093429,0.8955223880597015,4.14,18.6,0.65,,tracks/CLVR+236539bc+2023-05-16-19h-24m-38s/ext2_f00203.npz
CLVR+236539bc+2023-05-16-19h-40m-53s,ext1,140,ok,70,11,0.009405381944444444,183,183,43,0.9897009966777409,1.0,2.34,18.4,0.64,,tracks/CLVR+236539bc+2023-05-16-19h-40m-53s/ext1_f00140.npz
CLVR+236539bc+2023-05-16-19h-40m-53s,ext2,140,ok,67,18,0.025013020833333333,183,183,43,0.9694550503297467,0.8656716417910447,2.37,18.2,0.64,,tracks/CLVR+236539bc+2023-05-16-19h-40m-53s/ext2_f00140.npz
CLVR+236539bc+2023-05-16-19h-53m-56s,ext1,167,ok,61,14,0.014698350694444445,210,210,43,0.3942051086542127,0.0,2.64,16.3,0.64,,tracks/CLVR+236539bc+2023-05-16-19h-53m-56s/ext1_f00167.npz
CLVR+236539bc+2023-05-16-19h-53m-56s,ext2,167,ok,58,11,0.010050998263888888,210,210,43,0.7882919005613472,0.5344827586206896,2.41,17.9,0.64,,tracks/CLVR+236539bc+2023-05-16-19h-53m-56s/ext2_f00167.npz
CLVR+236539bc+2023-05-16-20h-03m-58s,ext1,108,ok,65,10,0.008206380208333334,141,141,33,0.9165501165501165,0.8153846153846154,1.89,17.5,0.64,,tracks/CLVR+236539bc+2023-05-16-20h-03m-58s/ext1_f00108.npz
CLVR+236539bc+2023-05-16-20h-03m-58s,ext2,108,ok,60,17,0.021538628472222224,141,141,33,0.41515151515151516,0.03333333333333333,1.79,18.5,0.65,,tracks/CLVR+236539bc+2023-05-16-20h-03m-58s/ext2_f00108.npz
CLVR+236539bc+2023-05-29-22h-34m-38s,ext1,211,ok,63,16,0.01963433159722222,375,375,164,0.4362175764614789,0.25396825396825395,8.83,18.6,0.65,,tracks/CLVR+236539bc+2023-05-29-22h-34m-38s/ext1_f00211.npz
CLVR+236539bc+2023-05-29-22h-34m-38s,ext2,211,ok,66,9,0.00751953125,375,375,164,0.44401330376940135,0.16666666666666666,8.77,18.7,0.65,,tracks/CLVR+236539bc+2023-05-29-22h-34m-38s/ext2_f00211.npz
CLVR+236539bc+2023-05-29-23h-20m-35s,ext1,162,ok,67,10,0.008093532986111112,280,280,118,0.6746774601568429,0.8208955223880597,6.34,18.6,0.64,,tracks/CLVR+236539bc+2023-05-29-23h-20m-35s/ext1_f00162.npz
CLVR+236539bc+2023-05-29-23h-20m-35s,ext2,162,ok,61,13,0.013534071180555555,280,280,118,0.3823284245623784,0.06557377049180328,6.24,18.9,0.64,,tracks/CLVR+236539bc+2023-05-29-23h-20m-35s/ext2_f00162.npz
CLVR+236539bc+2023-05-29-23h-54m-53s,ext1,419,ok,66,10,0.00935546875,559,559,140,0.937987012987013,1.0,7.38,19.0,0.64,,tracks/CLVR+236539bc+2023-05-29-23h-54m-53s/ext1_f00419.npz
CLVR+236539bc+2023-05-29-23h-54m-53s,ext1,522,ok,66,12,0.01208984375,559,559,37,0.9975429975429976,1.0,2.43,15.2,0.65,,tracks/CLVR+236539bc+2023-05-29-23h-54m-53s/ext1_f00522.npz
CLVR+236539bc+2023-05-29-23h-54m-53s,ext1,147,ok,65,13,0.013628472222222222,559,559,412,0.80268857356236,0.8769230769230769,21.16,19.5,0.64,,tracks/CLVR+236539bc+2023-05-29-23h-54m-53s/ext1_f00147.npz
CLVR+236539bc+2023-05-29-23h-54m-53s,ext1,262,ok,59,11,0.009572482638888888,559,559,297,0.9436169605661131,1.0,15.84,18.8,0.64,,tracks/CLVR+236539bc+2023-05-29-23h-54m-53s/ext1_f00262.npz
CLVR+236539bc+2023-05-29-23h-54m-53s,ext2,147,ok,72,13,0.014429253472222223,559,559,412,0.54540857605178,0.2638888888888889,22.23,18.5,0.65,,tracks/CLVR+236539bc+2023-05-29-23h-54m-53s/ext2_f00147.npz
CLVR+236539bc+2023-05-29-23h-54m-53s,ext2,262,ok,71,13,0.013701171875,559,559,297,0.5732916014606155,0.2112676056338028,15.5,19.2,0.65,,tracks/CLVR+236539bc+2023-05-29-23h-54m-53s/ext2_f00262.npz
CLVR+236539bc+2023-05-29-23h-54m-53s,ext2,419,ok,77,12,0.011997612847222222,559,559,140,0.749721706864564,0.23376623376623376,7.75,18.1,0.64,,tracks/CLVR+236539bc+2023-05-29-23h-54m-53s/ext2_f00419.npz
CLVR+236539bc+2023-05-29-23h-54m-53s,ext2,522,ok,68,11,0.009664713541666667,559,559,37,0.8366454689984102,0.20588235294117646,2.43,15.3,0.64,,tracks/CLVR+236539bc+2023-05-29-23h-54m-53s/ext2_f00522.npz
CLVR+236539bc+2023-05-30-00h-17m-53s,ext1,147,ok,62,13,0.01293185763888889,167,167,20,0.9314516129032258,0.8870967741935484,1.2,16.7,0.64,,tracks/CLVR+236539bc+2023-05-30-00h-17m-53s/ext1_f00147.npz
CLVR+236539bc+2023-05-30-00h-17m-53s,ext2,147,ok,66,13,0.01239040798611111,167,167,20,0.9613636363636363,0.9545454545454546,1.24,16.1,0.64,,tracks/CLVR+236539bc+2023-05-30-00h-17m-53s/ext2_f00147.npz
CLVR+236539bc+2023-05-30-01h-39m-29s,ext1,143,ok,69,4,0.0014963107638888888,194,194,51,0.9846547314578005,0.9565217391304348,2.76,18.5,0.64,,tracks/CLVR+236539bc+2023-05-30-01h-39m-29s/ext1_f00143.npz
CLVR+236539bc+2023-05-30-01h-39m-29s,ext2,143,ok,61,9,0.005780164930555555,194,194,51,0.926711668273867,0.9180327868852459,2.78,18.3,0.65,,tracks/CLVR+236539bc+2023-05-30-01h-39m-29s/ext2_f00143.npz
CLVR+236539bc+2023-05-31-13h-29m-18s,ext1,213,ok,58,10,0.009175347222222222,216,216,3,1.0,1.0,0.44,6.8,0.65,,tracks/CLVR+236539bc+2023-05-31-13h-29m-18s/ext1_f00213.npz
CLVR+236539bc+2023-05-31-13h-29m-18s,ext2,213,ok,72,18,0.025901692708333333,216,216,3,1.0,1.0,0.43,6.9,0.65,,tracks/CLVR+236539bc+2023-05-31-13h-29m-18s/ext2_f00213.npz
CLVR+236539bc+2023-06-20-04h-19m-27s,ext1,49,ok,67,21,0.031982421875,141,141,92,0.5004866969500325,0.4925373134328358,4.83,19.1,0.64,,tracks/CLVR+236539bc+2023-06-20-04h-19m-27s/ext1_f00049.npz
CLVR+236539bc+2023-06-20-04h-19m-27s,ext2,49,ok,69,27,0.05461371527777778,141,141,92,0.7794580970384373,0.4782608695652174,4.83,19.0,0.64,,tracks/CLVR+236539bc+2023-06-20-04h-19m-27s/ext2_f00049.npz
CLVR+236539bc+2023-06-25-17h-30m-33s,ext1,148,ok,63,9,0.006861979166666666,156,156,8,0.998015873015873,1.0,0.6,13.4,0.64,,tracks/CLVR+236539bc+2023-06-25-17h-30m-33s/ext1_f00148.npz
CLVR+236539bc+2023-06-25-17h-30m-33s,ext2,148,ok,74,7,0.00466796875,156,156,8,1.0,1.0,0.64,12.4,0.64,,tracks/CLVR+236539bc+2023-06-25-17h-30m-33s/ext2_f00148.npz
CLVR+236539bc+2023-06-25-18h-24m-07s,ext1,227,ok,80,5,0.002482638888888889,298,298,71,0.9948943661971831,0.9375,3.87,18.4,0.64,,tracks/CLVR+236539bc+2023-06-25-18h-24m-07s/ext1_f00227.npz
CLVR+236539bc+2023-06-25-18h-24m-07s,ext2,227,ok,62,10,0.007243923611111111,298,298,71,0.9902317128577919,0.967741935483871,3.81,18.7,0.65,,tracks/CLVR+236539bc+2023-06-25-18h-24m-07s/ext2_f00227.npz
CLVR+236539bc+2023-06-25-18h-47m-26s,ext1,130,ok,70,6,0.002964409722222222,192,192,62,0.866589861751152,0.9857142857142858,3.55,17.5,0.65,,tracks/CLVR+236539bc+2023-06-25-18h-47m-26s/ext1_f00130.npz
CLVR+236539bc+2023-06-25-18h-47m-26s,ext1,166,ok,63,7,0.0036121961805555556,192,192,26,0.9731379731379731,0.9365079365079365,1.55,16.8,0.65,,tracks/CLVR+236539bc+2023-06-25-18h-47m-26s/ext1_f00166.npz
CLVR+236539bc+2023-06-25-18h-47m-26s,ext2,130,ok,65,9,0.006102430555555555,192,192,62,0.9024813895781638,1.0,3.32,18.7,0.64,,tracks/CLVR+236539bc+2023-06-25-18h-47m-26s/ext2_f00130.npz
CLVR+236539bc+2023-06-25-18h-47m-26s,ext2,166,ok,76,9,0.006984592013888889,192,192,26,0.993421052631579,1.0,1.93,13.5,0.64,,tracks/CLVR+236539bc+2023-06-25-18h-47m-26s/ext2_f00166.npz
CLVR+236539bc+2023-08-06-19h-27m-40s,ext1,145,ok,60,9,0.006455078125,197,197,52,0.8240384615384615,0.0,2.81,18.5,0.64,,tracks/CLVR+236539bc+2023-08-06-19h-27m-40s/ext1_f00145.npz
CLVR+236539bc+2023-08-06-19h-27m-40s,ext2,145,ok,67,10,0.00869357638888889,197,197,52,0.9270952927669346,0.7164179104477612,2.9,17.9,0.64,,tracks/CLVR+236539bc+2023-08-06-19h-27m-40s/ext2_f00145.npz
GuptaLab+553d1bd5+2023-06-18-18h-56m-48s,ext1,27,ok,61,15,0.01663302951388889,97,97,70,0.8442622950819673,0.8524590163934426,3.63,19.3,0.64,,tracks/GuptaLab+553d1bd5+2023-06-18-18h-56m-48s/ext1_f00027.npz
GuptaLab+553d1bd5+2023-06-18-18h-56m-48s,ext2,27,ok,58,7,0.004233940972222222,97,97,70,0.6546798029556651,0.5862068965517241,3.64,19.2,0.65,,tracks/GuptaLab+553d1bd5+2023-06-18-18h-56m-48s/ext2_f00027.npz
ILIAD+50aee79f+2023-08-15-23h-31m-50s,ext1,64,ok,64,10,0.007368706597222222,267,267,203,0.984375,1.0,10.67,19.0,0.65,,tracks/ILIAD+50aee79f+2023-08-15-23h-31m-50s/ext1_f00064.npz
ILIAD+50aee79f+2023-08-15-23h-31m-50s,ext2,64,ok,66,22,0.037481553819444444,267,267,203,0.6815942678011644,0.8787878787878788,10.52,19.3,0.65,,tracks/ILIAD+50aee79f+2023-08-15-23h-31m-50s/ext2_f00064.npz
ILIAD+50aee79f+2023-08-17-15h-32m-21s,ext1,122,ok,62,18,0.02495876736111111,430,430,308,0.954388353581902,1.0,15.78,19.5,0.64,,tracks/ILIAD+50aee79f+2023-08-17-15h-32m-21s/ext1_f00122.npz
ILIAD+50aee79f+2023-08-17-15h-32m-21s,ext2,122,ok,62,10,0.008081597222222223,430,430,308,0.9571638039379975,0.8870967741935484,15.94,19.3,0.64,,tracks/ILIAD+50aee79f+2023-08-17-15h-32m-21s/ext2_f00122.npz
ILIAD+50aee79f+2023-08-17-19h-27m-06s,ext1,108,ok,76,10,0.008388671875,193,193,85,0.9205882352941176,1.0,4.61,18.4,0.64,,tracks/ILIAD+50aee79f+2023-08-17-19h-27m-06s/ext1_f00108.npz
ILIAD+50aee79f+2023-08-17-19h-27m-06s,ext2,108,ok,59,12,0.01107204861111111,193,193,85,0.9964107676969093,1.0,4.66,18.3,0.64,,tracks/ILIAD+50aee79f+2023-08-17-19h-27m-06s/ext2_f00108.npz
ILIAD+50aee79f+2023-08-19-11h-18m-42s,ext1,32,ok,70,13,0.01267578125,225,225,193,0.45181347150259066,0.0,9.84,19.6,0.64,,tracks/ILIAD+50aee79f+2023-08-19-11h-18m-42s/ext1_f00032.npz
ILIAD+50aee79f+2023-08-19-11h-18m-42s,ext1,107,ok,69,10,0.008041449652777777,225,225,118,0.8193318594939818,0.0,6.2,19.0,0.65,,tracks/ILIAD+50aee79f+2023-08-19-11h-18m-42s/ext1_f00107.npz
ILIAD+50aee79f+2023-08-19-11h-18m-42s,ext1,158,ok,63,10,0.007879774305555556,225,225,67,0.8057332385690594,0.0,3.79,17.7,0.65,,tracks/ILIAD+50aee79f+2023-08-19-11h-18m-42s/ext1_f00158.npz
ILIAD+50aee79f+2023-08-19-11h-18m-42s,ext2,32,ok,62,15,0.017513020833333334,225,225,193,0.7643322747785392,0.1935483870967742,10.45,18.5,0.65,,tracks/ILIAD+50aee79f+2023-08-19-11h-18m-42s/ext2_f00032.npz
ILIAD+50aee79f+2023-08-19-11h-18m-42s,ext2,107,ok,67,12,0.013031684027777778,225,225,118,0.812547432329876,0.04477611940298507,6.15,19.2,0.64,,tracks/ILIAD+50aee79f+2023-08-19-11h-18m-42s/ext2_f00107.npz
ILIAD+50aee79f+2023-08-19-11h-18m-42s,ext2,158,ok,71,9,0.007948133680555556,225,225,67,0.8723985705276435,0.2535211267605634,3.68,18.2,0.64,,tracks/ILIAD+50aee79f+2023-08-19-11h-18m-42s/ext2_f00158.npz
ILIAD+50aee79f+2023-08-19-11h-23m-10s,ext1,159,ok,66,11,0.009251302083333333,245,245,86,0.866631430584919,0.3181818181818182,4.65,18.5,0.64,,tracks/ILIAD+50aee79f+2023-08-19-11h-23m-10s/ext1_f00159.npz
ILIAD+50aee79f+2023-08-19-11h-23m-10s,ext2,159,ok,63,13,0.012307942708333333,245,245,86,0.857327427094869,0.6507936507936508,4.72,18.2,0.64,,tracks/ILIAD+50aee79f+2023-08-19-11h-23m-10s/ext2_f00159.npz
ILIAD+50aee79f+2023-08-20-11h-35m-55s,ext1,177,ok,59,22,0.03495876736111111,294,294,117,0.947559032304795,0.7457627118644068,6.12,19.1,0.64,,tracks/ILIAD+50aee79f+2023-08-20-11h-35m-55s/ext1_f00177.npz
ILIAD+50aee79f+2023-08-20-11h-35m-55s,ext2,177,ok,67,14,0.0162109375,294,294,117,0.9965556831228473,1.0,6.16,19.0,0.65,,tracks/ILIAD+50aee79f+2023-08-20-11h-35m-55s/ext2_f00177.npz
ILIAD+5e938e3b+2023-07-17-11h-21m-46s,ext1,68,ok,76,10,0.00909396701388889,333,333,265,0.5911618669314797,0.32894736842105265,13.86,19.1,0.65,,tracks/ILIAD+5e938e3b+2023-07-17-11h-21m-46s/ext1_f00068.npz
ILIAD+5e938e3b+2023-07-17-11h-21m-46s,ext2,68,ok,60,5,0.0023828125,333,333,265,0.9917610062893082,1.0,13.73,19.3,0.65,,tracks/ILIAD+5e938e3b+2023-07-17-11h-21m-46s/ext2_f00068.npz
ILIAD+5e938e3b+2023-07-17-11h-31m-36s,ext1,41,ok,61,9,0.005747612847222222,268,268,227,0.5076911966490937,0.45901639344262296,13.18,17.2,0.64,,tracks/ILIAD+5e938e3b+2023-07-17-11h-31m-36s/ext1_f00041.npz
ILIAD+5e938e3b+2023-07-17-11h-31m-36s,ext1,53,ok,75,9,0.007332899305555555,268,268,215,0.4538294573643411,0.4533333333333333,11.29,19.0,0.64,,tracks/ILIAD+5e938e3b+2023-07-17-11h-31m-36s/ext1_f00053.npz
ILIAD+5e938e3b+2023-07-17-11h-31m-36s,ext1,69,ok,78,9,0.0071690538194444445,268,268,199,0.7622084782888803,0.8333333333333334,10.37,19.2,0.64,,tracks/ILIAD+5e938e3b+2023-07-17-11h-31m-36s/ext1_f00069.npz
ILIAD+5e938e3b+2023-07-17-11h-31m-36s,ext2,53,ok,62,11,0.009458550347222223,268,268,215,0.8800450112528132,0.8064516129032258,10.92,19.7,0.64,,tracks/ILIAD+5e938e3b+2023-07-17-11h-31m-36s/ext2_f00053.npz
ILIAD+5e938e3b+2023-07-17-11h-31m-36s,ext2,69,ok,59,12,0.011279296875,268,268,199,0.9651648070862788,0.8983050847457628,10.2,19.5,0.65,,tracks/ILIAD+5e938e3b+2023-07-17-11h-31m-36s/ext2_f00069.npz
ILIAD+5e938e3b+2023-07-17-11h-31m-36s,ext2,41,ok,62,10,0.007736545138888889,268,268,227,0.8976126190137843,0.8870967741935484,11.93,19.0,0.64,,tracks/ILIAD+5e938e3b+2023-07-17-11h-31m-36s/ext2_f00041.npz
ILIAD+5e938e3b+2023-07-17-11h-51m-13s,ext1,55,ok,68,12,0.011158854166666666,234,234,179,0.8637035819914558,0.5882352941176471,9.36,19.1,0.65,,tracks/ILIAD+5e938e3b+2023-07-17-11h-51m-13s/ext1_f00055.npz
ILIAD+5e938e3b+2023-07-17-11h-51m-13s,ext1,112,ok,68,9,0.007253689236111111,234,234,122,0.8665621986499518,0.5294117647058824,6.46,18.9,0.65,,tracks/ILIAD+5e938e3b+2023-07-17-11h-51m-13s/ext1_f00112.npz
ILIAD+5e938e3b+2023-07-17-11h-51m-13s,ext2,55,ok,64,13,0.013093532986111111,234,234,179,0.6586941340782123,0.953125,9.21,19.4,0.64,,tracks/ILIAD+5e938e3b+2023-07-17-11h-51m-13s/ext2_f00055.npz
ILIAD+5e938e3b+2023-07-17-11h-51m-13s,ext2,112,ok,62,11,0.008394097222222223,234,234,122,0.9586197778952935,0.967741935483871,6.4,19.1,0.64,,tracks/ILIAD+5e938e3b+2023-07-17-11h-51m-13s/ext2_f00112.npz
ILIAD+5e938e3b+2023-07-18-13h-20m-37s,ext1,119,ok,64,5,0.002400173611111111,287,287,168,0.06640625,0.0,8.75,19.2,0.64,,tracks/ILIAD+5e938e3b+2023-07-18-13h-20m-37s/ext1_f00119.npz
ILIAD+5e938e3b+2023-07-18-13h-20m-37s,ext2,119,ok,75,6,0.0035275607638888887,287,287,168,0.9689682539682539,0.9733333333333334,9.0,18.7,0.64,,tracks/ILIAD+5e938e3b+2023-07-18-13h-20m-37s/ext2_f00119.npz
ILIAD+5e938e3b+2023-07-19-11h-56m-36s,ext1,172,ok,72,8,0.006066623263888889,689,689,517,0.2031753707285622,0.0,26.51,19.5,0.64,,tracks/ILIAD+5e938e3b+2023-07-19-11h-56m-36s/ext1_f00172.npz
ILIAD+5e938e3b+2023-07-19-11h-56m-36s,ext1,413,ok,69,15,0.016299913194444446,689,689,276,0.4086326402016383,0.0,14.43,19.1,0.65,,tracks/ILIAD+5e938e3b+2023-07-19-11h-56m-36s/ext1_f00413.npz
ILIAD+5e938e3b+2023-07-19-11h-56m-36s,ext1,523,ok,70,15,0.016407335069444445,689,689,166,0.28631669535283993,0.0,9.13,18.2,0.65,,tracks/ILIAD+5e938e3b+2023-07-19-11h-56m-36s/ext1_f00523.npz
ILIAD+5e938e3b+2023-07-19-11h-56m-36s,ext1,665,ok,62,6,0.002546657986111111,689,689,24,0.760752688172043,0.11290322580645161,1.87,12.8,0.65,,tracks/ILIAD+5e938e3b+2023-07-19-11h-56m-36s/ext1_f00665.npz
ILIAD+5e938e3b+2023-07-19-11h-56m-36s,ext2,172,ok,57,5,0.0022667100694444445,689,689,517,0.5253317045030371,0.9824561403508771,26.33,19.6,0.64,,tracks/ILIAD+5e938e3b+2023-07-19-11h-56m-36s/ext2_f00172.npz
ILIAD+5e938e3b+2023-07-19-11h-56m-36s,ext2,413,ok,60,7,0.005304904513888889,689,689,276,0.6528381642512078,0.9666666666666667,14.4,19.2,0.64,,tracks/ILIAD+5e938e3b+2023-07-19-11h-56m-36s/ext2_f00413.npz
ILIAD+5e938e3b+2023-07-19-11h-56m-36s,ext2,523,ok,59,9,0.006648220486111111,689,689,166,0.4169899938738003,0.8813559322033898,8.87,18.7,0.64,,tracks/ILIAD+5e938e3b+2023-07-19-11h-56m-36s/ext2_f00523.npz
ILIAD+5e938e3b+2023-07-19-11h-56m-36s,ext2,665,ok,57,5,0.0021788194444444446,689,689,24,0.9970760233918129,1.0,1.77,13.6,0.64,,tracks/ILIAD+5e938e3b+2023-07-19-11h-56m-36s/ext2_f00665.npz
ILIAD+5e938e3b+2023-07-19-12h-56m-56s,ext1,108,ok,68,6,0.0034624565972222222,140,140,32,0.9407169117647058,0.8970588235294118,1.74,18.3,0.64,,tracks/ILIAD+5e938e3b+2023-07-19-12h-56m-56s/ext1_f00108.npz
ILIAD+5e938e3b+2023-07-19-12h-56m-56s,ext2,108,ok,62,10,0.008143446180555555,140,140,32,0.9934475806451613,1.0,1.76,18.2,0.65,,tracks/ILIAD+5e938e3b+2023-07-19-12h-56m-56s/ext2_f00108.npz
ILIAD+5e938e3b+2023-07-19-13h-52m-00s,ext1,78,ok,74,8,0.006013454861111111,137,137,59,0.7615666513971598,0.35135135135135137,3.23,18.3,0.65,,tracks/ILIAD+5e938e3b+2023-07-19-13h-52m-00s/ext1_f00078.npz
ILIAD+5e938e3b+2023-07-19-13h-52m-00s,ext2,78,ok,72,8,0.006355251736111111,137,137,59,0.9797551789077212,1.0,3.16,18.7,0.65,,tracks/ILIAD+5e938e3b+2023-07-19-13h-52m-00s/ext2_f00078.npz
ILIAD+5e938e3b+2023-07-19-17h-54m-22s,ext1,69,ok,70,9,0.006671006944444445,199,199,130,0.6383516483516484,0.12857142857142856,6.76,19.2,0.64,,tracks/ILIAD+5e938e3b+2023-07-19-17h-54m-22s/ext1_f00069.npz
ILIAD+5e938e3b+2023-07-19-17h-54m-22s,ext2,69,ok,62,9,0.006417100694444444,199,199,130,0.9978908188585608,1.0,6.8,19.1,0.64,,tracks/ILIAD+5e938e3b+2023-07-19-17h-54m-22s/ext2_f00069.npz
ILIAD+5e938e3b+2023-07-19-17h-58m-50s,ext1,233,ok,64,9,0.005774739583333333,273,273,40,0.91171875,0.203125,2.43,16.5,0.64,,tracks/ILIAD+5e938e3b+2023-07-19-17h-58m-50s/ext1_f00233.npz
ILIAD+5e938e3b+2023-07-19-17h-58m-50s,ext2,233,ok,64,10,0.008131510416666666,273,273,40,0.97734375,0.96875,2.47,16.2,0.64,,tracks/ILIAD+5e938e3b+2023-07-19-17h-58m-50s/ext2_f00233.npz
ILIAD+5e938e3b+2023-07-19-18h-08m-59s,ext1,175,ok,67,6,0.003068576388888889,195,195,20,0.9798507462686568,0.9552238805970149,1.27,15.7,0.64,,tracks/ILIAD+5e938e3b+2023-07-19-18h-08m-59s/ext1_f00175.npz
ILIAD+5e938e3b+2023-07-19-18h-08m-59s,ext2,175,ok,65,11,0.010700954861111112,195,195,20,1.0,1.0,1.27,15.7,0.65,,tracks/ILIAD+5e938e3b+2023-07-19-18h-08m-59s/ext2_f00175.npz
ILIAD+5e938e3b+2023-07-19-18h-13m-07s,ext1,126,ok,74,10,0.00830078125,311,311,185,0.4016800584368152,0.0,9.82,18.8,0.65,,tracks/ILIAD+5e938e3b+2023-07-19-18h-13m-07s/ext1_f00126.npz
ILIAD+5e938e3b+2023-07-19-18h-13m-07s,ext1,178,ok,67,10,0.007926432291666667,311,311,133,0.3816631130063966,0.0,7.1,18.7,0.65,,tracks/ILIAD+5e938e3b+2023-07-19-18h-13m-07s/ext1_f00178.npz
ILIAD+5e938e3b+2023-07-19-18h-13m-07s,ext1,293,ok,71,5,0.0022254774305555556,311,311,18,0.7613458528951487,0.056338028169014086,1.33,13.5,0.64,,tracks/ILIAD+5e938e3b+2023-07-19-18h-13m-07s/ext1_f00293.npz
ILIAD+5e938e3b+2023-07-19-18h-13m-07s,ext2,126,ok,63,6,0.003583984375,311,311,185,0.9214071214071214,0.6666666666666666,9.7,19.1,0.64,,tracks/ILIAD+5e938e3b+2023-07-19-18h-13m-07s/ext2_f00126.npz
ILIAD+5e938e3b+2023-07-19-18h-13m-07s,ext2,178,ok,71,6,0.004299045138888889,311,311,133,0.8780048713332628,0.6197183098591549,7.04,18.9,0.64,,tracks/ILIAD+5e938e3b+2023-07-19-18h-13m-07s/ext2_f00178.npz
ILIAD+5e938e3b+2023-07-19-18h-13m-07s,ext2,293,ok,67,7,0.0044444444444444444,311,311,18,0.9991708126036484,1.0,1.36,13.3,0.64,,tracks/ILIAD+5e938e3b+2023-07-19-18h-13m-07s/ext2_f00293.npz
ILIAD+5e938e3b+2023-07-19-18h-15m-33s,ext1,106,ok,65,9,0.007353515625,135,135,29,0.916710875331565,0.8,1.69,17.2,0.64,,tracks/ILIAD+5e938e3b+2023-07-19-18h-15m-33s/ext1_f00106.npz
ILIAD+5e938e3b+2023-07-19-18h-15m-33s,ext2,106,ok,61,9,0.010893012152777777,135,135,29,0.5409836065573771,0.5901639344262295,1.68,17.2,0.65,,tracks/ILIAD+5e938e3b+2023-07-19-18h-15m-33s/ext2_f00106.npz
ILIAD+5e938e3b+2023-07-19-19h-29m-30s,ext1,41,ok,79,6,0.0036371527777777778,262,262,221,0.42591213700670144,0.11392405063291139,11.56,19.1,0.65,,tracks/ILIAD+5e938e3b+2023-07-19-19h-29m-30s/ext1_f00041.npz
ILIAD+5e938e3b+2023-07-19-19h-29m-30s,ext1,239,ok,64,14,0.021232638888888888,262,262,23,0.8974184782608695,0.734375,1.56,14.8,0.65,,tracks/ILIAD+5e938e3b+2023-07-19-19h-29m-30s/ext1_f00239.npz
ILIAD+5e938e3b+2023-07-19-19h-29m-30s,ext2,41,ok,58,7,0.00388671875,262,262,221,0.9364955531284131,0.9827586206896551,11.27,19.6,0.64,,tracks/ILIAD+5e938e3b+2023-07-19-19h-29m-30s/ext2_f00041.npz
ILIAD+5e938e3b+2023-07-19-19h-29m-30s,ext2,239,ok,67,8,0.0062228732638888885,262,262,23,0.9578195976638546,0.8507462686567164,1.49,15.5,0.64,,tracks/ILIAD+5e938e3b+2023-07-19-19h-29m-30s/ext2_f00239.npz
ILIAD+5e938e3b+2023-07-19-19h-31m-31s,ext1,532,ok,64,8,0.005340711805555555,539,539,7,0.9977678571428571,1.0,1.05,6.7,0.64,,tracks/ILIAD+5e938e3b+2023-07-19-19h-31m-31s/ext1_f00532.npz
ILIAD+5e938e3b+2023-07-19-19h-31m-31s,ext1,60,ok,68,6,0.004120008680555555,539,539,479,0.41130418764583077,0.5882352941176471,24.64,19.4,0.64,,tracks/ILIAD+5e938e3b+2023-07-19-19h-31m-31s/ext1_f00060.npz
ILIAD+5e938e3b+2023-07-19-19h-31m-31s,ext1,162,ok,81,6,0.003933376736111111,539,539,377,0.5754985754985755,0.2962962962962963,20.17,18.7,0.65,,tracks/ILIAD+5e938e3b+2023-07-19-19h-31m-31s/ext1_f00162.npz
ILIAD+5e938e3b+2023-07-19-19h-31m-31s,ext2,60,ok,77,5,0.002824435763888889,539,539,479,0.977008377843451,1.0,24.58,19.5,0.65,,tracks/ILIAD+5e938e3b+2023-07-19-19h-31m-31s/ext2_f00060.npz
ILIAD+5e938e3b+2023-07-19-19h-31m-31s,ext2,162,ok,71,8,0.005793185763888889,539,539,377,0.9474352747786453,0.9859154929577465,19.7,19.1,0.65,,tracks/ILIAD+5e938e3b+2023-07-19-19h-31m-31s/ext2_f00162.npz
ILIAD+5e938e3b+2023-07-19-19h-31m-31s,ext2,532,ok,67,7,0.005353732638888889,539,539,7,1.0,1.0,0.95,7.4,0.65,,tracks/ILIAD+5e938e3b+2023-07-19-19h-31m-31s/ext2_f00532.npz
ILIAD+5e938e3b+2023-07-19-19h-35m-58s,ext1,59,ok,75,16,0.01960177951388889,230,230,171,0.13489278752436648,0.013333333333333334,8.88,19.3,0.64,,tracks/ILIAD+5e938e3b+2023-07-19-19h-35m-58s/ext1_f00059.npz
ILIAD+5e938e3b+2023-07-19-19h-35m-58s,ext2,59,ok,59,7,0.004265407986111111,230,230,171,0.8619288333828923,0.864406779661017,8.88,19.3,0.64,,tracks/ILIAD+5e938e3b+2023-07-19-19h-35m-58s/ext2_f00059.npz
ILIAD+5e938e3b+2023-07-19-19h-43m-13s,ext1,301,ok,64,11,0.009300130208333333,349,349,48,0.8304036458333334,0.140625,2.88,16.6,0.64,,tracks/ILIAD+5e938e3b+2023-07-19-19h-43m-13s/ext1_f00301.npz
ILIAD+5e938e3b+2023-07-19-19h-43m-13s,ext2,301,ok,67,6,0.003429904513888889,349,349,48,0.9928482587064676,1.0,3.08,15.6,0.65,,tracks/ILIAD+5e938e3b+2023-07-19-19h-43m-13s/ext2_f00301.npz
ILIAD+5e938e3b+2023-07-19-19h-46m-15s,ext1,152,ok,73,12,0.012186414930555556,197,197,45,0.9482496194824962,0.8082191780821918,2.53,17.8,0.64,,tracks/ILIAD+5e938e3b+2023-07-19-19h-46m-15s/ext1_f00152.npz
ILIAD+5e938e3b+2023-07-19-19h-46m-15s,ext2,152,ok,50,4,0.0019487847222222222,197,197,45,1.0,1.0,2.51,17.9,0.65,,tracks/ILIAD+5e938e3b+2023-07-19-19h-46m-15s/ext2_f00152.npz
ILIAD+5e938e3b+2023-07-19-19h-57m-53s,ext1,132,ok,81,6,0.0038856336805555554,293,293,161,0.3923012038954068,0.04938271604938271,8.61,18.7,0.65,,tracks/ILIAD+5e938e3b+2023-07-19-19h-57m-53s/ext1_f00132.npz
ILIAD+5e938e3b+2023-07-19-19h-57m-53s,ext1,249,ok,69,17,0.021553819444444445,293,293,44,0.8425559947299077,0.15942028985507245,2.63,16.7,0.65,,tracks/ILIAD+5e938e3b+2023-07-19-19h-57m-53s/ext1_f00249.npz
ILIAD+5e938e3b+2023-07-19-19h-57m-53s,ext2,132,ok,71,10,0.008866102430555555,293,293,161,0.8742892135421223,0.971830985915493,8.43,19.1,0.64,,tracks/ILIAD+5e938e3b+2023-07-19-19h-57m-53s/ext2_f00132.npz
ILIAD+5e938e3b+2023-07-19-19h-57m-53s,ext2,249,ok,61,10,0.009032118055555555,293,293,44,0.9780178837555886,1.0,2.55,17.2,0.64,,tracks/ILIAD+5e938e3b+2023-07-19-19h-57m-53s/ext2_f00249.npz
ILIAD+5e938e3b+2023-07-19-20h-03m-27s,ext1,301,ok,72,8,0.005359157986111111,1082,1082,781,0.10081448285673637,0.0,39.88,19.6,0.64,,tracks/ILIAD+5e938e3b+2023-07-19-20h-03m-27s/ext1_f00301.npz
ILIAD+5e938e3b+2023-07-19-20h-03m-27s,ext1,1046,ok,66,9,0.006617838541666666,1082,1082,36,0.9861111111111112,0.9242424242424242,2.9,12.4,0.64,,tracks/ILIAD+5e938e3b+2023-07-19-20h-03m-27s/ext1_f01046.npz
ILIAD+5e938e3b+2023-07-19-20h-03m-27s,ext1,671,ok,71,10,0.009383680555555555,1082,1082,411,0.4918268736506631,0.1267605633802817,21.92,18.7,0.65,,tracks/ILIAD+5e938e3b+2023-07-19-20h-03m-27s/ext1_f00671.npz
ILIAD+5e938e3b+2023-07-19-20h-03m-27s,ext1,687,ok,75,14,0.017698567708333335,1082,1082,395,0.7140253164556962,0.5066666666666667,21.39,18.5,0.65,,tracks/ILIAD+5e938e3b+2023-07-19-20h-03m-27s/ext1_f00687.npz
ILIAD+5e938e3b+2023-07-19-20h-03m-27s,ext1,715,ok,70,10,0.013450520833333333,1082,1082,367,0.7024912417282989,0.6,19.65,18.7,0.65,,tracks/ILIAD+5e938e3b+2023-07-19-20h-03m-27s/ext1_f00715.npz
ILIAD+5e938e3b+2023-07-19-20h-03m-27s,ext1,748,ok,62,9,0.011229383680555555,1082,1082,334,0.7617828858412208,0.6612903225806451,17.78,18.8,0.64,,tracks/ILIAD+5e938e3b+2023-07-19-20h-03m-27s/ext1_f00748.npz
ILIAD+5e938e3b+2023-07-19-20h-03m-27s,ext1,808,ok,79,10,0.008512369791666667,1082,1082,274,0.22479903908343343,0.012658227848101266,15.15,18.1,0.64,,tracks/ILIAD+5e938e3b+2023-07-19-20h-03m-27s/ext1_f00808.npz
ILIAD+5e938e3b+2023-07-19-20h-03m-27s,ext1,54,ok,65,10,0.008071831597222223,1082,1082,1028,0.4247680335228973,0.8615384615384616,52.74,19.5,0.64,,tracks/ILIAD+5e938e3b+2023-07-19-20h-03m-27s/ext1_f00054.npz
ILIAD+5e938e3b+2023-07-19-20h-03m-27s,ext1,998,ok,71,10,0.008690321180555556,1082,1082,84,0.8995640509725017,0.9014084507042254,5.43,15.5,0.64,,tracks/ILIAD+5e938e3b+2023-07-19-20h-03m-27s/ext1_f00998.npz
ILIAD+5e938e3b+2023-07-19-20h-03m-27s,ext1,136,ok,71,7,0.004847005208333333,1082,1082,946,0.2783104546943394,0.5633802816901409,49.88,19.0,0.65,,tracks/ILIAD+5e938e3b+2023-07-19-20h-03m-27s/ext1_f00136.npz
ILIAD+5e938e3b+2023-07-19-20h-03m-27s,ext1,1037,ok,73,9,0.007307942708333333,1082,1082,45,0.9601217656012176,0.863013698630137,3.56,12.6,0.65,,tracks/ILIAD+5e938e3b+2023-07-19-20h-03m-27s/ext1_f01037.npz
ILIAD+5e938e3b+2023-07-19-20h-03m-27s,ext2,808,ok,48,4,0.0012391493055555556,1082,1082,274,0.44099756690997566,0.6458333333333334,14.3,19.2,0.64,,tracks/ILIAD+5e938e3b+2023-07-19-20h-03m-27s/ext2_f00808.npz
ILIAD+5e938e3b+2023-07-19-20h-03m-27s,ext2,54,ok,58,8,0.005325520833333333,1082,1082,1028,0.5383067221253187,0.1724137931034483,51.78,19.9,0.65,,tracks/ILIAD+5e938e3b+2023-07-19-20h-03m-27s/ext2_f00054.npz
ILIAD+5e938e3b+2023-07-19-20h-03m-27s,ext2,998,ok,25,4,0.0009060329861111111,1082,1082,84,0.9966666666666667,1.0,4.95,17.0,0.65,,tracks/ILIAD+5e938e3b+2023-07-19-20h-03m-27s/ext2_f00998.npz
ILIAD+5e938e3b+2023-07-19-20h-03m-27s,ext2,136,ok,64,6,0.0031098090277777777,1082,1082,946,0.804059857293869,1.0,48.93,19.3,0.65,,tracks/ILIAD+5e938e3b+2023-07-19-20h-03m-27s/ext2_f00136.npz
ILIAD+5e938e3b+2023-07-19-20h-03m-27s,ext2,1037,ok,30,4,0.0009071180555555555,1082,1082,45,1.0,1.0,3.12,14.4,0.65,,tracks/ILIAD+5e938e3b+2023-07-19-20h-03m-27s/ext2_f01037.npz
ILIAD+5e938e3b+2023-07-19-20h-03m-27s,ext2,301,ok,63,8,0.00533203125,1082,1082,781,0.6157957848098693,0.0,40.03,19.5,0.65,,tracks/ILIAD+5e938e3b+2023-07-19-20h-03m-27s/ext2_f00301.npz
ILIAD+5e938e3b+2023-07-19-20h-03m-27s,ext2,1046,ok,23,4,0.0007693142361111111,1082,1082,36,1.0,1.0,2.69,13.4,0.65,,tracks/ILIAD+5e938e3b+2023-07-19-20h-03m-27s/ext2_f01046.npz
ILIAD+5e938e3b+2023-07-19-20h-03m-27s,ext2,671,ok,38,4,0.0010883246527777777,1082,1082,411,0.6685234985273403,0.7894736842105263,21.16,19.4,0.64,,tracks/ILIAD+5e938e3b+2023-07-19-20h-03m-27s/ext2_f00671.npz
ILIAD+5e938e3b+2023-07-19-20h-03m-27s,ext2,687,ok,43,4,0.0011187065972222223,1082,1082,395,0.6019428907859876,0.9767441860465116,20.88,18.9,0.64,,tracks/ILIAD+5e938e3b+2023-07-19-20h-03m-27s/ext2_f00687.npz
ILIAD+5e938e3b+2023-07-19-20h-03m-27s,ext2,715,ok,43,4,0.00111328125,1082,1082,367,0.585767695329827,0.9767441860465116,19.09,19.2,0.64,,tracks/ILIAD+5e938e3b+2023-07-19-20h-03m-27s/ext2_f00715.npz
ILIAD+5e938e3b+2023-07-19-20h-03m-27s,ext2,748,ok,43,4,0.0011284722222222221,1082,1082,334,0.5338392981478902,0.9767441860465116,18.06,18.5,0.65,,tracks/ILIAD+5e938e3b+2023-07-19-20h-03m-27s/ext2_f00748.npz
ILIAD+5e938e3b+2023-07-19-20h-24m-49s,ext1,125,ok,63,5,0.002001953125,347,347,222,0.6689546689546689,0.0,11.54,19.2,0.64,,tracks/ILIAD+5e938e3b+2023-07-19-20h-24m-49s/ext1_f00125.npz
ILIAD+5e938e3b+2023-07-19-20h-24m-49s,ext1,163,ok,66,7,0.0036990017361111112,347,347,184,0.7004281949934124,0.030303030303030304,9.65,19.1,0.64,,tracks/ILIAD+5e938e3b+2023-07-19-20h-24m-49s/ext1_f00163.npz
ILIAD+5e938e3b+2023-07-19-20h-24m-49s,ext1,318,ok,50,4,0.0013042534722222223,347,347,29,0.7579310344827587,0.1,1.93,15.0,0.64,,tracks/ILIAD+5e938e3b+2023-07-19-20h-24m-49s/ext1_f00318.npz
ILIAD+5e938e3b+2023-07-19-20h-24m-49s,ext2,163,ok,62,14,0.015245225694444444,347,347,184,0.861851332398317,1.0,9.41,19.6,0.64,,tracks/ILIAD+5e938e3b+2023-07-19-20h-24m-49s/ext2_f00163.npz
ILIAD+5e938e3b+2023-07-19-20h-24m-49s,ext2,318,ok,61,13,0.013934461805555555,347,347,29,0.9932165065008479,1.0,1.98,14.6,0.65,,tracks/ILIAD+5e938e3b+2023-07-19-20h-24m-49s/ext2_f00318.npz
ILIAD+5e938e3b+2023-07-19-20h-24m-49s,ext2,125,ok,64,10,0.008411458333333333,347,347,222,0.9259572072072072,1.0,11.82,18.8,0.65,,tracks/ILIAD+5e938e3b+2023-07-19-20h-24m-49s/ext2_f00125.npz
ILIAD+5e938e3b+2023-07-19-20h-37m-36s,ext1,83,ok,62,5,0.002572699652777778,152,152,69,0.9319775596072931,1.0,3.9,17.7,0.65,,tracks/ILIAD+5e938e3b+2023-07-19-20h-37m-36s/ext1_f00083.npz
ILIAD+5e938e3b+2023-07-19-20h-37m-36s,ext1,121,ok,68,7,0.0042426215277777775,152,152,31,0.9995256166982922,1.0,1.85,16.7,0.65,,tracks/ILIAD+5e938e3b+2023-07-19-20h-37m-36s/ext1_f00121.npz
ILIAD+5e938e3b+2023-07-19-20h-37m-36s,ext2,83,ok,49,4,0.001531032986111111,152,152,69,1.0,1.0,3.68,18.7,0.64,,tracks/ILIAD+5e938e3b+2023-07-19-20h-37m-36s/ext2_f00083.npz
ILIAD+5e938e3b+2023-07-19-20h-37m-36s,ext2,121,ok,64,4,0.0018608940972222221,152,152,31,0.9979838709677419,1.0,1.76,17.6,0.64,,tracks/ILIAD+5e938e3b+2023-07-19-20h-37m-36s/ext2_f00121.npz
ILIAD+5e938e3b+2023-07-19-20h-41m-49s,ext1,44,ok,76,5,0.0025520833333333333,120,120,76,0.9871883656509696,1.0,4.06,18.7,0.64,,tracks/ILIAD+5e938e3b+2023-07-19-20h-41m-49s/ext1_f00044.npz
ILIAD+5e938e3b+2023-07-19-20h-41m-49s,ext2,44,ok,64,16,0.018722873263888887,120,120,76,0.7678865131578947,0.375,4.09,18.6,0.65,,tracks/ILIAD+5e938e3b+2023-07-19-20h-41m-49s/ext2_f00044.npz
ILIAD+5e938e3b+2023-07-19-20h-56m-25s,ext1,124,ok,71,11,0.009007161458333333,170,170,46,0.6567666870789957,0.22535211267605634,2.54,18.1,0.64,,tracks/ILIAD+5e938e3b+2023-07-19-20h-56m-25s/ext1_f00124.npz
ILIAD+5e938e3b+2023-07-19-20h-56m-25s,ext2,124,ok,71,4,0.0018522135416666667,170,170,46,0.9966319657072872,1.0,2.53,18.2,0.65,,tracks/ILIAD+5e938e3b+2023-07-19-20h-56m-25s/ext2_f00124.npz
ILIAD+5e938e3b+2023-07-20-10h-30m-56s,ext1,97,ok,67,13,0.012835286458333333,1034,1034,937,0.7663390624253333,0.6716417910447762,48.55,19.3,0.65,,tracks/ILIAD+5e938e3b+2023-07-20-10h-30m-56s/ext1_f00097.npz
ILIAD+5e938e3b+2023-07-20-10h-30m-56s,ext2,97,ok,71,6,0.003659939236111111,1034,1034,937,0.9571602507252694,0.9859154929577465,48.09,19.5,0.65,,tracks/ILIAD+5e938e3b+2023-07-20-10h-30m-56s/ext2_f00097.npz
ILIAD+5e938e3b+2023-07-20-11h-56m-28s,ext1,205,ok,67,7,0.004271918402777778,565,565,360,0.6610281923714759,0.8059701492537313,18.58,19.4,0.64,,tracks/ILIAD+5e938e3b+2023-07-20-11h-56m-28s/ext1_f00205.npz
ILIAD+5e938e3b+2023-07-20-11h-56m-28s,ext1,223,ok,72,6,0.0035329861111111113,565,565,342,0.7661630929174789,1.0,17.62,19.4,0.64,,tracks/ILIAD+5e938e3b+2023-07-20-11h-56m-28s/ext1_f00223.npz
ILIAD+5e938e3b+2023-07-20-11h-56m-28s,ext1,455,ok,72,5,0.0027159288194444444,565,565,110,0.9994949494949495,1.0,6.17,17.8,0.64,,tracks/ILIAD+5e938e3b+2023-07-20-11h-56m-28s/ext1_f00455.npz
ILIAD+5e938e3b+2023-07-20-11h-56m-28s,ext2,223,ok,62,4,0.0015256076388888888,565,565,342,0.9992925863044708,1.0,17.34,19.7,0.64,,tracks/ILIAD+5e938e3b+2023-07-20-11h-56m-28s/ext2_f00223.npz
ILIAD+5e938e3b+2023-07-20-11h-56m-28s,ext2,455,ok,63,6,0.003166232638888889,565,565,110,0.9976911976911977,1.0,5.9,18.6,0.65,,tracks/ILIAD+5e938e3b+2023-07-20-11h-56m-28s/ext2_f00455.npz
ILIAD+5e938e3b+2023-07-20-11h-56m-28s,ext2,205,ok,63,6,0.003412543402777778,565,565,360,0.997310405643739,1.0,18.97,19.0,0.65,,tracks/ILIAD+5e938e3b+2023-07-20-11h-56m-28s/ext2_f00205.npz
ILIAD+5e938e3b+2023-07-20-12h-28m-58s,ext1,251,ok,58,6,0.002605251736111111,365,365,114,0.838475499092559,1.0,6.14,18.6,0.65,,tracks/ILIAD+5e938e3b+2023-07-20-12h-28m-58s/ext1_f00251.npz
ILIAD+5e938e3b+2023-07-20-12h-28m-58s,ext1,296,ok,70,5,0.0022265625,365,365,69,0.99648033126294,1.0,3.88,17.8,0.65,,tracks/ILIAD+5e938e3b+2023-07-20-12h-28m-58s/ext1_f00296.npz
ILIAD+5e938e3b+2023-07-20-12h-28m-58s,ext2,251,ok,55,7,0.003913845486111111,365,365,114,0.9457735247208932,1.0,5.96,19.1,0.64,,tracks/ILIAD+5e938e3b+2023-07-20-12h-28m-58s/ext2_f00251.npz
ILIAD+5e938e3b+2023-07-20-12h-28m-58s,ext2,296,ok,62,7,0.004048394097222222,365,365,69,0.8740065451145395,0.9838709677419355,3.7,18.6,0.64,,tracks/ILIAD+5e938e3b+2023-07-20-12h-28m-58s/ext2_f00296.npz
ILIAD+5e938e3b+2023-07-20-12h-37m-16s,ext1,120,ok,70,7,0.0044444444444444444,155,155,35,0.8975510204081633,0.6857142857142857,2.07,16.9,0.64,,tracks/ILIAD+5e938e3b+2023-07-20-12h-37m-16s/ext1_f00120.npz
ILIAD+5e938e3b+2023-07-20-12h-37m-16s,ext2,120,ok,65,8,0.005986328125,155,155,35,0.9472527472527472,0.9384615384615385,2.06,17.0,0.65,,tracks/ILIAD+5e938e3b+2023-07-20-12h-37m-16s/ext2_f00120.npz
ILIAD+5e938e3b+2023-07-20-12h-48m-15s,ext1,147,ok,68,14,0.015044487847222222,642,642,495,0.6506833036244801,0.47058823529411764,25.26,19.6,0.64,,tracks/ILIAD+5e938e3b+2023-07-20-12h-48m-15s/ext1_f00147.npz
ILIAD+5e938e3b+2023-07-20-12h-48m-15s,ext1,215,ok,72,8,0.005115017361111111,642,642,427,0.6275370804059328,0.0,22.03,19.4,0.65,,tracks/ILIAD+5e938e3b+2023-07-20-12h-48m-15s/ext1_f00215.npz
ILIAD+5e938e3b+2023-07-20-12h-48m-15s,ext1,555,ok,69,7,0.0041004774305555556,642,642,87,0.6595035815425621,0.0,5.09,17.1,0.65,,tracks/ILIAD+5e938e3b+2023-07-20-12h-48m-15s/ext1_f00555.npz
ILIAD+5e938e3b+2023-07-20-12h-48m-15s,ext2,147,ok,63,5,0.00302734375,642,642,495,0.9202501202501202,0.8095238095238095,25.49,19.4,0.65,,tracks/ILIAD+5e938e3b+2023-07-20-12h-48m-15s/ext2_f00147.npz
ILIAD+5e938e3b+2023-07-20-12h-48m-15s,ext2,215,ok,74,5,0.002829861111111111,642,642,427,0.9158174568010634,0.47297297297297297,22.0,19.4,0.64,,tracks/ILIAD+5e938e3b+2023-07-20-12h-48m-15s/ext2_f00215.npz
ILIAD+5e938e3b+2023-07-20-12h-48m-15s,ext2,555,ok,64,6,0.003266059027777778,642,642,87,0.9658764367816092,0.796875,4.77,18.2,0.64,,tracks/ILIAD+5e938e3b+2023-07-20-12h-48m-15s/ext2_f00555.npz
ILIAD+5e938e3b+2023-07-20-14h-29m-48s,ext1,62,ok,68,11,0.009423828125,210,210,148,0.5370627980922098,0.38235294117647056,7.68,19.3,0.64,,tracks/ILIAD+5e938e3b+2023-07-20-14h-29m-48s/ext1_f00062.npz
ILIAD+5e938e3b+2023-07-20-14h-29m-48s,ext2,62,ok,55,6,0.002916666666666667,210,210,148,0.9135135135135135,1.0,7.77,19.0,0.65,,tracks/ILIAD+5e938e3b+2023-07-20-14h-29m-48s/ext2_f00062.npz
ILIAD+5e938e3b+2023-07-21-22h-16m-04s,ext1,42,ok,76,7,0.004918619791666667,148,148,106,0.6979890764647467,0.11842105263157894,5.54,19.1,0.64,,tracks/ILIAD+5e938e3b+2023-07-21-22h-16m-04s/ext1_f00042.npz
ILIAD+5e938e3b+2023-07-21-22h-16m-04s,ext2,42,ok,56,6,0.002980685763888889,148,148,106,0.818733153638814,0.8214285714285714,5.46,19.4,0.65,,tracks/ILIAD+5e938e3b+2023-07-21-22h-16m-04s/ext2_f00042.npz
ILIAD+5e938e3b+2023-07-27-23h-31m-22s,ext1,260,ok,65,21,0.03337782118055556,272,272,12,0.9871794871794872,0.9846153846153847,0.94,12.8,0.65,,tracks/ILIAD+5e938e3b+2023-07-27-23h-31m-22s/ext1_f00260.npz
ILIAD+5e938e3b+2023-07-27-23h-31m-22s,ext2,260,ok,70,9,0.007134331597222222,272,272,12,0.9964285714285714,1.0,0.97,12.4,0.65,,tracks/ILIAD+5e938e3b+2023-07-27-23h-31m-22s/ext2_f00260.npz
ILIAD+5e938e3b+2023-07-28-10h-27m-15s,ext1,440,ok,62,12,0.011341145833333333,446,446,6,1.0,1.0,0.71,8.5,0.64,,tracks/ILIAD+5e938e3b+2023-07-28-10h-27m-15s/ext1_f00440.npz
ILIAD+5e938e3b+2023-07-28-10h-27m-15s,ext2,440,ok,65,9,0.006993272569444445,446,446,6,1.0,1.0,0.72,8.3,0.64,,tracks/ILIAD+5e938e3b+2023-07-28-10h-27m-15s/ext2_f00440.npz
ILIAD+5e938e3b+2023-07-29-20h-45m-56s,ext1,167,ok,71,11,0.009887152777777778,574,574,407,0.1769041769041769,0.43661971830985913,21.15,19.2,0.64,,tracks/ILIAD+5e938e3b+2023-07-29-20h-45m-56s/ext1_f00167.npz
ILIAD+5e938e3b+2023-07-29-20h-45m-56s,ext1,562,ok,62,7,0.003779296875,574,574,12,0.625,0.11290322580645161,1.34,8.9,0.65,,tracks/ILIAD+5e938e3b+2023-07-29-20h-45m-56s/ext1_f00562.npz
ILIAD+5e938e3b+2023-07-29-20h-45m-56s,ext2,167,ok,66,6,0.0034505208333333332,574,574,407,0.4915866279502643,0.9090909090909091,20.67,19.7,0.64,,tracks/ILIAD+5e938e3b+2023-07-29-20h-45m-56s/ext2_f00167.npz
ILIAD+5e938e3b+2023-07-29-20h-45m-56s,ext2,562,ok,74,8,0.006379123263888889,574,574,12,0.9943693693693694,1.0,1.27,9.5,0.65,,tracks/ILIAD+5e938e3b+2023-07-29-20h-45m-56s/ext2_f00562.npz
ILIAD+7ae1bcff+2023-05-23-19h-25m-22s,ext1,271,ok,64,11,0.009278428819444445,369,369,98,0.9544005102040817,1.0,5.75,17.0,0.65,,tracks/ILIAD+7ae1bcff+2023-05-23-19h-25m-22s/ext1_f00271.npz
ILIAD+7ae1bcff+2023-05-23-19h-25m-22s,ext2,271,ok,73,14,0.015360243055555556,369,369,98,0.9861615879228404,0.9863013698630136,5.4,18.2,0.65,,tracks/ILIAD+7ae1bcff+2023-05-23-19h-25m-22s/ext2_f00271.npz
ILIAD+7ae1bcff+2023-05-24-18h-47m-07s,ext1,125,ok,64,7,0.0045225694444444445,348,348,223,0.858814461883408,0.8125,11.62,19.2,0.64,,tracks/ILIAD+7ae1bcff+2023-05-24-18h-47m-07s/ext1_f00125.npz
ILIAD+7ae1bcff+2023-05-24-18h-47m-07s,ext2,125,ok,70,9,0.006827256944444445,348,348,223,0.6790518898142216,0.7,11.49,19.4,0.64,,tracks/ILIAD+7ae1bcff+2023-05-24-18h-47m-07s/ext2_f00125.npz
ILIAD+7ae1bcff+2023-05-30-16h-45m-45s,ext1,250,ok,66,20,0.030399305555555554,387,387,137,0.9392833443928335,1.0,7.53,18.2,0.64,,tracks/ILIAD+7ae1bcff+2023-05-30-16h-45m-45s/ext1_f00250.npz
ILIAD+7ae1bcff+2023-05-30-16h-45m-45s,ext2,250,ok,72,10,0.008180338541666667,387,387,137,0.9645174371451744,1.0,7.57,18.1,0.65,,tracks/ILIAD+7ae1bcff+2023-05-30-16h-45m-45s/ext2_f00250.npz
ILIAD+7ae1bcff+2023-05-31-17h-49m-48s,ext1,188,ok,72,5,0.002415364583333333,200,200,12,1.0,1.0,0.9,13.4,0.64,,tracks/ILIAD+7ae1bcff+2023-05-31-17h-49m-48s/ext1_f00188.npz
ILIAD+7ae1bcff+2023-05-31-17h-49m-48s,ext2,188,ok,74,4,0.002156032986111111,200,200,12,0.9065315315315315,0.8918918918918919,0.88,13.7,0.65,,tracks/ILIAD+7ae1bcff+2023-05-31-17h-49m-48s/ext2_f00188.npz
ILIAD+7ae1bcff+2023-06-03-19h-05m-51s,ext1,11,ok,63,18,0.024159071180555554,252,252,241,0.3272080616478957,0.06349206349206349,12.62,19.1,0.65,,tracks/ILIAD+7ae1bcff+2023-06-03-19h-05m-51s/ext1_f00011.npz
ILIAD+7ae1bcff+2023-06-03-19h-05m-51s,ext2,11,ok,71,9,0.007345920138888889,252,252,241,0.810881888843434,0.9577464788732394,12.83,18.8,0.65,,tracks/ILIAD+7ae1bcff+2023-06-03-19h-05m-51s/ext2_f00011.npz
ILIAD+j807b3f8+2023-05-11-17h-55m-19s,ext1,155,ok,63,9,0.006947699652777778,215,215,60,0.9994708994708995,1.0,3.24,18.5,0.64,,tracks/ILIAD+j807b3f8+2023-05-11-17h-55m-19s/ext1_f00155.npz
ILIAD+j807b3f8+2023-05-11-17h-55m-19s,ext2,155,ok,68,16,0.01924587673611111,215,215,60,0.43308823529411766,0.27941176470588236,3.24,18.5,0.64,,tracks/ILIAD+j807b3f8+2023-05-11-17h-55m-19s/ext2_f00155.npz
ILIAD+j807b3f8+2023-06-11-15h-21m-07s,ext1,325,ok,32,4,0.001042751736111111,453,453,128,1.0,1.0,6.74,19.0,0.64,,tracks/ILIAD+j807b3f8+2023-06-11-15h-21m-07s/ext1_f00325.npz
ILIAD+j807b3f8+2023-06-11-15h-21m-07s,ext2,325,ok,49,4,0.0013020833333333333,453,453,128,0.45200892857142855,0.22448979591836735,7.0,18.3,0.65,,tracks/ILIAD+j807b3f8+2023-06-11-15h-21m-07s/ext2_f00325.npz
ILIAD+sbd7d2c6+2023-12-24-16h-10m-24s,ext1,122,ok,60,13,0.01291015625,491,491,369,0.43188798554652214,0.3,18.7,19.7,0.64,,tracks/ILIAD+sbd7d2c6+2023-12-24-16h-10m-24s/ext1_f00122.npz
ILIAD+sbd7d2c6+2023-12-24-16h-10m-24s,ext2,122,ok,40,4,0.0015993923611111111,491,491,369,0.7844850948509485,1.0,18.67,19.8,0.65,,tracks/ILIAD+sbd7d2c6+2023-12-24-16h-10m-24s/ext2_f00122.npz
ILIAD+sbd7d2c6+2023-12-24-17h-13m-11s,ext1,18,ok,66,14,0.014593098958333333,282,282,264,0.7299701561065197,0.6515151515151515,13.72,19.2,0.65,,tracks/ILIAD+sbd7d2c6+2023-12-24-17h-13m-11s/ext1_f00018.npz
ILIAD+sbd7d2c6+2023-12-24-17h-13m-11s,ext2,18,ok,72,6,0.003205295138888889,282,282,264,0.8075021043771043,0.3888888888888889,13.68,19.3,0.65,,tracks/ILIAD+sbd7d2c6+2023-12-24-17h-13m-11s/ext2_f00018.npz
IPRL+2fe9715d+2023-08-21-17h-35m-33s,ext1,63,ok,65,8,0.005840928819444444,348,348,285,0.9494736842105264,0.9230769230769231,14.59,19.5,0.64,,tracks/IPRL+2fe9715d+2023-08-21-17h-35m-33s/ext1_f00063.npz
IPRL+2fe9715d+2023-08-21-17h-35m-33s,ext1,76,ok,61,10,0.007741970486111111,348,348,272,0.9770973963355835,0.9836065573770492,13.93,19.5,0.64,,tracks/IPRL+2fe9715d+2023-08-21-17h-35m-33s/ext1_f00076.npz
IPRL+2fe9715d+2023-08-21-17h-35m-33s,ext2,63,ok,73,13,0.013509114583333334,348,348,285,0.711463590483057,0.4931506849315068,14.77,19.3,0.64,,tracks/IPRL+2fe9715d+2023-08-21-17h-35m-33s/ext2_f00063.npz
IPRL+2fe9715d+2023-08-21-17h-35m-33s,ext2,76,ok,61,12,0.01119140625,348,348,272,0.5975771456123433,0.32786885245901637,14.32,19.0,0.65,,tracks/IPRL+2fe9715d+2023-08-21-17h-35m-33s/ext2_f00076.npz
IPRL+2fe9715d+2023-08-21-22h-54m-01s,ext1,182,ok,70,17,0.02266818576388889,234,234,52,0.8340659340659341,0.7714285714285715,2.77,18.8,0.64,,tracks/IPRL+2fe9715d+2023-08-21-22h-54m-01s/ext1_f00182.npz
IPRL+2fe9715d+2023-08-21-22h-54m-01s,ext1,227,ok,61,19,0.02610785590277778,234,234,7,0.9625292740046838,0.9180327868852459,0.56,12.6,0.65,,tracks/IPRL+2fe9715d+2023-08-21-22h-54m-01s/ext1_f00227.npz
IPRL+2fe9715d+2023-08-21-22h-54m-01s,ext2,182,ok,68,12,0.011921657986111112,234,234,52,0.9940610859728507,0.9852941176470589,2.87,18.1,0.65,,tracks/IPRL+2fe9715d+2023-08-21-22h-54m-01s/ext2_f00182.npz
IPRL+2fe9715d+2023-08-21-22h-54m-01s,ext2,227,ok,62,14,0.015443793402777777,234,234,7,1.0,1.0,0.6,11.7,0.65,,tracks/IPRL+2fe9715d+2023-08-21-22h-54m-01s/ext2_f00227.npz
IPRL+2fe9715d+2023-08-22-00h-08m-29s,ext1,176,ok,61,12,0.010687934027777778,228,228,52,0.9281210592686002,0.9672131147540983,2.87,18.1,0.64,,tracks/IPRL+2fe9715d+2023-08-22-00h-08m-29s/ext1_f00176.npz
IPRL+2fe9715d+2023-08-22-00h-08m-29s,ext2,176,ok,69,7,0.004048394097222222,228,228,52,0.8007246376811594,0.0,2.9,17.9,0.64,,tracks/IPRL+2fe9715d+2023-08-22-00h-08m-29s/ext2_f00176.npz
IPRL+2fe9715d+2023-08-22-11h-46m-59s,ext1,206,ok,68,31,0.07707139756944445,221,221,15,0.8372549019607843,0.7941176470588235,1.06,14.2,0.64,,tracks/IPRL+2fe9715d+2023-08-22-11h-46m-59s/ext1_f00206.npz
IPRL+2fe9715d+2023-08-22-11h-46m-59s,ext2,206,ok,60,9,0.007127821180555555,221,221,15,1.0,1.0,1.16,12.9,0.65,,tracks/IPRL+2fe9715d+2023-08-22-11h-46m-59s/ext2_f00206.npz
IPRL+2fe9715d+2023-08-22-12h-37m-25s,ext1,89,ok,69,14,0.015699869791666668,125,125,36,0.9319645732689211,0.9130434782608695,1.92,18.7,0.64,,tracks/IPRL+2fe9715d+2023-08-22-12h-37m-25s/ext1_f00089.npz
IPRL+2fe9715d+2023-08-22-12h-37m-25s,ext1,113,ok,69,12,0.012239583333333333,125,125,12,1.0,1.0,0.79,15.2,0.65,,tracks/IPRL+2fe9715d+2023-08-22-12h-37m-25s/ext1_f00113.npz
IPRL+2fe9715d+2023-08-22-12h-37m-25s,ext2,89,ok,73,12,0.011609157986111111,125,125,36,0.7800608828006088,0.7397260273972602,2.07,17.4,0.65,,tracks/IPRL+2fe9715d+2023-08-22-12h-37m-25s/ext2_f00089.npz
IPRL+2fe9715d+2023-08-22-12h-37m-25s,ext2,113,ok,69,17,0.02250217013888889,125,125,12,1.0,1.0,0.8,15.0,0.65,,tracks/IPRL+2fe9715d+2023-08-22-12h-37m-25s/ext2_f00113.npz
IPRL+2fe9715d+2023-08-22-21h-22m-00s,ext1,404,ok,62,9,0.0061382378472222224,674,674,270,0.7388291517323775,0.8064516129032258,13.97,19.3,0.64,,tracks/IPRL+2fe9715d+2023-08-22-21h-22m-00s/ext1_f00404.npz
IPRL+2fe9715d+2023-08-22-21h-22m-00s,ext2,404,ok,68,7,0.004434678819444445,674,674,270,0.8223856209150326,1.0,14.23,19.0,0.64,,tracks/IPRL+2fe9715d+2023-08-22-21h-22m-00s/ext2_f00404.npz
IPRL+2fe9715d+2023-08-22-21h-23m-29s,ext1,150,ok,63,15,0.017731119791666666,399,399,249,0.9525721935360489,1.0,12.84,19.4,0.64,,tracks/IPRL+2fe9715d+2023-08-22-21h-23m-29s/ext1_f00150.npz
IPRL+2fe9715d+2023-08-22-21h-23m-29s,ext1,187,ok,70,10,0.008172743055555556,399,399,212,0.7090970350404313,0.7285714285714285,11.26,18.8,0.65,,tracks/IPRL+2fe9715d+2023-08-22-21h-23m-29s/ext1_f00187.npz
IPRL+2fe9715d+2023-08-22-21h-23m-29s,ext2,150,ok,63,6,0.0031499565972222224,399,399,249,0.8067826863007586,1.0,16.91,14.7,0.64,,tracks/IPRL+2fe9715d+2023-08-22-21h-23m-29s/ext2_f00150.npz
IPRL+2fe9715d+2023-08-22-21h-23m-29s,ext2,187,ok,65,6,0.003603515625,399,399,212,0.789477503628447,1.0,15.14,14.0,0.65,,tracks/IPRL+2fe9715d+2023-08-22-21h-23m-29s/ext2_f00187.npz
IPRL+2fe9715d+2023-08-22-23h-36m-17s,ext1,310,ok,62,8,0.00498046875,323,323,13,1.0,1.0,4.55,2.9,0.65,,tracks/IPRL+2fe9715d+2023-08-22-23h-36m-17s/ext1_f00310.npz
IPRL+2fe9715d+2023-08-22-23h-36m-17s,ext2,310,ok,64,17,0.024391276041666667,323,323,13,1.0,1.0,4.35,3.0,0.65,,tracks/IPRL+2fe9715d+2023-08-22-23h-36m-17s/ext2_f00310.npz
IPRL+2fe9715d+2023-08-24-12h-34m-31s,ext1,110,ok,62,14,0.016522352430555557,307,307,197,0.9129687244146062,0.9193548387096774,13.7,14.4,0.64,,tracks/IPRL+2fe9715d+2023-08-24-12h-34m-31s/ext1_f00110.npz
IPRL+2fe9715d+2023-08-24-12h-34m-31s,ext1,138,ok,65,12,0.011196831597222222,307,307,169,0.9595812471552116,0.9846153846153847,12.31,13.7,0.64,,tracks/IPRL+2fe9715d+2023-08-24-12h-34m-31s/ext1_f00138.npz
IPRL+2fe9715d+2023-08-24-12h-34m-31s,ext2,110,ok,61,9,0.0067111545138888885,307,307,197,0.5294998751768328,0.4262295081967213,13.72,14.4,0.64,,tracks/IPRL+2fe9715d+2023-08-24-12h-34m-31s/ext2_f00110.npz
IPRL+2fe9715d+2023-08-24-12h-34m-31s,ext2,138,ok,60,9,0.0066775173611111115,307,307,169,0.5120315581854044,0.45,12.56,13.5,0.65,,tracks/IPRL+2fe9715d+2023-08-24-12h-34m-31s/ext2_f00138.npz
IPRL+2fe9715d+2023-08-24-13h-21m-32s,ext1,171,ok,69,10,0.008348524305555556,521,521,350,0.09867494824016564,0.0,17.99,19.5,0.64,,tracks/IPRL+2fe9715d+2023-08-24-13h-21m-32s/ext1_f00171.npz
IPRL+2fe9715d+2023-08-24-13h-21m-32s,ext1,513,ok,64,10,0.008005642361111112,521,521,8,0.99609375,1.0,1.19,6.7,0.65,,tracks/IPRL+2fe9715d+2023-08-24-13h-21m-32s/ext1_f00513.npz
IPRL+2fe9715d+2023-08-24-13h-21m-32s,ext2,171,ok,75,8,0.005760633680555556,521,521,350,0.10754285714285715,0.18666666666666668,18.55,18.9,0.65,,tracks/IPRL+2fe9715d+2023-08-24-13h-21m-32s/ext2_f00171.npz
IPRL+2fe9715d+2023-08-24-13h-21m-32s,ext2,513,ok,71,12,0.010911458333333334,521,521,8,0.9982394366197183,1.0,1.15,6.9,0.65,,tracks/IPRL+2fe9715d+2023-08-24-13h-21m-32s/ext2_f00513.npz
IPRL+2fe9715d+2023-08-24-20h-29m-28s,ext1,126,ok,67,4,0.0017306857638888888,410,410,284,0.592179945343704,0.3880597014925373,14.74,19.3,0.64,,tracks/IPRL+2fe9715d+2023-08-24-20h-29m-28s/ext1_f00126.npz
IPRL+2fe9715d+2023-08-24-20h-29m-28s,ext1,363,ok,70,9,0.007477213541666666,410,410,47,0.6993920972644377,0.8857142857142857,3.01,15.6,0.64,,tracks/IPRL+2fe9715d+2023-08-24-20h-29m-28s/ext1_f00363.npz
IPRL+2fe9715d+2023-08-24-20h-29m-28s,ext2,126,ok,66,14,0.016961805555555556,410,410,284,0.4169334186939821,0.2878787878787879,14.81,19.2,0.64,,tracks/IPRL+2fe9715d+2023-08-24-20h-29m-28s/ext2_f00126.npz
IPRL+2fe9715d+2023-08-24-20h-29m-28s,ext2,363,ok,63,17,0.021643880208333334,410,410,47,0.5373184734886862,0.25396825396825395,2.96,15.9,0.65,,tracks/IPRL+2fe9715d+2023-08-24-20h-29m-28s/ext2_f00363.npz
IPRL+2fe9715d+2023-08-24-21h-29m-53s,ext1,307,ok,75,6,0.003752170138888889,401,401,94,0.9272340425531915,0.5733333333333334,5.13,18.3,0.64,,tracks/IPRL+2fe9715d+2023-08-24-21h-29m-53s/ext1_f00307.npz
IPRL+2fe9715d+2023-08-24-21h-29m-53s,ext1,350,ok,65,5,0.0025043402777777776,401,401,51,0.8895927601809954,0.6615384615384615,3.04,16.8,0.65,,tracks/IPRL+2fe9715d+2023-08-24-21h-29m-53s/ext1_f00350.npz
IPRL+2fe9715d+2023-08-24-21h-29m-53s,ext2,307,ok,62,12,0.013427734375,401,401,94,0.6434454358270418,0.46774193548387094,5.27,17.9,0.65,,tracks/IPRL+2fe9715d+2023-08-24-21h-29m-53s/ext2_f00307.npz
IPRL+2fe9715d+2023-08-24-21h-29m-53s,ext2,350,ok,71,7,0.005057508680555556,401,401,51,0.20132560066280034,0.0,3.04,16.8,0.65,,tracks/IPRL+2fe9715d+2023-08-24-21h-29m-53s/ext2_f00350.npz
IPRL+2fe9715d+2023-08-24-21h-40m-58s,ext1,139,ok,58,6,0.0030110677083333335,183,183,44,1.0,1.0,2.42,18.2,0.64,,tracks/IPRL+2fe9715d+2023-08-24-21h-40m-58s/ext1_f00139.npz
IPRL+2fe9715d+2023-08-24-21h-40m-58s,ext1,165,ok,67,7,0.004689670138888889,183,183,18,0.9983416252072969,1.0,1.17,15.4,0.64,,tracks/IPRL+2fe9715d+2023-08-24-21h-40m-58s/ext1_f00165.npz
IPRL+2fe9715d+2023-08-24-21h-40m-58s,ext2,139,ok,62,12,0.012996961805555556,183,183,44,0.499633431085044,0.967741935483871,2.62,16.8,0.64,,tracks/IPRL+2fe9715d+2023-08-24-21h-40m-58s/ext2_f00139.npz
IPRL+2fe9715d+2023-08-24-21h-40m-58s,ext2,165,ok,57,21,0.031898871527777775,183,183,18,1.0,1.0,1.18,15.3,0.65,,tracks/IPRL+2fe9715d+2023-08-24-21h-40m-58s/ext2_f00165.npz
IPRL+2fe9715d+2023-08-25-14h-15m-17s,ext1,134,ok,58,10,0.008594835069444445,282,282,148,0.7585041938490215,0.9137931034482759,7.59,19.5,0.64,,tracks/IPRL+2fe9715d+2023-08-25-14h-15m-17s/ext1_f00134.npz
IPRL+2fe9715d+2023-08-25-14h-15m-17s,ext2,134,ok,61,29,0.06376953125,282,282,148,0.628046078865751,0.6065573770491803,7.73,19.1,0.65,,tracks/IPRL+2fe9715d+2023-08-25-14h-15m-17s/ext2_f00134.npz
IPRL+2fe9715d+2023-08-25-15h-47m-53s,ext1,177,ok,73,7,0.0051888020833333335,216,216,39,0.8928696873902353,0.6438356164383562,2.25,17.3,0.65,,tracks/IPRL+2fe9715d+2023-08-25-15h-47m-53s/ext1_f00177.npz
IPRL+2fe9715d+2023-08-25-15h-47m-53s,ext2,177,ok,64,15,0.018629557291666668,216,216,39,0.7724358974358975,0.515625,2.24,17.4,0.65,,tracks/IPRL+2fe9715d+2023-08-25-15h-47m-53s/ext2_f00177.npz
IPRL+41a1536a+2023-11-08-23h-17m-09s,ext1,400,ok,73,6,0.004155815972222222,541,541,141,0.8079277178665112,0.9315068493150684,9.16,15.4,0.64,,tracks/IPRL+41a1536a+2023-11-08-23h-17m-09s/ext1_f00400.npz
IPRL+41a1536a+2023-11-08-23h-17m-09s,ext2,400,ok,72,9,0.006929253472222222,541,541,141,0.9747832939322301,1.0,7.58,18.6,0.64,,tracks/IPRL+41a1536a+2023-11-08-23h-17m-09s/ext2_f00400.npz
IPRL+41a1536a+2023-11-08-23h-33m-16s,ext1,248,ok,69,10,0.009080946180555556,408,408,160,0.9990942028985508,1.0,8.34,19.2,0.64,,tracks/IPRL+41a1536a+2023-11-08-23h-33m-16s/ext1_f00248.npz
IPRL+41a1536a+2023-11-08-23h-33m-16s,ext1,261,ok,59,11,0.009096137152777777,408,408,147,0.9998846996425689,1.0,7.7,19.1,0.65,,tracks/IPRL+41a1536a+2023-11-08-23h-33m-16s/ext1_f00261.npz
IPRL+41a1536a+2023-11-08-23h-33m-16s,ext1,315,ok,58,11,0.01057400173611111,408,408,93,0.9755283648498332,0.9827586206896551,5.23,17.8,0.65,,tracks/IPRL+41a1536a+2023-11-08-23h-33m-16s/ext1_f00315.npz
IPRL+41a1536a+2023-11-08-23h-33m-16s,ext1,375,ok,61,12,0.011120876736111111,408,408,33,0.9995032290114257,1.0,2.03,16.3,0.65,,tracks/IPRL+41a1536a+2023-11-08-23h-33m-16s/ext1_f00375.npz
IPRL+41a1536a+2023-11-08-23h-33m-16s,ext1,172,ok,62,12,0.011561414930555555,408,408,236,0.9863313285948606,1.0,12.16,19.4,0.64,,tracks/IPRL+41a1536a+2023-11-08-23h-33m-16s/ext1_f00172.npz
IPRL+41a1536a+2023-11-08-23h-33m-16s,ext1,219,ok,62,12,0.011907552083333333,408,408,189,0.9874551971326165,0.9838709677419355,10.03,18.8,0.65,,tracks/IPRL+41a1536a+2023-11-08-23h-33m-16s/ext1_f00219.npz
IPRL+41a1536a+2023-11-08-23h-33m-16s,ext2,315,ok,57,8,0.004815538194444444,408,408,93,0.7125070741369552,0.9473684210526315,4.88,19.0,0.64,,tracks/IPRL+41a1536a+2023-11-08-23h-33m-16s/ext2_f00315.npz
IPRL+41a1536a+2023-11-08-23h-33m-16s,ext2,375,ok,69,10,0.008426649305555556,408,408,33,1.0,1.0,2.01,16.4,0.65,,tracks/IPRL+41a1536a+2023-11-08-23h-33m-16s/ext2_f00375.npz
IPRL+41a1536a+2023-11-08-23h-33m-16s,ext2,172,ok,59,11,0.008633897569444444,408,408,236,0.900244182706119,1.0,12.08,19.5,0.64,,tracks/IPRL+41a1536a+2023-11-08-23h-33m-16s/ext2_f00172.npz
IPRL+41a1536a+2023-11-08-23h-33m-16s,ext2,219,ok,75,6,0.003727213541666667,408,408,189,0.7524514991181658,1.0,9.85,19.2,0.64,,tracks/IPRL+41a1536a+2023-11-08-23h-33m-16s/ext2_f00219.npz
IPRL+41a1536a+2023-11-08-23h-33m-16s,ext2,248,ok,68,10,0.008131510416666666,408,408,160,0.9223345588235294,1.0,8.43,19.0,0.64,,tracks/IPRL+41a1536a+2023-11-08-23h-33m-16s/ext2_f00248.npz
IPRL+41a1536a+2023-11-08-23h-33m-16s,ext2,261,ok,68,10,0.008053385416666666,408,408,147,0.922468987595038,1.0,7.95,18.5,0.65,,tracks/IPRL+41a1536a+2023-11-08-23h-33m-16s/ext2_f00261.npz
IPRL+41a1536a+2023-11-09-16h-55m-17s,ext1,165,ok,24,4,0.0006890190972222223,403,403,238,0.25262605042016806,0.0,12.02,19.8,0.65,,tracks/IPRL+41a1536a+2023-11-09-16h-55m-17s/ext1_f00165.npz
IPRL+41a1536a+2023-11-09-16h-55m-17s,ext1,238,ok,65,9,0.007828776041666667,403,403,165,0.9362237762237762,0.9692307692307692,8.7,19.0,0.65,,tracks/IPRL+41a1536a+2023-11-09-16h-55m-17s/ext1_f00238.npz
IPRL+41a1536a+2023-11-09-16h-55m-17s,ext2,165,ok,21,4,0.000869140625,403,403,238,0.9563825530212084,1.0,11.79,20.2,0.64,,tracks/IPRL+41a1536a+2023-11-09-16h-55m-17s/ext2_f00165.npz
IPRL+41a1536a+2023-11-09-16h-55m-17s,ext2,238,ok,52,9,0.007405598958333333,403,403,165,0.9004662004662005,0.9807692307692307,8.57,19.2,0.64,,tracks/IPRL+41a1536a+2023-11-09-16h-55m-17s/ext2_f00238.npz
IPRL+41a1536a+2023-11-09-17h-27m-17s,ext1,118,ok,55,10,0.007624782986111111,255,255,137,0.9712010617120106,0.9818181818181818,7.12,19.2,0.64,,tracks/IPRL+41a1536a+2023-11-09-17h-27m-17s/ext1_f00118.npz
IPRL+41a1536a+2023-11-09-17h-27m-17s,ext2,118,ok,61,10,0.009117838541666666,255,255,137,0.991025487615173,0.9836065573770492,7.28,18.8,0.65,,tracks/IPRL+41a1536a+2023-11-09-17h-27m-17s/ext2_f00118.npz
IPRL+41a1536a+2023-11-09-17h-36m-16s,ext1,126,ok,67,10,0.00872829861111111,230,230,104,0.96699196326062,0.9552238805970149,5.38,19.3,0.64,,tracks/IPRL+41a1536a+2023-11-09-17h-36m-16s/ext1_f00126.npz
IPRL+41a1536a+2023-11-09-17h-36m-16s,ext2,126,ok,66,11,0.010888671875,230,230,104,0.8464452214452215,0.8333333333333334,5.44,19.1,0.65,,tracks/IPRL+41a1536a+2023-11-09-17h-36m-16s/ext2_f00126.npz
IPRL+41a1536a+2023-11-09-18h-11m-36s,ext1,239,ok,71,8,0.005958116319444444,371,371,132,0.9056764831412719,1.0,7.1,18.6,0.65,,tracks/IPRL+41a1536a+2023-11-09-18h-11m-36s/ext1_f00239.npz
IPRL+41a1536a+2023-11-09-18h-11m-36s,ext1,296,ok,62,9,0.006323784722222222,371,371,75,0.8010752688172043,0.6451612903225806,4.13,18.2,0.65,,tracks/IPRL+41a1536a+2023-11-09-18h-11m-36s/ext1_f00296.npz
IPRL+41a1536a+2023-11-09-18h-11m-36s,ext2,239,ok,66,6,0.0029253472222222224,371,371,132,0.9251606978879706,0.8939393939393939,6.98,18.9,0.64,,tracks/IPRL+41a1536a+2023-11-09-18h-11m-36s/ext2_f00239.npz
IPRL+41a1536a+2023-11-09-18h-11m-36s,ext2,296,ok,58,7,0.003601345486111111,371,371,75,0.8949425287356322,0.8620689655172413,4.08,18.4,0.64,,tracks/IPRL+41a1536a+2023-11-09-18h-11m-36s/ext2_f00296.npz
IPRL+41a1536a+2023-11-09-18h-27m-17s,ext1,480,ok,67,8,0.005908203125,531,531,51,0.9894644424934153,0.9552238805970149,2.96,17.2,0.64,,tracks/IPRL+41a1536a+2023-11-09-18h-27m-17s/ext1_f00480.npz
IPRL+41a1536a+2023-11-09-18h-27m-17s,ext1,230,ok,64,9,0.006984592013888889,531,531,301,0.9622093023255814,0.984375,15.53,19.4,0.64,,tracks/IPRL+41a1536a+2023-11-09-18h-27m-17s/ext1_f00230.npz
IPRL+41a1536a+2023-11-09-18h-27m-17s,ext1,379,ok,62,8,0.005713975694444444,531,531,152,0.9328310696095077,0.9354838709677419,8.33,18.3,0.65,,tracks/IPRL+41a1536a+2023-11-09-18h-27m-17s/ext1_f00379.npz
IPRL+41a1536a+2023-11-09-18h-27m-17s,ext2,230,ok,55,8,0.004928385416666667,531,531,301,0.8965267290848686,0.9454545454545454,15.45,19.5,0.65,,tracks/IPRL+41a1536a+2023-11-09-18h-27m-17s/ext2_f00230.npz
IPRL+41a1536a+2023-11-09-18h-27m-17s,ext2,379,ok,71,8,0.0054568142361111115,531,531,152,0.9650667160859896,0.9295774647887324,8.3,18.3,0.65,,tracks/IPRL+41a1536a+2023-11-09-18h-27m-17s/ext2_f00379.npz
IPRL+41a1536a+2023-11-09-18h-27m-17s,ext2,480,ok,62,10,0.008579644097222222,531,531,51,0.9171410499683744,0.7096774193548387,3.03,16.8,0.65,,tracks/IPRL+41a1536a+2023-11-09-18h-27m-17s/ext2_f00480.npz
IPRL+41a1536a+2023-11-13-23h-59m-55s,ext1,185,ok,61,10,0.008260633680555556,491,491,306,0.9478195649844637,0.819672131147541,15.92,19.2,0.64,,tracks/IPRL+41a1536a+2023-11-13-23h-59m-55s/ext1_f00185.npz
IPRL+41a1536a+2023-11-13-23h-59m-55s,ext2,185,ok,68,11,0.010239800347222222,491,491,306,0.8822568242983468,1.0,15.88,19.3,0.64,,tracks/IPRL+41a1536a+2023-11-13-23h-59m-55s/ext2_f00185.npz
IPRL+41a1536a+2023-11-14-00h-06m-08s,ext1,228,ok,78,6,0.003825954861111111,581,581,353,0.9138156461102637,0.48717948717948717,18.74,18.8,0.64,,tracks/IPRL+41a1536a+2023-11-14-00h-06m-08s/ext1_f00228.npz
IPRL+41a1536a+2023-11-14-00h-06m-08s,ext1,304,ok,61,6,0.0031901041666666666,581,581,277,0.9493401195478487,0.5901639344262295,15.07,18.4,0.65,,tracks/IPRL+41a1536a+2023-11-14-00h-06m-08s/ext1_f00304.npz
IPRL+41a1536a+2023-11-14-00h-06m-08s,ext2,228,ok,67,17,0.02374782986111111,581,581,353,0.9149718827956534,0.7611940298507462,18.14,19.5,0.64,,tracks/IPRL+41a1536a+2023-11-14-00h-06m-08s/ext2_f00228.npz
IPRL+41a1536a+2023-11-14-00h-06m-08s,ext2,304,ok,68,17,0.02161892361111111,581,581,277,0.9133574007220217,0.6764705882352942,14.41,19.2,0.65,,tracks/IPRL+41a1536a+2023-11-14-00h-06m-08s/ext2_f00304.npz
IPRL+5085c3ce+2023-10-08-14h-00m-12s,ext1,198,ok,44,4,0.001064453125,217,217,19,1.0,1.0,1.25,15.2,0.65,,tracks/IPRL+5085c3ce+2023-10-08-14h-00m-12s/ext1_f00198.npz
IPRL+5085c3ce+2023-10-08-14h-00m-12s,ext2,198,ok,71,9,0.007431640625,217,217,19,0.9992587101556709,1.0,1.22,15.5,0.65,,tracks/IPRL+5085c3ce+2023-10-08-14h-00m-12s/ext2_f00198.npz
IPRL+5085c3ce+2023-10-11-22h-38m-54s,ext1,69,ok,62,21,0.03278971354166667,179,179,110,0.8796187683284458,1.0,5.7,19.3,0.64,,tracks/IPRL+5085c3ce+2023-10-11-22h-38m-54s/ext1_f00069.npz
IPRL+5085c3ce+2023-10-11-22h-38m-54s,ext2,69,ok,68,7,0.0049565972222222225,179,179,110,0.9834224598930481,1.0,5.71,19.3,0.64,,tracks/IPRL+5085c3ce+2023-10-11-22h-38m-54s/ext2_f00069.npz
IPRL+5085c3ce+2023-10-11-23h-27m-23s,ext1,277,ok,64,9,0.006162109375,289,289,12,1.0,1.0,0.84,14.2,0.64,,tracks/IPRL+5085c3ce+2023-10-11-23h-27m-23s/ext1_f00277.npz
IPRL+5085c3ce+2023-10-11-23h-27m-23s,ext2,277,ok,62,10,0.008614366319444445,289,289,12,0.9973118279569892,1.0,0.9,13.3,0.65,,tracks/IPRL+5085c3ce+2023-10-11-23h-27m-23s/ext2_f00277.npz
IPRL+5085c3ce+2023-10-11-23h-53m-50s,ext1,121,ok,73,39,0.11340060763888889,238,238,117,0.1733988994262967,0.0,6.06,19.3,0.64,,tracks/IPRL+5085c3ce+2023-10-11-23h-53m-50s/ext1_f00121.npz
IPRL+5085c3ce+2023-10-11-23h-53m-50s,ext2,121,ok,66,8,0.005567491319444445,238,238,117,0.8962703962703963,1.0,6.11,19.1,0.65,,tracks/IPRL+5085c3ce+2023-10-11-23h-53m-50s/ext2_f00121.npz
IPRL+5085c3ce+2023-10-12-01h-25m-40s,ext1,451,ok,44,4,0.0012456597222222222,698,698,247,0.7825726904674273,0.7727272727272727,12.98,19.0,0.65,,tracks/IPRL+5085c3ce+2023-10-12-01h-25m-40s/ext1_f00451.npz
IPRL+5085c3ce+2023-10-12-01h-25m-40s,ext1,580,ok,45,4,0.0011979166666666666,698,698,118,0.9915254237288136,1.0,6.36,18.6,0.65,,tracks/IPRL+5085c3ce+2023-10-12-01h-25m-40s/ext1_f00580.npz
IPRL+5085c3ce+2023-10-12-01h-25m-40s,ext2,451,ok,60,11,0.010499131944444445,698,698,247,0.6804993252361673,0.9666666666666667,12.92,19.1,0.64,,tracks/IPRL+5085c3ce+2023-10-12-01h-25m-40s/ext2_f00451.npz
IPRL+5085c3ce+2023-10-12-01h-25m-40s,ext2,580,ok,64,12,0.013041449652777778,698,698,118,0.9487552966101694,0.90625,6.61,17.9,0.64,,tracks/IPRL+5085c3ce+2023-10-12-01h-25m-40s/ext2_f00580.npz
IPRL+5085c3ce+2023-10-14-21h-06m-37s,ext1,145,ok,65,11,0.009089626736111111,355,355,210,0.6091575091575091,0.9692307692307692,10.89,19.3,0.64,,tracks/IPRL+5085c3ce+2023-10-14-21h-06m-37s/ext1_f00145.npz
IPRL+5085c3ce+2023-10-14-21h-06m-37s,ext1,294,ok,54,16,0.01876953125,355,355,61,0.9954462659380692,1.0,3.5,17.4,0.65,,tracks/IPRL+5085c3ce+2023-10-14-21h-06m-37s/ext1_f00294.npz
IPRL+5085c3ce+2023-10-14-21h-06m-37s,ext2,145,ok,69,12,0.012163628472222222,355,355,210,0.6634920634920635,1.0,10.75,19.5,0.64,,tracks/IPRL+5085c3ce+2023-10-14-21h-06m-37s/ext2_f00145.npz
IPRL+5085c3ce+2023-10-14-21h-06m-37s,ext2,294,ok,69,10,0.008929036458333333,355,355,61,0.839391779520076,0.8260869565217391,3.4,17.9,0.65,,tracks/IPRL+5085c3ce+2023-10-14-21h-06m-37s/ext2_f00294.npz
IPRL+5085c3ce+2023-10-14-21h-22m-06s,ext1,193,ok,71,8,0.007531467013888889,241,241,48,0.920481220657277,0.7605633802816901,2.79,17.2,0.65,,tracks/IPRL+5085c3ce+2023-10-14-21h-22m-06s/ext1_f00193.npz
IPRL+5085c3ce+2023-10-14-21h-22m-06s,ext2,193,ok,59,8,0.004743923611111111,241,241,48,0.9915254237288136,1.0,2.78,17.3,0.65,,tracks/IPRL+5085c3ce+2023-10-14-21h-22m-06s/ext2_f00193.npz
IPRL+5085c3ce+2023-10-14-21h-33m-59s,ext1,135,ok,61,8,0.0050618489583333336,238,238,103,0.8801527932516314,0.9836065573770492,5.45,18.9,0.64,,tracks/IPRL+5085c3ce+2023-10-14-21h-33m-59s/ext1_f00135.npz
IPRL+5085c3ce+2023-10-14-21h-33m-59s,ext2,135,ok,66,7,0.004376085069444444,238,238,103,0.981318034716093,0.9090909090909091,5.44,18.9,0.64,,tracks/IPRL+5085c3ce+2023-10-14-21h-33m-59s/ext2_f00135.npz
IPRL+5085c3ce+2023-10-14-22h-56m-25s,ext1,215,ok,63,10,0.008586154513888888,349,349,134,0.9661217720919213,1.0,7.1,18.9,0.64,,tracks/IPRL+5085c3ce+2023-10-14-22h-56m-25s/ext1_f00215.npz
IPRL+5085c3ce+2023-10-14-22h-56m-25s,ext1,299,ok,62,8,0.005789930555555556,349,349,50,0.974516129032258,0.9354838709677419,2.9,17.2,0.65,,tracks/IPRL+5085c3ce+2023-10-14-22h-56m-25s/ext1_f00299.npz
IPRL+5085c3ce+2023-10-14-22h-56m-25s,ext2,215,ok,71,23,0.04162109375,349,349,134,0.6878284633172167,0.9014084507042254,6.96,19.3,0.64,,tracks/IPRL+5085c3ce+2023-10-14-22h-56m-25s/ext2_f00215.npz
IPRL+5085c3ce+2023-10-14-22h-56m-25s,ext2,299,ok,64,23,0.04074110243055556,349,349,50,0.8646875,0.859375,2.86,17.5,0.65,,tracks/IPRL+5085c3ce+2023-10-14-22h-56m-25s/ext2_f00299.npz
IPRL+5085c3ce+2023-10-16-20h-55m-58s,ext1,106,ok,75,16,0.021666666666666667,127,127,21,0.9987301587301587,1.0,1.28,16.4,0.65,,tracks/IPRL+5085c3ce+2023-10-16-20h-55m-58s/ext1_f00106.npz
IPRL+5085c3ce+2023-10-16-20h-55m-58s,ext2,106,ok,69,12,0.012132161458333334,127,127,21,1.0,1.0,1.27,16.5,0.65,,tracks/IPRL+5085c3ce+2023-10-16-20h-55m-58s/ext2_f00106.npz
IPRL+5085c3ce+2023-10-17-21h-14m-05s,ext1,206,ok,69,9,0.00666015625,650,650,444,0.5795469382425904,0.9565217391304348,23.04,19.3,0.64,,tracks/IPRL+5085c3ce+2023-10-17-21h-14m-05s/ext1_f00206.npz
IPRL+5085c3ce+2023-10-17-21h-14m-05s,ext1,622,ok,61,7,0.004876302083333333,650,650,28,0.8764637002341921,0.7868852459016393,2.07,13.5,0.64,,tracks/IPRL+5085c3ce+2023-10-17-21h-14m-05s/ext1_f00622.npz
IPRL+5085c3ce+2023-10-17-21h-14m-05s,ext2,206,ok,66,11,0.011520182291666667,650,650,444,0.9002184002184003,1.0,22.93,19.4,0.64,,tracks/IPRL+5085c3ce+2023-10-17-21h-14m-05s/ext2_f00206.npz
IPRL+5085c3ce+2023-10-17-21h-14m-05s,ext2,622,ok,73,6,0.0036848958333333334,650,650,28,0.9990215264187867,1.0,2.18,12.9,0.65,,tracks/IPRL+5085c3ce+2023-10-17-21h-14m-05s/ext2_f00622.npz
IPRL+5085c3ce+2023-10-19-21h-43m-00s,ext1,160,ok,75,10,0.009010416666666667,1165,1165,1005,0.6909718076285241,0.6933333333333334,51.0,19.7,0.64,,tracks/IPRL+5085c3ce+2023-10-19-21h-43m-00s/ext1_f00160.npz
IPRL+5085c3ce+2023-10-19-21h-43m-00s,ext1,284,ok,73,8,0.005893012152777778,1165,1165,881,0.9046693514530499,0.8356164383561644,45.05,19.6,0.65,,tracks/IPRL+5085c3ce+2023-10-19-21h-43m-00s/ext1_f00284.npz
IPRL+5085c3ce+2023-10-19-21h-43m-00s,ext1,429,ok,70,10,0.008828125,1165,1165,736,0.6320846273291926,0.5428571428571428,38.53,19.1,0.65,,tracks/IPRL+5085c3ce+2023-10-19-21h-43m-00s/ext1_f00429.npz
IPRL+5085c3ce+2023-10-19-21h-43m-00s,ext1,543,ok,64,11,0.009137369791666667,1165,1165,622,0.662957194533762,0.6875,32.16,19.3,0.65,,tracks/IPRL+5085c3ce+2023-10-19-21h-43m-00s/ext1_f00543.npz
IPRL+5085c3ce+2023-10-19-21h-43m-00s,ext1,660,ok,66,9,0.006384548611111111,1165,1165,505,0.8108610861086109,0.8939393939393939,26.44,19.1,0.64,,tracks/IPRL+5085c3ce+2023-10-19-21h-43m-00s/ext1_f00660.npz
IPRL+5085c3ce+2023-10-19-21h-43m-00s,ext1,793,ok,64,11,0.010224609375,1165,1165,372,0.60546875,0.484375,19.7,18.9,0.64,,tracks/IPRL+5085c3ce+2023-10-19-21h-43m-00s/ext1_f00793.npz
IPRL+5085c3ce+2023-10-19-21h-43m-00s,ext1,1146,ok,74,12,0.012547743055555555,1165,1165,19,0.9637268847795164,0.9594594594594594,1.98,9.6,0.64,,tracks/IPRL+5085c3ce+2023-10-19-21h-43m-00s/ext1_f01146.npz
IPRL+5085c3ce+2023-10-19-21h-43m-00s,ext2,284,ok,59,13,0.012754991319444445,1165,1165,881,0.8317782181265511,0.864406779661017,44.35,19.9,0.64,,tracks/IPRL+5085c3ce+2023-10-19-21h-43m-00s/ext2_f00284.npz
IPRL+5085c3ce+2023-10-19-21h-43m-00s,ext2,429,ok,74,14,0.016641710069444444,1165,1165,736,0.8991260282021152,0.9324324324324325,37.75,19.5,0.65,,tracks/IPRL+5085c3ce+2023-10-19-21h-43m-00s/ext2_f00429.npz
IPRL+5085c3ce+2023-10-19-21h-43m-00s,ext2,543,ok,63,13,0.013714192708333333,1165,1165,622,0.9398254478640331,1.0,32.55,19.1,0.65,,tracks/IPRL+5085c3ce+2023-10-19-21h-43m-00s/ext2_f00543.npz
IPRL+5085c3ce+2023-10-19-21h-43m-00s,ext2,660,ok,64,13,0.012760416666666666,1165,1165,505,0.9535272277227723,0.921875,26.36,19.2,0.65,,tracks/IPRL+5085c3ce+2023-10-19-21h-43m-00s/ext2_f00660.npz
IPRL+5085c3ce+2023-10-19-21h-43m-00s,ext2,793,ok,66,12,0.011725260416666666,1165,1165,372,0.9826490713587488,0.9848484848484849,19.57,19.0,0.64,,tracks/IPRL+5085c3ce+2023-10-19-21h-43m-00s/ext2_f00793.npz
IPRL+5085c3ce+2023-10-19-21h-43m-00s,ext2,1146,ok,58,9,0.0064995659722222225,1165,1165,19,0.9863883847549909,0.9827586206896551,1.99,9.6,0.64,,tracks/IPRL+5085c3ce+2023-10-19-21h-43m-00s/ext2_f01146.npz
IPRL+5085c3ce+2023-10-19-21h-43m-00s,ext2,160,ok,70,13,0.014213324652777777,1165,1165,1005,0.9348542999289268,0.9571428571428572,52.87,19.0,0.65,,tracks/IPRL+5085c3ce+2023-10-19-21h-43m-00s/ext2_f00160.npz
IPRL+5085c3ce+2023-10-19-23h-03m-38s,ext1,194,ok,62,12,0.01064670138888889,254,254,60,0.9922043010752688,1.0,3.28,18.3,0.64,,tracks/IPRL+5085c3ce+2023-10-19-23h-03m-38s/ext1_f00194.npz
IPRL+5085c3ce+2023-10-19-23h-03m-38s,ext2,194,ok,61,13,0.012962239583333333,254,254,60,0.8868852459016393,0.8524590163934426,3.37,17.8,0.65,,tracks/IPRL+5085c3ce+2023-10-19-23h-03m-38s/ext2_f00194.npz
IPRL+5085c3ce+2023-10-19-23h-12m-40s,ext1,102,ok,69,6,0.0035828993055555558,307,307,205,0.7762460233297985,0.9130434782608695,10.58,19.4,0.64,,tracks/IPRL+5085c3ce+2023-10-19-23h-12m-40s/ext1_f00102.npz
IPRL+5085c3ce+2023-10-19-23h-12m-40s,ext2,102,ok,70,10,0.007763671875,307,307,205,0.9144947735191638,0.8428571428571429,10.62,19.3,0.65,,tracks/IPRL+5085c3ce+2023-10-19-23h-12m-40s/ext2_f00102.npz
IPRL+5085c3ce+2023-10-21-14h-31m-29s,ext1,271,ok,64,10,0.010409071180555556,477,477,206,0.2781401699029126,0.203125,10.9,18.9,0.65,,tracks/IPRL+5085c3ce+2023-10-21-14h-31m-29s/ext1_f00271.npz
IPRL+5085c3ce+2023-10-21-14h-31m-29s,ext1,380,ok,62,48,0.16972764756944445,477,477,97,0.4225141336880612,0.2903225806451613,5.42,17.9,0.65,,tracks/IPRL+5085c3ce+2023-10-21-14h-31m-29s/ext1_f00380.npz
IPRL+5085c3ce+2023-10-21-14h-31m-29s,ext2,271,ok,16,4,0.0006553819444444444,477,477,206,0.679004854368932,0.8125,10.33,19.9,0.64,,tracks/IPRL+5085c3ce+2023-10-21-14h-31m-29s/ext2_f00271.npz
IPRL+5085c3ce+2023-10-21-14h-31m-29s,ext2,380,ok,66,9,0.007276475694444445,477,477,97,0.6785379568884724,0.24242424242424243,5.29,18.3,0.64,,tracks/IPRL+5085c3ce+2023-10-21-14h-31m-29s/ext2_f00380.npz
IPRL+5085c3ce+2023-10-21-15h-10m-49s,ext1,179,ok,71,6,0.0035579427083333335,218,218,39,0.8761285662694114,0.8591549295774648,2.24,17.4,0.64,,tracks/IPRL+5085c3ce+2023-10-21-15h-10m-49s/ext1_f00179.npz
IPRL+5085c3ce+2023-10-21-15h-10m-49s,ext2,179,ok,62,12,0.011060112847222222,218,218,39,0.8023159636062862,0.7419354838709677,2.22,17.6,0.65,,tracks/IPRL+5085c3ce+2023-10-21-15h-10m-49s/ext2_f00179.npz
IPRL+5085c3ce+2023-10-21-15h-36m-30s,ext1,90,ok,76,7,0.004686414930555555,246,246,156,0.5920209176788124,0.868421052631579,8.01,19.5,0.64,,tracks/IPRL+5085c3ce+2023-10-21-15h-36m-30s/ext1_f00090.npz
IPRL+5085c3ce+2023-10-21-15h-36m-30s,ext1,144,ok,65,11,0.008819444444444444,246,246,102,0.6297134238310709,0.9538461538461539,5.34,19.1,0.65,,tracks/IPRL+5085c3ce+2023-10-21-15h-36m-30s/ext1_f00144.npz
IPRL+5085c3ce+2023-10-21-15h-36m-30s,ext1,186,ok,64,13,0.011871744791666666,246,246,60,0.9817708333333334,0.96875,3.31,18.2,0.65,,tracks/IPRL+5085c3ce+2023-10-21-15h-36m-30s/ext1_f00186.npz
IPRL+5085c3ce+2023-10-21-15h-36m-30s,ext2,90,ok,66,12,0.01033203125,246,246,156,0.7336829836829837,0.9545454545454546,8.12,19.2,0.65,,tracks/IPRL+5085c3ce+2023-10-21-15h-36m-30s/ext2_f00090.npz
IPRL+5085c3ce+2023-10-21-15h-36m-30s,ext2,144,ok,70,9,0.008009982638888889,246,246,102,0.5826330532212886,0.9571428571428572,5.37,19.0,0.64,,tracks/IPRL+5085c3ce+2023-10-21-15h-36m-30s/ext2_f00144.npz
IPRL+5085c3ce+2023-10-21-15h-36m-30s,ext2,186,ok,68,7,0.004543185763888889,246,246,60,0.7671568627450981,1.0,3.26,18.4,0.64,,tracks/IPRL+5085c3ce+2023-10-21-15h-36m-30s/ext2_f00186.npz
IPRL+5085c3ce+2023-10-21-17h-45m-44s,ext1,148,ok,59,8,0.005116102430555556,198,198,50,0.9925423728813559,1.0,2.74,18.2,0.64,,tracks/IPRL+5085c3ce+2023-10-21-17h-45m-44s/ext1_f00148.npz
IPRL+5085c3ce+2023-10-21-17h-45m-44s,ext2,148,ok,71,9,0.007535807291666667,198,198,50,0.7898591549295775,0.5633802816901409,2.8,17.9,0.65,,tracks/IPRL+5085c3ce+2023-10-21-17h-45m-44s/ext2_f00148.npz
IPRL+5085c3ce+2023-10-21-19h-22m-59s,ext1,77,ok,64,5,0.0022547743055555554,243,243,166,0.892601656626506,0.984375,8.47,19.6,0.64,,tracks/IPRL+5085c3ce+2023-10-21-19h-22m-59s/ext1_f00077.npz
IPRL+5085c3ce+2023-10-21-19h-22m-59s,ext1,169,ok,67,11,0.01099609375,243,243,74,0.9402985074626866,0.9552238805970149,3.96,18.7,0.65,,tracks/IPRL+5085c3ce+2023-10-21-19h-22m-59s/ext1_f00169.npz
IPRL+5085c3ce+2023-10-21-19h-22m-59s,ext2,77,ok,62,10,0.008276909722222222,243,243,166,0.8008161678973961,1.0,8.71,19.1,0.65,,tracks/IPRL+5085c3ce+2023-10-21-19h-22m-59s/ext2_f00077.npz
IPRL+5085c3ce+2023-10-21-19h-22m-59s,ext2,169,ok,56,7,0.003939887152777778,243,243,74,0.964527027027027,1.0,3.94,18.8,0.65,,tracks/IPRL+5085c3ce+2023-10-21-19h-22m-59s/ext2_f00169.npz
IPRL+5085c3ce+2023-10-21-19h-29m-24s,ext1,167,ok,76,5,0.002666015625,198,198,31,0.9974533106960951,1.0,1.77,17.5,0.64,,tracks/IPRL+5085c3ce+2023-10-21-19h-29m-24s/ext1_f00167.npz
IPRL+5085c3ce+2023-10-21-19h-29m-24s,ext2,167,ok,67,16,0.019998914930555556,198,198,31,0.7424169475204622,0.6567164179104478,1.82,17.0,0.64,,tracks/IPRL+5085c3ce+2023-10-21-19h-29m-24s/ext2_f00167.npz
IPRL+5085c3ce+2023-10-21-19h-46m-56s,ext1,167,ok,74,9,0.006861979166666666,202,202,35,0.9092664092664092,0.8378378378378378,1.97,17.7,0.64,,tracks/IPRL+5085c3ce+2023-10-21-19h-46m-56s/ext1_f00167.npz
IPRL+5085c3ce+2023-10-21-19h-46m-56s,ext2,167,ok,72,12,0.011612413194444445,202,202,35,0.984920634920635,1.0,2.08,16.8,0.65,,tracks/IPRL+5085c3ce+2023-10-21-19h-46m-56s/ext2_f00167.npz
IPRL+5085c3ce+2023-10-21-19h-47m-18s,ext1,60,ok,69,7,0.004762369791666667,192,192,132,0.871870882740448,0.9130434782608695,6.75,19.6,0.64,,tracks/IPRL+5085c3ce+2023-10-21-19h-47m-18s/ext1_f00060.npz
IPRL+5085c3ce+2023-10-21-19h-47m-18s,ext1,77,ok,59,11,0.010279947916666667,192,192,115,0.8403831982313927,0.9152542372881356,5.99,19.2,0.65,,tracks/IPRL+5085c3ce+2023-10-21-19h-47m-18s/ext1_f00077.npz
IPRL+5085c3ce+2023-10-21-19h-47m-18s,ext1,158,ok,65,9,0.007836371527777778,192,192,34,0.9117647058823529,0.8923076923076924,1.94,17.5,0.65,,tracks/IPRL+5085c3ce+2023-10-21-19h-47m-18s/ext1_f00158.npz
IPRL+5085c3ce+2023-10-21-19h-47m-18s,ext2,60,ok,63,15,0.018328993055555555,192,192,132,0.724987974987975,0.9841269841269841,6.86,19.2,0.65,,tracks/IPRL+5085c3ce+2023-10-21-19h-47m-18s/ext2_f00060.npz
IPRL+5085c3ce+2023-10-21-19h-47m-18s,ext2,77,ok,69,4,0.001923828125,192,192,115,1.0,1.0,6.04,19.1,0.64,,tracks/IPRL+5085c3ce+2023-10-21-19h-47m-18s/ext2_f00077.npz
IPRL+5085c3ce+2023-10-21-19h-47m-18s,ext2,158,ok,60,17,0.023934461805555557,192,192,34,0.9892156862745098,0.9666666666666667,1.92,17.7,0.64,,tracks/IPRL+5085c3ce+2023-10-21-19h-47m-18s/ext2_f00158.npz
IPRL+5085c3ce+2023-10-21-21h-34m-36s,ext1,93,ok,59,6,0.005015190972222222,341,341,248,0.1817249863313286,0.01694915254237288,12.7,19.5,0.64,,tracks/IPRL+5085c3ce+2023-10-21-21h-34m-36s/ext1_f00093.npz
IPRL+5085c3ce+2023-10-21-21h-34m-36s,ext1,238,ok,67,9,0.009246961805555556,341,341,103,0.5576003477756847,0.16417910447761194,5.59,18.4,0.65,,tracks/IPRL+5085c3ce+2023-10-21-21h-34m-36s/ext1_f00238.npz
IPRL+5085c3ce+2023-10-21-21h-34m-36s,ext2,93,ok,62,13,0.014033203125,341,341,248,0.6301378772112383,0.7258064516129032,12.58,19.7,0.64,,tracks/IPRL+5085c3ce+2023-10-21-21h-34m-36s/ext2_f00093.npz
IPRL+5085c3ce+2023-10-21-21h-34m-36s,ext2,238,ok,71,8,0.005775824652777778,341,341,103,0.8415151100779434,1.0,5.52,18.7,0.65,,tracks/IPRL+5085c3ce+2023-10-21-21h-34m-36s/ext2_f00238.npz
IPRL+5085c3ce+2023-10-22-14h-52m-00s,ext1,538,ok,55,5,0.002541232638888889,1052,1052,514,0.38655818889281923,0.14545454545454545,26.78,19.2,0.65,,tracks/IPRL+5085c3ce+2023-10-22-14h-52m-00s/ext1_f00538.npz
IPRL+5085c3ce+2023-10-22-14h-52m-00s,ext1,813,ok,60,17,0.02270724826388889,1052,1052,239,0.7681311018131102,0.6166666666666667,12.87,18.6,0.65,,tracks/IPRL+5085c3ce+2023-10-22-14h-52m-00s/ext1_f00813.npz
IPRL+5085c3ce+2023-10-22-14h-52m-00s,ext2,538,ok,54,4,0.0013802083333333333,1052,1052,514,0.816111831676034,1.0,26.3,19.5,0.64,,tracks/IPRL+5085c3ce+2023-10-22-14h-52m-00s/ext2_f00538.npz
IPRL+5085c3ce+2023-10-22-14h-52m-00s,ext2,813,ok,59,9,0.007077907986111111,1052,1052,239,0.945464860648181,0.5084745762711864,12.76,18.7,0.64,,tracks/IPRL+5085c3ce+2023-10-22-14h-52m-00s/ext2_f00813.npz
IPRL+7790ec0a+2023-04-24-16h-33m-55s,ext1,105,ok,58,10,0.007769097222222222,156,156,51,0.8553076402974983,0.8793103448275862,2.73,18.7,0.64,,tracks/IPRL+7790ec0a+2023-04-24-16h-33m-55s/ext1_f00105.npz
IPRL+7790ec0a+2023-04-24-16h-33m-55s,ext2,105,ok,54,11,0.009934895833333334,156,156,51,0.9724037763253449,0.8888888888888888,2.79,18.3,0.65,,tracks/IPRL+7790ec0a+2023-04-24-16h-33m-55s/ext2_f00105.npz
IPRL+7790ec0a+2023-04-30-19h-05m-45s,ext1,80,ok,62,15,0.017816840277777777,377,377,297,0.8608667318344738,0.9032258064516129,15.08,19.7,0.64,,tracks/IPRL+7790ec0a+2023-04-30-19h-05m-45s/ext1_f00080.npz
IPRL+7790ec0a+2023-04-30-19h-05m-45s,ext2,80,ok,60,17,0.02266818576388889,377,377,297,0.5521324354657688,0.26666666666666666,15.27,19.4,0.65,,tracks/IPRL+7790ec0a+2023-04-30-19h-05m-45s/ext2_f00080.npz
IPRL+7790ec0a+2023-06-30-20h-20m-44s,ext1,353,ok,69,9,0.007090928819444444,412,412,59,0.9322033898305084,0.9130434782608695,3.48,17.0,0.65,,tracks/IPRL+7790ec0a+2023-06-30-20h-20m-44s/ext1_f00353.npz
IPRL+7790ec0a+2023-06-30-20h-20m-44s,ext2,353,ok,68,18,0.02409939236111111,412,412,59,0.909272183449651,0.8235294117647058,3.42,17.2,0.65,,tracks/IPRL+7790ec0a+2023-06-30-20h-20m-44s/ext2_f00353.npz
IPRL+89b42cd2+2023-11-24-21h-09m-27s,ext1,276,ok,69,10,0.008158637152777778,1189,1189,913,0.8551677063987174,0.9855072463768116,46.75,19.5,0.64,,tracks/IPRL+89b42cd2+2023-11-24-21h-09m-27s/ext1_f00276.npz
IPRL+89b42cd2+2023-11-24-21h-09m-27s,ext2,276,ok,69,7,0.003855251736111111,1189,1189,913,0.8000857183675413,0.7391304347826086,46.8,19.5,0.64,,tracks/IPRL+89b42cd2+2023-11-24-21h-09m-27s/ext2_f00276.npz
IPRL+89b42cd2+2023-11-27-17h-00m-44s,ext1,196,ok,56,19,0.027625868055555555,485,485,289,0.6814755313890262,0.8928571428571429,14.97,19.3,0.64,,tracks/IPRL+89b42cd2+2023-11-27-17h-00m-44s/ext1_f00196.npz
IPRL+89b42cd2+2023-11-27-17h-00m-44s,ext1,281,ok,67,15,0.018917100694444446,485,485,204,0.6022827041264267,1.0,10.93,18.7,0.65,,tracks/IPRL+89b42cd2+2023-11-27-17h-00m-44s/ext1_f00281.npz
IPRL+89b42cd2+2023-11-27-17h-00m-44s,ext2,196,ok,68,5,0.0024565972222222224,485,485,289,0.33594545084469773,0.029411764705882353,14.83,19.5,0.64,,tracks/IPRL+89b42cd2+2023-11-27-17h-00m-44s/ext2_f00196.npz
IPRL+89b42cd2+2023-11-27-17h-00m-44s,ext2,281,ok,70,15,0.01865776909722222,485,485,204,0.24411764705882352,0.2,10.73,19.0,0.65,,tracks/IPRL+89b42cd2+2023-11-27-17h-00m-44s/ext2_f00281.npz
IPRL+edf28ef3+2023-05-12-15h-33m-28s,ext1,314,ok,64,7,0.004139539930555556,409,409,95,0.8302631578947368,0.921875,5.31,17.9,0.65,,tracks/IPRL+edf28ef3+2023-05-12-15h-33m-28s/ext1_f00314.npz
IPRL+edf28ef3+2023-05-12-15h-33m-28s,ext2,314,ok,65,20,0.03198459201388889,409,409,95,0.43562753036437246,0.4153846153846154,5.16,18.4,0.65,,tracks/IPRL+edf28ef3+2023-05-12-15h-33m-28s/ext2_f00314.npz
IPRL+edf28ef3+2023-12-18-22h-42m-31s,ext1,319,ok,75,7,0.004666883680555556,329,329,10,1.0,1.0,1.06,9.4,0.64,,tracks/IPRL+edf28ef3+2023-12-18-22h-42m-31s/ext1_f00319.npz
IPRL+edf28ef3+2023-12-18-22h-42m-31s,ext2,319,ok,67,9,0.006657986111111111,329,329,10,0.9865671641791045,0.9850746268656716,0.95,10.5,0.64,,tracks/IPRL+edf28ef3+2023-12-18-22h-42m-31s/ext2_f00319.npz
IPRL+edf28ef3+2023-12-19-11h-08m-56s,ext1,227,ok,70,7,0.0049327256944444444,288,288,61,0.9110070257611241,0.8857142857142857,3.4,17.9,0.64,,tracks/IPRL+edf28ef3+2023-12-19-11h-08m-56s/ext1_f00227.npz
IPRL+edf28ef3+2023-12-19-11h-08m-56s,ext2,227,ok,69,8,0.005260416666666667,288,288,61,0.9914468995010691,0.9855072463768116,3.46,17.6,0.65,,tracks/IPRL+edf28ef3+2023-12-19-11h-08m-56s/ext2_f00227.npz
IPRL+edf28ef3+2023-12-19-21h-15m-45s,ext1,233,ok,44,4,0.0018999565972222222,523,523,290,0.475705329153605,0.06818181818181818,14.67,19.8,0.64,,tracks/IPRL+edf28ef3+2023-12-19-21h-15m-45s/ext1_f00233.npz
IPRL+edf28ef3+2023-12-19-21h-15m-45s,ext1,286,ok,78,4,0.002097439236111111,523,523,237,0.6864654333008764,0.9358974358974359,12.53,18.9,0.65,,tracks/IPRL+edf28ef3+2023-12-19-21h-15m-45s/ext1_f00286.npz
IPRL+edf28ef3+2023-12-19-21h-15m-45s,ext1,339,ok,71,12,0.011475694444444445,523,523,184,0.24471830985915494,0.4084507042253521,9.99,18.4,0.65,,tracks/IPRL+edf28ef3+2023-12-19-21h-15m-45s/ext1_f00339.npz
IPRL+edf28ef3+2023-12-19-21h-15m-45s,ext2,233,ok,68,10,0.008568793402777778,523,523,290,0.8700811359026369,1.0,15.49,18.7,0.65,,tracks/IPRL+edf28ef3+2023-12-19-21h-15m-45s/ext2_f00233.npz
IPRL+edf28ef3+2023-12-19-21h-15m-45s,ext2,286,ok,76,7,0.004710286458333333,523,523,237,0.9261048190095492,1.0,12.77,18.6,0.64,,tracks/IPRL+edf28ef3+2023-12-19-21h-15m-45s/ext2_f00286.npz
IPRL+edf28ef3+2023-12-19-21h-15m-45s,ext2,339,ok,58,7,0.0055859375,523,523,184,1.0,1.0,9.88,18.6,0.64,,tracks/IPRL+edf28ef3+2023-12-19-21h-15m-45s/ext2_f00339.npz
IPRL+edf28ef3+2023-12-20-12h-28m-16s,ext1,309,ok,68,7,0.004140625,485,485,176,0.9131016042780749,0.9264705882352942,9.25,19.0,0.64,,tracks/IPRL+edf28ef3+2023-12-20-12h-28m-16s/ext1_f00309.npz
IPRL+edf28ef3+2023-12-20-12h-28m-16s,ext2,309,ok,65,8,0.005631510416666667,485,485,176,1.0,1.0,9.34,18.8,0.65,,tracks/IPRL+edf28ef3+2023-12-20-12h-28m-16s/ext2_f00309.npz
IPRL+edf28ef3+2023-12-20-12h-46m-02s,ext1,28,ok,71,10,0.008568793402777778,326,326,298,0.9403062671329994,0.8732394366197183,15.4,19.3,0.64,,tracks/IPRL+edf28ef3+2023-12-20-12h-46m-02s/ext1_f00028.npz
IPRL+edf28ef3+2023-12-20-12h-46m-02s,ext2,28,ok,61,11,0.009115668402777779,326,326,298,0.7507976675101772,0.4918032786885246,15.2,19.6,0.65,,tracks/IPRL+edf28ef3+2023-12-20-12h-46m-02s/ext2_f00028.npz
IPRL+edf28ef3+2024-01-02-13h-02m-06s,ext1,352,ok,68,23,0.039715711805555554,1458,1458,1106,0.1263695351558345,0.1323529411764706,58.02,19.1,0.65,,tracks/IPRL+edf28ef3+2024-01-02-13h-02m-06s/ext1_f00352.npz
IPRL+edf28ef3+2024-01-02-13h-02m-06s,ext1,778,ok,66,21,0.0346875,1458,1458,680,0.05416666666666667,0.07575757575757576,35.47,19.2,0.65,,tracks/IPRL+edf28ef3+2024-01-02-13h-02m-06s/ext1_f00778.npz
IPRL+edf28ef3+2024-01-02-13h-02m-06s,ext1,943,ok,76,13,0.014052734375,1458,1458,515,0.1558252427184466,0.13157894736842105,27.58,18.7,0.64,,tracks/IPRL+edf28ef3+2024-01-02-13h-02m-06s/ext1_f00943.npz
IPRL+edf28ef3+2024-01-02-13h-02m-06s,ext2,352,ok,61,7,0.004258897569444444,1458,1458,1106,0.7390389233095188,0.7868852459016393,56.45,19.6,0.64,,tracks/IPRL+edf28ef3+2024-01-02-13h-02m-06s/ext2_f00352.npz
IPRL+edf28ef3+2024-01-02-13h-02m-06s,ext2,778,ok,65,4,0.0016840277777777778,1458,1458,680,0.7044796380090498,1.0,35.63,19.1,0.64,,tracks/IPRL+edf28ef3+2024-01-02-13h-02m-06s/ext2_f00778.npz
IPRL+edf28ef3+2024-01-02-13h-02m-06s,ext2,943,ok,67,7,0.00453125,1458,1458,515,0.9680915809303,1.0,27.87,18.5,0.65,,tracks/IPRL+edf28ef3+2024-01-02-13h-02m-06s/ext2_f00943.npz
IPRL+edf28ef3+2024-01-02-15h-21m-01s,ext1,171,ok,66,9,0.006034071180555556,2437,2437,2266,0.6204565513921206,0.21212121212121213,114.54,19.8,0.64,,tracks/IPRL+edf28ef3+2024-01-02-15h-21m-01s/ext1_f00171.npz
IPRL+edf28ef3+2024-01-02-15h-21m-01s,ext1,356,ok,70,9,0.0067860243055555556,2437,2437,2081,0.7352371799272328,0.6714285714285714,106.64,19.5,0.65,,tracks/IPRL+edf28ef3+2024-01-02-15h-21m-01s/ext1_f00356.npz
IPRL+edf28ef3+2024-01-02-15h-21m-01s,ext1,632,ok,68,8,0.004904513888888889,2437,2437,1805,0.6731383412090598,0.7205882352941176,94.15,19.2,0.65,,tracks/IPRL+edf28ef3+2024-01-02-15h-21m-01s/ext1_f00632.npz
IPRL+edf28ef3+2024-01-02-15h-21m-01s,ext1,773,ok,70,9,0.0063975694444444444,2437,2437,1664,0.5415178571428572,0.38571428571428573,86.41,19.3,0.65,,tracks/IPRL+edf28ef3+2024-01-02-15h-21m-01s/ext1_f00773.npz
IPRL+edf28ef3+2024-01-02-15h-21m-01s,ext1,993,ok,74,13,0.013550347222222222,2437,2437,1444,0.4134255446582316,0.0,74.88,19.3,0.64,,tracks/IPRL+edf28ef3+2024-01-02-15h-21m-01s/ext1_f00993.npz
IPRL+edf28ef3+2024-01-02-15h-21m-01s,ext1,2149,ok,66,24,0.042918836805555555,2437,2437,288,0.7505787037037037,0.7121212121212122,17.39,16.6,0.64,,tracks/IPRL+edf28ef3+2024-01-02-15h-21m-01s/ext1_f02149.npz
IPRL+edf28ef3+2024-01-02-15h-21m-01s,ext2,632,ok,69,5,0.0027137586805555556,2437,2437,1805,0.6823959211529969,0.5652173913043478,92.11,19.6,0.64,,tracks/IPRL+edf28ef3+2024-01-02-15h-21m-01s/ext2_f00632.npz
IPRL+edf28ef3+2024-01-02-15h-21m-01s,ext2,773,ok,64,6,0.00306640625,2437,2437,1664,0.7421687199519231,1.0,85.3,19.5,0.65,,tracks/IPRL+edf28ef3+2024-01-02-15h-21m-01s/ext2_f00773.npz
IPRL+edf28ef3+2024-01-02-15h-21m-01s,ext2,993,ok,75,6,0.0035579427083333335,2437,2437,1444,0.6205447830101569,0.0,76.08,19.0,0.65,,tracks/IPRL+edf28ef3+2024-01-02-15h-21m-01s/ext2_f00993.npz
IPRL+edf28ef3+2024-01-02-15h-21m-01s,ext2,2149,ok,61,6,0.006114366319444444,2437,2437,288,0.5138888888888888,0.18032786885245902,17.39,16.6,0.65,,tracks/IPRL+edf28ef3+2024-01-02-15h-21m-01s/ext2_f02149.npz
IPRL+edf28ef3+2024-01-02-15h-21m-01s,ext2,171,ok,68,7,0.004380425347222223,2437,2437,2266,0.5690709205129536,0.04411764705882353,116.37,19.5,0.64,,tracks/IPRL+edf28ef3+2024-01-02-15h-21m-01s/ext2_f00171.npz
IPRL+edf28ef3+2024-01-02-15h-21m-01s,ext2,356,ok,61,7,0.003975694444444444,2437,2437,2081,0.6636784017772036,0.7540983606557377,107.92,19.3,0.65,,tracks/IPRL+edf28ef3+2024-01-02-15h-21m-01s/ext2_f00356.npz
IPRL+w026bb9b+2023-04-20-23h-02m-05s,ext1,182,ok,68,9,0.006767578125,214,214,32,0.8244485294117647,0.6470588235294118,1.86,17.2,0.64,,tracks/IPRL+w026bb9b+2023-04-20-23h-02m-05s/ext1_f00182.npz
IPRL+w026bb9b+2023-04-20-23h-02m-05s,ext2,182,ok,74,24,0.04421440972222222,214,214,32,0.5004222972972973,0.1891891891891892,1.93,16.6,0.64,,tracks/IPRL+w026bb9b+2023-04-20-23h-02m-05s/ext2_f00182.npz
IPRL+w026bb9b+2023-04-20-23h-08m-29s,ext1,310,ok,71,5,0.0028385416666666667,349,349,39,1.0,1.0,2.3,17.0,0.64,,tracks/IPRL+w026bb9b+2023-04-20-23h-08m-29s/ext1_f00310.npz
IPRL+w026bb9b+2023-04-20-23h-08m-29s,ext2,310,ok,62,15,0.020071614583333335,349,349,39,0.608354011579818,0.4838709677419355,2.39,16.3,0.65,,tracks/IPRL+w026bb9b+2023-04-20-23h-08m-29s/ext2_f00310.npz
IPRL+w026bb9b+2023-04-20-23h-22m-49s,ext1,44,ok,69,9,0.006966145833333334,153,153,109,0.896423347959048,0.34782608695652173,5.59,19.5,0.64,,tracks/IPRL+w026bb9b+2023-04-20-23h-22m-49s/ext1_f00044.npz
IPRL+w026bb9b+2023-04-20-23h-22m-49s,ext1,112,ok,58,8,0.005268012152777778,153,153,41,0.9137931034482759,0.3793103448275862,2.26,18.2,0.65,,tracks/IPRL+w026bb9b+2023-04-20-23h-22m-49s/ext1_f00112.npz
IPRL+w026bb9b+2023-04-20-23h-22m-49s,ext2,44,ok,68,15,0.017434895833333332,153,153,109,0.4334862385321101,0.0,5.75,18.9,0.65,,tracks/IPRL+w026bb9b+2023-04-20-23h-22m-49s/ext2_f00044.npz
IPRL+w026bb9b+2023-04-20-23h-22m-49s,ext2,112,ok,68,25,0.04676323784722222,153,153,41,0.75,0.029411764705882353,2.26,18.1,0.65,,tracks/IPRL+w026bb9b+2023-04-20-23h-22m-49s/ext2_f00112.npz
IPRL+w026bb9b+2023-04-21-00h-10m-46s,ext1,174,ok,65,11,0.00976779513888889,190,190,16,0.9846153846153847,0.9384615384615385,1.04,15.4,0.64,,tracks/IPRL+w026bb9b+2023-04-21-00h-10m-46s/ext1_f00174.npz
IPRL+w026bb9b+2023-04-21-00h-10m-46s,ext2,174,ok,69,9,0.006383463541666667,190,190,16,0.947463768115942,0.927536231884058,1.06,15.1,0.64,,tracks/IPRL+w026bb9b+2023-04-21-00h-10m-46s/ext2_f00174.npz
IPRL+w026bb9b+2023-04-21-00h-27m-34s,ext1,118,ok,62,14,0.015403645833333333,135,135,17,0.8956356736242884,0.7903225806451613,1.09,15.6,0.64,,tracks/IPRL+w026bb9b+2023-04-21-00h-27m-34s/ext1_f00118.npz
IPRL+w026bb9b+2023-04-21-00h-27m-34s,ext2,118,ok,66,8,0.005518663194444444,135,135,17,0.928698752228164,0.696969696969697,1.06,16.0,0.65,,tracks/IPRL+w026bb9b+2023-04-21-00h-27m-34s/ext2_f00118.npz
IPRL+w026bb9b+2023-09-22-18h-05m-40s,ext1,242,ok,58,10,0.008570963541666667,268,268,26,0.9171087533156499,0.7068965517241379,1.64,15.8,0.64,,tracks/IPRL+w026bb9b+2023-09-22-18h-05m-40s/ext1_f00242.npz
IPRL+w026bb9b+2023-09-22-18h-05m-40s,ext2,242,ok,58,6,0.0030067274305555555,268,268,26,1.0,1.0,1.71,15.2,0.65,,tracks/IPRL+w026bb9b+2023-09-22-18h-05m-40s/ext2_f00242.npz
IPRL+w026bb9b+2023-09-22-20h-07m-26s,ext1,85,ok,59,8,0.004835069444444445,242,242,157,0.9920112274641045,1.0,8.28,19.0,0.65,,tracks/IPRL+w026bb9b+2023-09-22-20h-07m-26s/ext1_f00085.npz
IPRL+w026bb9b+2023-09-22-20h-07m-26s,ext2,85,ok,64,6,0.003306206597222222,242,242,157,1.0,1.0,8.21,19.1,0.65,,tracks/IPRL+w026bb9b+2023-09-22-20h-07m-26s/ext2_f00085.npz
IRIS+226b9f35+2023-07-11-12h-47m-47s,ext1,122,ok,68,8,0.005855034722222222,218,218,96,0.9583333333333334,1.0,5.08,18.9,0.64,,tracks/IRIS+226b9f35+2023-07-11-12h-47m-47s/ext1_f00122.npz
IRIS+226b9f35+2023-07-11-12h-47m-47s,ext2,122,ok,70,5,0.0022536892361111113,218,218,96,0.9979166666666667,1.0,5.15,18.6,0.64,,tracks/IRIS+226b9f35+2023-07-11-12h-47m-47s/ext2_f00122.npz
IRIS+226b9f35+2023-07-11-13h-00m-50s,ext1,411,ok,76,11,0.011729600694444444,582,582,171,0.23107109879963064,0.02631578947368421,9.35,18.3,0.64,,tracks/IRIS+226b9f35+2023-07-11-13h-00m-50s/ext1_f00411.npz
IRIS+226b9f35+2023-07-11-13h-00m-50s,ext1,478,ok,73,8,0.005279947916666666,582,582,104,0.9798472075869337,1.0,5.93,17.5,0.65,,tracks/IRIS+226b9f35+2023-07-11-13h-00m-50s/ext1_f00478.npz
IRIS+226b9f35+2023-07-11-13h-00m-50s,ext2,411,ok,62,8,0.005149739583333333,582,582,171,0.953405017921147,1.0,9.02,18.9,0.64,,tracks/IRIS+226b9f35+2023-07-11-13h-00m-50s/ext2_f00411.npz
IRIS+226b9f35+2023-07-11-13h-00m-50s,ext2,478,ok,59,11,0.0096484375,582,582,104,0.9788135593220338,0.9661016949152542,5.86,17.7,0.65,,tracks/IRIS+226b9f35+2023-07-11-13h-00m-50s/ext2_f00478.npz
IRIS+226b9f35+2023-07-16-17h-28m-13s,ext1,161,ok,63,9,0.006328125,414,414,253,0.7816048685613903,1.0,13.42,18.8,0.65,,tracks/IRIS+226b9f35+2023-07-16-17h-28m-13s/ext1_f00161.npz
IRIS+226b9f35+2023-07-16-17h-28m-13s,ext1,181,ok,61,13,0.012689887152777777,414,414,233,0.583057764018856,0.6885245901639344,12.21,19.1,0.65,,tracks/IRIS+226b9f35+2023-07-16-17h-28m-13s/ext1_f00181.npz
IRIS+226b9f35+2023-07-16-17h-28m-13s,ext1,339,ok,62,8,0.004594184027777778,414,414,75,0.9651612903225807,1.0,4.3,17.4,0.64,,tracks/IRIS+226b9f35+2023-07-16-17h-28m-13s/ext1_f00339.npz
IRIS+226b9f35+2023-07-16-17h-28m-13s,ext2,161,ok,64,8,0.005623914930555555,414,414,253,0.9613389328063241,0.90625,13.2,19.2,0.64,,tracks/IRIS+226b9f35+2023-07-16-17h-28m-13s/ext2_f00161.npz
IRIS+226b9f35+2023-07-16-17h-28m-13s,ext2,181,ok,56,7,0.003688151041666667,414,414,233,0.9783108522378908,0.9821428571428571,12.27,19.0,0.64,,tracks/IRIS+226b9f35+2023-07-16-17h-28m-13s/ext2_f00181.npz
IRIS+226b9f35+2023-07-16-17h-28m-13s,ext2,339,ok,59,9,0.006079644097222222,414,414,75,0.9932203389830508,0.9830508474576272,4.44,16.9,0.65,,tracks/IRIS+226b9f35+2023-07-16-17h-28m-13s/ext2_f00339.npz
IRIS+226b9f35+2023-07-18-22h-10m-38s,ext1,151,ok,60,9,0.006494140625,204,204,53,0.9968553459119497,1.0,2.92,18.1,0.64,,tracks/IRIS+226b9f35+2023-07-18-22h-10m-38s/ext1_f00151.npz
IRIS+226b9f35+2023-07-18-22h-10m-38s,ext2,151,ok,63,10,0.0071267361111111115,204,204,53,0.8849955076370171,0.5714285714285714,2.98,17.8,0.65,,tracks/IRIS+226b9f35+2023-07-18-22h-10m-38s/ext2_f00151.npz
IRIS+226b9f35+2023-07-18-22h-28m-20s,ext1,378,ok,67,6,0.003960503472222222,1194,1194,816,0.9209101551068188,1.0,42.53,19.2,0.65,,tracks/IRIS+226b9f35+2023-07-18-22h-28m-20s/ext1_f00378.npz
IRIS+226b9f35+2023-07-18-22h-28m-20s,ext2,378,ok,68,6,0.0034700520833333332,1194,1194,816,0.7044405997693195,0.5735294117647058,42.45,19.2,0.65,,tracks/IRIS+226b9f35+2023-07-18-22h-28m-20s/ext2_f00378.npz
IRIS+226b9f35+2023-07-18-22h-38m-05s,ext1,152,ok,65,12,0.011140407986111111,570,570,418,0.779020979020979,0.7538461538461538,21.48,19.5,0.64,,tracks/IRIS+226b9f35+2023-07-18-22h-38m-05s/ext1_f00152.npz
IRIS+226b9f35+2023-07-18-22h-38m-05s,ext1,476,ok,73,10,0.008582899305555556,570,570,94,0.8491693383853104,0.9452054794520548,5.43,17.3,0.64,,tracks/IRIS+226b9f35+2023-07-18-22h-38m-05s/ext1_f00476.npz
IRIS+226b9f35+2023-07-18-22h-38m-05s,ext2,152,ok,65,12,0.010237630208333333,570,570,418,0.7514538093485462,1.0,21.65,19.3,0.64,,tracks/IRIS+226b9f35+2023-07-18-22h-38m-05s/ext2_f00152.npz
IRIS+226b9f35+2023-07-18-22h-38m-05s,ext2,476,ok,67,12,0.01083984375,570,570,94,0.9990473166084471,1.0,5.44,17.3,0.65,,tracks/IRIS+226b9f35+2023-07-18-22h-38m-05s/ext2_f00476.npz
IRIS+7dfa2da3+2023-04-18-10h-47m-59s,ext1,20,ok,68,7,0.004146050347222222,223,223,203,0.6758910460736018,0.7205882352941176,10.45,19.4,0.64,,tracks/IRIS+7dfa2da3+2023-04-18-10h-47m-59s/ext1_f00020.npz
IRIS+7dfa2da3+2023-04-18-10h-47m-59s,ext2,20,ok,69,20,0.030551215277777776,223,223,203,0.24480616834439922,0.0,10.44,19.4,0.65,,tracks/IRIS+7dfa2da3+2023-04-18-10h-47m-59s/ext2_f00020.npz
IRIS+7dfa2da3+2023-04-18-11h-30m-20s,ext1,129,ok,72,5,0.002942708333333333,174,174,45,0.9722222222222222,0.9722222222222222,2.62,17.2,0.65,,tracks/IRIS+7dfa2da3+2023-04-18-11h-30m-20s/ext1_f00129.npz
IRIS+7dfa2da3+2023-04-18-11h-30m-20s,ext2,129,ok,71,9,0.007849392361111112,174,174,45,0.9793427230046948,0.9577464788732394,2.5,18.0,0.65,,tracks/IRIS+7dfa2da3+2023-04-18-11h-30m-20s/ext2_f00129.npz
IRIS+7dfa2da3+2023-04-18-11h-56m-29s,ext1,283,ok,70,14,0.01582790798611111,377,377,94,0.9480243161094225,0.8857142857142857,5.03,18.7,0.64,,tracks/IRIS+7dfa2da3+2023-04-18-11h-56m-29s/ext1_f00283.npz
IRIS+7dfa2da3+2023-04-18-11h-56m-29s,ext2,283,ok,58,7,0.0037803819444444443,377,377,94,0.6113352898019075,0.5517241379310345,5.06,18.6,0.64,,tracks/IRIS+7dfa2da3+2023-04-18-11h-56m-29s/ext2_f00283.npz
IRIS+7dfa2da3+2023-04-26-10h-13m-10s,ext1,164,ok,73,8,0.005394965277777778,245,245,81,0.6406223575173347,0.5753424657534246,4.42,18.3,0.64,,tracks/IRIS+7dfa2da3+2023-04-26-10h-13m-10s/ext1_f00164.npz
IRIS+7dfa2da3+2023-04-26-10h-13m-10s,ext2,164,ok,67,15,0.018154296875,245,245,81,0.3585774829555924,0.1791044776119403,4.37,18.5,0.65,,tracks/IRIS+7dfa2da3+2023-04-26-10h-13m-10s/ext2_f00164.npz
IRIS+7dfa2da3+2023-05-05-10h-22m-47s,ext1,23,ok,65,16,0.021317274305555557,162,162,139,0.47304925290536803,0.5692307692307692,7.2,19.3,0.64,,tracks/IRIS+7dfa2da3+2023-05-05-10h-22m-47s/ext1_f00023.npz
IRIS+7dfa2da3+2023-05-05-10h-22m-47s,ext2,23,ok,60,10,0.007136501736111111,162,162,139,0.8437649880095923,0.85,7.12,19.5,0.65,,tracks/IRIS+7dfa2da3+2023-05-05-10h-22m-47s/ext2_f00023.npz
IRIS+7dfa2da3+2023-05-05-11h-13m-19s,ext1,62,ok,62,21,0.03387152777777778,221,221,159,0.6314668289713938,0.7741935483870968,8.28,19.2,0.65,,tracks/IRIS+7dfa2da3+2023-05-05-11h-13m-19s/ext1_f00062.npz
IRIS+7dfa2da3+2023-05-05-11h-13m-19s,ext2,62,ok,75,10,0.009013671875,221,221,159,0.7315723270440252,0.2,8.29,19.2,0.65,,tracks/IRIS+7dfa2da3+2023-05-05-11h-13m-19s/ext2_f00062.npz
IRIS+7dfa2da3+2023-05-05-11h-22m-24s,ext1,120,ok,64,12,0.012115885416666666,153,153,33,0.5175189393939394,0.34375,1.85,17.8,0.64,,tracks/IRIS+7dfa2da3+2023-05-05-11h-22m-24s/ext1_f00120.npz
IRIS+7dfa2da3+2023-05-05-11h-22m-24s,ext2,120,ok,68,5,0.003636067708333333,153,153,33,0.7508912655971479,0.6617647058823529,1.82,18.2,0.64,,tracks/IRIS+7dfa2da3+2023-05-05-11h-22m-24s/ext2_f00120.npz
IRIS+7dfa2da3+2023-05-05-11h-24m-25s,ext1,93,ok,69,12,0.012633463541666667,115,115,22,0.9051383399209486,0.7536231884057971,1.28,17.2,0.64,,tracks/IRIS+7dfa2da3+2023-05-05-11h-24m-25s/ext1_f00093.npz
IRIS+7dfa2da3+2023-05-05-11h-24m-25s,ext2,93,ok,64,8,0.00568359375,115,115,22,0.9836647727272727,0.953125,1.3,16.9,0.65,,tracks/IRIS+7dfa2da3+2023-05-05-11h-24m-25s/ext2_f00093.npz
IRIS+7dfa2da3+2023-05-08-14h-35m-09s,ext1,129,ok,62,8,0.005313585069444444,171,171,42,0.8836405529953917,0.6290322580645161,2.32,18.1,0.64,,tracks/IRIS+7dfa2da3+2023-05-08-14h-35m-09s/ext1_f00129.npz
IRIS+7dfa2da3+2023-05-08-14h-35m-09s,ext2,129,ok,72,25,0.046784939236111114,171,171,42,0.9259259259259259,0.9027777777777778,2.33,18.0,0.65,,tracks/IRIS+7dfa2da3+2023-05-08-14h-35m-09s/ext2_f00129.npz
IRIS+7dfa2da3+2023-05-11-15h-17m-03s,ext1,169,ok,71,14,0.016158854166666667,254,254,85,0.4057995028997515,0.352112676056338,4.79,17.7,0.65,,tracks/IRIS+7dfa2da3+2023-05-11-15h-17m-03s/ext1_f00169.npz
IRIS+7dfa2da3+2023-05-11-15h-17m-03s,ext2,169,ok,66,13,0.013905164930555556,254,254,85,0.9991087344028521,1.0,4.56,18.6,0.65,,tracks/IRIS+7dfa2da3+2023-05-11-15h-17m-03s/ext2_f00169.npz
IRIS+7dfa2da3+2023-05-11-15h-49m-17s,ext1,333,ok,70,11,0.009622395833333333,389,389,56,0.860204081632653,0.15714285714285714,3.2,17.5,0.64,,tracks/IRIS+7dfa2da3+2023-05-11-15h-49m-17s/ext1_f00333.npz
IRIS+7dfa2da3+2023-05-11-15h-49m-17s,ext2,333,ok,11,4,0.0012358940972222222,389,389,56,0.7727272727272727,0.8181818181818182,3.15,17.8,0.64,,tracks/IRIS+7dfa2da3+2023-05-11-15h-49m-17s/ext2_f00333.npz
IRIS+7dfa2da3+2023-05-11-15h-51m-30s,ext1,100,ok,60,6,0.0027278645833333334,137,137,37,1.0,1.0,2.02,18.3,0.64,,tracks/IRIS+7dfa2da3+2023-05-11-15h-51m-30s/ext1_f00100.npz
IRIS+7dfa2da3+2023-05-11-15h-51m-30s,ext2,100,ok,66,6,0.003195529513888889,137,137,37,0.9013104013104013,0.8787878787878788,2.12,17.5,0.65,,tracks/IRIS+7dfa2da3+2023-05-11-15h-51m-30s/ext2_f00100.npz
IRIS+7dfa2da3+2023-05-12-11h-28m-17s,ext1,154,ok,73,12,0.011929253472222222,202,202,48,0.963755707762557,0.6575342465753424,2.67,17.9,0.64,,tracks/IRIS+7dfa2da3+2023-05-12-11h-28m-17s/ext1_f00154.npz
IRIS+7dfa2da3+2023-05-12-11h-28m-17s,ext2,154,ok,37,4,0.001003689236111111,202,202,48,1.0,1.0,2.61,18.4,0.65,,tracks/IRIS+7dfa2da3+2023-05-12-11h-28m-17s/ext2_f00154.npz
IRIS+7dfa2da3+2023-05-12-11h-29m-25s,ext1,143,ok,62,6,0.002924262152777778,177,177,34,0.976280834914611,0.967741935483871,1.96,17.3,0.65,,tracks/IRIS+7dfa2da3+2023-05-12-11h-29m-25s/ext1_f00143.npz
IRIS+7dfa2da3+2023-05-12-11h-29m-25s,ext2,143,ok,67,8,0.005610894097222222,177,177,34,0.7928007023705005,0.6567164179104478,1.95,17.4,0.65,,tracks/IRIS+7dfa2da3+2023-05-12-11h-29m-25s/ext2_f00143.npz
IRIS+7dfa2da3+2023-05-12-11h-29m-48s,ext1,191,ok,75,14,0.016893446180555556,225,225,34,0.8968627450980392,0.37333333333333335,2.1,16.2,0.64,,tracks/IRIS+7dfa2da3+2023-05-12-11h-29m-48s/ext1_f00191.npz
IRIS+7dfa2da3+2023-05-12-11h-29m-48s,ext2,191,ok,55,4,0.002631293402777778,225,225,34,1.0,1.0,1.99,17.1,0.64,,tracks/IRIS+7dfa2da3+2023-05-12-11h-29m-48s/ext2_f00191.npz
IRIS+7dfa2da3+2023-05-12-11h-30m-18s,ext1,485,ok,68,19,0.02755642361111111,517,517,32,0.9195772058823529,0.7352941176470589,2.08,15.4,0.64,,tracks/IRIS+7dfa2da3+2023-05-12-11h-30m-18s/ext1_f00485.npz
IRIS+7dfa2da3+2023-05-12-11h-30m-18s,ext1,165,ok,66,8,0.004931640625,517,517,352,0.7708333333333334,0.9545454545454546,18.2,19.3,0.64,,tracks/IRIS+7dfa2da3+2023-05-12-11h-30m-18s/ext1_f00165.npz
IRIS+7dfa2da3+2023-05-12-11h-30m-18s,ext1,216,ok,74,8,0.005615234375,517,517,301,0.9124988776151567,0.8648648648648649,15.97,18.8,0.65,,tracks/IRIS+7dfa2da3+2023-05-12-11h-30m-18s/ext1_f00216.npz
IRIS+7dfa2da3+2023-05-12-11h-30m-18s,ext2,165,ok,74,4,0.0017762586805555557,517,517,352,0.7783323095823096,0.0,18.15,19.4,0.65,,tracks/IRIS+7dfa2da3+2023-05-12-11h-30m-18s/ext2_f00165.npz
IRIS+7dfa2da3+2023-05-12-11h-30m-18s,ext2,216,ok,67,7,0.005059678819444444,517,517,301,0.6425844200922299,0.0,15.9,18.9,0.65,,tracks/IRIS+7dfa2da3+2023-05-12-11h-30m-18s/ext2_f00216.npz
IRIS+7dfa2da3+2023-05-12-11h-30m-18s,ext2,485,ok,56,5,0.002983940972222222,517,517,32,1.0,1.0,2.41,13.3,0.65,,tracks/IRIS+7dfa2da3+2023-05-12-11h-30m-18s/ext2_f00485.npz
IRIS+7dfa2da3+2023-05-12-11h-41m-10s,ext1,147,ok,59,12,0.010738932291666666,171,171,24,0.9964689265536724,1.0,1.41,17.0,0.64,,tracks/IRIS+7dfa2da3+2023-05-12-11h-41m-10s/ext1_f00147.npz
IRIS+7dfa2da3+2023-05-12-11h-41m-10s,ext2,147,ok,18,4,0.0008561197916666667,171,171,24,0.8078703703703703,0.8333333333333334,1.42,16.9,0.64,,tracks/IRIS+7dfa2da3+2023-05-12-11h-41m-10s/ext2_f00147.npz
IRIS+7dfa2da3+2023-05-25-13h-49m-00s,ext1,155,ok,74,8,0.005679253472222222,315,315,160,0.9751689189189189,0.8783783783783784,8.45,18.9,0.64,,tracks/IRIS+7dfa2da3+2023-05-25-13h-49m-00s/ext1_f00155.npz
IRIS+7dfa2da3+2023-05-25-13h-49m-00s,ext2,155,ok,61,12,0.011522352430555556,315,315,160,0.8686475409836065,0.19672131147540983,8.39,19.1,0.65,,tracks/IRIS+7dfa2da3+2023-05-25-13h-49m-00s/ext2_f00155.npz
IRIS+7dfa2da3+2023-06-01-13h-35m-56s,ext1,36,ok,75,13,0.014518229166666667,137,137,101,0.7008580858085809,0.6266666666666667,5.25,19.2,0.64,,tracks/IRIS+7dfa2da3+2023-06-01-13h-35m-56s/ext1_f00036.npz
IRIS+7dfa2da3+2023-06-01-13h-35m-56s,ext2,36,ok,72,7,0.0044802517361111115,137,137,101,0.6518151815181518,0.9166666666666666,5.21,19.4,0.65,,tracks/IRIS+7dfa2da3+2023-06-01-13h-35m-56s/ext2_f00036.npz
IRIS+7dfa2da3+2023-06-02-10h-53m-00s,ext1,139,ok,62,6,0.0031293402777777778,194,194,55,0.9557184750733138,1.0,3.01,18.3,0.65,,tracks/IRIS+7dfa2da3+2023-06-02-10h-53m-00s/ext1_f00139.npz
IRIS+7dfa2da3+2023-06-02-10h-53m-00s,ext2,139,ok,70,24,0.04443359375,194,194,55,0.9233766233766234,0.8428571428571429,2.99,18.4,0.65,,tracks/IRIS+7dfa2da3+2023-06-02-10h-53m-00s/ext2_f00139.npz
IRIS+7dfa2da3+2023-06-02-10h-53m-58s,ext1,44,ok,57,7,0.004027777777777778,223,223,179,0.8533764579045379,1.0,9.17,19.5,0.64,,tracks/IRIS+7dfa2da3+2023-06-02-10h-53m-58s/ext1_f00044.npz
IRIS+7dfa2da3+2023-06-02-10h-53m-58s,ext2,44,ok,63,11,0.009165581597222222,223,223,179,0.9165558215837546,0.12698412698412698,9.21,19.4,0.64,,tracks/IRIS+7dfa2da3+2023-06-02-10h-53m-58s/ext2_f00044.npz
IRIS+7dfa2da3+2023-06-02-10h-56m-44s,ext1,170,ok,63,10,0.008684895833333333,297,297,127,0.8238970128733908,0.7301587301587301,6.69,19.0,0.64,,tracks/IRIS+7dfa2da3+2023-06-02-10h-56m-44s/ext1_f00170.npz
IRIS+7dfa2da3+2023-06-02-10h-56m-44s,ext1,214,ok,61,9,0.008254123263888889,297,297,83,0.8479162551846732,0.8360655737704918,4.51,18.4,0.65,,tracks/IRIS+7dfa2da3+2023-06-02-10h-56m-44s/ext1_f00214.npz
IRIS+7dfa2da3+2023-06-02-10h-56m-44s,ext2,170,ok,74,5,0.0029698350694444446,297,297,127,0.08257075973611407,0.0,6.61,19.2,0.64,,tracks/IRIS+7dfa2da3+2023-06-02-10h-56m-44s/ext2_f00170.npz
IRIS+7dfa2da3+2023-06-02-10h-56m-44s,ext2,214,ok,68,6,0.0028624131944444443,297,297,83,0.7032246633593197,0.29411764705882354,4.46,18.6,0.65,,tracks/IRIS+7dfa2da3+2023-06-02-10h-56m-44s/ext2_f00214.npz
IRIS+7dfa2da3+2023-06-06-11h-08m-58s,ext1,171,ok,54,17,0.0219140625,182,182,11,0.9494949494949495,0.9444444444444444,0.84,13.1,0.65,,tracks/IRIS+7dfa2da3+2023-06-06-11h-08m-58s/ext1_f00171.npz
IRIS+7dfa2da3+2023-06-06-11h-08m-58s,ext2,171,ok,63,6,0.0036382378472222224,182,182,11,0.9985569985569985,1.0,0.85,13.0,0.65,,tracks/IRIS+7dfa2da3+2023-06-06-11h-08m-58s/ext2_f00171.npz
IRIS+7dfa2da3+2023-06-08-15h-11m-33s,ext1,127,ok,70,7,0.00490234375,190,190,63,0.7775510204081633,1.0,3.39,18.6,0.64,,tracks/IRIS+7dfa2da3+2023-06-08-15h-11m-33s/ext1_f00127.npz
IRIS+7dfa2da3+2023-06-08-15h-11m-33s,ext2,127,ok,74,9,0.0069878472222222225,190,190,63,0.9841269841269841,0.8918918918918919,3.48,18.1,0.64,,tracks/IRIS+7dfa2da3+2023-06-08-15h-11m-33s/ext2_f00127.npz
IRIS+7dfa2da3+2023-11-01-11h-44m-40s,ext1,217,ok,80,5,0.0036469184027777776,246,246,29,1.0,1.0,1.72,16.8,0.64,,tracks/IRIS+7dfa2da3+2023-11-01-11h-44m-40s/ext1_f00217.npz
IRIS+7dfa2da3+2023-11-01-11h-44m-40s,ext2,217,ok,70,6,0.0032313368055555554,246,246,29,1.0,1.0,1.81,16.0,0.65,,tracks/IRIS+7dfa2da3+2023-11-01-11h-44m-40s/ext2_f00217.npz
IRIS+85a5958f+2023-07-01-01h-39m-09s,ext1,80,ok,69,11,0.010907118055555555,194,194,114,0.7484108822781592,0.08695652173913043,5.92,19.2,0.64,,tracks/IRIS+85a5958f+2023-07-01-01h-39m-09s/ext1_f00080.npz
IRIS+85a5958f+2023-07-01-01h-39m-09s,ext1,190,ok,72,9,0.006741536458333333,194,194,4,1.0,1.0,0.47,8.6,0.65,,tracks/IRIS+85a5958f+2023-07-01-01h-39m-09s/ext1_f00190.npz
IRIS+85a5958f+2023-07-01-01h-39m-09s,ext2,80,ok,73,9,0.006888020833333334,194,194,114,0.888368180725787,1.0,6.09,18.7,0.65,,tracks/IRIS+85a5958f+2023-07-01-01h-39m-09s/ext2_f00080.npz
IRIS+85a5958f+2023-07-01-01h-39m-09s,ext2,190,ok,65,12,0.012099609375,194,194,4,1.0,1.0,0.44,9.1,0.65,,tracks/IRIS+85a5958f+2023-07-01-01h-39m-09s/ext2_f00190.npz
IRIS+85a5958f+2023-07-04-16h-45m-37s,ext1,266,ok,70,10,0.008846571180555556,424,424,158,0.4093128390596745,0.3142857142857143,8.36,18.9,0.64,,tracks/IRIS+85a5958f+2023-07-04-16h-45m-37s/ext1_f00266.npz
IRIS+85a5958f+2023-07-04-16h-45m-37s,ext2,266,ok,61,6,0.0031890190972222224,424,424,158,0.41159991699522724,0.03278688524590164,8.36,18.9,0.64,,tracks/IRIS+85a5958f+2023-07-04-16h-45m-37s/ext2_f00266.npz
IRIS+938130c4+2023-07-10-15h-57m-13s,ext1,124,ok,75,8,0.005549045138888889,339,339,215,0.9549767441860465,1.0,11.35,18.9,0.64,,tracks/IRIS+938130c4+2023-07-10-15h-57m-13s/ext1_f00124.npz
IRIS+938130c4+2023-07-10-15h-57m-13s,ext2,124,ok,72,11,0.010610894097222223,339,339,215,0.9849483204134367,1.0,11.4,18.9,0.65,,tracks/IRIS+938130c4+2023-07-10-15h-57m-13s/ext2_f00124.npz
IRIS+938130c4+2023-07-14-15h-01m-44s,ext1,112,ok,12,4,0.00047200520833333334,357,357,245,0.2615646258503401,0.08333333333333333,12.11,20.2,0.64,,tracks/IRIS+938130c4+2023-07-14-15h-01m-44s/ext1_f00112.npz
IRIS+938130c4+2023-07-14-15h-01m-44s,ext2,112,ok,76,6,0.0035134548611111113,357,357,245,0.9322771213748657,0.9342105263157895,12.73,19.2,0.65,,tracks/IRIS+938130c4+2023-07-14-15h-01m-44s/ext2_f00112.npz
IRIS+938130c4+2023-07-14-16h-19m-48s,ext1,66,ok,76,4,0.0028157552083333333,148,148,82,0.3640885750962773,0.32894736842105265,4.47,18.4,0.65,,tracks/IRIS+938130c4+2023-07-14-16h-19m-48s/ext1_f00066.npz
IRIS+938130c4+2023-07-14-16h-19m-48s,ext1,127,ok,69,6,0.0034928385416666667,148,148,21,0.84472049689441,0.8115942028985508,1.26,16.7,0.65,,tracks/IRIS+938130c4+2023-07-14-16h-19m-48s/ext1_f00127.npz
IRIS+938130c4+2023-07-14-16h-19m-48s,ext2,66,ok,58,4,0.0018587239583333333,148,148,82,0.3711101766190076,0.8793103448275862,4.27,19.2,0.64,,tracks/IRIS+938130c4+2023-07-14-16h-19m-48s/ext2_f00066.npz
IRIS+938130c4+2023-07-14-16h-19m-48s,ext2,127,ok,69,11,0.011167534722222223,148,148,21,0.9095928226363009,0.855072463768116,1.27,16.5,0.64,,tracks/IRIS+938130c4+2023-07-14-16h-19m-48s/ext2_f00127.npz
IRIS+938130c4+2023-07-14-16h-22m-12s,ext1,275,ok,59,33,0.07692925347222222,488,488,213,0.22559083313439962,0.05084745762711865,11.11,19.2,0.64,,tracks/IRIS+938130c4+2023-07-14-16h-22m-12s/ext1_f00275.npz
IRIS+938130c4+2023-07-14-16h-22m-12s,ext1,70,ok,73,5,0.0027669270833333335,488,488,418,0.5212361538965721,0.1917808219178082,21.62,19.3,0.64,,tracks/IRIS+938130c4+2023-07-14-16h-22m-12s/ext1_f00070.npz
IRIS+938130c4+2023-07-14-16h-22m-12s,ext1,248,ok,63,14,0.01578342013888889,488,488,240,0.5416005291005291,0.5555555555555556,12.65,19.0,0.65,,tracks/IRIS+938130c4+2023-07-14-16h-22m-12s/ext1_f00248.npz
IRIS+938130c4+2023-07-14-16h-22m-12s,ext2,70,ok,59,9,0.006251085069444444,488,488,418,0.2030654448138837,0.0,21.12,19.8,0.65,,tracks/IRIS+938130c4+2023-07-14-16h-22m-12s/ext2_f00070.npz
IRIS+938130c4+2023-07-14-16h-22m-12s,ext2,248,ok,53,6,0.0028971354166666668,488,488,240,0.6385220125786164,0.09433962264150944,12.63,19.0,0.65,,tracks/IRIS+938130c4+2023-07-14-16h-22m-12s/ext2_f00248.npz
IRIS+938130c4+2023-07-14-16h-22m-12s,ext2,275,ok,69,4,0.0019639756944444444,488,488,213,0.5263659250187113,0.5507246376811594,11.28,18.9,0.65,,tracks/IRIS+938130c4+2023-07-14-16h-22m-12s/ext2_f00275.npz
IRIS+938130c4+2023-07-14-17h-10m-00s,ext1,65,ok,8,4,0.0003830295138888889,164,164,99,1.0,1.0,4.96,20.0,0.64,,tracks/IRIS+938130c4+2023-07-14-17h-10m-00s/ext1_f00065.npz
IRIS+938130c4+2023-07-14-17h-10m-00s,ext2,65,ok,68,9,0.007057291666666667,164,164,99,0.9102792632204397,0.9705882352941176,5.19,19.1,0.64,,tracks/IRIS+938130c4+2023-07-14-17h-10m-00s/ext2_f00065.npz
IRIS+938130c4+2023-07-14-17h-24m-37s,ext1,179,ok,67,14,0.01568033854166667,191,191,12,1.0,1.0,1.32,9.1,0.64,,tracks/IRIS+938130c4+2023-07-14-17h-24m-37s/ext1_f00179.npz
IRIS+938130c4+2023-07-14-17h-24m-37s,ext2,179,ok,55,5,0.0022764756944444442,191,191,12,0.9121212121212121,0.8727272727272727,0.85,14.1,0.65,,tracks/IRIS+938130c4+2023-07-14-17h-24m-37s/ext2_f00179.npz
IRIS+938130c4+2023-07-14-17h-27m-24s,ext1,68,ok,60,5,0.00205078125,175,175,107,0.618380062305296,0.0,5.55,19.3,0.64,,tracks/IRIS+938130c4+2023-07-14-17h-27m-24s/ext1_f00068.npz
IRIS+938130c4+2023-07-14-17h-27m-24s,ext2,68,ok,56,4,0.0014192708333333334,175,175,107,0.9487650200267023,1.0,5.51,19.4,0.65,,tracks/IRIS+938130c4+2023-07-14-17h-27m-24s/ext2_f00068.npz
IRIS+938130c4+2023-07-17-15h-39m-36s,ext1,91,ok,62,10,0.008585069444444444,250,250,159,0.9371069182389937,0.9838709677419355,8.33,19.1,0.65,,tracks/IRIS+938130c4+2023-07-17-15h-39m-36s/ext1_f00091.npz
IRIS+938130c4+2023-07-17-15h-39m-36s,ext2,91,ok,76,5,0.0026410590277777778,250,250,159,0.4961933134723601,0.18421052631578946,8.31,19.1,0.65,,tracks/IRIS+938130c4+2023-07-17-15h-39m-36s/ext2_f00091.npz
IRIS+ef107c48+2023-03-08-17h-40m-12s,ext1,90,ok,58,11,0.009127604166666666,130,130,40,0.9439655172413793,1.0,2.15,18.6,0.64,,tracks/IRIS+ef107c48+2023-03-08-17h-40m-12s/ext1_f00090.npz
IRIS+ef107c48+2023-03-08-17h-40m-12s,ext2,90,ok,63,14,0.015418836805555556,130,130,40,0.9948412698412699,0.9841269841269841,2.16,18.5,0.64,,tracks/IRIS+ef107c48+2023-03-08-17h-40m-12s/ext2_f00090.npz
IRIS+ef107c48+2023-03-08-19h-44m-01s,ext1,92,ok,62,7,0.004312065972222222,181,181,89,0.9691917361362813,0.9838709677419355,4.74,18.8,0.64,,tracks/IRIS+ef107c48+2023-03-08-19h-44m-01s/ext1_f00092.npz
IRIS+ef107c48+2023-03-08-19h-44m-01s,ext1,164,ok,62,5,0.0025911458333333333,181,181,17,1.0,1.0,1.12,15.2,0.65,,tracks/IRIS+ef107c48+2023-03-08-19h-44m-01s/ext1_f00164.npz
IRIS+ef107c48+2023-03-08-19h-44m-01s,ext2,92,ok,59,12,0.012623697916666666,181,181,89,0.8878308893544087,1.0,4.59,19.4,0.64,,tracks/IRIS+ef107c48+2023-03-08-19h-44m-01s/ext2_f00092.npz
IRIS+ef107c48+2023-03-08-19h-44m-01s,ext2,164,ok,59,8,0.005241970486111111,181,181,17,0.9750747756729811,0.9661016949152542,1.05,16.2,0.65,,tracks/IRIS+ef107c48+2023-03-08-19h-44m-01s/ext2_f00164.npz
IRIS+ef107c48+2023-03-08-19h-50m-41s,ext1,102,ok,73,5,0.0025325520833333333,118,118,16,0.9717465753424658,0.7945205479452054,1.08,14.8,0.65,,tracks/IRIS+ef107c48+2023-03-08-19h-50m-41s/ext1_f00102.npz
IRIS+ef107c48+2023-03-08-19h-50m-41s,ext2,102,ok,71,12,0.012618272569444445,118,118,16,0.903169014084507,0.5492957746478874,0.98,16.4,0.65,,tracks/IRIS+ef107c48+2023-03-08-19h-50m-41s/ext2_f00102.npz
IRIS+ef107c48+2023-03-08-19h-52m-34s,ext1,68,ok,71,7,0.004774305555555556,92,92,24,1.0,1.0,1.34,17.9,0.64,,tracks/IRIS+ef107c48+2023-03-08-19h-52m-34s/ext1_f00068.npz
IRIS+ef107c48+2023-03-08-19h-52m-34s,ext2,68,ok,58,8,0.005442708333333333,92,92,24,0.7794540229885057,0.896551724137931,1.37,17.5,0.64,,tracks/IRIS+ef107c48+2023-03-08-19h-52m-34s/ext2_f00068.npz
IRIS+f94b8622+2023-12-08-13h-18m-13s,ext1,305,ok,66,11,0.009456380208333334,583,583,278,0.20743405275779375,0.0,14.5,19.2,0.64,,tracks/IRIS+f94b8622+2023-12-08-13h-18m-13s/ext1_f00305.npz
IRIS+f94b8622+2023-12-08-13h-18m-13s,ext2,305,ok,56,6,0.003046875,583,583,278,0.9862538540596094,1.0,14.7,18.9,0.65,,tracks/IRIS+f94b8622+2023-12-08-13h-18m-13s/ext2_f00305.npz
IRIS+f94b8622+2023-12-12-17h-28m-56s,ext1,231,ok,67,6,0.0035221354166666665,283,283,52,0.9997129735935706,1.0,2.95,17.7,0.64,,tracks/IRIS+f94b8622+2023-12-12-17h-28m-56s/ext1_f00231.npz
IRIS+f94b8622+2023-12-12-17h-28m-56s,ext2,231,ok,74,10,0.009456380208333334,283,283,52,0.9698544698544699,1.0,2.94,17.7,0.65,,tracks/IRIS+f94b8622+2023-12-12-17h-28m-56s/ext2_f00231.npz
PennPAL+06b0ffa5+2023-04-29-21h-20m-58s,ext1,25,ok,59,25,0.047136501736111114,95,95,70,0.789588377723971,0.864406779661017,3.72,18.8,0.65,,tracks/PennPAL+06b0ffa5+2023-04-29-21h-20m-58s/ext1_f00025.npz
PennPAL+06b0ffa5+2023-04-29-21h-20m-58s,ext2,25,ok,75,10,0.008471137152777778,95,95,70,0.9272380952380952,0.8,3.68,19.0,0.65,,tracks/PennPAL+06b0ffa5+2023-04-29-21h-20m-58s/ext2_f00025.npz
PennPAL+06b0ffa5+2023-04-29-21h-51m-55s,ext1,120,ok,73,12,0.011609157986111111,144,144,24,0.9828767123287672,0.9315068493150684,1.38,17.4,0.64,,tracks/PennPAL+06b0ffa5+2023-04-29-21h-51m-55s/ext1_f00120.npz
PennPAL+06b0ffa5+2023-04-29-21h-51m-55s,ext2,120,ok,65,17,0.022469618055555557,144,144,24,0.9807692307692307,0.9538461538461539,1.48,16.2,0.64,,tracks/PennPAL+06b0ffa5+2023-04-29-21h-51m-55s/ext2_f00120.npz
PennPAL+acda9df3+2023-06-18-20h-09m-33s,ext1,266,ok,43,4,0.001979166666666667,287,287,21,0.9933554817275747,1.0,1.44,14.6,0.64,,tracks/PennPAL+acda9df3+2023-06-18-20h-09m-33s/ext1_f00266.npz
PennPAL+acda9df3+2023-06-18-20h-09m-33s,ext2,266,ok,67,14,0.016142578125,287,287,21,1.0,1.0,1.46,14.4,0.65,,tracks/PennPAL+acda9df3+2023-06-18-20h-09m-33s/ext2_f00266.npz
PennPAL+acda9df3+2023-06-20-17h-53m-45s,ext1,302,ok,75,12,0.014027777777777778,569,569,267,0.18142322097378277,0.0,14.02,19.0,0.64,,tracks/PennPAL+acda9df3+2023-06-20-17h-53m-45s/ext1_f00302.npz
PennPAL+acda9df3+2023-06-20-17h-53m-45s,ext2,302,ok,56,5,0.002553168402777778,569,569,267,0.9767924023542001,0.9821428571428571,13.74,19.4,0.65,,tracks/PennPAL+acda9df3+2023-06-20-17h-53m-45s/ext2_f00302.npz
PennPAL+acda9df3+2023-06-20-18h-57m-27s,ext1,203,ok,62,19,0.032315538194444444,350,350,147,0.8009655475093264,0.22580645161290322,7.8,18.8,0.65,,tracks/PennPAL+acda9df3+2023-06-20-18h-57m-27s/ext1_f00203.npz
PennPAL+acda9df3+2023-06-20-18h-57m-27s,ext2,203,ok,59,6,0.002942708333333333,350,350,147,0.9067220108382336,0.8813559322033898,7.68,19.1,0.65,,tracks/PennPAL+acda9df3+2023-06-20-18h-57m-27s/ext2_f00203.npz
PennPAL+acda9df3+2023-06-23-20h-05m-13s,ext1,375,ok,55,7,0.003611111111111111,577,577,202,1.0,1.0,10.59,19.1,0.64,,tracks/PennPAL+acda9df3+2023-06-23-20h-05m-13s/ext1_f00375.npz
PennPAL+acda9df3+2023-06-23-20h-05m-13s,ext2,375,ok,55,9,0.006391059027777778,577,577,202,0.9523852385238524,0.9818181818181818,10.73,18.8,0.64,,tracks/PennPAL+acda9df3+2023-06-23-20h-05m-13s/ext2_f00375.npz
PennPAL+acda9df3+2023-06-29-19h-02m-43s,ext1,262,ok,73,4,0.0019455295138888888,272,272,10,1.0,1.0,0.9,11.1,0.64,,tracks/PennPAL+acda9df3+2023-06-29-19h-02m-43s/ext1_f00262.npz
PennPAL+acda9df3+2023-06-29-19h-02m-43s,ext2,262,ok,66,10,0.008245442708333333,272,272,10,1.0,1.0,0.88,11.3,0.65,,tracks/PennPAL+acda9df3+2023-06-29-19h-02m-43s/ext2_f00262.npz
PennPAL+acda9df3+2023-06-29-20h-32m-25s,ext1,153,ok,71,14,0.015190972222222222,202,202,49,0.9706812302385743,0.9295774647887324,2.68,18.3,0.64,,tracks/PennPAL+acda9df3+2023-06-29-20h-32m-25s/ext1_f00153.npz
PennPAL+acda9df3+2023-06-29-20h-32m-25s,ext2,153,ok,61,4,0.0017068142361111112,202,202,49,1.0,1.0,2.68,18.3,0.65,,tracks/PennPAL+acda9df3+2023-06-29-20h-32m-25s/ext2_f00153.npz
PennPAL+acda9df3+2023-06-29-20h-33m-25s,ext1,108,ok,65,14,0.01456814236111111,481,481,373,0.19109094658692513,0.8923076923076924,19.37,19.3,0.65,,tracks/PennPAL+acda9df3+2023-06-29-20h-33m-25s/ext1_f00108.npz
PennPAL+acda9df3+2023-06-29-20h-33m-25s,ext1,439,ok,60,13,0.012658420138888888,481,481,42,0.957936507936508,0.9166666666666666,2.62,16.0,0.65,,tracks/PennPAL+acda9df3+2023-06-29-20h-33m-25s/ext1_f00439.npz
PennPAL+acda9df3+2023-06-29-20h-33m-25s,ext2,108,ok,62,7,0.004494357638888889,481,481,373,0.8552278820375335,0.9516129032258065,19.13,19.5,0.64,,tracks/PennPAL+acda9df3+2023-06-29-20h-33m-25s/ext2_f00108.npz
PennPAL+acda9df3+2023-06-29-20h-33m-25s,ext2,439,ok,59,8,0.005168185763888889,481,481,42,0.9850686037126715,0.9661016949152542,2.59,16.2,0.64,,tracks/PennPAL+acda9df3+2023-06-29-20h-33m-25s/ext2_f00439.npz
PennPAL+acda9df3+2023-06-29-20h-41m-32s,ext1,171,ok,70,14,0.015266927083333333,230,230,59,0.9820823244552058,0.9571428571428572,3.25,18.1,0.64,,tracks/PennPAL+acda9df3+2023-06-29-20h-41m-32s/ext1_f00171.npz
PennPAL+acda9df3+2023-06-29-20h-41m-32s,ext2,171,ok,60,6,0.0031184895833333334,230,230,59,0.9858757062146892,0.9833333333333333,3.26,18.1,0.65,,tracks/PennPAL+acda9df3+2023-06-29-20h-41m-32s/ext2_f00171.npz
PennPAL+acda9df3+2023-06-29-20h-43m-02s,ext1,261,ok,65,12,0.011089409722222223,284,284,23,0.9906354515050168,1.0,1.46,15.7,0.64,,tracks/PennPAL+acda9df3+2023-06-29-20h-43m-02s/ext1_f00261.npz
PennPAL+acda9df3+2023-06-29-20h-43m-02s,ext2,261,ok,65,11,0.010755208333333334,284,284,23,0.9852842809364548,0.9846153846153847,1.48,15.5,0.65,,tracks/PennPAL+acda9df3+2023-06-29-20h-43m-02s/ext2_f00261.npz
PennPAL+acda9df3+2023-06-29-20h-43m-52s,ext1,280,ok,70,11,0.010238715277777777,324,324,44,0.949025974025974,0.9142857142857143,2.59,17.0,0.65,,tracks/PennPAL+acda9df3+2023-06-29-20h-43m-52s/ext1_f00280.npz
PennPAL+acda9df3+2023-06-29-20h-43m-52s,ext2,280,ok,58,10,0.007682291666666666,324,324,44,0.9231974921630094,0.9137931034482759,2.62,16.8,0.65,,tracks/PennPAL+acda9df3+2023-06-29-20h-43m-52s/ext2_f00280.npz
PennPAL+acda9df3+2023-07-07-20h-26m-38s,ext1,183,ok,65,12,0.010047743055555556,245,245,62,1.0,1.0,3.47,17.9,0.64,,tracks/PennPAL+acda9df3+2023-07-07-20h-26m-38s/ext1_f00183.npz
PennPAL+acda9df3+2023-07-07-20h-26m-38s,ext2,183,ok,68,12,0.012645399305555555,245,245,62,0.9988140417457305,1.0,3.46,17.9,0.64,,tracks/PennPAL+acda9df3+2023-07-07-20h-26m-38s/ext2_f00183.npz
PennPAL+acda9df3+2023-07-07-20h-39m-36s,ext1,133,ok,72,12,0.011493055555555555,233,233,100,0.935,0.9444444444444444,5.45,18.4,0.64,,tracks/PennPAL+acda9df3+2023-07-07-20h-39m-36s/ext1_f00133.npz
PennPAL+acda9df3+2023-07-07-20h-39m-36s,ext2,133,ok,57,11,0.008927951388888888,233,233,100,0.9836842105263158,0.9824561403508771,5.36,18.6,0.65,,tracks/PennPAL+acda9df3+2023-07-07-20h-39m-36s/ext2_f00133.npz
PennPAL+acda9df3+2023-07-07-21h-07m-37s,ext1,261,ok,68,25,0.048359375,314,314,53,0.9775249722530521,0.9411764705882353,3.02,17.5,0.64,,tracks/PennPAL+acda9df3+2023-07-07-21h-07m-37s/ext1_f00261.npz
PennPAL+acda9df3+2023-07-07-21h-07m-37s,ext2,261,ok,73,7,0.004621310763888889,314,314,53,0.922719048849832,0.9315068493150684,3.01,17.6,0.65,,tracks/PennPAL+acda9df3+2023-07-07-21h-07m-37s/ext2_f00261.npz
PennPAL+acda9df3+2023-07-07-21h-13m-41s,ext1,172,ok,64,21,0.031302083333333335,229,229,57,0.9183114035087719,0.890625,3.26,17.5,0.65,,tracks/PennPAL+acda9df3+2023-07-07-21h-13m-41s/ext1_f00172.npz
PennPAL+acda9df3+2023-07-07-21h-13m-41s,ext2,172,ok,59,4,0.001603732638888889,229,229,57,0.9973238180196253,1.0,3.15,18.1,0.65,,tracks/PennPAL+acda9df3+2023-07-07-21h-13m-41s/ext2_f00172.npz
PennPAL+acda9df3+2023-07-07-21h-14m-11s,ext1,122,ok,66,14,0.015435112847222222,272,272,150,0.9156565656565656,0.9242424242424242,7.92,18.9,0.64,,tracks/PennPAL+acda9df3+2023-07-07-21h-14m-11s/ext1_f00122.npz
PennPAL+acda9df3+2023-07-07-21h-14m-11s,ext2,122,ok,66,5,0.002511935763888889,272,272,150,0.9978787878787879,1.0,7.83,19.2,0.64,,tracks/PennPAL+acda9df3+2023-07-07-21h-14m-11s/ext2_f00122.npz
PennPAL+acda9df3+2023-07-07-21h-37m-09s,ext1,126,ok,57,18,0.023289930555555557,243,243,117,0.928325086219823,0.9122807017543859,6.16,19.0,0.64,,tracks/PennPAL+acda9df3+2023-07-07-21h-37m-09s/ext1_f00126.npz
PennPAL+acda9df3+2023-07-07-21h-37m-09s,ext1,178,ok,65,25,0.044635416666666664,243,243,65,0.9611834319526628,0.8923076923076924,3.6,18.1,0.65,,tracks/PennPAL+acda9df3+2023-07-07-21h-37m-09s/ext1_f00178.npz
PennPAL+acda9df3+2023-07-07-21h-37m-09s,ext2,126,ok,63,5,0.002693142361111111,243,243,117,0.9949803283136617,1.0,6.04,19.4,0.64,,tracks/PennPAL+acda9df3+2023-07-07-21h-37m-09s/ext2_f00126.npz
PennPAL+acda9df3+2023-07-07-21h-37m-09s,ext2,178,ok,74,5,0.0026844618055555554,243,243,65,0.9948024948024948,1.0,3.51,18.5,0.65,,tracks/PennPAL+acda9df3+2023-07-07-21h-37m-09s/ext2_f00178.npz
PennPAL+acda9df3+2023-07-10-21h-36m-23s,ext1,228,ok,70,10,0.008626302083333334,387,387,159,0.4675651392632525,0.04285714285714286,8.43,18.9,0.65,,tracks/PennPAL+acda9df3+2023-07-10-21h-36m-23s/ext1_f00228.npz
PennPAL+acda9df3+2023-07-10-21h-36m-23s,ext1,280,ok,70,8,0.005170355902777778,387,387,107,0.5261682242990654,0.18571428571428572,5.68,18.8,0.65,,tracks/PennPAL+acda9df3+2023-07-10-21h-36m-23s/ext1_f00280.npz
PennPAL+acda9df3+2023-07-10-21h-36m-23s,ext1,298,ok,73,6,0.0031564670138888888,387,387,89,0.8874865322456519,0.726027397260274,4.81,18.5,0.64,,tracks/PennPAL+acda9df3+2023-07-10-21h-36m-23s/ext1_f00298.npz
PennPAL+acda9df3+2023-07-10-21h-36m-23s,ext2,228,ok,72,5,0.003931206597222223,387,387,159,0.8195317959468903,0.8611111111111112,8.36,19.0,0.64,,tracks/PennPAL+acda9df3+2023-07-10-21h-36m-23s/ext2_f00228.npz
PennPAL+acda9df3+2023-07-10-21h-36m-23s,ext2,280,ok,57,15,0.01714084201388889,387,387,107,0.6135432038039023,0.6666666666666666,5.76,18.6,0.64,,tracks/PennPAL+acda9df3+2023-07-10-21h-36m-23s/ext2_f00280.npz
PennPAL+acda9df3+2023-07-10-21h-36m-23s,ext2,298,ok,63,11,0.010201822916666667,387,387,89,0.5851614053861245,0.5873015873015873,4.92,18.1,0.65,,tracks/PennPAL+acda9df3+2023-07-10-21h-36m-23s/ext2_f00298.npz
PennPAL+acda9df3+2023-07-10-21h-39m-35s,ext1,149,ok,79,5,0.0024989149305555554,350,350,201,0.7725297562818817,0.4936708860759494,10.35,19.4,0.64,,tracks/PennPAL+acda9df3+2023-07-10-21h-39m-35s/ext1_f00149.npz
PennPAL+acda9df3+2023-07-10-21h-39m-35s,ext1,155,ok,69,5,0.0023133680555555555,350,350,195,0.8625046451133408,0.7681159420289855,10.05,19.4,0.65,,tracks/PennPAL+acda9df3+2023-07-10-21h-39m-35s/ext1_f00155.npz
PennPAL+acda9df3+2023-07-10-21h-39m-35s,ext2,149,ok,61,15,0.018173828125,350,350,201,0.2628659978794552,0.01639344262295082,10.59,19.0,0.65,,tracks/PennPAL+acda9df3+2023-07-10-21h-39m-35s/ext2_f00149.npz
PennPAL+acda9df3+2023-07-10-21h-39m-35s,ext2,155,ok,59,16,0.021641710069444445,350,350,195,0.239374185136897,0.03389830508474576,10.21,19.1,0.65,,tracks/PennPAL+acda9df3+2023-07-10-21h-39m-35s/ext2_f00155.npz
PennPAL+acda9df3+2023-07-14-16h-47m-43s,ext1,316,ok,66,11,0.010062934027777777,560,560,244,0.5506706408345753,0.5303030303030303,13.02,18.7,0.64,,tracks/PennPAL+acda9df3+2023-07-14-16h-47m-43s/ext1_f00316.npz
PennPAL+acda9df3+2023-07-14-16h-47m-43s,ext1,473,ok,75,7,0.0042936197916666665,560,560,87,0.9737931034482759,0.9733333333333334,4.94,17.6,0.64,,tracks/PennPAL+acda9df3+2023-07-14-16h-47m-43s/ext1_f00473.npz
PennPAL+acda9df3+2023-07-14-16h-47m-43s,ext2,316,ok,25,4,0.0015364583333333333,560,560,244,0.8039344262295082,0.92,12.28,19.9,0.64,,tracks/PennPAL+acda9df3+2023-07-14-16h-47m-43s/ext2_f00316.npz
PennPAL+acda9df3+2023-07-14-16h-47m-43s,ext2,473,ok,61,10,0.007992621527777778,560,560,87,0.987752025626531,0.9672131147540983,5.09,17.1,0.65,,tracks/PennPAL+acda9df3+2023-07-14-16h-47m-43s/ext2_f00473.npz
PennPAL+acda9df3+2023-07-14-16h-54m-33s,ext1,213,ok,63,10,0.00847439236111111,346,346,133,0.33572025301348607,0.0,6.96,19.1,0.64,,tracks/PennPAL+acda9df3+2023-07-14-16h-54m-33s/ext1_f00213.npz
PennPAL+acda9df3+2023-07-14-16h-54m-33s,ext2,213,ok,27,4,0.0011219618055555555,346,346,133,0.9997215260373155,1.0,6.77,19.6,0.65,,tracks/PennPAL+acda9df3+2023-07-14-16h-54m-33s/ext2_f00213.npz
PennPAL+acda9df3+2023-07-15-23h-08m-02s,ext1,310,ok,70,7,0.003926866319444444,375,375,65,0.5125274725274725,0.05714285714285714,3.66,17.7,0.65,,tracks/PennPAL+acda9df3+2023-07-15-23h-08m-02s/ext1_f00310.npz
PennPAL+acda9df3+2023-07-15-23h-08m-02s,ext2,310,ok,67,14,0.017622612847222222,375,375,65,0.7177956371986223,0.5223880597014925,3.62,18.0,0.65,,tracks/PennPAL+acda9df3+2023-07-15-23h-08m-02s/ext2_f00310.npz
PennPAL+acda9df3+2023-07-19-17h-01m-23s,ext1,195,ok,67,15,0.018707682291666666,402,402,207,0.9542144350710217,0.9701492537313433,10.71,19.3,0.64,,tracks/PennPAL+acda9df3+2023-07-19-17h-01m-23s/ext1_f00195.npz
PennPAL+acda9df3+2023-07-19-17h-01m-23s,ext2,195,ok,57,4,0.0014420572916666666,402,402,207,1.0,1.0,10.82,19.1,0.64,,tracks/PennPAL+acda9df3+2023-07-19-17h-01m-23s/ext2_f00195.npz
PennPAL+acda9df3+2023-08-16-17h-31m-09s,ext1,237,ok,67,21,0.033095703125,399,399,162,0.9637000184263866,0.9701492537313433,8.64,18.8,0.64,,tracks/PennPAL+acda9df3+2023-08-16-17h-31m-09s/ext1_f00237.npz
PennPAL+acda9df3+2023-08-16-17h-31m-09s,ext2,237,ok,70,10,0.008505859375,399,399,162,0.8008818342151676,0.9714285714285714,8.76,18.5,0.65,,tracks/PennPAL+acda9df3+2023-08-16-17h-31m-09s/ext2_f00237.npz
PennPAL+acda9df3+2023-08-16-17h-46m-35s,ext1,628,ok,58,7,0.0038617621527777778,668,668,40,0.9862068965517241,0.9655172413793104,2.65,15.1,0.64,,tracks/PennPAL+acda9df3+2023-08-16-17h-46m-35s/ext1_f00628.npz
PennPAL+acda9df3+2023-08-16-17h-46m-35s,ext2,628,ok,70,8,0.005177951388888889,668,668,40,1.0,1.0,2.68,14.9,0.65,,tracks/PennPAL+acda9df3+2023-08-16-17h-46m-35s/ext2_f00628.npz
PennPAL+c5f808b7+2023-10-01-17h-10m-20s,ext1,105,ok,57,9,0.006076388888888889,195,195,90,0.6578947368421053,1.0,4.75,18.9,0.65,,tracks/PennPAL+c5f808b7+2023-10-01-17h-10m-20s/ext1_f00105.npz
PennPAL+c5f808b7+2023-10-01-17h-10m-20s,ext1,119,ok,82,6,0.0033582899305555558,195,195,76,0.7212772785622593,1.0,4.06,18.7,0.65,,tracks/PennPAL+c5f808b7+2023-10-01-17h-10m-20s/ext1_f00119.npz
PennPAL+c5f808b7+2023-10-01-17h-10m-20s,ext2,105,ok,64,12,0.011817491319444444,195,195,90,0.7826388888888889,0.515625,4.73,19.0,0.64,,tracks/PennPAL+c5f808b7+2023-10-01-17h-10m-20s/ext2_f00105.npz
PennPAL+c5f808b7+2023-10-01-17h-10m-20s,ext2,119,ok,59,9,0.006564670138888889,195,195,76,0.9183764495985727,0.8305084745762712,4.06,18.7,0.64,,tracks/PennPAL+c5f808b7+2023-10-01-17h-10m-20s/ext2_f00119.npz
PennPAL+c5f808b7+2023-10-19-00h-58m-23s,ext1,289,ok,67,7,0.004422743055555556,365,365,76,1.0,1.0,4.2,18.1,0.64,,tracks/PennPAL+c5f808b7+2023-10-19-00h-58m-23s/ext1_f00289.npz
PennPAL+c5f808b7+2023-10-19-00h-58m-23s,ext2,289,ok,61,7,0.0042578125,365,365,76,0.22972389991371872,0.18032786885245902,4.22,18.0,0.65,,tracks/PennPAL+c5f808b7+2023-10-19-00h-58m-23s/ext2_f00289.npz
PennPAL+c5f808b7+2023-10-29-20h-55m-16s,ext1,319,ok,68,9,0.006527777777777778,771,771,452,0.4039237376366476,0.0,23.23,19.5,0.64,,tracks/PennPAL+c5f808b7+2023-10-29-20h-55m-16s/ext1_f00319.npz
PennPAL+c5f808b7+2023-10-29-20h-55m-16s,ext1,485,ok,70,6,0.003254123263888889,771,771,286,0.23621378621378622,0.0,14.94,19.1,0.65,,tracks/PennPAL+c5f808b7+2023-10-29-20h-55m-16s/ext1_f00485.npz
PennPAL+c5f808b7+2023-10-29-20h-55m-16s,ext2,319,ok,71,21,0.03376410590277778,771,771,452,0.4005671195313474,0.0,23.8,19.0,0.65,,tracks/PennPAL+c5f808b7+2023-10-29-20h-55m-16s/ext2_f00319.npz
PennPAL+c5f808b7+2023-10-29-20h-55m-16s,ext2,485,ok,74,14,0.015043402777777777,771,771,286,0.22906822906822907,0.0,15.08,19.0,0.65,,tracks/PennPAL+c5f808b7+2023-10-29-20h-55m-16s/ext2_f00485.npz
PennPAL+c5f808b7+2023-10-30-18h-37m-06s,ext1,135,ok,71,10,0.008987630208333333,356,356,221,0.9551972468293927,0.9577464788732394,11.41,19.4,0.64,,tracks/PennPAL+c5f808b7+2023-10-30-18h-37m-06s/ext1_f00135.npz
PennPAL+c5f808b7+2023-10-30-18h-37m-06s,ext2,135,ok,61,9,0.0055685763888888885,356,356,221,0.9031229137304354,0.8524590163934426,11.41,19.4,0.64,,tracks/PennPAL+c5f808b7+2023-10-30-18h-37m-06s/ext2_f00135.npz
PennPAL+c5f808b7+2023-10-30-18h-54m-35s,ext1,197,ok,67,7,0.004348958333333333,288,288,91,0.9975397736591767,0.9850746268656716,4.85,18.8,0.64,,tracks/PennPAL+c5f808b7+2023-10-30-18h-54m-35s/ext1_f00197.npz
PennPAL+c5f808b7+2023-10-30-18h-54m-35s,ext1,138,ok,58,7,0.004896918402777777,288,288,150,0.9802298850574712,1.0,7.78,19.3,0.64,,tracks/PennPAL+c5f808b7+2023-10-30-18h-54m-35s/ext1_f00138.npz
PennPAL+c5f808b7+2023-10-30-18h-54m-35s,ext1,169,ok,68,7,0.00470703125,288,288,119,0.9893722194760257,1.0,6.32,18.8,0.65,,tracks/PennPAL+c5f808b7+2023-10-30-18h-54m-35s/ext1_f00169.npz
PennPAL+c5f808b7+2023-10-30-18h-54m-35s,ext2,138,ok,63,11,0.008684895833333333,288,288,150,0.7479365079365079,0.9523809523809523,7.81,19.2,0.65,,tracks/PennPAL+c5f808b7+2023-10-30-18h-54m-35s/ext2_f00138.npz
PennPAL+c5f808b7+2023-10-30-18h-54m-35s,ext2,169,ok,69,10,0.008370225694444445,288,288,119,0.8885641213006942,1.0,6.42,18.5,0.65,,tracks/PennPAL+c5f808b7+2023-10-30-18h-54m-35s/ext2_f00169.npz
PennPAL+c5f808b7+2023-10-30-18h-54m-35s,ext2,197,ok,56,10,0.0076605902777777775,288,288,91,0.994701726844584,1.0,4.88,18.7,0.65,,tracks/PennPAL+c5f808b7+2023-10-30-18h-54m-35s/ext2_f00197.npz
PennPAL+c5f808b7+2023-10-30-19h-24m-27s,ext1,392,ok,63,8,0.005157335069444445,480,480,88,0.990981240981241,1.0,4.89,18.0,0.64,,tracks/PennPAL+c5f808b7+2023-10-30-19h-24m-27s/ext1_f00392.npz
PennPAL+c5f808b7+2023-10-30-19h-24m-27s,ext1,76,ok,52,5,0.002467447916666667,480,480,404,0.786938309215537,0.75,20.45,19.8,0.64,,tracks/PennPAL+c5f808b7+2023-10-30-19h-24m-27s/ext1_f00076.npz
PennPAL+c5f808b7+2023-10-30-19h-24m-27s,ext1,151,ok,71,6,0.003491753472222222,480,480,329,0.9722162763816944,0.971830985915493,16.97,19.4,0.64,,tracks/PennPAL+c5f808b7+2023-10-30-19h-24m-27s/ext1_f00151.npz
PennPAL+c5f808b7+2023-10-30-19h-24m-27s,ext1,220,ok,65,8,0.005686848958333333,480,480,260,0.8840236686390532,0.8769230769230769,13.46,19.3,0.64,,tracks/PennPAL+c5f808b7+2023-10-30-19h-24m-27s/ext1_f00220.npz
PennPAL+c5f808b7+2023-10-30-19h-24m-27s,ext1,278,ok,56,6,0.002849392361111111,480,480,202,0.9749823196605375,1.0,10.67,18.9,0.65,,tracks/PennPAL+c5f808b7+2023-10-30-19h-24m-27s/ext1_f00278.npz
PennPAL+c5f808b7+2023-10-30-19h-24m-27s,ext2,76,ok,69,8,0.006203342013888889,480,480,404,0.4242717750035873,0.782608695652174,20.65,19.6,0.65,,tracks/PennPAL+c5f808b7+2023-10-30-19h-24m-27s/ext2_f00076.npz
PennPAL+c5f808b7+2023-10-30-19h-24m-27s,ext2,151,ok,67,8,0.005919053819444444,480,480,329,0.6705530100258585,0.7910447761194029,17.15,19.2,0.65,,tracks/PennPAL+c5f808b7+2023-10-30-19h-24m-27s/ext2_f00151.npz
PennPAL+c5f808b7+2023-10-30-19h-24m-27s,ext2,220,ok,60,6,0.0030013020833333333,480,480,260,0.4405769230769231,0.1,13.41,19.4,0.65,,tracks/PennPAL+c5f808b7+2023-10-30-19h-24m-27s/ext2_f00220.npz
PennPAL+c5f808b7+2023-10-30-19h-24m-27s,ext2,278,ok,54,7,0.003986545138888889,480,480,202,0.5022002200220022,0.3888888888888889,10.5,19.2,0.64,,tracks/PennPAL+c5f808b7+2023-10-30-19h-24m-27s/ext2_f00278.npz
PennPAL+c5f808b7+2023-10-30-19h-24m-27s,ext2,392,ok,74,8,0.005971137152777778,480,480,88,0.8877457002457002,0.8378378378378378,4.93,17.8,0.64,,tracks/PennPAL+c5f808b7+2023-10-30-19h-24m-27s/ext2_f00392.npz
RAD+62828209+2023-12-22-15h-01m-20s,ext1,270,ok,66,10,0.011148003472222221,972,972,702,0.9201200034533368,0.8484848484848485,36.27,19.4,0.64,,tracks/RAD+62828209+2023-12-22-15h-01m-20s/ext1_f00270.npz
RAD+62828209+2023-12-22-15h-01m-20s,ext2,270,ok,68,12,0.012549913194444444,972,972,702,0.41647812971342385,0.35294117647058826,36.52,19.2,0.65,,tracks/RAD+62828209+2023-12-22-15h-01m-20s/ext2_f00270.npz
RAIL+80edfcb1+2023-04-12-14h-27m-18s,ext1,109,ok,60,12,0.010883246527777777,182,182,73,0.9438356164383561,0.95,3.89,18.8,0.64,,tracks/RAIL+80edfcb1+2023-04-12-14h-27m-18s/ext1_f00109.npz
RAIL+80edfcb1+2023-04-12-14h-27m-18s,ext2,109,ok,74,19,0.02886176215277778,182,182,73,0.8415401703072936,0.6351351351351351,3.9,18.7,0.65,,tracks/RAIL+80edfcb1+2023-04-12-14h-27m-18s/ext2_f00109.npz
RAIL+80edfcb1+2023-04-12-14h-28m-45s,ext1,159,ok,71,10,0.009343532986111111,234,234,75,0.923943661971831,0.971830985915493,4.21,17.8,0.65,,tracks/RAIL+80edfcb1+2023-04-12-14h-28m-45s/ext1_f00159.npz
RAIL+80edfcb1+2023-04-12-14h-28m-45s,ext2,159,ok,67,15,0.018065321180555555,234,234,75,0.9737313432835821,0.9402985074626866,4.06,18.5,0.65,,tracks/RAIL+80edfcb1+2023-04-12-14h-28m-45s/ext2_f00159.npz
RAIL+80edfcb1+2023-04-12-16h-14m-56s,ext1,124,ok,58,8,0.0058984375,171,171,47,0.9233308877476155,0.7931034482758621,2.63,17.8,0.64,,tracks/RAIL+80edfcb1+2023-04-12-16h-14m-56s/ext1_f00124.npz
RAIL+80edfcb1+2023-04-12-16h-14m-56s,ext2,124,ok,62,14,0.015258246527777778,171,171,47,0.8417982155113246,0.46774193548387094,2.59,18.2,0.64,,tracks/RAIL+80edfcb1+2023-04-12-16h-14m-56s/ext2_f00124.npz
RAIL+80edfcb1+2023-04-12-16h-41m-22s,ext1,107,ok,66,12,0.012876519097222223,186,186,79,0.9606827771384734,0.9696969696969697,4.29,18.4,0.64,,tracks/RAIL+80edfcb1+2023-04-12-16h-41m-22s/ext1_f00107.npz
RAIL+80edfcb1+2023-04-12-16h-41m-22s,ext2,107,ok,65,13,0.013694661458333333,186,186,79,0.7824732229795521,0.8615384615384616,4.29,18.4,0.65,,tracks/RAIL+80edfcb1+2023-04-12-16h-41m-22s/ext2_f00107.npz
RAIL+80edfcb1+2023-04-17-14h-49m-59s,ext1,55,ok,74,15,0.01944552951388889,202,202,147,0.5776797205368633,0.1891891891891892,7.67,19.2,0.64,,tracks/RAIL+80edfcb1+2023-04-17-14h-49m-59s/ext1_f00055.npz
RAIL+80edfcb1+2023-04-17-14h-49m-59s,ext2,55,ok,76,8,0.006116536458333334,202,202,147,0.7917114214106695,0.7894736842105263,7.65,19.2,0.65,,tracks/RAIL+80edfcb1+2023-04-17-14h-49m-59s/ext2_f00055.npz
RAIL+ah6fcd56+2023-07-18-16h-48m-38s,ext1,167,ok,58,16,0.01923611111111111,254,254,87,0.9175584621482362,0.9482758620689655,4.73,18.4,0.65,,tracks/RAIL+ah6fcd56+2023-07-18-16h-48m-38s/ext1_f00167.npz
RAIL+ah6fcd56+2023-07-18-16h-48m-38s,ext2,167,ok,61,13,0.013790147569444444,254,254,87,0.8409647635198794,0.9672131147540983,4.7,18.5,0.65,,tracks/RAIL+ah6fcd56+2023-07-18-16h-48m-38s/ext2_f00167.npz
RAIL+ah6fcd56+2023-07-18-16h-54m-43s,ext1,144,ok,66,14,0.01709201388888889,180,180,36,0.9558080808080808,0.9696969696969697,2.13,16.9,0.64,,tracks/RAIL+ah6fcd56+2023-07-18-16h-54m-43s/ext1_f00144.npz
RAIL+ah6fcd56+2023-07-18-16h-54m-43s,ext2,144,ok,62,13,0.013978949652777777,180,180,36,0.967741935483871,0.8225806451612904,2.08,17.3,0.64,,tracks/RAIL+ah6fcd56+2023-07-18-16h-54m-43s/ext2_f00144.npz
RAIL+c3d50939+2023-10-14-11h-28m-01s,ext1,142,ok,72,19,0.029698350694444445,792,792,650,0.7406196581196581,0.041666666666666664,33.43,19.4,0.64,,tracks/RAIL+c3d50939+2023-10-14-11h-28m-01s/ext1_f00142.npz
RAIL+c3d50939+2023-10-14-11h-28m-01s,ext1,198,ok,70,10,0.008709852430555555,792,792,594,0.8487734487734487,0.05714285714285714,31.39,18.9,0.65,,tracks/RAIL+c3d50939+2023-10-14-11h-28m-01s/ext1_f00198.npz
RAIL+c3d50939+2023-10-14-11h-28m-01s,ext2,142,ok,66,15,0.01776584201388889,792,792,650,0.8452680652680653,0.7272727272727273,33.06,19.7,0.64,,tracks/RAIL+c3d50939+2023-10-14-11h-28m-01s/ext2_f00142.npz
RAIL+c3d50939+2023-10-14-11h-28m-01s,ext2,198,ok,66,6,0.0033485243055555555,792,792,594,0.9953321089684726,0.9848484848484849,30.42,19.5,0.65,,tracks/RAIL+c3d50939+2023-10-14-11h-28m-01s/ext2_f00198.npz
RAIL+c3d50939+2023-11-04-10h-45m-38s,ext1,347,ok,53,4,0.001923828125,1018,1018,671,0.45496724123386667,0.6415094339622641,34.67,19.4,0.65,,tracks/RAIL+c3d50939+2023-11-04-10h-45m-38s/ext1_f00347.npz
RAIL+c3d50939+2023-11-04-10h-45m-38s,ext1,402,ok,71,5,0.002705078125,1018,1018,616,0.16080574355222244,0.4788732394366197,31.99,19.3,0.65,,tracks/RAIL+c3d50939+2023-11-04-10h-45m-38s/ext1_f00402.npz
RAIL+c3d50939+2023-11-04-10h-45m-38s,ext2,347,ok,73,4,0.0021647135416666668,1018,1018,671,0.7736153359328747,0.4520547945205479,34.52,19.4,0.64,,tracks/RAIL+c3d50939+2023-11-04-10h-45m-38s/ext2_f00347.npz
RAIL+c3d50939+2023-11-04-10h-45m-38s,ext2,402,ok,57,4,0.0013465711805555555,1018,1018,616,0.212406015037594,0.9473684210526315,31.65,19.5,0.64,,tracks/RAIL+c3d50939+2023-11-04-10h-45m-38s/ext2_f00402.npz
RAIL+d027f2ae+2023-06-20-17h-59m-27s,ext1,134,ok,60,20,0.029716796875,182,182,48,0.8065972222222222,0.1,2.77,17.3,0.64,,tracks/RAIL+d027f2ae+2023-06-20-17h-59m-27s/ext1_f00134.npz
RAIL+d027f2ae+2023-06-20-17h-59m-27s,ext2,134,ok,63,14,0.015609809027777777,182,182,48,0.8740079365079365,0.36507936507936506,2.74,17.5,0.65,,tracks/RAIL+d027f2ae+2023-06-20-17h-59m-27s/ext2_f00134.npz
RAIL+d027f2ae+2023-06-22-17h-00m-59s,ext1,76,ok,68,20,0.031086154513888888,104,104,28,0.9789915966386554,0.7794117647058824,1.57,17.9,0.64,,tracks/RAIL+d027f2ae+2023-06-22-17h-00m-59s/ext1_f00076.npz
RAIL+d027f2ae+2023-06-22-17h-00m-59s,ext2,76,ok,64,16,0.019065755208333333,104,104,28,0.9743303571428571,0.921875,1.56,18.0,0.65,,tracks/RAIL+d027f2ae+2023-06-22-17h-00m-59s/ext2_f00076.npz
RAIL+d027f2ae+2023-09-29-10h-58m-24s,ext1,98,ok,68,12,0.012393663194444444,127,127,29,0.9908722109533469,0.9852941176470589,1.68,17.3,0.65,,tracks/RAIL+d027f2ae+2023-09-29-10h-58m-24s/ext1_f00098.npz
RAIL+d027f2ae+2023-09-29-10h-58m-24s,ext2,98,ok,67,16,0.019619140625,127,127,29,0.9444158517756047,0.7313432835820896,1.65,17.6,0.65,,tracks/RAIL+d027f2ae+2023-09-29-10h-58m-24s/ext2_f00098.npz
RAIL+d027f2ae+2023-10-10-09h-59m-07s,ext1,105,ok,73,13,0.01375,152,152,47,0.9833867677062081,0.9726027397260274,2.93,16.0,0.64,,tracks/RAIL+d027f2ae+2023-10-10-09h-59m-07s/ext1_f00105.npz
RAIL+d027f2ae+2023-10-10-09h-59m-07s,ext2,105,ok,68,10,0.008018663194444444,152,152,47,0.9652690863579474,0.9705882352941176,2.64,17.8,0.64,,tracks/RAIL+d027f2ae+2023-10-10-09h-59m-07s/ext2_f00105.npz
RAIL+d027f2ae+2023-10-10-10h-17m-34s,ext1,103,ok,72,13,0.014327256944444445,151,151,48,0.9418402777777778,0.9166666666666666,2.64,18.2,0.64,,tracks/RAIL+d027f2ae+2023-10-10-10h-17m-34s/ext1_f00103.npz
RAIL+d027f2ae+2023-10-10-10h-17m-34s,ext2,103,ok,74,8,0.005710720486111111,151,151,48,0.8826013513513513,0.8108108108108109,2.66,18.1,0.65,,tracks/RAIL+d027f2ae+2023-10-10-10h-17m-34s/ext2_f00103.npz
RAIL+d027f2ae+2023-11-29-16h-55m-54s,ext1,95,ok,71,16,0.020782335069444446,115,115,20,0.8415492957746479,0.8169014084507042,1.19,16.8,0.64,,tracks/RAIL+d027f2ae+2023-11-29-16h-55m-54s/ext1_f00095.npz
RAIL+d027f2ae+2023-11-29-16h-55m-54s,ext2,95,ok,67,13,0.012993706597222222,115,115,20,0.941044776119403,0.5522388059701493,1.22,16.4,0.65,,tracks/RAIL+d027f2ae+2023-11-29-16h-55m-54s/ext2_f00095.npz
RAIL+d027f2ae+2023-11-29-17h-06m-11s,ext1,104,ok,63,13,0.012464192708333334,126,126,22,0.9855699855699855,0.9682539682539683,1.35,16.3,0.65,,tracks/RAIL+d027f2ae+2023-11-29-17h-06m-11s/ext1_f00104.npz
RAIL+d027f2ae+2023-11-29-17h-06m-11s,ext2,104,ok,68,18,0.024087456597222223,126,126,22,0.9010695187165776,0.7058823529411765,1.36,16.2,0.65,,tracks/RAIL+d027f2ae+2023-11-29-17h-06m-11s/ext2_f00104.npz
RAIL+daf8a660+2023-08-31-14h-52m-34s,ext1,180,ok,65,17,0.022853732638888888,408,408,228,0.07206477732793522,0.0,11.99,19.0,0.64,,tracks/RAIL+daf8a660+2023-08-31-14h-52m-34s/ext1_f00180.npz
RAIL+daf8a660+2023-08-31-14h-52m-34s,ext2,180,ok,64,11,0.009178602430555556,408,408,228,0.20058936403508773,0.0,11.93,19.1,0.64,,tracks/RAIL+daf8a660+2023-08-31-14h-52m-34s/ext2_f00180.npz
RAIL+daf8a660+2023-09-12-10h-38m-39s,ext1,128,ok,59,16,0.019363064236111113,201,201,73,0.8316693754353378,0.8135593220338984,3.98,18.3,0.64,,tracks/RAIL+daf8a660+2023-09-12-10h-38m-39s/ext1_f00128.npz
RAIL+daf8a660+2023-09-12-10h-38m-39s,ext2,128,ok,62,15,0.017760416666666667,201,201,73,0.9131683605832965,0.9032258064516129,3.93,18.6,0.65,,tracks/RAIL+daf8a660+2023-09-12-10h-38m-39s/ext2_f00128.npz
RAIL+eh61f232+2023-10-26-17h-33m-59s,ext1,204,ok,62,22,0.03739908854166667,672,672,468,0.7778811690102013,0.7580645161290323,23.69,19.8,0.64,,tracks/RAIL+eh61f232+2023-10-26-17h-33m-59s/ext1_f00204.npz
RAIL+eh61f232+2023-10-26-17h-33m-59s,ext1,238,ok,64,25,0.04851453993055556,672,672,434,0.7461837557603687,0.78125,22.22,19.5,0.65,,tracks/RAIL+eh61f232+2023-10-26-17h-33m-59s/ext1_f00238.npz
RAIL+eh61f232+2023-10-26-17h-33m-59s,ext1,282,ok,65,23,0.042772352430555556,672,672,390,0.7559763313609468,0.8153846153846154,20.42,19.1,0.65,,tracks/RAIL+eh61f232+2023-10-26-17h-33m-59s/ext1_f00282.npz
RAIL+eh61f232+2023-10-26-17h-33m-59s,ext2,204,ok,67,12,0.010935329861111112,672,672,468,0.41762342135476466,0.08955223880597014,24.34,19.2,0.65,,tracks/RAIL+eh61f232+2023-10-26-17h-33m-59s/ext2_f00204.npz
RAIL+eh61f232+2023-10-26-17h-33m-59s,ext2,238,ok,70,12,0.010990668402777778,672,672,434,0.44845292955892035,0.11428571428571428,22.4,19.4,0.64,,tracks/RAIL+eh61f232+2023-10-26-17h-33m-59s/ext2_f00238.npz
RAIL+eh61f232+2023-10-26-17h-33m-59s,ext2,282,ok,74,11,0.010455729166666667,672,672,390,0.4077269577269577,0.10810810810810811,20.17,19.3,0.64,,tracks/RAIL+eh61f232+2023-10-26-17h-33m-59s/ext2_f00282.npz
RAIL+t3d58310+2023-05-19-15h-23m-47s,ext1,95,ok,66,15,0.016809895833333335,121,121,26,0.8065268065268065,0.7878787878787878,1.6,16.3,0.64,,tracks/RAIL+t3d58310+2023-05-19-15h-23m-47s/ext1_f00095.npz
RAIL+t3d58310+2023-05-19-15h-23m-47s,ext2,95,ok,68,9,0.006305338541666667,121,121,26,0.9881221719457014,0.9852941176470589,1.54,16.9,0.65,,tracks/RAIL+t3d58310+2023-05-19-15h-23m-47s/ext2_f00095.npz
RAIL+t3d58310+2023-05-20-14h-10m-35s,ext1,152,ok,70,14,0.016004774305555556,179,179,27,0.8084656084656084,0.6714285714285714,1.59,17.0,0.64,,tracks/RAIL+t3d58310+2023-05-20-14h-10m-35s/ext1_f00152.npz
RAIL+t3d58310+2023-05-20-14h-10m-35s,ext2,152,ok,66,7,0.004733072916666667,179,179,27,0.9292929292929293,0.8787878787878788,1.64,16.5,0.65,,tracks/RAIL+t3d58310+2023-05-20-14h-10m-35s/ext2_f00152.npz
RAIL+t3d58310+2023-07-27-17h-28m-55s,ext1,72,ok,65,10,0.007649739583333333,380,380,308,0.8062437562437562,0.7076923076923077,16.08,19.2,0.65,,tracks/RAIL+t3d58310+2023-07-27-17h-28m-55s/ext1_f00072.npz
RAIL+t3d58310+2023-07-27-17h-28m-55s,ext2,72,ok,67,21,0.034376085069444444,380,380,308,0.38631517735995347,0.208955223880597,15.85,19.4,0.65,,tracks/RAIL+t3d58310+2023-07-27-17h-28m-55s/ext2_f00072.npz
RAIL+t3d58310+2023-07-28-18h-02m-42s,ext1,105,ok,58,7,0.004144965277777778,833,833,728,0.9998342175066313,1.0,37.06,19.6,0.64,,tracks/RAIL+t3d58310+2023-07-28-18h-02m-42s/ext1_f00105.npz
RAIL+t3d58310+2023-07-28-18h-02m-42s,ext1,294,ok,65,13,0.013727213541666667,833,833,539,0.7395461681175967,0.8153846153846154,27.86,19.3,0.64,,tracks/RAIL+t3d58310+2023-07-28-18h-02m-42s/ext1_f00294.npz
RAIL+t3d58310+2023-07-28-18h-02m-42s,ext2,105,ok,64,16,0.020902777777777777,833,833,728,0.34080958104395603,0.390625,37.3,19.5,0.64,,tracks/RAIL+t3d58310+2023-07-28-18h-02m-42s/ext2_f00105.npz
RAIL+t3d58310+2023-07-28-18h-02m-42s,ext2,294,ok,68,10,0.008301866319444445,833,833,539,0.5981938229837389,1.0,28.07,19.2,0.65,,tracks/RAIL+t3d58310+2023-07-28-18h-02m-42s/ext2_f00294.npz
RAIL+t3d58310+2023-07-28-18h-27m-22s,ext1,213,ok,68,14,0.01655056423611111,501,501,288,0.8689746732026143,0.6911764705882353,14.78,19.5,0.64,,tracks/RAIL+t3d58310+2023-07-28-18h-27m-22s/ext1_f00213.npz
RAIL+t3d58310+2023-07-28-18h-27m-22s,ext1,281,ok,69,13,0.015198567708333333,501,501,220,0.9613306982872201,0.9710144927536232,11.52,19.1,0.65,,tracks/RAIL+t3d58310+2023-07-28-18h-27m-22s/ext1_f00281.npz
RAIL+t3d58310+2023-07-28-18h-27m-22s,ext1,311,ok,59,13,0.014126519097222222,501,501,190,0.9226583407671721,0.9830508474576272,10.25,18.5,0.65,,tracks/RAIL+t3d58310+2023-07-28-18h-27m-22s/ext1_f00311.npz
RAIL+t3d58310+2023-07-28-18h-27m-22s,ext2,213,ok,65,18,0.022799479166666668,501,501,288,0.6786858974358975,0.7538461538461538,14.98,19.2,0.65,,tracks/RAIL+t3d58310+2023-07-28-18h-27m-22s/ext2_f00213.npz
RAIL+t3d58310+2023-07-28-18h-27m-22s,ext2,281,ok,62,13,0.012472873263888889,501,501,220,0.7287390029325513,0.8064516129032258,11.67,18.9,0.64,,tracks/RAIL+t3d58310+2023-07-28-18h-27m-22s/ext2_f00281.npz
RAIL+t3d58310+2023-07-28-18h-27m-22s,ext2,311,ok,59,11,0.009787326388888889,501,501,190,0.8735057983942908,0.8983050847457628,10.04,18.9,0.64,,tracks/RAIL+t3d58310+2023-07-28-18h-27m-22s/ext2_f00311.npz
RAIL+t3d58310+2023-08-08-17h-00m-30s,ext1,273,ok,64,12,0.01163302951388889,684,684,411,0.8580824209245742,0.40625,21.45,19.2,0.64,,tracks/RAIL+t3d58310+2023-08-08-17h-00m-30s/ext1_f00273.npz
RAIL+t3d58310+2023-08-08-17h-00m-30s,ext1,304,ok,64,13,0.013170572916666666,684,684,380,0.8199013157894737,0.328125,19.97,19.0,0.65,,tracks/RAIL+t3d58310+2023-08-08-17h-00m-30s/ext1_f00304.npz
RAIL+t3d58310+2023-08-08-17h-00m-30s,ext2,273,ok,71,4,0.0023079427083333333,684,684,411,0.9440389294403893,1.0,21.06,19.5,0.64,,tracks/RAIL+t3d58310+2023-08-08-17h-00m-30s/ext2_f00273.npz
RAIL+t3d58310+2023-08-08-17h-00m-30s,ext2,304,ok,61,11,0.012013888888888888,684,684,380,0.24952545297670406,0.11475409836065574,19.52,19.5,0.65,,tracks/RAIL+t3d58310+2023-08-08-17h-00m-30s/ext2_f00304.npz
RAIL+t3d58310+2023-08-12-15h-02m-31s,ext1,756,ok,57,6,0.0029915364583333335,1352,1352,596,0.9231425880136583,1.0,31.64,18.8,0.65,,tracks/RAIL+t3d58310+2023-08-12-15h-02m-31s/ext1_f00756.npz
RAIL+t3d58310+2023-08-12-15h-02m-31s,ext1,775,ok,67,6,0.0034136284722222224,1352,1352,577,0.9198375539977754,0.9850746268656716,30.76,18.8,0.65,,tracks/RAIL+t3d58310+2023-08-12-15h-02m-31s/ext1_f00775.npz
RAIL+t3d58310+2023-08-12-15h-02m-31s,ext1,832,ok,64,4,0.001767578125,1352,1352,520,0.8745793269230769,0.546875,27.75,18.7,0.64,,tracks/RAIL+t3d58310+2023-08-12-15h-02m-31s/ext1_f00832.npz
RAIL+t3d58310+2023-08-12-15h-02m-31s,ext2,756,ok,75,5,0.003404947916666667,1352,1352,596,0.23588366890380313,0.7466666666666667,31.37,19.0,0.64,,tracks/RAIL+t3d58310+2023-08-12-15h-02m-31s/ext2_f00756.npz
RAIL+t3d58310+2023-08-12-15h-02m-31s,ext2,775,ok,53,6,0.002797309027777778,1352,1352,577,0.3597004676106079,0.2641509433962264,30.0,19.2,0.64,,tracks/RAIL+t3d58310+2023-08-12-15h-02m-31s/ext2_f00775.npz
RAIL+t3d58310+2023-08-12-15h-02m-31s,ext2,832,ok,60,9,0.005952690972222222,1352,1352,520,0.40102564102564103,0.6333333333333333,27.67,18.8,0.65,,tracks/RAIL+t3d58310+2023-08-12-15h-02m-31s/ext2_f00832.npz
RAIL+t3d58310+2023-08-12-16h-51m-15s,ext1,44,ok,67,12,0.014401041666666666,1464,1464,1420,0.4523859575362624,0.208955223880597,71.73,19.8,0.64,,tracks/RAIL+t3d58310+2023-08-12-16h-51m-15s/ext1_f00044.npz
RAIL+t3d58310+2023-08-12-16h-51m-15s,ext1,105,ok,56,6,0.0029600694444444444,1464,1464,1359,0.4803689687795648,0.0,68.94,19.7,0.65,,tracks/RAIL+t3d58310+2023-08-12-16h-51m-15s/ext1_f00105.npz
RAIL+t3d58310+2023-08-12-16h-51m-15s,ext1,847,ok,69,13,0.014087456597222223,1464,1464,617,0.2538698235971155,0.0,33.03,18.7,0.65,,tracks/RAIL+t3d58310+2023-08-12-16h-51m-15s/ext1_f00847.npz
RAIL+t3d58310+2023-08-12-16h-51m-15s,ext1,919,ok,59,15,0.01658420138888889,1464,1464,545,0.26194993002643446,0.0,28.78,18.9,0.65,,tracks/RAIL+t3d58310+2023-08-12-16h-51m-15s/ext1_f00919.npz
RAIL+t3d58310+2023-08-12-16h-51m-15s,ext1,1132,ok,69,14,0.015069444444444444,1464,1464,332,0.39855072463768115,0.0,18.23,18.2,0.64,,tracks/RAIL+t3d58310+2023-08-12-16h-51m-15s/ext1_f01132.npz
RAIL+t3d58310+2023-08-12-16h-51m-15s,ext1,1302,ok,64,13,0.013756510416666666,1464,1464,162,0.6072530864197531,0.0,10.1,16.0,0.64,,tracks/RAIL+t3d58310+2023-08-12-16h-51m-15s/ext1_f01302.npz
RAIL+t3d58310+2023-08-12-16h-51m-15s,ext1,1384,ok,59,14,0.014189453125,1464,1464,80,0.21567796610169493,0.0,5.61,14.3,0.64,,tracks/RAIL+t3d58310+2023-08-12-16h-51m-15s/ext1_f01384.npz
RAIL+t3d58310+2023-08-12-16h-51m-15s,ext1,1411,ok,60,15,0.017885199652777777,1464,1464,53,0.08930817610062892,0.0,4.39,12.1,0.65,,tracks/RAIL+t3d58310+2023-08-12-16h-51m-15s/ext1_f01411.npz
RAIL+t3d58310+2023-08-12-16h-51m-15s,ext2,44,ok,69,17,0.023401692708333335,1464,1464,1420,0.039406001224739744,0.014492753623188406,72.03,19.7,0.64,,tracks/RAIL+t3d58310+2023-08-12-16h-51m-15s/ext2_f00044.npz
RAIL+t3d58310+2023-08-12-16h-51m-15s,ext2,105,ok,74,4,0.0020486111111111113,1464,1464,1359,0.8273869896386453,0.9459459459459459,69.27,19.6,0.65,,tracks/RAIL+t3d58310+2023-08-12-16h-51m-15s/ext2_f00105.npz
RAIL+t3d58310+2023-08-12-16h-51m-15s,ext2,847,ok,71,6,0.003774956597222222,1464,1464,617,0.8836943867418449,0.9014084507042254,32.97,18.7,0.65,,tracks/RAIL+t3d58310+2023-08-12-16h-51m-15s/ext2_f00847.npz
RAIL+t3d58310+2023-08-12-16h-51m-15s,ext2,919,ok,57,9,0.007406684027777778,1464,1464,545,0.6363753420247867,0.9298245614035088,28.71,19.0,0.65,,tracks/RAIL+t3d58310+2023-08-12-16h-51m-15s/ext2_f00919.npz
RAIL+t3d58310+2023-08-12-16h-51m-15s,ext2,1132,ok,60,8,0.007067057291666666,1464,1464,332,0.8311746987951807,0.9833333333333333,18.11,18.3,0.64,,tracks/RAIL+t3d58310+2023-08-12-16h-51m-15s/ext2_f01132.npz
RAIL+t3d58310+2023-08-12-16h-51m-15s,ext2,1302,ok,64,9,0.0071538628472222225,1464,1464,162,0.8434606481481481,0.9375,9.85,16.4,0.64,,tracks/RAIL+t3d58310+2023-08-12-16h-51m-15s/ext2_f01302.npz
RAIL+t3d58310+2023-08-12-16h-51m-15s,ext2,1384,ok,73,7,0.005476345486111111,1464,1464,80,0.8208904109589041,0.8767123287671232,5.71,14.0,0.64,,tracks/RAIL+t3d58310+2023-08-12-16h-51m-15s/ext2_f01384.npz
RAIL+t3d58310+2023-08-12-16h-51m-15s,ext2,1411,ok,57,9,0.007049696180555555,1464,1464,53,0.763985435286329,0.9649122807017544,4.41,12.0,0.65,,tracks/RAIL+t3d58310+2023-08-12-16h-51m-15s/ext2_f01411.npz
REAL+4dbb5646+2023-04-14-16h-31m-52s,ext1,286,ok,77,8,0.0062348090277777775,572,572,286,0.7833530106257379,0.8181818181818182,14.95,19.1,0.64,,tracks/REAL+4dbb5646+2023-04-14-16h-31m-52s/ext1_f00286.npz
REAL+4dbb5646+2023-04-14-16h-31m-52s,ext2,286,ok,71,10,0.008648003472222223,572,572,286,0.7075248694967005,1.0,14.93,19.2,0.65,,tracks/REAL+4dbb5646+2023-04-14-16h-31m-52s/ext2_f00286.npz
REAL+4dbb5646+2023-04-17-14h-56m-15s,ext1,104,ok,64,15,0.017418619791666666,627,627,523,0.7641013384321224,0.65625,27.19,19.2,0.65,,tracks/REAL+4dbb5646+2023-04-17-14h-56m-15s/ext1_f00104.npz
REAL+4dbb5646+2023-04-17-14h-56m-15s,ext2,104,ok,76,5,0.003215060763888889,627,627,523,0.9748163429606521,0.9868421052631579,27.06,19.3,0.65,,tracks/REAL+4dbb5646+2023-04-17-14h-56m-15s/ext2_f00104.npz
REAL+4dbb5646+2023-05-19-16h-20m-27s,ext1,183,ok,67,17,0.02493923611111111,416,416,233,0.8101979373518673,0.8955223880597015,12.11,19.2,0.64,,tracks/REAL+4dbb5646+2023-05-19-16h-20m-27s/ext1_f00183.npz
REAL+4dbb5646+2023-05-19-16h-20m-27s,ext2,183,ok,65,11,0.011242404513888889,416,416,233,0.02984483327830967,0.0,12.01,19.4,0.64,,tracks/REAL+4dbb5646+2023-05-19-16h-20m-27s/ext2_f00183.npz
REAL+4dbb5646+2023-06-21-16h-02m-25s,ext1,192,ok,73,11,0.009854600694444444,209,209,17,0.983883964544722,0.9863013698630136,1.08,15.8,0.64,,tracks/REAL+4dbb5646+2023-06-21-16h-02m-25s/ext1_f00192.npz
REAL+4dbb5646+2023-06-21-16h-02m-25s,ext2,192,ok,63,11,0.009497612847222222,209,209,17,0.9140989729225023,0.8412698412698413,1.1,15.5,0.65,,tracks/REAL+4dbb5646+2023-06-21-16h-02m-25s/ext2_f00192.npz
REAL+4dbb5646+2023-06-21-16h-24m-22s,ext1,173,ok,64,7,0.0037000868055555554,187,187,14,0.6707589285714286,0.3125,0.88,15.9,0.64,,tracks/REAL+4dbb5646+2023-06-21-16h-24m-22s/ext1_f00173.npz
REAL+4dbb5646+2023-06-21-16h-24m-22s,ext2,173,ok,65,16,0.018810763888888887,187,187,14,0.8307692307692308,0.5692307692307692,0.89,15.8,0.65,,tracks/REAL+4dbb5646+2023-06-21-16h-24m-22s/ext2_f00173.npz
REAL+4f8ca688+2023-05-20-11h-45m-27s,ext1,109,ok,64,16,0.02050347222222222,284,284,175,0.29482142857142857,0.0,9.13,19.2,0.65,,tracks/REAL+4f8ca688+2023-05-20-11h-45m-27s/ext1_f00109.npz
REAL+4f8ca688+2023-05-20-11h-45m-27s,ext1,131,ok,62,12,0.011480034722222223,284,284,153,0.265022137887413,0.0,8.02,19.1,0.65,,tracks/REAL+4f8ca688+2023-05-20-11h-45m-27s/ext1_f00131.npz
REAL+4f8ca688+2023-05-20-11h-45m-27s,ext2,109,ok,64,7,0.0041015625,284,284,175,0.9047321428571429,0.734375,9.05,19.3,0.64,,tracks/REAL+4f8ca688+2023-05-20-11h-45m-27s/ext2_f00109.npz
REAL+4f8ca688+2023-05-20-11h-45m-27s,ext2,131,ok,65,8,0.005958116319444444,284,284,153,0.8279537456008044,0.6307692307692307,7.97,19.2,0.64,,tracks/REAL+4f8ca688+2023-05-20-11h-45m-27s/ext2_f00131.npz
REAL+4f8ca688+2023-05-20-11h-50m-07s,ext1,461,ok,68,10,0.007471788194444444,525,525,64,0.5753676470588235,0.39705882352941174,3.59,17.8,0.64,,tracks/REAL+4f8ca688+2023-05-20-11h-50m-07s/ext1_f00461.npz
REAL+4f8ca688+2023-05-20-11h-50m-07s,ext1,505,ok,65,10,0.008649088541666667,525,525,20,0.9923076923076923,0.9692307692307692,1.5,13.3,0.65,,tracks/REAL+4f8ca688+2023-05-20-11h-50m-07s/ext1_f00505.npz
REAL+4f8ca688+2023-05-20-11h-50m-07s,ext1,156,ok,64,8,0.0049837239583333335,525,525,369,0.42979336043360433,0.671875,19.07,19.3,0.64,,tracks/REAL+4f8ca688+2023-05-20-11h-50m-07s/ext1_f00156.npz
REAL+4f8ca688+2023-05-20-11h-50m-07s,ext1,283,ok,64,12,0.012336154513888888,525,525,242,0.5694085743801653,0.328125,12.82,18.9,0.65,,tracks/REAL+4f8ca688+2023-05-20-11h-50m-07s/ext1_f00283.npz
REAL+4f8ca688+2023-05-20-11h-50m-07s,ext2,156,ok,63,8,0.005334201388888889,525,525,369,0.5951735707833269,0.8888888888888888,19.24,19.2,0.65,,tracks/REAL+4f8ca688+2023-05-20-11h-50m-07s/ext2_f00156.npz
REAL+4f8ca688+2023-05-20-11h-50m-07s,ext2,283,ok,56,5,0.002085503472222222,525,525,242,0.7247638724911453,0.9464285714285714,12.51,19.3,0.65,,tracks/REAL+4f8ca688+2023-05-20-11h-50m-07s/ext2_f00283.npz
REAL+4f8ca688+2023-05-20-11h-50m-07s,ext2,461,ok,62,9,0.006314019097222222,525,525,64,0.8666834677419355,0.9032258064516129,3.69,17.4,0.64,,tracks/REAL+4f8ca688+2023-05-20-11h-50m-07s/ext2_f00461.npz
REAL+4f8ca688+2023-05-20-11h-50m-07s,ext2,505,ok,56,8,0.005295138888888889,525,525,20,0.9553571428571429,0.9464285714285714,1.48,13.5,0.64,,tracks/REAL+4f8ca688+2023-05-20-11h-50m-07s/ext2_f00505.npz
REAL+4f8ca688+2023-05-21-09h-09m-19s,ext1,374,ok,59,10,0.008442925347222222,392,392,18,0.9227871939736346,0.847457627118644,1.21,14.8,0.64,,tracks/REAL+4f8ca688+2023-05-21-09h-09m-19s/ext1_f00374.npz
REAL+4f8ca688+2023-05-21-09h-09m-19s,ext1,81,ok,61,12,0.012445746527777777,392,392,311,0.8786041853355121,0.8032786885245902,15.87,19.6,0.64,,tracks/REAL+4f8ca688+2023-05-21-09h-09m-19s/ext1_f00081.npz
REAL+4f8ca688+2023-05-21-09h-09m-19s,ext1,141,ok,70,10,0.009468315972222223,392,392,251,0.7813887307911213,0.7,13.24,19.0,0.65,,tracks/REAL+4f8ca688+2023-05-21-09h-09m-19s/ext1_f00141.npz
REAL+4f8ca688+2023-05-21-09h-09m-19s,ext2,81,ok,20,4,0.0008376736111111111,392,392,311,0.15964630225080387,0.0,15.25,20.4,0.65,,tracks/REAL+4f8ca688+2023-05-21-09h-09m-19s/ext2_f00081.npz
REAL+4f8ca688+2023-05-21-09h-09m-19s,ext2,141,ok,57,4,0.003424479166666667,392,392,251,0.8507024533445167,0.5614035087719298,13.05,19.2,0.65,,tracks/REAL+4f8ca688+2023-05-21-09h-09m-19s/ext2_f00141.npz
REAL+4f8ca688+2023-05-21-09h-09m-19s,ext2,374,ok,61,5,0.0069010416666666664,392,392,18,0.9471766848816029,0.8524590163934426,1.2,14.9,0.65,,tracks/REAL+4f8ca688+2023-05-21-09h-09m-19s/ext2_f00374.npz
REAL+4f8ca688+2023-06-08-14h-48m-03s,ext1,253,ok,69,10,0.008385416666666666,313,313,60,0.7881642512077295,0.043478260869565216,3.34,18.0,0.64,,tracks/REAL+4f8ca688+2023-06-08-14h-48m-03s/ext1_f00253.npz
REAL+4f8ca688+2023-06-08-14h-48m-03s,ext2,253,ok,74,5,0.0024110243055555556,313,313,60,0.8002252252252252,0.0,3.33,18.0,0.64,,tracks/REAL+4f8ca688+2023-06-08-14h-48m-03s/ext2_f00253.npz
REAL+4f8ca688+2023-06-08-15h-00m-30s,ext1,352,ok,64,10,0.007511935763888889,402,402,50,0.985,0.96875,2.93,17.1,0.64,,tracks/REAL+4f8ca688+2023-06-08-15h-00m-30s/ext1_f00352.npz
REAL+4f8ca688+2023-06-08-15h-00m-30s,ext2,352,ok,69,7,0.004228515625,402,402,50,0.9866666666666667,1.0,2.96,16.9,0.65,,tracks/REAL+4f8ca688+2023-06-08-15h-00m-30s/ext2_f00352.npz
REAL+4f8ca688+2023-07-04-12h-37m-04s,ext1,261,ok,65,10,0.008348524305555556,378,378,117,0.986456278763971,1.0,6.1,19.2,0.64,,tracks/REAL+4f8ca688+2023-07-04-12h-37m-04s/ext1_f00261.npz
REAL+4f8ca688+2023-07-04-12h-37m-04s,ext1,317,ok,65,17,0.023091362847222224,378,378,61,0.7994955863808323,0.8769230769230769,3.38,18.0,0.65,,tracks/REAL+4f8ca688+2023-07-04-12h-37m-04s/ext1_f00317.npz
REAL+4f8ca688+2023-07-04-12h-37m-04s,ext2,261,ok,66,12,0.012349175347222222,378,378,117,0.09880859880859881,0.06060606060606061,6.3,18.6,0.65,,tracks/REAL+4f8ca688+2023-07-04-12h-37m-04s/ext2_f00261.npz
REAL+4f8ca688+2023-07-04-12h-37m-04s,ext2,317,ok,63,12,0.011061197916666666,378,378,61,0.9979182930002602,1.0,3.42,17.8,0.65,,tracks/REAL+4f8ca688+2023-07-04-12h-37m-04s/ext2_f00317.npz
REAL+4f8ca688+2023-07-11-12h-02m-44s,ext1,86,ok,65,18,0.024618055555555556,173,173,87,0.814500442086649,0.0,4.61,18.9,0.64,,tracks/REAL+4f8ca688+2023-07-11-12h-02m-44s/ext1_f00086.npz
REAL+4f8ca688+2023-07-11-12h-02m-44s,ext1,138,ok,65,19,0.026167534722222222,173,173,35,0.7503296703296704,0.0,1.98,17.7,0.64,,tracks/REAL+4f8ca688+2023-07-11-12h-02m-44s/ext1_f00138.npz
REAL+4f8ca688+2023-07-11-12h-02m-44s,ext2,86,ok,65,12,0.012479383680555555,173,173,87,0.9099911582670204,0.046153846153846156,4.55,19.1,0.64,,tracks/REAL+4f8ca688+2023-07-11-12h-02m-44s/ext2_f00086.npz
REAL+4f8ca688+2023-07-11-12h-02m-44s,ext2,138,ok,66,12,0.012114800347222222,173,173,35,0.79004329004329,0.015151515151515152,2.25,15.5,0.65,,tracks/REAL+4f8ca688+2023-07-11-12h-02m-44s/ext2_f00138.npz
REAL+4f8ca688+2023-07-11-12h-42m-31s,ext1,73,ok,58,9,0.006175130208333333,263,263,190,0.9340290381125227,1.0,9.61,19.8,0.64,,tracks/REAL+4f8ca688+2023-07-11-12h-42m-31s/ext1_f00073.npz
REAL+4f8ca688+2023-07-11-12h-42m-31s,ext1,161,ok,62,10,0.007202690972222222,263,263,102,0.9000632511068943,0.9516129032258065,6.18,16.5,0.65,,tracks/REAL+4f8ca688+2023-07-11-12h-42m-31s/ext1_f00161.npz
REAL+4f8ca688+2023-07-11-12h-42m-31s,ext2,73,ok,74,7,0.0052788628472222225,263,263,190,0.42460881934566147,0.8108108108108109,10.0,19.0,0.65,,tracks/REAL+4f8ca688+2023-07-11-12h-42m-31s/ext2_f00073.npz
REAL+4f8ca688+2023-07-11-12h-42m-31s,ext2,161,ok,57,12,0.010692274305555555,263,263,102,0.9004127966976264,0.9122807017543859,5.22,19.5,0.65,,tracks/REAL+4f8ca688+2023-07-11-12h-42m-31s/ext2_f00161.npz
REAL+4f8ca688+2023-07-15-11h-48m-33s,ext1,155,ok,72,7,0.004677734375,192,192,37,0.9838588588588588,0.9861111111111112,2.08,17.8,0.64,,tracks/REAL+4f8ca688+2023-07-15-11h-48m-33s/ext1_f00155.npz
REAL+4f8ca688+2023-07-15-11h-48m-33s,ext1,184,ok,65,11,0.009760199652777777,192,192,8,1.0,1.0,0.64,12.5,0.64,,tracks/REAL+4f8ca688+2023-07-15-11h-48m-33s/ext1_f00184.npz
REAL+4f8ca688+2023-07-15-11h-48m-33s,ext2,155,ok,68,18,0.02396267361111111,192,192,37,0.6899841017488076,0.8676470588235294,2.12,17.5,0.64,,tracks/REAL+4f8ca688+2023-07-15-11h-48m-33s/ext2_f00155.npz
REAL+4f8ca688+2023-07-15-11h-48m-33s,ext2,184,ok,71,11,0.009833984375,192,192,8,0.9964788732394366,1.0,0.66,12.2,0.65,,tracks/REAL+4f8ca688+2023-07-15-11h-48m-33s/ext2_f00184.npz
REAL+4f8ca688+2023-07-15-12h-53m-35s,ext1,361,ok,64,7,0.004559461805555555,420,420,59,0.9846398305084746,1.0,3.36,17.6,0.64,,tracks/REAL+4f8ca688+2023-07-15-12h-53m-35s/ext1_f00361.npz
REAL+4f8ca688+2023-07-15-12h-53m-35s,ext2,361,ok,67,11,0.009089626736111111,420,420,59,0.8952694156336959,0.6119402985074627,3.45,17.1,0.65,,tracks/REAL+4f8ca688+2023-07-15-12h-53m-35s/ext2_f00361.npz
REAL+4f8ca688+2023-08-24-14h-23m-28s,ext1,481,ok,76,12,0.012151692708333333,510,510,29,1.0,1.0,1.91,15.2,0.65,,tracks/REAL+4f8ca688+2023-08-24-14h-23m-28s/ext1_f00481.npz
REAL+4f8ca688+2023-08-24-14h-23m-28s,ext2,481,ok,70,11,0.010887586805555556,510,510,29,1.0,1.0,2.05,14.1,0.65,,tracks/REAL+4f8ca688+2023-08-24-14h-23m-28s/ext2_f00481.npz
REAL+4f8ca688+2023-08-24-14h-30m-43s,ext1,164,ok,73,17,0.02305230034722222,495,495,331,0.2726482638745189,0.0,17.1,19.4,0.64,,tracks/REAL+4f8ca688+2023-08-24-14h-30m-43s/ext1_f00164.npz
REAL+4f8ca688+2023-08-24-14h-30m-43s,ext2,164,ok,59,9,0.006354166666666667,495,495,331,0.897588202160889,0.6949152542372882,16.84,19.7,0.64,,tracks/REAL+4f8ca688+2023-08-24-14h-30m-43s/ext2_f00164.npz
REAL+4f8ca688+2023-08-24-15h-08m-38s,ext1,117,ok,71,21,0.03478732638888889,240,240,123,0.27401809229359897,0.04225352112676056,6.51,18.9,0.64,,tracks/REAL+4f8ca688+2023-08-24-15h-08m-38s/ext1_f00117.npz
REAL+4f8ca688+2023-08-24-15h-08m-38s,ext2,117,ok,63,8,0.005298394097222222,240,240,123,0.7669376693766937,1.0,6.52,18.9,0.65,,tracks/REAL+4f8ca688+2023-08-24-15h-08m-38s/ext2_f00117.npz
REAL+4f8ca688+2023-08-24-15h-16m-22s,ext1,535,ok,67,16,0.019453125,636,636,101,0.9101522092507758,1.0,5.47,18.5,0.64,,tracks/REAL+4f8ca688+2023-08-24-15h-16m-22s/ext1_f00535.npz
REAL+4f8ca688+2023-08-24-15h-16m-22s,ext1,591,ok,69,13,0.013023003472222221,636,636,45,0.9845410628019323,1.0,2.79,16.1,0.65,,tracks/REAL+4f8ca688+2023-08-24-15h-16m-22s/ext1_f00591.npz
REAL+4f8ca688+2023-08-24-15h-16m-22s,ext2,535,ok,68,9,0.007090928819444444,636,636,101,0.9589400116482236,1.0,5.68,17.8,0.65,,tracks/REAL+4f8ca688+2023-08-24-15h-16m-22s/ext2_f00535.npz
REAL+4f8ca688+2023-08-24-15h-16m-22s,ext2,591,ok,73,8,0.005979817708333333,636,636,45,0.9333333333333333,1.0,2.76,16.3,0.65,,tracks/REAL+4f8ca688+2023-08-24-15h-16m-22s/ext2_f00591.npz
REAL+4f8ca688+2023-08-24-15h-17m-16s,ext1,143,ok,70,27,0.05443576388888889,234,234,91,0.8458398744113029,0.9571428571428572,4.83,18.9,0.64,,tracks/REAL+4f8ca688+2023-08-24-15h-17m-16s/ext1_f00143.npz
REAL+4f8ca688+2023-08-24-15h-17m-16s,ext2,143,ok,69,7,0.004745008680555556,234,234,91,0.9797738493390667,1.0,4.83,18.9,0.64,,tracks/REAL+4f8ca688+2023-08-24-15h-17m-16s/ext2_f00143.npz
REAL+4f8ca688+2023-08-24-15h-35m-32s,ext1,333,ok,70,14,0.016407335069444445,653,653,320,0.6173660714285715,0.6,16.49,19.4,0.64,,tracks/REAL+4f8ca688+2023-08-24-15h-35m-32s/ext1_f00333.npz
REAL+4f8ca688+2023-08-24-15h-35m-32s,ext1,207,ok,67,13,0.013836805555555555,653,653,446,0.6404189813265511,0.5671641791044776,22.99,19.4,0.64,,tracks/REAL+4f8ca688+2023-08-24-15h-35m-32s/ext1_f00207.npz
REAL+4f8ca688+2023-08-24-15h-35m-32s,ext1,229,ok,67,13,0.013077256944444445,653,653,424,0.6762531681216559,0.417910447761194,22.14,19.1,0.65,,tracks/REAL+4f8ca688+2023-08-24-15h-35m-32s/ext1_f00229.npz
REAL+4f8ca688+2023-08-24-15h-35m-32s,ext2,207,ok,71,8,0.005952690972222222,653,653,446,0.920040421903619,0.9014084507042254,22.83,19.5,0.65,,tracks/REAL+4f8ca688+2023-08-24-15h-35m-32s/ext2_f00207.npz
REAL+4f8ca688+2023-08-24-15h-35m-32s,ext2,229,ok,59,7,0.004104817708333333,653,653,424,0.9376399104573073,1.0,22.05,19.2,0.65,,tracks/REAL+4f8ca688+2023-08-24-15h-35m-32s/ext2_f00229.npz
REAL+4f8ca688+2023-08-24-15h-35m-32s,ext2,333,ok,66,7,0.0044140625,653,653,320,0.9513731060606061,0.8333333333333334,16.64,19.2,0.65,,tracks/REAL+4f8ca688+2023-08-24-15h-35m-32s/ext2_f00333.npz
REAL+4f8ca688+2023-08-29-13h-36m-08s,ext1,199,ok,75,9,0.006848958333333334,347,347,148,0.8861261261261262,0.5466666666666666,7.77,19.0,0.64,,tracks/REAL+4f8ca688+2023-08-29-13h-36m-08s/ext1_f00199.npz
REAL+4f8ca688+2023-08-29-13h-36m-08s,ext1,292,ok,65,9,0.005923394097222222,347,347,55,0.9258741258741259,0.7076923076923077,3.22,17.1,0.64,,tracks/REAL+4f8ca688+2023-08-29-13h-36m-08s/ext1_f00292.npz
REAL+4f8ca688+2023-08-29-13h-36m-08s,ext2,199,ok,64,14,0.015723741319444446,347,347,148,0.9427787162162162,0.96875,7.83,18.9,0.64,,tracks/REAL+4f8ca688+2023-08-29-13h-36m-08s/ext2_f00199.npz
REAL+4f8ca688+2023-08-29-13h-36m-08s,ext2,292,ok,61,14,0.015071614583333334,347,347,55,0.9958271236959761,1.0,3.07,17.9,0.65,,tracks/REAL+4f8ca688+2023-08-29-13h-36m-08s/ext2_f00292.npz
REAL+4f8ca688+2023-08-31-13h-11m-04s,ext1,88,ok,65,11,0.009977213541666667,359,359,271,0.4208345160374681,0.6,13.76,19.7,0.64,,tracks/REAL+4f8ca688+2023-08-31-13h-11m-04s/ext1_f00088.npz
REAL+4f8ca688+2023-08-31-13h-11m-04s,ext2,88,ok,52,7,0.0037760416666666667,359,359,271,0.76483110984956,1.0,13.68,19.8,0.65,,tracks/REAL+4f8ca688+2023-08-31-13h-11m-04s/ext2_f00088.npz
REAL+4f8ca688+2023-08-31-15h-33m-09s,ext1,113,ok,73,8,0.005674913194444444,236,236,123,0.9537810446597617,0.8082191780821918,6.49,19.0,0.65,,tracks/REAL+4f8ca688+2023-08-31-15h-33m-09s/ext1_f00113.npz
REAL+4f8ca688+2023-08-31-15h-33m-09s,ext2,113,ok,69,11,0.010343967013888889,236,236,123,0.8642629904559915,0.5507246376811594,6.46,19.1,0.65,,tracks/REAL+4f8ca688+2023-08-31-15h-33m-09s/ext2_f00113.npz
REAL+4f8ca688+2023-09-07-13h-17m-30s,ext1,99,ok,53,9,0.006544053819444445,256,256,157,0.9885831029924288,1.0,8.07,19.5,0.64,,tracks/REAL+4f8ca688+2023-09-07-13h-17m-30s/ext1_f00099.npz
REAL+4f8ca688+2023-09-07-13h-17m-30s,ext2,99,ok,61,5,0.0032367621527777776,256,256,157,0.9688837840659914,0.8688524590163934,8.12,19.3,0.64,,tracks/REAL+4f8ca688+2023-09-07-13h-17m-30s/ext2_f00099.npz
REAL+75b7b0f9+2023-06-23-15h-32m-29s,ext1,21,ok,69,10,0.007963324652777777,315,315,294,0.8491077590456473,0.6376811594202898,15.09,19.5,0.64,,tracks/REAL+75b7b0f9+2023-06-23-15h-32m-29s/ext1_f00021.npz
REAL+75b7b0f9+2023-06-23-15h-32m-29s,ext2,21,ok,67,9,0.006381293402777778,315,315,294,0.9215656411818459,1.0,15.21,19.3,0.65,,tracks/REAL+75b7b0f9+2023-06-23-15h-32m-29s/ext2_f00021.npz
REAL+b04f2af4+2023-06-01-18h-56m-59s,ext1,120,ok,61,7,0.003445095486111111,258,258,138,0.9868139700641483,0.9508196721311475,7.08,19.5,0.64,,tracks/REAL+b04f2af4+2023-06-01-18h-56m-59s/ext1_f00120.npz
REAL+b04f2af4+2023-06-01-18h-56m-59s,ext2,120,ok,69,9,0.007026909722222223,258,258,138,0.9816215080865365,0.9565217391304348,7.18,19.2,0.65,,tracks/REAL+b04f2af4+2023-06-01-18h-56m-59s/ext2_f00120.npz
REAL+b04f2af4+2023-07-15-13h-51m-44s,ext1,117,ok,66,8,0.005702039930555555,270,270,153,0.979897009308774,1.0,8.09,18.9,0.65,,tracks/REAL+b04f2af4+2023-07-15-13h-51m-44s/ext1_f00117.npz
REAL+b04f2af4+2023-07-15-13h-51m-44s,ext2,117,ok,72,14,0.015709635416666666,270,270,153,0.9738562091503268,1.0,8.12,18.9,0.65,,tracks/REAL+b04f2af4+2023-07-15-13h-51m-44s/ext2_f00117.npz
REAL+b04f2af4+2023-07-15-14h-06m-25s,ext1,95,ok,67,18,0.02575954861111111,140,140,45,0.7953565505804312,0.7313432835820896,2.45,18.4,0.64,,tracks/REAL+b04f2af4+2023-07-15-14h-06m-25s/ext1_f00095.npz
REAL+b04f2af4+2023-07-15-14h-06m-25s,ext2,95,ok,61,9,0.006042751736111111,140,140,45,0.9533697632058288,0.7868852459016393,2.48,18.1,0.64,,tracks/REAL+b04f2af4+2023-07-15-14h-06m-25s/ext2_f00095.npz
REAL+b04f2af4+2023-09-10-14h-57m-19s,ext1,158,ok,70,8,0.006097005208333333,169,169,11,0.9974025974025974,1.0,0.85,12.9,0.64,,tracks/REAL+b04f2af4+2023-09-10-14h-57m-19s/ext1_f00158.npz
REAL+b04f2af4+2023-09-10-14h-57m-19s,ext2,158,ok,66,13,0.01342013888888889,169,169,11,0.9931129476584022,1.0,0.79,14.0,0.65,,tracks/REAL+b04f2af4+2023-09-10-14h-57m-19s/ext2_f00158.npz
REAL+b04f2af4+2023-09-10-15h-37m-51s,ext1,101,ok,66,9,0.007746310763888889,163,163,62,1.0,1.0,3.31,18.7,0.64,,tracks/REAL+b04f2af4+2023-09-10-15h-37m-51s/ext1_f00101.npz
REAL+b04f2af4+2023-09-10-15h-37m-51s,ext2,101,ok,77,10,0.010532769097222222,163,163,62,0.9801005446166736,0.974025974025974,3.42,18.1,0.65,,tracks/REAL+b04f2af4+2023-09-10-15h-37m-51s/ext2_f00101.npz
REAL+b04f2af4+2023-09-10-15h-49m-25s,ext1,86,ok,58,7,0.004202473958333334,255,255,169,0.9796980208120791,0.9482758620689655,8.83,19.1,0.65,,tracks/REAL+b04f2af4+2023-09-10-15h-49m-25s/ext1_f00086.npz
REAL+b04f2af4+2023-09-10-15h-49m-25s,ext2,86,ok,65,15,0.017972005208333332,255,255,169,0.9269913518434229,0.9538461538461539,8.82,19.2,0.65,,tracks/REAL+b04f2af4+2023-09-10-15h-49m-25s/ext2_f00086.npz
REAL+de601749+2023-05-19-11h-48m-18s,ext1,64,ok,67,13,0.012545572916666666,605,605,541,0.4998206748144674,0.23880597014925373,27.58,19.6,0.64,,tracks/REAL+de601749+2023-05-19-11h-48m-18s/ext1_f00064.npz
REAL+de601749+2023-05-19-11h-48m-18s,ext2,64,ok,59,11,0.009296875,605,605,541,0.691187067264012,0.6949152542372882,27.46,19.7,0.64,,tracks/REAL+de601749+2023-05-19-11h-48m-18s/ext2_f00064.npz
REAL+de601749+2023-05-19-12h-25m-44s,ext1,191,ok,62,17,0.021231553819444443,534,534,343,0.8684284773817361,0.7741935483870968,17.51,19.6,0.64,,tracks/REAL+de601749+2023-05-19-12h-25m-44s/ext1_f00191.npz
REAL+de601749+2023-05-19-12h-25m-44s,ext1,51,ok,74,16,0.020250651041666668,534,534,483,0.44630966370096803,0.0,24.96,19.4,0.64,,tracks/REAL+de601749+2023-05-19-12h-25m-44s/ext1_f00051.npz
REAL+de601749+2023-05-19-12h-25m-44s,ext1,102,ok,59,19,0.02671657986111111,534,534,432,0.727597300690521,0.7457627118644068,22.32,19.4,0.65,,tracks/REAL+de601749+2023-05-19-12h-25m-44s/ext1_f00102.npz
REAL+de601749+2023-05-19-12h-25m-44s,ext2,51,ok,56,10,0.007639973958333333,534,534,483,0.6576456669624372,0.875,24.31,19.9,0.65,,tracks/REAL+de601749+2023-05-19-12h-25m-44s/ext2_f00051.npz
REAL+de601749+2023-05-19-12h-25m-44s,ext2,102,ok,63,5,0.0023643663194444445,534,534,432,0.9489638447971781,0.9682539682539683,22.47,19.2,0.65,,tracks/REAL+de601749+2023-05-19-12h-25m-44s/ext2_f00102.npz
REAL+de601749+2023-05-19-12h-25m-44s,ext2,191,ok,52,5,0.0023231336805555557,534,534,343,0.8959407938999776,0.5384615384615384,17.76,19.3,0.65,,tracks/REAL+de601749+2023-05-19-12h-25m-44s/ext2_f00191.npz
REAL+de601749+2023-05-20-14h-56m-27s,ext1,82,ok,55,13,0.011976996527777778,416,416,334,0.14735982580293958,0.0,17.05,19.6,0.64,,tracks/REAL+de601749+2023-05-20-14h-56m-27s/ext1_f00082.npz
REAL+de601749+2023-05-20-14h-56m-27s,ext1,188,ok,30,4,0.001306423611111111,416,416,228,0.14166666666666666,0.0,11.32,20.1,0.64,,tracks/REAL+de601749+2023-05-20-14h-56m-27s/ext1_f00188.npz
REAL+de601749+2023-05-20-14h-56m-27s,ext2,82,ok,73,8,0.005856119791666667,416,416,334,0.705930604544336,0.8904109589041096,17.22,19.4,0.64,,tracks/REAL+de601749+2023-05-20-14h-56m-27s/ext2_f00082.npz
REAL+de601749+2023-05-20-14h-56m-27s,ext2,188,ok,58,8,0.004928385416666667,416,416,228,0.6351330913490623,0.8103448275862069,12.02,19.0,0.65,,tracks/REAL+de601749+2023-05-20-14h-56m-27s/ext2_f00188.npz
REAL+de601749+2023-05-28-15h-25m-00s,ext1,231,ok,58,5,0.0022526041666666666,468,468,237,0.9332896842717882,1.0,12.08,19.6,0.64,,tracks/REAL+de601749+2023-05-28-15h-25m-00s/ext1_f00231.npz
REAL+de601749+2023-05-28-15h-25m-00s,ext1,276,ok,70,7,0.004903428819444444,468,468,192,0.8655505952380952,0.9285714285714286,10.02,19.2,0.65,,tracks/REAL+de601749+2023-05-28-15h-25m-00s/ext1_f00276.npz
REAL+de601749+2023-05-28-15h-25m-00s,ext1,312,ok,70,5,0.002822265625,468,468,156,0.8989010989010989,0.9857142857142858,8.42,18.5,0.65,,tracks/REAL+de601749+2023-05-28-15h-25m-00s/ext1_f00312.npz
REAL+de601749+2023-05-28-15h-25m-00s,ext2,231,ok,68,7,0.0062315538194444445,468,468,237,0.7354802680565897,0.8970588235294118,12.34,19.2,0.65,,tracks/REAL+de601749+2023-05-28-15h-25m-00s/ext2_f00231.npz
REAL+de601749+2023-05-28-15h-25m-00s,ext2,276,ok,44,4,0.0010894097222222223,468,468,192,0.5968276515151515,0.9772727272727273,9.93,19.3,0.64,,tracks/REAL+de601749+2023-05-28-15h-25m-00s/ext2_f00276.npz
REAL+de601749+2023-05-28-15h-25m-00s,ext2,312,ok,66,5,0.004045138888888889,468,468,156,0.78506216006216,0.9696969696969697,8.23,18.9,0.64,,tracks/REAL+de601749+2023-05-28-15h-25m-00s/ext2_f00312.npz
REAL+de601749+2023-05-28-15h-53m-23s,ext1,117,ok,63,6,0.003181423611111111,523,523,406,0.9397138165611072,0.9523809523809523,20.94,19.4,0.64,,tracks/REAL+de601749+2023-05-28-15h-53m-23s/ext1_f00117.npz
REAL+de601749+2023-05-28-15h-53m-23s,ext2,117,ok,66,11,0.009402126736111112,523,523,406,0.8216898044484251,0.6060606060606061,21.15,19.2,0.65,,tracks/REAL+de601749+2023-05-28-15h-53m-23s/ext2_f00117.npz
REAL+de601749+2023-06-09-13h-10m-29s,ext1,27,ok,66,13,0.013819444444444445,190,190,163,0.7932701245584681,0.7272727272727273,8.37,19.5,0.64,,tracks/REAL+de601749+2023-06-09-13h-10m-29s/ext1_f00027.npz
REAL+de601749+2023-06-09-13h-10m-29s,ext2,27,ok,77,5,0.0025325520833333333,190,190,163,0.9329137120548163,0.8051948051948052,8.44,19.3,0.65,,tracks/REAL+de601749+2023-06-09-13h-10m-29s/ext2_f00027.npz
REAL+de601749+2023-06-10-14h-21m-10s,ext1,109,ok,74,9,0.007554253472222223,152,152,43,0.86926461345066,0.8243243243243243,2.44,17.6,0.65,,tracks/REAL+de601749+2023-06-10-14h-21m-10s/ext1_f00109.npz
REAL+de601749+2023-06-10-14h-21m-10s,ext2,109,ok,68,18,0.022915581597222224,152,152,43,0.8508891928864569,0.7794117647058824,2.4,17.9,0.65,,tracks/REAL+de601749+2023-06-10-14h-21m-10s/ext2_f00109.npz
RPL+32cba90c+2023-12-04-18h-30m-04s,ext1,210,ok,69,14,0.016484375,1139,1139,929,0.8675839690488448,0.8695652173913043,47.75,19.5,0.64,,tracks/RPL+32cba90c+2023-12-04-18h-30m-04s/ext1_f00210.npz
RPL+32cba90c+2023-12-04-18h-30m-04s,ext1,1031,ok,65,14,0.015200737847222222,1139,1139,108,0.9518518518518518,0.9692307692307692,6.48,16.7,0.64,,tracks/RPL+32cba90c+2023-12-04-18h-30m-04s/ext1_f01031.npz
RPL+32cba90c+2023-12-04-18h-30m-04s,ext2,210,ok,59,11,0.008841145833333333,1139,1139,929,0.8083413913265586,1.0,47.32,19.6,0.64,,tracks/RPL+32cba90c+2023-12-04-18h-30m-04s/ext2_f00210.npz
RPL+32cba90c+2023-12-04-18h-30m-04s,ext2,1031,ok,60,13,0.012243923611111112,1139,1139,108,0.9929012345679012,0.9666666666666667,6.48,16.7,0.65,,tracks/RPL+32cba90c+2023-12-04-18h-30m-04s/ext2_f01031.npz
RPL+32cba90c+2023-12-04-18h-39m-19s,ext1,841,ok,59,14,0.014415147569444444,956,956,115,0.7159911569638909,0.8135593220338984,6.64,17.3,0.64,,tracks/RPL+32cba90c+2023-12-04-18h-39m-19s/ext1_f00841.npz
RPL+32cba90c+2023-12-04-18h-39m-19s,ext2,841,ok,59,15,0.016890190972222222,956,956,115,0.9322033898305084,0.8983050847457628,6.54,17.6,0.65,,tracks/RPL+32cba90c+2023-12-04-18h-39m-19s/ext2_f00841.npz
RPL+32cba90c+2023-12-05-16h-11m-10s,ext1,605,ok,58,9,0.007648654513888889,635,635,30,0.9994252873563219,1.0,2.21,13.6,0.65,,tracks/RPL+32cba90c+2023-12-05-16h-11m-10s/ext1_f00605.npz
RPL+32cba90c+2023-12-05-16h-11m-10s,ext2,605,ok,59,16,0.01890625,635,635,30,0.984180790960452,0.9830508474576272,2.0,15.0,0.65,,tracks/RPL+32cba90c+2023-12-05-16h-11m-10s/ext2_f00605.npz
RPL+32cba90c+2023-12-07-17h-57m-19s,ext1,1024,ok,68,10,0.00862087673611111,1112,1112,88,0.9560494652406417,0.8235294117647058,5.5,16.0,0.64,,tracks/RPL+32cba90c+2023-12-07-17h-57m-19s/ext1_f01024.npz
RPL+32cba90c+2023-12-07-17h-57m-19s,ext2,1024,ok,65,9,0.006824001736111111,1112,1112,88,0.8758741258741258,1.0,5.39,16.3,0.64,,tracks/RPL+32cba90c+2023-12-07-17h-57m-19s/ext2_f01024.npz
RPL+32cba90c+2023-12-07-19h-39m-15s,ext1,224,ok,61,9,0.007405598958333333,1174,1174,950,0.5485763589301121,0.36065573770491804,48.49,19.6,0.64,,tracks/RPL+32cba90c+2023-12-07-19h-39m-15s/ext1_f00224.npz
RPL+32cba90c+2023-12-07-19h-39m-15s,ext2,224,ok,66,10,0.008375651041666666,1174,1174,950,0.834354066985646,0.5909090909090909,49.01,19.4,0.65,,tracks/RPL+32cba90c+2023-12-07-19h-39m-15s/ext2_f00224.npz
RPL+32cba90c+2023-12-07-21h-01m-43s,ext1,364,ok,61,8,0.005735677083333333,1325,1325,961,0.8965899592296276,0.819672131147541,48.69,19.7,0.64,,tracks/RPL+32cba90c+2023-12-07-21h-01m-43s/ext1_f00364.npz
RPL+32cba90c+2023-12-07-21h-01m-43s,ext2,364,ok,62,12,0.011098090277777778,1325,1325,961,0.8482931086569769,0.9838709677419355,48.93,19.6,0.65,,tracks/RPL+32cba90c+2023-12-07-21h-01m-43s/ext2_f00364.npz
RPL+32cba90c+2023-12-07-21h-04m-28s,ext1,1069,ok,67,8,0.006639539930555555,1337,1337,268,0.7317888171084874,0.8507462686567164,14.93,17.9,0.65,,tracks/RPL+32cba90c+2023-12-07-21h-04m-28s/ext1_f01069.npz
RPL+32cba90c+2023-12-07-21h-04m-28s,ext2,1069,ok,67,14,0.016244574652777777,1337,1337,268,0.7512252171975942,0.5522388059701493,14.6,18.4,0.65,,tracks/RPL+32cba90c+2023-12-07-21h-04m-28s/ext2_f01069.npz
RPL+32cba90c+2023-12-07-21h-12m-39s,ext1,600,ok,68,7,0.0054329427083333335,1034,1034,434,0.7147262130658715,0.9705882352941176,22.64,19.2,0.64,,tracks/RPL+32cba90c+2023-12-07-21h-12m-39s/ext1_f00600.npz
RPL+32cba90c+2023-12-07-21h-12m-39s,ext1,736,ok,67,8,0.006000434027777778,1034,1034,298,0.7529800661123911,0.5223880597014925,15.94,18.7,0.64,,tracks/RPL+32cba90c+2023-12-07-21h-12m-39s/ext1_f00736.npz
RPL+32cba90c+2023-12-07-21h-12m-39s,ext2,600,ok,67,10,0.008573133680555555,1034,1034,434,0.8265699153999587,0.9701492537313433,22.83,19.0,0.64,,tracks/RPL+32cba90c+2023-12-07-21h-12m-39s/ext2_f00600.npz
RPL+32cba90c+2023-12-07-21h-12m-39s,ext2,736,ok,55,14,0.013729383680555556,1034,1034,298,0.8771201952410006,0.9090909090909091,15.9,18.7,0.65,,tracks/RPL+32cba90c+2023-12-07-21h-12m-39s/ext2_f00736.npz
RPL+32cba90c+2023-12-08-14h-24m-11s,ext1,1033,ok,64,14,0.015672743055555556,1324,1324,291,0.8341387457044673,0.859375,15.56,18.7,0.64,,tracks/RPL+32cba90c+2023-12-08-14h-24m-11s/ext1_f01033.npz
RPL+32cba90c+2023-12-08-14h-24m-11s,ext1,1251,ok,71,14,0.014912109375,1324,1324,73,0.8566467296932279,0.7605633802816901,5.0,14.6,0.65,,tracks/RPL+32cba90c+2023-12-08-14h-24m-11s/ext1_f01251.npz
RPL+32cba90c+2023-12-08-14h-24m-11s,ext2,1033,ok,73,11,0.010282118055555555,1324,1324,291,0.8148566586640305,0.8767123287671232,16.01,18.2,0.65,,tracks/RPL+32cba90c+2023-12-08-14h-24m-11s/ext2_f01033.npz
RPL+32cba90c+2023-12-08-14h-24m-11s,ext2,1251,ok,63,26,0.04850802951388889,1324,1324,73,0.9839095455533812,0.8571428571428571,4.76,15.3,0.65,,tracks/RPL+32cba90c+2023-12-08-14h-24m-11s/ext2_f01251.npz
RPL+32cba90c+2023-12-08-15h-46m-28s,ext1,1079,ok,72,11,0.009909939236111111,1388,1388,309,0.8015102481121898,0.7777777777777778,16.8,18.4,0.64,,tracks/RPL+32cba90c+2023-12-08-15h-46m-28s/ext1_f01079.npz
RPL+32cba90c+2023-12-08-15h-46m-28s,ext2,1079,ok,74,8,0.005520833333333333,1388,1388,309,0.7060701478177206,0.35135135135135137,16.79,18.4,0.64,,tracks/RPL+32cba90c+2023-12-08-15h-46m-28s/ext2_f01079.npz
RPL+32cba90c+2023-12-09-14h-23m-47s,ext1,280,ok,66,12,0.01270290798611111,323,323,43,0.9943622269203665,0.9848484848484849,2.58,16.7,0.64,,tracks/RPL+32cba90c+2023-12-09-14h-23m-47s/ext1_f00280.npz
RPL+32cba90c+2023-12-09-14h-23m-47s,ext2,280,ok,57,15,0.01656467013888889,323,323,43,0.9738882088943288,0.8421052631578947,2.6,16.5,0.65,,tracks/RPL+32cba90c+2023-12-09-14h-23m-47s/ext2_f00280.npz
RPL+cb4f6842+2023-05-23-13h-19m-11s,ext1,165,ok,77,6,0.0037065972222222222,281,281,116,0.48163905060456785,0.0,6.13,18.9,0.64,,tracks/RPL+cb4f6842+2023-05-23-13h-19m-11s/ext1_f00165.npz
RPL+cb4f6842+2023-05-23-13h-19m-11s,ext2,165,ok,75,5,0.0029459635416666666,281,281,116,0.5070114942528736,0.06666666666666667,6.22,18.6,0.65,,tracks/RPL+cb4f6842+2023-05-23-13h-19m-11s/ext2_f00165.npz
RPL+cb4f6842+2023-05-23-14h-42m-38s,ext1,164,ok,69,10,0.00806640625,174,174,10,1.0,1.0,0.71,14.1,0.65,,tracks/RPL+cb4f6842+2023-05-23-14h-42m-38s/ext1_f00164.npz
RPL+cb4f6842+2023-05-23-14h-42m-38s,ext2,164,ok,62,8,0.004847005208333333,174,174,10,1.0,1.0,0.7,14.3,0.65,,tracks/RPL+cb4f6842+2023-05-23-14h-42m-38s/ext2_f00164.npz
RPL+cb4f6842+2023-06-04-13h-06m-26s,ext1,171,ok,82,6,0.004014756944444444,270,270,99,0.8615422517861542,0.975609756097561,5.36,18.5,0.65,,tracks/RPL+cb4f6842+2023-06-04-13h-06m-26s/ext1_f00171.npz
RPL+cb4f6842+2023-06-04-13h-06m-26s,ext1,248,ok,81,9,0.007376302083333334,270,270,22,1.0,1.0,1.42,15.5,0.65,,tracks/RPL+cb4f6842+2023-06-04-13h-06m-26s/ext1_f00248.npz
RPL+cb4f6842+2023-06-04-13h-06m-26s,ext2,171,ok,71,8,0.005194227430555556,270,270,99,0.8675487267036562,0.9436619718309859,5.21,19.0,0.64,,tracks/RPL+cb4f6842+2023-06-04-13h-06m-26s/ext2_f00171.npz
RPL+cb4f6842+2023-06-04-13h-06m-26s,ext2,248,ok,67,10,0.007830946180555555,270,270,22,0.9966078697421981,1.0,1.41,15.6,0.65,,tracks/RPL+cb4f6842+2023-06-04-13h-06m-26s/ext2_f00248.npz
RPL+cb4f6842+2023-06-04-13h-09m-24s,ext1,185,ok,80,7,0.004529079861111111,304,304,119,0.9294117647058824,1.0,6.2,19.2,0.64,,tracks/RPL+cb4f6842+2023-06-04-13h-09m-24s/ext1_f00185.npz
RPL+cb4f6842+2023-06-04-13h-09m-24s,ext1,249,ok,75,8,0.005593532986111111,304,304,55,0.9963636363636363,1.0,3.06,18.0,0.65,,tracks/RPL+cb4f6842+2023-06-04-13h-09m-24s/ext1_f00249.npz
RPL+cb4f6842+2023-06-04-13h-09m-24s,ext2,185,ok,78,6,0.003786892361111111,304,304,119,0.8917259211376859,1.0,6.41,18.6,0.65,,tracks/RPL+cb4f6842+2023-06-04-13h-09m-24s/ext2_f00185.npz
RPL+cb4f6842+2023-06-04-13h-09m-24s,ext2,249,ok,74,6,0.003466796875,304,304,55,0.9995085995085995,1.0,3.08,17.8,0.65,,tracks/RPL+cb4f6842+2023-06-04-13h-09m-24s/ext2_f00249.npz
RPL+cb4f6842+2023-06-04-14h-55m-07s,ext1,171,ok,66,6,0.0028135850694444445,303,303,132,0.8530762167125804,0.9696969696969697,6.9,19.1,0.65,,tracks/RPL+cb4f6842+2023-06-04-14h-55m-07s/ext1_f00171.npz
RPL+cb4f6842+2023-06-04-14h-55m-07s,ext1,226,ok,66,8,0.005042317708333333,303,303,77,1.0,1.0,4.23,18.2,0.65,,tracks/RPL+cb4f6842+2023-06-04-14h-55m-07s/ext1_f00226.npz
RPL+cb4f6842+2023-06-04-14h-55m-07s,ext2,171,ok,79,6,0.0034754774305555554,303,303,132,0.8264288454161872,0.9367088607594937,7.25,18.2,0.64,,tracks/RPL+cb4f6842+2023-06-04-14h-55m-07s/ext2_f00171.npz
RPL+cb4f6842+2023-06-04-14h-55m-07s,ext2,226,ok,73,8,0.005710720486111111,303,303,77,1.0,1.0,4.2,18.3,0.65,,tracks/RPL+cb4f6842+2023-06-04-14h-55m-07s/ext2_f00226.npz
RPL+cb4f6842+2023-06-04-14h-58m-22s,ext1,204,ok,68,7,0.003933376736111111,293,293,89,0.70522141440846,0.9558823529411765,4.65,19.1,0.64,,tracks/RPL+cb4f6842+2023-06-04-14h-58m-22s/ext1_f00204.npz
RPL+cb4f6842+2023-06-04-14h-58m-22s,ext1,262,ok,68,9,0.006650390625,293,293,31,0.9971537001897534,1.0,1.88,16.5,0.65,,tracks/RPL+cb4f6842+2023-06-04-14h-58m-22s/ext1_f00262.npz
RPL+cb4f6842+2023-06-04-14h-58m-22s,ext2,204,ok,53,5,0.001984592013888889,293,293,89,0.6618613525545898,0.9433962264150944,4.81,18.5,0.65,,tracks/RPL+cb4f6842+2023-06-04-14h-58m-22s/ext2_f00204.npz
RPL+cb4f6842+2023-06-04-14h-58m-22s,ext2,262,ok,72,7,0.004341362847222223,293,293,31,1.0,1.0,1.87,16.6,0.65,,tracks/RPL+cb4f6842+2023-06-04-14h-58m-22s/ext2_f00262.npz
RPL+cb4f6842+2023-06-05-16h-59m-05s,ext1,188,ok,79,7,0.004663628472222223,283,283,95,0.8970019986675549,1.0,5.2,18.3,0.65,,tracks/RPL+cb4f6842+2023-06-05-16h-59m-05s/ext1_f00188.npz
RPL+cb4f6842+2023-06-05-16h-59m-05s,ext1,260,ok,81,7,0.004867621527777778,283,283,23,0.9994632313472893,1.0,1.53,15.1,0.65,,tracks/RPL+cb4f6842+2023-06-05-16h-59m-05s/ext1_f00260.npz
RPL+cb4f6842+2023-06-05-16h-59m-05s,ext2,188,ok,69,8,0.005113932291666666,283,283,95,0.9087719298245615,1.0,5.08,18.7,0.64,,tracks/RPL+cb4f6842+2023-06-05-16h-59m-05s/ext2_f00188.npz
RPL+cb4f6842+2023-06-05-16h-59m-05s,ext2,260,ok,72,9,0.006929253472222222,283,283,23,0.9993961352657005,1.0,1.45,15.9,0.65,,tracks/RPL+cb4f6842+2023-06-05-16h-59m-05s/ext2_f00260.npz
RPL+cb4f6842+2023-06-05-17h-09m-38s,ext1,189,ok,66,8,0.004796006944444445,259,259,70,0.8976190476190476,1.0,3.7,18.9,0.64,,tracks/RPL+cb4f6842+2023-06-05-17h-09m-38s/ext1_f00189.npz
RPL+cb4f6842+2023-06-05-17h-09m-38s,ext1,236,ok,68,9,0.006296657986111111,259,259,23,0.9993606138107417,1.0,1.41,16.3,0.65,,tracks/RPL+cb4f6842+2023-06-05-17h-09m-38s/ext1_f00236.npz
RPL+cb4f6842+2023-06-05-17h-09m-38s,ext2,189,ok,79,6,0.003347439236111111,259,259,70,0.8484629294755877,1.0,3.84,18.2,0.65,,tracks/RPL+cb4f6842+2023-06-05-17h-09m-38s/ext2_f00189.npz
RPL+cb4f6842+2023-06-05-17h-09m-38s,ext2,236,ok,68,7,0.004111328125,259,259,23,1.0,1.0,1.45,15.9,0.65,,tracks/RPL+cb4f6842+2023-06-05-17h-09m-38s/ext2_f00236.npz
RPL+cb4f6842+2023-06-05-17h-23m-13s,ext1,198,ok,66,8,0.004786241319444444,282,282,84,0.9781746031746031,1.0,4.55,18.5,0.65,,tracks/RPL+cb4f6842+2023-06-05-17h-23m-13s/ext1_f00198.npz
RPL+cb4f6842+2023-06-05-17h-23m-13s,ext2,198,ok,63,7,0.0037315538194444445,282,282,84,0.8992819349962207,0.9523809523809523,4.56,18.4,0.65,,tracks/RPL+cb4f6842+2023-06-05-17h-23m-13s/ext2_f00198.npz
TRI+22cb038f+2023-09-21-09h-29m-20s,ext1,158,ok,60,10,0.007600911458333333,195,195,37,0.9995495495495496,1.0,2.12,17.4,0.64,,tracks/TRI+22cb038f+2023-09-21-09h-29m-20s/ext1_f00158.npz
TRI+22cb038f+2023-09-21-09h-29m-20s,ext2,158,ok,72,17,0.03361436631944444,195,195,37,0.9204204204204204,0.9166666666666666,2.1,17.6,0.65,,tracks/TRI+22cb038f+2023-09-21-09h-29m-20s/ext2_f00158.npz
TRI+22cb038f+2023-09-21-09h-32m-19s,ext1,167,ok,52,4,0.0016156684027777777,198,198,31,0.45595533498759305,0.0,1.81,17.1,0.64,,tracks/TRI+22cb038f+2023-09-21-09h-32m-19s/ext1_f00167.npz
TRI+22cb038f+2023-09-21-09h-32m-19s,ext2,167,ok,67,12,0.011997612847222222,198,198,31,0.8454501685122773,0.746268656716418,1.77,17.5,0.65,,tracks/TRI+22cb038f+2023-09-21-09h-32m-19s/ext2_f00167.npz
TRI+22cb038f+2023-09-21-11h-26m-43s,ext1,157,ok,60,9,0.0061924913194444445,208,208,51,0.818954248366013,0.6333333333333333,2.81,18.1,0.65,,tracks/TRI+22cb038f+2023-09-21-11h-26m-43s/ext1_f00157.npz
TRI+22cb038f+2023-09-21-11h-26m-43s,ext1,198,ok,58,11,0.00943359375,208,208,10,0.996551724137931,1.0,0.73,13.7,0.65,,tracks/TRI+22cb038f+2023-09-21-11h-26m-43s/ext1_f00198.npz
TRI+22cb038f+2023-09-21-11h-26m-43s,ext2,157,ok,66,19,0.02890842013888889,208,208,51,0.4994058229352347,0.9393939393939394,2.82,18.1,0.65,,tracks/TRI+22cb038f+2023-09-21-11h-26m-43s/ext2_f00157.npz
TRI+22cb038f+2023-09-21-11h-26m-43s,ext2,198,ok,56,13,0.014153645833333334,208,208,10,1.0,1.0,1.02,9.8,0.65,,tracks/TRI+22cb038f+2023-09-21-11h-26m-43s/ext2_f00198.npz
TRI+22cb038f+2023-09-21-15h-08m-12s,ext1,118,ok,61,20,0.028633897569444445,175,175,57,0.8587863100373886,0.8524590163934426,3.08,18.5,0.64,,tracks/TRI+22cb038f+2023-09-21-15h-08m-12s/ext1_f00118.npz
TRI+22cb038f+2023-09-21-15h-08m-12s,ext2,118,ok,65,16,0.020445963541666667,175,175,57,0.900944669365722,1.0,3.09,18.4,0.65,,tracks/TRI+22cb038f+2023-09-21-15h-08m-12s/ext2_f00118.npz
TRI+22cb038f+2023-09-21-17h-46m-50s,ext1,108,ok,71,19,0.028878038194444445,168,168,60,0.8295774647887324,0.6197183098591549,3.18,18.9,0.64,,tracks/TRI+22cb038f+2023-09-21-17h-46m-50s/ext1_f00108.npz
TRI+22cb038f+2023-09-21-17h-46m-50s,ext2,108,ok,52,4,0.0013606770833333333,168,168,60,0.7865384615384615,0.9423076923076923,3.18,18.9,0.65,,tracks/TRI+22cb038f+2023-09-21-17h-46m-50s/ext2_f00108.npz
TRI+22cb038f+2023-09-25-09h-28m-12s,ext1,102,ok,70,15,0.017745225694444443,161,161,59,0.9515738498789347,0.9428571428571428,3.2,18.5,0.65,,tracks/TRI+22cb038f+2023-09-25-09h-28m-12s/ext1_f00102.npz
TRI+22cb038f+2023-09-25-09h-28m-12s,ext2,102,ok,67,15,0.018104383680555555,161,161,59,0.8054642044017202,0.9850746268656716,3.15,18.8,0.65,,tracks/TRI+22cb038f+2023-09-25-09h-28m-12s/ext2_f00102.npz
TRI+30510ef3+2023-10-12-12h-13m-20s,ext1,265,ok,68,17,0.022588975694444444,791,791,526,0.560696712144934,0.5882352941176471,27.01,19.5,0.65,,tracks/TRI+30510ef3+2023-10-12-12h-13m-20s/ext1_f00265.npz
TRI+30510ef3+2023-10-12-12h-13m-20s,ext1,550,ok,67,16,0.02177951388888889,791,791,241,0.9583204310398217,0.9552238805970149,12.93,18.6,0.65,,tracks/TRI+30510ef3+2023-10-12-12h-13m-20s/ext1_f00550.npz
TRI+30510ef3+2023-10-12-12h-13m-20s,ext2,265,ok,40,4,0.0010774739583333333,791,791,526,0.9937737642585551,1.0,26.68,19.7,0.64,,tracks/TRI+30510ef3+2023-10-12-12h-13m-20s/ext2_f00265.npz
TRI+30510ef3+2023-10-12-12h-13m-20s,ext2,550,ok,66,9,0.0071961805555555555,791,791,241,0.9842826606312084,1.0,12.95,18.6,0.65,,tracks/TRI+30510ef3+2023-10-12-12h-13m-20s/ext2_f00550.npz
TRI+30510ef3+2023-10-12-12h-18m-22s,ext1,361,ok,63,17,0.02140625,873,873,512,0.7368551587301587,0.0,26.09,19.6,0.64,,tracks/TRI+30510ef3+2023-10-12-12h-18m-22s/ext1_f00361.npz
TRI+30510ef3+2023-10-12-12h-18m-22s,ext1,702,ok,67,7,0.004811197916666667,873,873,171,0.5667277646853452,0.19402985074626866,9.4,18.2,0.65,,tracks/TRI+30510ef3+2023-10-12-12h-18m-22s/ext1_f00702.npz
TRI+30510ef3+2023-10-12-12h-18m-22s,ext2,361,ok,68,6,0.003420138888888889,873,873,512,0.5135569852941176,0.75,27.01,19.0,0.65,,tracks/TRI+30510ef3+2023-10-12-12h-18m-22s/ext2_f00361.npz
TRI+30510ef3+2023-10-12-12h-18m-22s,ext2,702,ok,64,5,0.001958550347222222,873,873,171,0.781889619883041,1.0,9.45,18.1,0.65,,tracks/TRI+30510ef3+2023-10-12-12h-18m-22s/ext2_f00702.npz
TRI+30510ef3+2023-10-12-16h-41m-09s,ext1,127,ok,63,6,0.0031901041666666666,425,425,298,0.7919463087248322,1.0,15.4,19.4,0.65,,tracks/TRI+30510ef3+2023-10-12-16h-41m-09s/ext1_f00127.npz
TRI+30510ef3+2023-10-12-16h-41m-09s,ext2,127,ok,61,19,0.031090494791666666,425,425,298,0.9493343602156453,0.9672131147540983,15.36,19.4,0.65,,tracks/TRI+30510ef3+2023-10-12-16h-41m-09s/ext2_f00127.npz
TRI+4b1a56cc+2023-09-05-16h-47m-08s,ext1,534,ok,67,20,0.031338975694444444,570,570,36,0.8702321724709784,0.8955223880597015,2.24,16.1,0.64,,tracks/TRI+4b1a56cc+2023-09-05-16h-47m-08s/ext1_f00534.npz
TRI+4b1a56cc+2023-09-05-16h-47m-08s,ext2,534,ok,70,12,0.010658637152777779,570,570,36,0.9650793650793651,0.9571428571428572,2.22,16.2,0.65,,tracks/TRI+4b1a56cc+2023-09-05-16h-47m-08s/ext2_f00534.npz
TRI+52ca9b6a+2023-10-17-13h-51m-19s,ext1,133,ok,68,8,0.005641276041666666,564,564,431,0.30943769619216593,0.0,21.86,19.7,0.64,,tracks/TRI+52ca9b6a+2023-10-17-13h-51m-19s/ext1_f00133.npz
TRI+52ca9b6a+2023-10-17-13h-51m-19s,ext1,166,ok,58,11,0.009559461805555556,564,564,398,0.3013342574943684,0.2413793103448276,20.28,19.6,0.65,,tracks/TRI+52ca9b6a+2023-10-17-13h-51m-19s/ext1_f00166.npz
TRI+52ca9b6a+2023-10-17-13h-51m-19s,ext1,285,ok,63,5,0.0020366753472222223,564,564,279,0.3372020253740684,0.0,14.74,18.9,0.65,,tracks/TRI+52ca9b6a+2023-10-17-13h-51m-19s/ext1_f00285.npz
TRI+52ca9b6a+2023-10-17-13h-51m-19s,ext1,467,ok,68,8,0.005601128472222223,564,564,97,0.3320194057004245,0.0,5.41,17.9,0.65,,tracks/TRI+52ca9b6a+2023-10-17-13h-51m-19s/ext1_f00467.npz
TRI+52ca9b6a+2023-10-17-13h-51m-19s,ext2,133,ok,73,14,0.01593532986111111,564,564,431,0.7626100498998823,0.2054794520547945,22.35,19.3,0.65,,tracks/TRI+52ca9b6a+2023-10-17-13h-51m-19s/ext2_f00133.npz
TRI+52ca9b6a+2023-10-17-13h-51m-19s,ext2,166,ok,76,10,0.008856336805555556,564,564,398,0.8072930441682095,0.27631578947368424,20.68,19.2,0.65,,tracks/TRI+52ca9b6a+2023-10-17-13h-51m-19s/ext2_f00166.npz
TRI+52ca9b6a+2023-10-17-13h-51m-19s,ext2,285,ok,66,12,0.011422526041666667,564,564,279,0.8881829043119366,0.12121212121212122,14.64,19.1,0.64,,tracks/TRI+52ca9b6a+2023-10-17-13h-51m-19s/ext2_f00285.npz
TRI+52ca9b6a+2023-10-17-13h-51m-19s,ext2,467,ok,63,10,0.008845486111111111,564,564,97,0.7856324660448372,0.2222222222222222,5.6,17.3,0.65,,tracks/TRI+52ca9b6a+2023-10-17-13h-51m-19s/ext2_f00467.npz
TRI+52ca9b6a+2023-10-17-13h-59m-42s,ext1,72,ok,69,10,0.008926866319444445,466,466,394,0.8505848598543367,0.36231884057971014,20.01,19.7,0.64,,tracks/TRI+52ca9b6a+2023-10-17-13h-59m-42s/ext1_f00072.npz
TRI+52ca9b6a+2023-10-17-13h-59m-42s,ext1,213,ok,67,10,0.009026692708333334,466,466,253,0.7791870686095216,0.31343283582089554,13.09,19.3,0.65,,tracks/TRI+52ca9b6a+2023-10-17-13h-59m-42s/ext1_f00213.npz
TRI+52ca9b6a+2023-10-17-13h-59m-42s,ext1,364,ok,74,5,0.00248046875,466,466,102,0.9060678325384208,0.918918918918919,5.85,17.4,0.65,,tracks/TRI+52ca9b6a+2023-10-17-13h-59m-42s/ext1_f00364.npz
TRI+52ca9b6a+2023-10-17-13h-59m-42s,ext2,72,ok,74,12,0.012327473958333333,466,466,394,0.6974550692824805,0.9459459459459459,20.36,19.4,0.65,,tracks/TRI+52ca9b6a+2023-10-17-13h-59m-42s/ext2_f00072.npz
TRI+52ca9b6a+2023-10-17-13h-59m-42s,ext2,213,ok,69,12,0.01171657986111111,466,466,253,0.8628630348857192,0.9565217391304348,13.29,19.0,0.65,,tracks/TRI+52ca9b6a+2023-10-17-13h-59m-42s/ext2_f00213.npz
TRI+52ca9b6a+2023-10-17-13h-59m-42s,ext2,364,ok,63,11,0.009578993055555556,466,466,102,0.9954870837223778,1.0,5.75,17.7,0.65,,tracks/TRI+52ca9b6a+2023-10-17-13h-59m-42s/ext2_f00364.npz
TRI+52ca9b6a+2023-10-17-15h-49m-35s,ext1,255,ok,70,8,0.005590277777777777,435,435,180,0.9980952380952381,1.0,9.42,19.1,0.64,,tracks/TRI+52ca9b6a+2023-10-17-15h-49m-35s/ext1_f00255.npz
TRI+52ca9b6a+2023-10-17-15h-49m-35s,ext2,255,ok,65,14,0.01425564236111111,435,435,180,0.9229059829059829,0.7692307692307693,9.67,18.6,0.65,,tracks/TRI+52ca9b6a+2023-10-17-15h-49m-35s/ext2_f00255.npz
TRI+52ca9b6a+2023-10-17-16h-18m-16s,ext1,308,ok,79,5,0.002931857638888889,650,650,342,0.5018136057443185,0.0,17.61,19.4,0.64,,tracks/TRI+52ca9b6a+2023-10-17-16h-18m-16s/ext1_f00308.npz
TRI+52ca9b6a+2023-10-17-16h-18m-16s,ext1,375,ok,59,5,0.0023133680555555555,650,650,275,0.5717719568567026,0.0,14.28,19.3,0.65,,tracks/TRI+52ca9b6a+2023-10-17-16h-18m-16s/ext1_f00375.npz
TRI+52ca9b6a+2023-10-17-16h-18m-16s,ext1,443,ok,63,5,0.0022352430555555554,650,650,207,0.484472049689441,0.2857142857142857,11.11,18.6,0.65,,tracks/TRI+52ca9b6a+2023-10-17-16h-18m-16s/ext1_f00443.npz
TRI+52ca9b6a+2023-10-17-16h-18m-16s,ext1,500,ok,59,6,0.0030729166666666665,650,650,150,0.3354802259887006,0.3559322033898305,8.06,18.6,0.65,,tracks/TRI+52ca9b6a+2023-10-17-16h-18m-16s/ext1_f00500.npz
TRI+52ca9b6a+2023-10-17-16h-18m-16s,ext2,308,ok,67,13,0.01430881076388889,650,650,342,0.5961857379767828,0.9850746268656716,17.77,19.2,0.65,,tracks/TRI+52ca9b6a+2023-10-17-16h-18m-16s/ext2_f00308.npz
TRI+52ca9b6a+2023-10-17-16h-18m-16s,ext2,375,ok,69,10,0.008570963541666667,650,650,275,0.53133069828722,0.10144927536231885,14.51,19.0,0.65,,tracks/TRI+52ca9b6a+2023-10-17-16h-18m-16s/ext2_f00375.npz
TRI+52ca9b6a+2023-10-17-16h-18m-16s,ext2,443,ok,59,7,0.003800998263888889,650,650,207,0.4920167035126505,0.7457627118644068,11.02,18.8,0.64,,tracks/TRI+52ca9b6a+2023-10-17-16h-18m-16s/ext2_f00443.npz
TRI+52ca9b6a+2023-10-17-16h-18m-16s,ext2,500,ok,63,9,0.007075737847222222,650,650,150,0.7402116402116402,0.9682539682539683,8.15,18.4,0.65,,tracks/TRI+52ca9b6a+2023-10-17-16h-18m-16s/ext2_f00500.npz
TRI+52ca9b6a+2023-10-17-16h-27m-22s,ext1,343,ok,65,8,0.005131293402777778,728,728,385,0.8175424575424576,0.9538461538461539,19.64,19.6,0.64,,tracks/TRI+52ca9b6a+2023-10-17-16h-27m-22s/ext1_f00343.npz
TRI+52ca9b6a+2023-10-17-16h-27m-22s,ext1,374,ok,61,8,0.004926215277777778,728,728,354,0.7974437343706585,0.9836065573770492,18.24,19.4,0.65,,tracks/TRI+52ca9b6a+2023-10-17-16h-27m-22s/ext1_f00374.npz
TRI+52ca9b6a+2023-10-17-16h-27m-22s,ext2,343,ok,67,12,0.012572699652777778,728,728,385,0.9149059895328552,1.0,20.32,18.9,0.65,,tracks/TRI+52ca9b6a+2023-10-17-16h-27m-22s/ext2_f00343.npz
TRI+52ca9b6a+2023-10-17-16h-27m-22s,ext2,374,ok,60,11,0.009291449652777778,728,728,354,0.9279661016949152,1.0,18.43,19.2,0.65,,tracks/TRI+52ca9b6a+2023-10-17-16h-27m-22s/ext2_f00374.npz
TRI+52ca9b6a+2023-10-17-17h-44m-18s,ext1,65,ok,72,8,0.005377604166666667,233,233,168,0.7692625661375662,0.0,8.78,19.1,0.65,,tracks/TRI+52ca9b6a+2023-10-17-17h-44m-18s/ext1_f00065.npz
TRI+52ca9b6a+2023-10-17-17h-44m-18s,ext2,65,ok,62,9,0.006839192708333333,233,233,168,0.9537250384024577,0.6290322580645161,8.72,19.3,0.65,,tracks/TRI+52ca9b6a+2023-10-17-17h-44m-18s/ext2_f00065.npz
TRI+52ca9b6a+2023-10-18-13h-21m-51s,ext1,115,ok,75,25,0.04673068576388889,136,136,21,0.16952380952380952,0.0,1.27,16.5,0.64,,tracks/TRI+52ca9b6a+2023-10-18-13h-21m-51s/ext1_f00115.npz
TRI+52ca9b6a+2023-10-18-13h-21m-51s,ext2,115,ok,61,7,0.004265407986111111,136,136,21,0.7985948477751756,0.39344262295081966,1.27,16.5,0.65,,tracks/TRI+52ca9b6a+2023-10-18-13h-21m-51s/ext2_f00115.npz
TRI+52ca9b6a+2023-10-18-15h-51m-07s,ext1,289,ok,63,8,0.004940321180555556,346,346,57,0.7619047619047619,0.0,3.22,17.7,0.64,,tracks/TRI+52ca9b6a+2023-10-18-15h-51m-07s/ext1_f00289.npz
TRI+52ca9b6a+2023-10-18-15h-51m-07s,ext2,289,ok,61,9,0.006671006944444445,346,346,57,0.996548748921484,1.0,3.46,16.5,0.65,,tracks/TRI+52ca9b6a+2023-10-18-15h-51m-07s/ext2_f00289.npz
TRI+52ca9b6a+2023-10-18-16h-04m-05s,ext1,470,ok,62,8,0.005350477430555556,689,689,219,0.18441596700545,0.0,11.96,18.3,0.65,,tracks/TRI+52ca9b6a+2023-10-18-16h-04m-05s/ext1_f00470.npz
TRI+52ca9b6a+2023-10-18-16h-04m-05s,ext2,470,ok,63,40,0.11473958333333334,689,689,219,0.10357324055954192,0.0,11.64,18.8,0.65,,tracks/TRI+52ca9b6a+2023-10-18-16h-04m-05s/ext2_f00470.npz
TRI+52ca9b6a+2023-10-18-16h-11m-27s,ext1,425,ok,65,11,0.010100911458333334,427,427,2,1.0,1.0,1.02,2.0,0.65,,tracks/TRI+52ca9b6a+2023-10-18-16h-11m-27s/ext1_f00425.npz
TRI+52ca9b6a+2023-10-18-16h-11m-27s,ext2,425,ok,62,17,0.02352322048611111,427,427,2,1.0,1.0,0.6,3.3,0.65,,tracks/TRI+52ca9b6a+2023-10-18-16h-11m-27s/ext2_f00425.npz
TRI+52ca9b6a+2023-10-18-16h-31m-36s,ext1,53,ok,65,12,0.011360677083333333,261,261,208,0.9794378698224852,1.0,10.81,19.2,0.64,,tracks/TRI+52ca9b6a+2023-10-18-16h-31m-36s/ext1_f00053.npz
TRI+52ca9b6a+2023-10-18-16h-31m-36s,ext2,53,ok,58,29,0.06157009548611111,261,261,208,0.04409814323607427,0.017241379310344827,10.72,19.4,0.65,,tracks/TRI+52ca9b6a+2023-10-18-16h-31m-36s/ext2_f00053.npz
TRI+52ca9b6a+2023-10-18-17h-05m-59s,ext1,208,ok,59,11,0.00974609375,228,228,20,0.997457627118644,1.0,1.36,14.7,0.64,,tracks/TRI+52ca9b6a+2023-10-18-17h-05m-59s/ext1_f00208.npz
TRI+52ca9b6a+2023-10-18-17h-05m-59s,ext2,208,ok,61,16,0.01951605902777778,228,228,20,0.9073770491803279,0.8852459016393442,1.29,15.5,0.65,,tracks/TRI+52ca9b6a+2023-10-18-17h-05m-59s/ext2_f00208.npz
TRI+52ca9b6a+2023-10-19-11h-26m-21s,ext1,458,ok,60,9,0.006729600694444444,494,494,36,0.8898148148148148,0.5,2.32,15.5,0.65,,tracks/TRI+52ca9b6a+2023-10-19-11h-26m-21s/ext1_f00458.npz
TRI+52ca9b6a+2023-10-19-11h-26m-21s,ext2,458,ok,68,8,0.006962890625,494,494,36,0.8406862745098039,0.6911764705882353,2.33,15.4,0.65,,tracks/TRI+52ca9b6a+2023-10-19-11h-26m-21s/ext2_f00458.npz
TRI+52ca9b6a+2023-10-19-14h-36m-58s,ext1,47,ok,69,7,0.004613715277777777,239,239,192,0.9929800724637681,1.0,9.97,19.3,0.65,,tracks/TRI+52ca9b6a+2023-10-19-14h-36m-58s/ext1_f00047.npz
TRI+52ca9b6a+2023-10-19-14h-36m-58s,ext1,62,ok,58,9,0.006257595486111111,239,239,177,0.9818819403857393,1.0,9.12,19.4,0.65,,tracks/TRI+52ca9b6a+2023-10-19-14h-36m-58s/ext1_f00062.npz
TRI+52ca9b6a+2023-10-19-14h-36m-58s,ext1,139,ok,66,9,0.006694878472222222,239,239,100,0.9784848484848485,1.0,5.25,19.1,0.64,,tracks/TRI+52ca9b6a+2023-10-19-14h-36m-58s/ext1_f00139.npz
TRI+52ca9b6a+2023-10-19-14h-36m-58s,ext2,62,ok,65,13,0.013517795138888889,239,239,177,0.957670578009561,1.0,9.02,19.6,0.64,,tracks/TRI+52ca9b6a+2023-10-19-14h-36m-58s/ext2_f00062.npz
TRI+52ca9b6a+2023-10-19-14h-36m-58s,ext2,139,ok,63,14,0.015434027777777777,239,239,100,0.9557142857142857,1.0,5.24,19.1,0.65,,tracks/TRI+52ca9b6a+2023-10-19-14h-36m-58s/ext2_f00139.npz
TRI+52ca9b6a+2023-10-19-14h-36m-58s,ext2,47,ok,59,8,0.004920789930555555,239,239,192,0.6758474576271186,0.8983050847457628,9.95,19.3,0.65,,tracks/TRI+52ca9b6a+2023-10-19-14h-36m-58s/ext2_f00047.npz
TRI+52ca9b6a+2023-10-19-16h-41m-05s,ext1,107,ok,76,6,0.0037022569444444446,169,169,62,0.9804753820033956,1.0,3.39,18.3,0.65,,tracks/TRI+52ca9b6a+2023-10-19-16h-41m-05s/ext1_f00107.npz
TRI+52ca9b6a+2023-10-19-16h-41m-05s,ext2,107,ok,62,9,0.005913628472222222,169,169,62,0.8056711758584808,0.4032258064516129,3.4,18.2,0.65,,tracks/TRI+52ca9b6a+2023-10-19-16h-41m-05s/ext2_f00107.npz
TRI+52ca9b6a+2023-10-23-10h-22m-20s,ext1,161,ok,58,7,0.0040190972222222225,423,423,262,0.9980257962621742,1.0,13.42,19.5,0.65,,tracks/TRI+52ca9b6a+2023-10-23-10h-22m-20s/ext1_f00161.npz
TRI+52ca9b6a+2023-10-23-10h-22m-20s,ext1,326,ok,68,6,0.00345703125,423,423,97,0.9483020012128562,0.9852941176470589,5.33,18.2,0.65,,tracks/TRI+52ca9b6a+2023-10-23-10h-22m-20s/ext1_f00326.npz
TRI+52ca9b6a+2023-10-23-10h-22m-20s,ext1,374,ok,62,7,0.00419921875,423,423,49,0.9970375246872942,1.0,2.85,17.2,0.64,,tracks/TRI+52ca9b6a+2023-10-23-10h-22m-20s/ext1_f00374.npz
TRI+52ca9b6a+2023-10-23-10h-22m-20s,ext2,326,ok,61,22,0.03810546875,423,423,97,0.5146188947101572,0.4262295081967213,5.2,18.7,0.64,,tracks/TRI+52ca9b6a+2023-10-23-10h-22m-20s/ext2_f00326.npz
TRI+52ca9b6a+2023-10-23-10h-22m-20s,ext2,374,ok,64,5,0.0030013020833333333,423,423,49,0.9977678571428571,1.0,2.93,16.7,0.65,,tracks/TRI+52ca9b6a+2023-10-23-10h-22m-20s/ext2_f00374.npz
TRI+52ca9b6a+2023-10-23-10h-22m-20s,ext2,161,ok,69,18,0.02631618923611111,423,423,262,0.7742006859165836,0.7536231884057971,13.71,19.1,0.65,,tracks/TRI+52ca9b6a+2023-10-23-10h-22m-20s/ext2_f00161.npz
TRI+52ca9b6a+2023-10-23-10h-57m-52s,ext1,445,ok,61,12,0.011006944444444444,454,454,9,1.0,1.0,0.94,9.6,0.65,,tracks/TRI+52ca9b6a+2023-10-23-10h-57m-52s/ext1_f00445.npz
TRI+52ca9b6a+2023-10-23-10h-57m-52s,ext2,445,ok,73,14,0.015321180555555555,454,454,9,1.0,1.0,0.91,9.9,0.65,,tracks/TRI+52ca9b6a+2023-10-23-10h-57m-52s/ext2_f00445.npz
TRI+52ca9b6a+2023-10-23-10h-58m-32s,ext1,231,ok,65,9,0.006968315972222222,399,399,168,0.9675824175824176,1.0,8.87,18.9,0.65,,tracks/TRI+52ca9b6a+2023-10-23-10h-58m-32s/ext1_f00231.npz
TRI+52ca9b6a+2023-10-23-10h-58m-32s,ext2,231,ok,64,22,0.03505099826388889,399,399,168,0.7999441964285714,0.6875,8.85,19.0,0.65,,tracks/TRI+52ca9b6a+2023-10-23-10h-58m-32s/ext2_f00231.npz
TRI+52ca9b6a+2023-10-23-11h-08m-52s,ext1,396,ok,72,7,0.004748263888888889,405,405,9,0.9907407407407407,0.9722222222222222,0.88,10.3,0.64,,tracks/TRI+52ca9b6a+2023-10-23-11h-08m-52s/ext1_f00396.npz
TRI+52ca9b6a+2023-10-23-11h-08m-52s,ext1,253,ok,57,6,0.0028255208333333335,405,405,152,0.8037857802400739,1.0,7.99,19.0,0.64,,tracks/TRI+52ca9b6a+2023-10-23-11h-08m-52s/ext1_f00253.npz
TRI+52ca9b6a+2023-10-23-11h-08m-52s,ext1,304,ok,55,6,0.002927517361111111,405,405,101,0.9330333033303331,0.9636363636363636,5.5,18.4,0.65,,tracks/TRI+52ca9b6a+2023-10-23-11h-08m-52s/ext1_f00304.npz
TRI+52ca9b6a+2023-10-23-11h-08m-52s,ext2,253,ok,68,19,0.02812282986111111,405,405,152,0.48519736842105265,0.45588235294117646,7.98,19.1,0.65,,tracks/TRI+52ca9b6a+2023-10-23-11h-08m-52s/ext2_f00253.npz
TRI+52ca9b6a+2023-10-23-11h-08m-52s,ext2,304,ok,68,15,0.022577039930555556,405,405,101,0.5448456610366919,0.6029411764705882,5.58,18.1,0.65,,tracks/TRI+52ca9b6a+2023-10-23-11h-08m-52s/ext2_f00304.npz
TRI+52ca9b6a+2023-10-23-11h-08m-52s,ext2,396,ok,62,15,0.019713541666666667,405,405,9,0.7598566308243727,0.5806451612903226,0.91,9.9,0.65,,tracks/TRI+52ca9b6a+2023-10-23-11h-08m-52s/ext2_f00396.npz
TRI+52ca9b6a+2023-10-23-13h-19m-23s,ext1,69,ok,58,7,0.003978949652777778,345,345,276,0.9994377811094453,1.0,14.08,19.6,0.65,,tracks/TRI+52ca9b6a+2023-10-23-13h-19m-23s/ext1_f00069.npz
TRI+52ca9b6a+2023-10-23-13h-19m-23s,ext2,69,ok,15,4,0.0007758246527777777,345,345,276,0.659903381642512,1.0,13.69,20.2,0.65,,tracks/TRI+52ca9b6a+2023-10-23-13h-19m-23s/ext2_f00069.npz
TRI+52ca9b6a+2023-10-23-13h-45m-05s,ext1,122,ok,65,10,0.008208550347222222,289,289,167,0.8146476278212805,0.8461538461538461,8.76,19.1,0.64,,tracks/TRI+52ca9b6a+2023-10-23-13h-45m-05s/ext1_f00122.npz
TRI+52ca9b6a+2023-10-23-13h-45m-05s,ext1,159,ok,59,10,0.007561848958333333,289,289,130,0.7840938722294655,0.847457627118644,6.86,19.0,0.65,,tracks/TRI+52ca9b6a+2023-10-23-13h-45m-05s/ext1_f00159.npz
TRI+52ca9b6a+2023-10-23-13h-45m-05s,ext2,122,ok,70,14,0.016243489583333333,289,289,167,0.6988879384088965,0.7285714285714285,8.57,19.5,0.64,,tracks/TRI+52ca9b6a+2023-10-23-13h-45m-05s/ext2_f00122.npz
TRI+52ca9b6a+2023-10-23-13h-45m-05s,ext2,159,ok,24,4,0.0007834201388888888,289,289,130,0.8980769230769231,1.0,6.53,19.9,0.65,,tracks/TRI+52ca9b6a+2023-10-23-13h-45m-05s/ext2_f00159.npz
TRI+52ca9b6a+2023-10-23-14h-02m-23s,ext1,186,ok,67,22,0.03621527777777778,209,209,23,0.9746917585983128,0.9701492537313433,1.41,16.3,0.65,,tracks/TRI+52ca9b6a+2023-10-23-14h-02m-23s/ext1_f00186.npz
TRI+52ca9b6a+2023-10-23-14h-02m-23s,ext2,186,ok,79,6,0.0036664496527777776,209,209,23,0.9977985690698954,1.0,1.46,15.7,0.65,,tracks/TRI+52ca9b6a+2023-10-23-14h-02m-23s/ext2_f00186.npz
TRI+52ca9b6a+2023-10-23-14h-07m-03s,ext1,191,ok,74,5,0.0028081597222222223,457,457,266,0.9965454175980492,1.0,13.89,19.2,0.65,,tracks/TRI+52ca9b6a+2023-10-23-14h-07m-03s/ext1_f00191.npz
TRI+52ca9b6a+2023-10-23-14h-07m-03s,ext1,431,ok,54,7,0.004130859375,457,457,26,0.98005698005698,0.9629629629629629,1.83,14.2,0.65,,tracks/TRI+52ca9b6a+2023-10-23-14h-07m-03s/ext1_f00431.npz
TRI+52ca9b6a+2023-10-23-14h-07m-03s,ext2,191,ok,67,17,0.021354166666666667,457,457,266,0.5000561104253171,1.0,13.88,19.2,0.64,,tracks/TRI+52ca9b6a+2023-10-23-14h-07m-03s/ext2_f00191.npz
TRI+52ca9b6a+2023-10-23-14h-07m-03s,ext2,431,ok,74,16,0.02029296875,457,457,26,0.9568607068607069,0.9864864864864865,1.94,13.4,0.65,,tracks/TRI+52ca9b6a+2023-10-23-14h-07m-03s/ext2_f00431.npz
TRI+52ca9b6a+2023-10-23-14h-53m-39s,ext1,44,ok,63,8,0.0060416666666666665,496,496,452,0.350716392751791,0.42857142857142855,22.92,19.7,0.64,,tracks/TRI+52ca9b6a+2023-10-23-14h-53m-39s/ext1_f00044.npz
TRI+52ca9b6a+2023-10-23-14h-53m-39s,ext2,44,ok,67,9,0.006603732638888889,496,496,452,0.8732333905692775,0.9701492537313433,22.95,19.7,0.65,,tracks/TRI+52ca9b6a+2023-10-23-14h-53m-39s/ext2_f00044.npz
TRI+52ca9b6a+2023-10-23-15h-12m-45s,ext1,334,ok,58,5,0.0021278211805555555,462,462,128,1.0,1.0,6.87,18.6,0.65,,tracks/TRI+52ca9b6a+2023-10-23-15h-12m-45s/ext1_f00334.npz
TRI+52ca9b6a+2023-10-23-15h-12m-45s,ext2,334,ok,67,7,0.004683159722222222,462,462,128,0.984375,0.9253731343283582,6.85,18.7,0.65,,tracks/TRI+52ca9b6a+2023-10-23-15h-12m-45s/ext2_f00334.npz
TRI+52ca9b6a+2023-10-23-17h-44m-41s,ext1,182,ok,63,6,0.003529730902777778,314,314,132,0.3152958152958153,0.6507936507936508,6.97,18.9,0.65,,tracks/TRI+52ca9b6a+2023-10-23-17h-44m-41s/ext1_f00182.npz
TRI+52ca9b6a+2023-10-23-17h-44m-41s,ext1,286,ok,62,6,0.004171006944444444,314,314,28,0.9055299539170507,0.8709677419354839,1.73,16.1,0.65,,tracks/TRI+52ca9b6a+2023-10-23-17h-44m-41s/ext1_f00286.npz
TRI+52ca9b6a+2023-10-23-17h-44m-41s,ext2,182,ok,61,9,0.006563585069444444,314,314,132,0.956159960258321,0.9836065573770492,6.92,19.1,0.64,,tracks/TRI+52ca9b6a+2023-10-23-17h-44m-41s/ext2_f00182.npz
TRI+52ca9b6a+2023-10-23-17h-44m-41s,ext2,286,ok,75,5,0.0046885850694444444,314,314,28,0.9995238095238095,1.0,1.87,15.0,0.65,,tracks/TRI+52ca9b6a+2023-10-23-17h-44m-41s/ext2_f00286.npz
TRI+52ca9b6a+2023-10-23-17h-49m-56s,ext1,66,ok,66,6,0.0033268229166666667,337,337,271,0.9468858324946886,0.9545454545454546,17.83,15.2,0.64,,tracks/TRI+52ca9b6a+2023-10-23-17h-49m-56s/ext1_f00066.npz
TRI+52ca9b6a+2023-10-23-17h-49m-56s,ext1,101,ok,50,4,0.001247829861111111,337,337,236,0.9911016949152542,0.98,16.02,14.7,0.65,,tracks/TRI+52ca9b6a+2023-10-23-17h-49m-56s/ext1_f00101.npz
TRI+52ca9b6a+2023-10-23-17h-49m-56s,ext1,247,ok,25,4,0.0010275607638888888,337,337,90,0.9991111111111111,1.0,8.93,10.1,0.65,,tracks/TRI+52ca9b6a+2023-10-23-17h-49m-56s/ext1_f00247.npz
TRI+52ca9b6a+2023-10-23-17h-49m-56s,ext1,323,ok,58,7,0.005105251736111111,337,337,14,0.9913793103448276,1.0,5.15,2.7,0.65,,tracks/TRI+52ca9b6a+2023-10-23-17h-49m-56s/ext1_f00323.npz
TRI+52ca9b6a+2023-10-23-17h-49m-56s,ext2,66,ok,73,6,0.00322265625,337,337,271,0.6969620381135319,1.0,17.91,15.1,0.65,,tracks/TRI+52ca9b6a+2023-10-23-17h-49m-56s/ext2_f00066.npz
TRI+52ca9b6a+2023-10-23-17h-49m-56s,ext2,101,ok,61,10,0.007685546875,337,337,236,0.6951931091969992,1.0,16.19,14.6,0.65,,tracks/TRI+52ca9b6a+2023-10-23-17h-49m-56s/ext2_f00101.npz
TRI+52ca9b6a+2023-10-23-17h-49m-56s,ext2,247,ok,66,12,0.012582465277777777,337,337,90,0.7676767676767676,0.6666666666666666,8.85,10.2,0.64,,tracks/TRI+52ca9b6a+2023-10-23-17h-49m-56s/ext2_f00247.npz
TRI+52ca9b6a+2023-10-23-17h-49m-56s,ext2,323,ok,67,16,0.02025933159722222,337,337,14,1.0,1.0,4.94,2.8,0.65,,tracks/TRI+52ca9b6a+2023-10-23-17h-49m-56s/ext2_f00323.npz
TRI+52ca9b6a+2023-10-23-17h-50m-54s,ext1,147,ok,63,20,0.035796440972222225,463,463,316,0.46217600964436406,0.0,16.09,19.6,0.64,,tracks/TRI+52ca9b6a+2023-10-23-17h-50m-54s/ext1_f00147.npz
TRI+52ca9b6a+2023-10-23-17h-50m-54s,ext1,188,ok,64,10,0.008426649305555556,463,463,275,0.2197159090909091,0.0,14.23,19.3,0.65,,tracks/TRI+52ca9b6a+2023-10-23-17h-50m-54s/ext1_f00188.npz
TRI+52ca9b6a+2023-10-23-17h-50m-54s,ext2,147,ok,67,6,0.0035362413194444443,463,463,316,0.7655866238428113,0.8656716417910447,16.62,19.0,0.65,,tracks/TRI+52ca9b6a+2023-10-23-17h-50m-54s/ext2_f00147.npz
TRI+52ca9b6a+2023-10-23-17h-50m-54s,ext2,188,ok,67,9,0.007565104166666667,463,463,275,0.32819538670284937,0.6716417910447762,14.37,19.1,0.65,,tracks/TRI+52ca9b6a+2023-10-23-17h-50m-54s/ext2_f00188.npz
TRI+52ca9b6a+2023-10-23-17h-51m-35s,ext1,80,ok,57,6,0.002771267361111111,499,499,419,0.5506008457898924,0.19298245614035087,21.36,19.6,0.65,,tracks/TRI+52ca9b6a+2023-10-23-17h-51m-35s/ext1_f00080.npz
TRI+52ca9b6a+2023-10-23-17h-51m-35s,ext2,80,ok,25,4,0.000732421875,499,499,419,0.9398568019093079,1.0,20.56,20.4,0.65,,tracks/TRI+52ca9b6a+2023-10-23-17h-51m-35s/ext2_f00080.npz
TRI+52ca9b6a+2023-10-23-17h-53m-32s,ext1,97,ok,57,8,0.005098741319444444,189,189,92,0.9536613272311213,0.9824561403508771,4.98,18.5,0.64,,tracks/TRI+52ca9b6a+2023-10-23-17h-53m-32s/ext1_f00097.npz
TRI+52ca9b6a+2023-10-23-17h-53m-32s,ext2,97,ok,60,21,0.032488064236111114,189,189,92,0.5240942028985507,0.6333333333333333,4.91,18.7,0.65,,tracks/TRI+52ca9b6a+2023-10-23-17h-53m-32s/ext2_f00097.npz
TRI+52ca9b6a+2023-10-23-17h-55m-18s,ext1,148,ok,64,19,0.02931206597222222,262,262,114,0.8944627192982456,0.71875,6.01,19.0,0.64,,tracks/TRI+52ca9b6a+2023-10-23-17h-55m-18s/ext1_f00148.npz
TRI+52ca9b6a+2023-10-23-17h-55m-18s,ext2,148,ok,57,9,0.006782769097222223,262,262,114,0.8264081255771006,0.7368421052631579,5.92,19.3,0.65,,tracks/TRI+52ca9b6a+2023-10-23-17h-55m-18s/ext2_f00148.npz
TRI+52ca9b6a+2023-10-23-18h-22m-32s,ext1,412,ok,59,14,0.016260850694444443,851,851,439,0.6989305432222694,0.3559322033898305,23.27,18.9,0.65,,tracks/TRI+52ca9b6a+2023-10-23-18h-22m-32s/ext1_f00412.npz
TRI+52ca9b6a+2023-10-23-18h-22m-32s,ext1,540,ok,42,4,0.0023111979166666667,851,851,311,0.8421374980860511,0.7380952380952381,16.21,19.2,0.65,,tracks/TRI+52ca9b6a+2023-10-23-18h-22m-32s/ext1_f00540.npz
TRI+52ca9b6a+2023-10-23-18h-22m-32s,ext1,559,ok,61,18,0.02634982638888889,851,851,292,0.5979676622501684,0.39344262295081966,15.39,19.0,0.65,,tracks/TRI+52ca9b6a+2023-10-23-18h-22m-32s/ext1_f00559.npz
TRI+52ca9b6a+2023-10-23-18h-22m-32s,ext1,573,ok,65,21,0.03638563368055556,851,851,278,0.6073049252905368,0.5384615384615384,14.76,18.8,0.65,,tracks/TRI+52ca9b6a+2023-10-23-18h-22m-32s/ext1_f00573.npz
TRI+52ca9b6a+2023-10-23-18h-22m-32s,ext1,612,ok,58,8,0.007186414930555556,851,851,239,0.9225941422594143,0.9827586206896551,12.7,18.8,0.64,,tracks/TRI+52ca9b6a+2023-10-23-18h-22m-32s/ext1_f00612.npz
TRI+52ca9b6a+2023-10-23-18h-22m-32s,ext2,540,ok,61,8,0.007256944444444444,851,851,311,0.7359654209055927,0.7377049180327869,15.93,19.5,0.64,,tracks/TRI+52ca9b6a+2023-10-23-18h-22m-32s/ext2_f00540.npz
TRI+52ca9b6a+2023-10-23-18h-22m-32s,ext2,559,ok,61,7,0.006384548611111111,851,851,292,0.7806534920278464,0.819672131147541,15.12,19.3,0.65,,tracks/TRI+52ca9b6a+2023-10-23-18h-22m-32s/ext2_f00559.npz
TRI+52ca9b6a+2023-10-23-18h-22m-32s,ext2,573,ok,57,7,0.005347222222222222,851,851,278,0.769342420800202,0.7192982456140351,14.67,19.0,0.65,,tracks/TRI+52ca9b6a+2023-10-23-18h-22m-32s/ext2_f00573.npz
TRI+52ca9b6a+2023-10-23-18h-22m-32s,ext2,612,ok,59,8,0.005390625,851,851,239,0.619175944968442,0.9152542372881356,12.65,18.9,0.65,,tracks/TRI+52ca9b6a+2023-10-23-18h-22m-32s/ext2_f00612.npz
TRI+52ca9b6a+2023-10-23-18h-22m-32s,ext2,412,ok,58,10,0.009979383680555556,851,851,439,0.8622260623674496,0.6724137931034483,22.78,19.3,0.65,,tracks/TRI+52ca9b6a+2023-10-23-18h-22m-32s/ext2_f00412.npz
TRI+52ca9b6a+2023-10-24-10h-41m-28s,ext1,139,ok,67,13,0.015694444444444445,246,246,107,0.6802901380945738,0.5671641791044776,5.67,18.9,0.65,,tracks/TRI+52ca9b6a+2023-10-24-10h-41m-28s/ext1_f00139.npz
TRI+52ca9b6a+2023-10-24-10h-41m-28s,ext1,174,ok,59,10,0.009879557291666667,246,246,72,0.6916195856873822,0.6779661016949152,3.81,18.9,0.65,,tracks/TRI+52ca9b6a+2023-10-24-10h-41m-28s/ext1_f00174.npz
TRI+52ca9b6a+2023-10-24-10h-41m-28s,ext2,139,ok,62,5,0.002931857638888889,246,246,107,0.9998492613807658,1.0,5.63,19.0,0.64,,tracks/TRI+52ca9b6a+2023-10-24-10h-41m-28s/ext2_f00139.npz
TRI+52ca9b6a+2023-10-24-10h-41m-28s,ext2,174,ok,68,11,0.012491319444444444,246,246,72,0.23447712418300654,0.0,3.93,18.3,0.65,,tracks/TRI+52ca9b6a+2023-10-24-10h-41m-28s/ext2_f00174.npz
TRI+52ca9b6a+2023-10-24-11h-30m-35s,ext1,156,ok,59,8,0.005070529513888889,227,227,71,0.9703986631654333,0.9491525423728814,3.8,18.7,0.64,,tracks/TRI+52ca9b6a+2023-10-24-11h-30m-35s/ext1_f00156.npz
TRI+52ca9b6a+2023-10-24-11h-30m-35s,ext2,156,ok,60,10,0.01171115451388889,227,227,71,0.865962441314554,0.6666666666666666,3.82,18.6,0.65,,tracks/TRI+52ca9b6a+2023-10-24-11h-30m-35s/ext2_f00156.npz
TRI+52ca9b6a+2023-10-24-15h-19m-14s,ext1,109,ok,68,8,0.005772569444444445,222,222,113,0.6819364914107235,0.7647058823529411,6.04,18.7,0.65,,tracks/TRI+52ca9b6a+2023-10-24-15h-19m-14s/ext1_f00109.npz
TRI+52ca9b6a+2023-10-24-15h-19m-14s,ext2,109,ok,72,12,0.012253689236111111,222,222,113,0.44591937069813176,0.1527777777777778,6.01,18.8,0.65,,tracks/TRI+52ca9b6a+2023-10-24-15h-19m-14s/ext2_f00109.npz
TRI+52ca9b6a+2023-10-24-15h-32m-30s,ext1,468,ok,52,5,0.0024620225694444446,677,677,209,0.8707213838792787,1.0,11.19,18.7,0.65,,tracks/TRI+52ca9b6a+2023-10-24-15h-32m-30s/ext1_f00468.npz
TRI+52ca9b6a+2023-10-24-15h-32m-30s,ext2,468,ok,68,13,0.013948567708333333,677,677,209,0.9873346467773713,0.9852941176470589,11.27,18.5,0.65,,tracks/TRI+52ca9b6a+2023-10-24-15h-32m-30s/ext2_f00468.npz
TRI+52ca9b6a+2023-10-24-17h-04m-58s,ext1,153,ok,69,5,0.002316623263888889,188,188,35,0.7884057971014493,0.14492753623188406,2.1,16.7,0.64,,tracks/TRI+52ca9b6a+2023-10-24-17h-04m-58s/ext1_f00153.npz
TRI+52ca9b6a+2023-10-24-17h-04m-58s,ext2,153,ok,61,15,0.017010633680555557,188,188,35,0.9606557377049181,0.8688524590163934,2.03,17.2,0.65,,tracks/TRI+52ca9b6a+2023-10-24-17h-04m-58s/ext2_f00153.npz
TRI+52ca9b6a+2023-10-24-17h-06m-18s,ext1,310,ok,72,7,0.004434678819444445,418,418,108,0.8734567901234568,0.3611111111111111,5.95,18.1,0.64,,tracks/TRI+52ca9b6a+2023-10-24-17h-06m-18s/ext1_f00310.npz
TRI+52ca9b6a+2023-10-24-17h-06m-18s,ext2,310,ok,59,14,0.015070529513888889,418,418,108,0.8678593848085373,0.9491525423728814,5.86,18.4,0.65,,tracks/TRI+52ca9b6a+2023-10-24-17h-06m-18s/ext2_f00310.npz
TRI+52ca9b6a+2023-10-24-17h-41m-13s,ext1,157,ok,68,8,0.005845269097222223,756,756,599,0.9303250515565158,1.0,31.15,19.2,0.65,,tracks/TRI+52ca9b6a+2023-10-24-17h-41m-13s/ext1_f00157.npz
TRI+52ca9b6a+2023-10-24-17h-41m-13s,ext1,736,ok,60,8,0.005401475694444445,756,756,20,0.9941666666666666,1.0,1.72,11.6,0.65,,tracks/TRI+52ca9b6a+2023-10-24-17h-41m-13s/ext1_f00736.npz
TRI+52ca9b6a+2023-10-24-17h-41m-13s,ext2,157,ok,65,16,0.021600477430555556,756,756,599,0.7875947091306023,0.03076923076923077,30.68,19.5,0.65,,tracks/TRI+52ca9b6a+2023-10-24-17h-41m-13s/ext2_f00157.npz
TRI+52ca9b6a+2023-10-24-17h-41m-13s,ext2,736,ok,67,20,0.031086154513888888,756,756,20,0.9485074626865672,0.9552238805970149,1.66,12.0,0.65,,tracks/TRI+52ca9b6a+2023-10-24-17h-41m-13s/ext2_f00736.npz
TRI+52ca9b6a+2023-10-24-17h-55m-34s,ext1,37,ok,71,6,0.00353515625,359,359,322,0.9746303910419036,1.0,16.69,19.3,0.64,,tracks/TRI+52ca9b6a+2023-10-24-17h-55m-34s/ext1_f00037.npz
TRI+52ca9b6a+2023-10-24-17h-55m-34s,ext2,37,ok,65,14,0.015440538194444445,359,359,322,0.9668896321070234,0.9692307692307692,16.73,19.2,0.65,,tracks/TRI+52ca9b6a+2023-10-24-17h-55m-34s/ext2_f00037.npz
TRI+52ca9b6a+2023-10-25-10h-08m-44s,ext1,482,ok,64,6,0.0035015190972222223,782,782,300,0.96390625,1.0,15.48,19.4,0.64,,tracks/TRI+52ca9b6a+2023-10-25-10h-08m-44s/ext1_f00482.npz
TRI+52ca9b6a+2023-10-25-10h-08m-44s,ext1,751,ok,68,9,0.008131510416666666,782,782,31,0.9582542694497154,0.9117647058823529,2.23,13.9,0.65,,tracks/TRI+52ca9b6a+2023-10-25-10h-08m-44s/ext1_f00751.npz
TRI+52ca9b6a+2023-10-25-10h-08m-44s,ext2,482,ok,64,23,0.04161241319444445,782,782,300,0.84859375,0.890625,16.09,18.6,0.65,,tracks/TRI+52ca9b6a+2023-10-25-10h-08m-44s/ext2_f00482.npz
TRI+52ca9b6a+2023-10-25-10h-08m-44s,ext2,751,ok,61,30,0.06990668402777778,782,782,31,0.9328397673188789,0.819672131147541,2.4,12.9,0.65,,tracks/TRI+52ca9b6a+2023-10-25-10h-08m-44s/ext2_f00751.npz
TRI+52ca9b6a+2023-10-25-11h-44m-47s,ext1,693,ok,63,7,0.004125434027777777,787,787,94,0.9766970618034447,0.9841269841269841,5.38,17.5,0.65,,tracks/TRI+52ca9b6a+2023-10-25-11h-44m-47s/ext1_f00693.npz
TRI+52ca9b6a+2023-10-25-11h-44m-47s,ext2,693,ok,59,30,0.06764214409722222,787,787,94,0.7376487558600794,0.13559322033898305,5.53,17.0,0.65,,tracks/TRI+52ca9b6a+2023-10-25-11h-44m-47s/ext2_f00693.npz
TRI+52ca9b6a+2023-10-25-15h-34m-57s,ext1,45,ok,65,11,0.010259331597222223,321,321,276,0.9575250836120401,0.9692307692307692,14.33,19.3,0.64,,tracks/TRI+52ca9b6a+2023-10-25-15h-34m-57s/ext1_f00045.npz
TRI+52ca9b6a+2023-10-25-15h-34m-57s,ext2,45,ok,70,10,0.008004557291666667,321,321,276,0.7098861283643892,0.7857142857142857,14.33,19.3,0.65,,tracks/TRI+52ca9b6a+2023-10-25-15h-34m-57s/ext2_f00045.npz
TRI+52ca9b6a+2023-10-25-16h-18m-01s,ext1,144,ok,60,11,0.008935546875,184,184,40,0.7158333333333333,0.38333333333333336,2.38,16.8,0.64,,tracks/TRI+52ca9b6a+2023-10-25-16h-18m-01s/ext1_f00144.npz
TRI+52ca9b6a+2023-10-25-16h-18m-01s,ext2,144,ok,66,6,0.002924262152777778,184,184,40,0.5196969696969697,0.030303030303030304,2.26,17.7,0.65,,tracks/TRI+52ca9b6a+2023-10-25-16h-18m-01s/ext2_f00144.npz
TRI+52ca9b6a+2023-10-25-17h-12m-00s,ext1,34,ok,64,10,0.009340277777777777,195,195,161,0.7687305900621118,0.453125,8.49,19.0,0.65,,tracks/TRI+52ca9b6a+2023-10-25-17h-12m-00s/ext1_f00034.npz
TRI+52ca9b6a+2023-10-25-17h-12m-00s,ext2,34,ok,64,10,0.007154947916666667,195,195,161,0.8150232919254659,0.015625,8.38,19.2,0.65,,tracks/TRI+52ca9b6a+2023-10-25-17h-12m-00s/ext2_f00034.npz
TRI+52ca9b6a+2023-10-25-17h-31m-42s,ext1,44,ok,74,21,0.033436414930555554,615,615,571,0.521891418563923,0.7972972972972973,29.49,19.4,0.65,,tracks/TRI+52ca9b6a+2023-10-25-17h-31m-42s/ext1_f00044.npz
TRI+52ca9b6a+2023-10-25-17h-31m-42s,ext1,95,ok,66,12,0.0104296875,615,615,520,0.2827214452214452,0.0,26.5,19.6,0.65,,tracks/TRI+52ca9b6a+2023-10-25-17h-31m-42s/ext1_f00095.npz
TRI+52ca9b6a+2023-10-25-17h-31m-42s,ext1,278,ok,69,28,0.057885199652777775,615,615,337,0.630155248785103,0.5362318840579711,17.67,19.1,0.64,,tracks/TRI+52ca9b6a+2023-10-25-17h-31m-42s/ext1_f00278.npz
TRI+52ca9b6a+2023-10-25-17h-31m-42s,ext2,95,ok,54,4,0.0011469184027777777,615,615,520,0.8622150997150997,0.7777777777777778,26.18,19.9,0.64,,tracks/TRI+52ca9b6a+2023-10-25-17h-31m-42s/ext2_f00095.npz
TRI+52ca9b6a+2023-10-25-17h-31m-42s,ext2,278,ok,68,11,0.009786241319444444,615,615,337,0.6632483854075755,0.22058823529411764,17.47,19.3,0.65,,tracks/TRI+52ca9b6a+2023-10-25-17h-31m-42s/ext2_f00278.npz
TRI+52ca9b6a+2023-10-25-17h-31m-42s,ext2,44,ok,48,6,0.002955729166666667,615,615,571,0.7353692352597782,0.4791666666666667,29.0,19.7,0.65,,tracks/TRI+52ca9b6a+2023-10-25-17h-31m-42s/ext2_f00044.npz
TRI+52ca9b6a+2023-10-25-17h-34m-08s,ext1,111,ok,74,19,0.02684027777777778,297,297,186,0.672115664051148,0.21621621621621623,9.94,18.7,0.65,,tracks/TRI+52ca9b6a+2023-10-25-17h-34m-08s/ext1_f00111.npz
TRI+52ca9b6a+2023-10-25-17h-34m-08s,ext1,134,ok,70,13,0.01383029513888889,297,297,163,0.6626643295354951,0.37142857142857144,8.57,19.0,0.65,,tracks/TRI+52ca9b6a+2023-10-25-17h-34m-08s/ext1_f00134.npz
TRI+52ca9b6a+2023-10-25-17h-34m-08s,ext1,242,ok,63,13,0.01232421875,297,297,55,0.8034632034632034,0.19047619047619047,3.28,16.8,0.65,,tracks/TRI+52ca9b6a+2023-10-25-17h-34m-08s/ext1_f00242.npz
TRI+52ca9b6a+2023-10-25-17h-34m-08s,ext2,111,ok,69,7,0.0048480902777777776,297,297,186,0.6384603397226118,0.014492753623188406,9.74,19.1,0.65,,tracks/TRI+52ca9b6a+2023-10-25-17h-34m-08s/ext2_f00111.npz
TRI+52ca9b6a+2023-10-25-17h-34m-08s,ext2,134,ok,75,8,0.0058984375,297,297,163,0.5117382413087934,0.02666666666666667,8.61,18.9,0.64,,tracks/TRI+52ca9b6a+2023-10-25-17h-34m-08s/ext2_f00134.npz
TRI+52ca9b6a+2023-10-25-17h-34m-08s,ext2,242,ok,77,5,0.0025162760416666667,297,297,55,0.8840613931523023,0.38961038961038963,3.2,17.2,0.65,,tracks/TRI+52ca9b6a+2023-10-25-17h-34m-08s/ext2_f00242.npz
TRI+52ca9b6a+2023-10-25-17h-38m-17s,ext1,177,ok,71,10,0.00921657986111111,311,311,134,0.8052343914231659,0.0,7.06,19.0,0.64,,tracks/TRI+52ca9b6a+2023-10-25-17h-38m-17s/ext1_f00177.npz
TRI+52ca9b6a+2023-10-25-17h-38m-17s,ext2,177,ok,74,8,0.005533854166666667,311,311,134,0.722771278741428,0.0,7.15,18.7,0.65,,tracks/TRI+52ca9b6a+2023-10-25-17h-38m-17s/ext2_f00177.npz
TRI+52ca9b6a+2023-10-26-11h-58m-58s,ext1,148,ok,71,10,0.010361328125,280,280,132,0.21905676483141273,0.0,7.12,18.6,0.65,,tracks/TRI+52ca9b6a+2023-10-26-11h-58m-58s/ext1_f00148.npz
TRI+52ca9b6a+2023-10-26-11h-58m-58s,ext2,148,ok,62,7,0.004565972222222222,280,280,132,0.7248289345063539,0.967741935483871,6.98,18.9,0.65,,tracks/TRI+52ca9b6a+2023-10-26-11h-58m-58s/ext2_f00148.npz
TRI+52ca9b6a+2023-10-26-13h-45m-54s,ext1,531,ok,62,11,0.0094140625,584,584,53,0.9972611077297626,0.9838709677419355,3.29,16.1,0.65,,tracks/TRI+52ca9b6a+2023-10-26-13h-45m-54s/ext1_f00531.npz
TRI+52ca9b6a+2023-10-26-13h-45m-54s,ext2,531,ok,78,6,0.003386501736111111,584,584,53,0.9895984518626028,0.9230769230769231,3.42,15.5,0.65,,tracks/TRI+52ca9b6a+2023-10-26-13h-45m-54s/ext2_f00531.npz
TRI+52ca9b6a+2023-10-26-13h-58m-12s,ext1,178,ok,61,11,0.00943359375,225,225,47,0.9434949424485525,0.6557377049180327,2.68,17.6,0.64,,tracks/TRI+52ca9b6a+2023-10-26-13h-58m-12s/ext1_f00178.npz
TRI+52ca9b6a+2023-10-26-13h-58m-12s,ext2,178,ok,69,7,0.0038812934027777778,225,225,47,0.7665741597286463,0.028985507246376812,2.85,16.5,0.65,,tracks/TRI+52ca9b6a+2023-10-26-13h-58m-12s/ext2_f00178.npz
TRI+52ca9b6a+2023-10-26-14h-20m-08s,ext1,123,ok,63,9,0.006876085069444445,295,295,172,0.9518272425249169,0.9682539682539683,8.85,19.4,0.64,,tracks/TRI+52ca9b6a+2023-10-26-14h-20m-08s/ext1_f00123.npz
TRI+52ca9b6a+2023-10-26-14h-20m-08s,ext2,123,ok,64,10,0.007294921875,295,295,172,0.6888626453488372,0.421875,8.92,19.3,0.65,,tracks/TRI+52ca9b6a+2023-10-26-14h-20m-08s/ext2_f00123.npz
TRI+52ca9b6a+2023-10-26-14h-30m-07s,ext1,186,ok,56,8,0.0053092447916666665,427,427,241,0.7910491997628927,0.9285714285714286,12.65,19.0,0.65,,tracks/TRI+52ca9b6a+2023-10-26-14h-30m-07s/ext1_f00186.npz
TRI+52ca9b6a+2023-10-26-14h-30m-07s,ext1,389,ok,62,11,0.009321831597222222,427,427,38,0.9792020373514432,0.9838709677419355,2.57,14.8,0.65,,tracks/TRI+52ca9b6a+2023-10-26-14h-30m-07s/ext1_f00389.npz
TRI+52ca9b6a+2023-10-26-14h-30m-07s,ext2,186,ok,73,12,0.011784939236111111,427,427,241,0.8635252657306883,0.9315068493150684,12.58,19.2,0.65,,tracks/TRI+52ca9b6a+2023-10-26-14h-30m-07s/ext2_f00186.npz
TRI+52ca9b6a+2023-10-26-14h-30m-07s,ext2,389,ok,69,8,0.005159505208333333,427,427,38,0.8112128146453089,0.8985507246376812,2.41,15.8,0.65,,tracks/TRI+52ca9b6a+2023-10-26-14h-30m-07s/ext2_f00389.npz
TRI+52ca9b6a+2023-10-26-15h-31m-47s,ext1,151,ok,76,6,0.0033984375,268,268,117,0.9517543859649122,0.9736842105263158,6.28,18.6,0.64,,tracks/TRI+52ca9b6a+2023-10-26-15h-31m-47s/ext1_f00151.npz
TRI+52ca9b6a+2023-10-26-15h-31m-47s,ext2,151,ok,59,15,0.017106119791666666,268,268,117,0.7286686947703896,0.864406779661017,6.18,18.9,0.65,,tracks/TRI+52ca9b6a+2023-10-26-15h-31m-47s/ext2_f00151.npz
TRI+52ca9b6a+2023-10-31-13h-53m-49s,ext1,278,ok,60,12,0.0122265625,694,694,416,0.47752403846153846,0.45,21.25,19.6,0.64,,tracks/TRI+52ca9b6a+2023-10-31-13h-53m-49s/ext1_f00278.npz
TRI+52ca9b6a+2023-10-31-13h-53m-49s,ext2,278,ok,69,8,0.006598307291666667,694,694,416,0.6776407469342252,0.43478260869565216,21.44,19.4,0.65,,tracks/TRI+52ca9b6a+2023-10-31-13h-53m-49s/ext2_f00278.npz
TRI+52ca9b6a+2023-10-31-15h-21m-40s,ext1,62,ok,73,10,0.008742404513888889,407,407,345,0.5621203097081596,0.2876712328767123,17.98,19.2,0.65,,tracks/TRI+52ca9b6a+2023-10-31-15h-21m-40s/ext1_f00062.npz
TRI+52ca9b6a+2023-10-31-15h-21m-40s,ext2,62,ok,77,7,0.005042317708333333,407,407,345,0.8647092038396387,0.24675324675324675,17.79,19.4,0.65,,tracks/TRI+52ca9b6a+2023-10-31-15h-21m-40s/ext2_f00062.npz
TRI+52ca9b6a+2023-10-31-16h-41m-26s,ext1,489,ok,75,25,0.045393880208333334,534,534,45,0.8471111111111111,0.28,2.88,15.6,0.65,,tracks/TRI+52ca9b6a+2023-10-31-16h-41m-26s/ext1_f00489.npz
TRI+52ca9b6a+2023-10-31-16h-41m-26s,ext2,489,ok,66,6,0.0032584635416666665,534,534,45,1.0,1.0,2.95,15.3,0.65,,tracks/TRI+52ca9b6a+2023-10-31-16h-41m-26s/ext2_f00489.npz
TRI+52ca9b6a+2023-10-31-16h-58m-48s,ext1,112,ok,68,7,0.003947482638888889,347,347,235,0.8588235294117647,0.8823529411764706,12.27,19.1,0.64,,tracks/TRI+52ca9b6a+2023-10-31-16h-58m-48s/ext1_f00112.npz
TRI+52ca9b6a+2023-10-31-16h-58m-48s,ext2,112,ok,81,6,0.004038628472222222,347,347,235,0.8731284475965327,0.7407407407407407,12.43,18.9,0.65,,tracks/TRI+52ca9b6a+2023-10-31-16h-58m-48s/ext2_f00112.npz
TRI+52ca9b6a+2023-11-01-10h-33m-43s,ext1,235,ok,58,7,0.004006076388888889,250,250,15,1.0,1.0,1.04,14.4,0.64,,tracks/TRI+52ca9b6a+2023-11-01-10h-33m-43s/ext1_f00235.npz
TRI+52ca9b6a+2023-11-01-10h-33m-43s,ext2,235,ok,61,11,0.010307074652777777,250,250,15,0.9355191256830601,0.8032786885245902,1.06,14.2,0.65,,tracks/TRI+52ca9b6a+2023-11-01-10h-33m-43s/ext2_f00235.npz
TRI+52ca9b6a+2023-11-01-11h-04m-08s,ext1,242,ok,59,8,0.005091145833333333,283,283,41,0.9627945431996693,0.9322033898305084,2.45,16.7,0.65,,tracks/TRI+52ca9b6a+2023-11-01-11h-04m-08s/ext1_f00242.npz
TRI+52ca9b6a+2023-11-01-11h-04m-08s,ext2,242,ok,61,5,0.0022536892361111113,283,283,41,0.7077169132347061,0.9672131147540983,2.51,16.3,0.65,,tracks/TRI+52ca9b6a+2023-11-01-11h-04m-08s/ext2_f00242.npz
TRI+52ca9b6a+2023-11-01-11h-27m-49s,ext1,355,ok,64,10,0.0076334635416666664,416,416,61,0.9959016393442623,1.0,3.48,17.5,0.65,,tracks/TRI+52ca9b6a+2023-11-01-11h-27m-49s/ext1_f00355.npz
TRI+52ca9b6a+2023-11-01-11h-27m-49s,ext2,355,ok,75,7,0.004928385416666667,416,416,61,0.9770491803278688,0.9733333333333334,3.49,17.5,0.65,,tracks/TRI+52ca9b6a+2023-11-01-11h-27m-49s/ext2_f00355.npz
TRI+52ca9b6a+2023-11-01-14h-14m-21s,ext1,137,ok,57,9,0.00599609375,157,157,20,0.7763157894736842,0.543859649122807,1.15,17.3,0.64,,tracks/TRI+52ca9b6a+2023-11-01-14h-14m-21s/ext1_f00137.npz
TRI+52ca9b6a+2023-11-01-14h-14m-21s,ext2,137,ok,62,21,0.034405381944444445,157,157,20,0.9854838709677419,0.9354838709677419,1.26,15.9,0.65,,tracks/TRI+52ca9b6a+2023-11-01-14h-14m-21s/ext2_f00137.npz
TRI+52ca9b6a+2023-11-01-14h-17m-05s,ext1,43,ok,85,4,0.0026768663194444444,192,192,149,0.9220686932491117,0.8705882352941177,7.73,19.3,0.65,,tracks/TRI+52ca9b6a+2023-11-01-14h-17m-05s/ext1_f00043.npz
TRI+52ca9b6a+2023-11-01-14h-17m-05s,ext1,78,ok,68,6,0.0040581597222222225,192,192,114,0.983875128998968,0.9264705882352942,5.91,19.3,0.65,,tracks/TRI+52ca9b6a+2023-11-01-14h-17m-05s/ext1_f00078.npz
TRI+52ca9b6a+2023-11-01-14h-17m-05s,ext2,43,ok,65,20,0.035517578125,192,192,149,0.8586473928755808,0.27692307692307694,7.89,18.9,0.65,,tracks/TRI+52ca9b6a+2023-11-01-14h-17m-05s/ext2_f00043.npz
TRI+52ca9b6a+2023-11-01-14h-17m-05s,ext2,78,ok,68,21,0.038659939236111114,192,192,114,0.8517801857585139,0.39705882352941174,6.0,19.0,0.65,,tracks/TRI+52ca9b6a+2023-11-01-14h-17m-05s/ext2_f00078.npz
TRI+52ca9b6a+2023-11-01-15h-57m-06s,ext1,557,ok,9,4,0.0005815972222222222,570,570,13,1.0,1.0,1.1,11.8,0.65,,tracks/TRI+52ca9b6a+2023-11-01-15h-57m-06s/ext1_f00557.npz
TRI+52ca9b6a+2023-11-01-15h-57m-06s,ext2,557,ok,60,15,0.017813585069444443,570,570,13,1.0,1.0,1.18,11.0,0.65,,tracks/TRI+52ca9b6a+2023-11-01-15h-57m-06s/ext2_f00557.npz
TRI+52ca9b6a+2023-11-01-16h-53m-17s,ext1,194,ok,57,10,0.008200954861111111,220,220,26,0.694331983805668,0.49122807017543857,1.57,16.5,0.64,,tracks/TRI+52ca9b6a+2023-11-01-16h-53m-17s/ext1_f00194.npz
TRI+52ca9b6a+2023-11-01-16h-53m-17s,ext2,194,ok,67,11,0.010264756944444444,220,220,26,0.9253731343283582,0.6268656716417911,1.57,16.6,0.65,,tracks/TRI+52ca9b6a+2023-11-01-16h-53m-17s/ext2_f00194.npz
TRI+52ca9b6a+2023-11-02-10h-16m-13s,ext1,172,ok,67,6,0.0036848958333333334,187,187,15,0.9930348258706467,0.9850746268656716,1.0,15.1,0.65,,tracks/TRI+52ca9b6a+2023-11-02-10h-16m-13s/ext1_f00172.npz
TRI+52ca9b6a+2023-11-02-10h-16m-13s,ext2,172,ok,54,8,0.005241970486111111,187,187,15,1.0,1.0,1.03,14.5,0.65,,tracks/TRI+52ca9b6a+2023-11-02-10h-16m-13s/ext2_f00172.npz
TRI+52ca9b6a+2023-11-02-11h-04m-38s,ext1,244,ok,70,6,0.003564453125,284,284,40,0.9917857142857143,1.0,2.36,17.0,0.65,,tracks/TRI+52ca9b6a+2023-11-02-11h-04m-38s/ext1_f00244.npz
TRI+52ca9b6a+2023-11-02-11h-04m-38s,ext2,244,ok,61,25,0.045735677083333336,284,284,40,0.9922131147540983,0.9836065573770492,2.3,17.4,0.65,,tracks/TRI+52ca9b6a+2023-11-02-11h-04m-38s/ext2_f00244.npz
TRI+52ca9b6a+2023-11-02-11h-59m-39s,ext1,316,ok,58,8,0.005427517361111111,663,663,347,0.45225081983503923,0.3448275862068966,18.0,19.3,0.65,,tracks/TRI+52ca9b6a+2023-11-02-11h-59m-39s/ext1_f00316.npz
TRI+52ca9b6a+2023-11-02-11h-59m-39s,ext2,316,ok,68,11,0.011260850694444444,663,663,347,0.7137226648584506,0.9705882352941176,17.94,19.3,0.65,,tracks/TRI+52ca9b6a+2023-11-02-11h-59m-39s/ext2_f00316.npz
TRI+52ca9b6a+2023-11-02-12h-08m-16s,ext1,128,ok,77,10,0.00873046875,292,292,164,0.23487488121634464,0.0,8.67,18.9,0.64,,tracks/TRI+52ca9b6a+2023-11-02-12h-08m-16s/ext1_f00128.npz
TRI+52ca9b6a+2023-11-02-12h-08m-16s,ext1,230,ok,66,9,0.006036241319444444,292,292,62,0.9902248289345064,0.9848484848484849,3.5,17.7,0.65,,tracks/TRI+52ca9b6a+2023-11-02-12h-08m-16s/ext1_f00230.npz
TRI+52ca9b6a+2023-11-02-12h-08m-16s,ext2,128,ok,58,9,0.0059450954861111115,292,292,164,0.7995164003364171,0.8620689655172413,8.38,19.6,0.65,,tracks/TRI+52ca9b6a+2023-11-02-12h-08m-16s/ext2_f00128.npz
TRI+52ca9b6a+2023-11-02-12h-08m-16s,ext2,230,ok,68,16,0.01943359375,292,292,62,0.9983396584440227,1.0,3.48,17.8,0.65,,tracks/TRI+52ca9b6a+2023-11-02-12h-08m-16s/ext2_f00230.npz
TRI+52ca9b6a+2023-11-02-13h-43m-23s,ext1,165,ok,61,7,0.004632161458333333,379,379,214,0.570246667688065,0.5573770491803278,11.22,19.1,0.65,,tracks/TRI+52ca9b6a+2023-11-02-13h-43m-23s/ext1_f00165.npz
TRI+52ca9b6a+2023-11-02-13h-43m-23s,ext1,193,ok,59,9,0.006423611111111111,379,379,186,0.5843812648077273,0.5084745762711864,9.68,19.2,0.65,,tracks/TRI+52ca9b6a+2023-11-02-13h-43m-23s/ext1_f00193.npz
TRI+52ca9b6a+2023-11-02-13h-43m-23s,ext1,254,ok,65,9,0.0067740885416666665,379,379,125,0.9924923076923077,0.9846153846153847,6.65,18.8,0.65,,tracks/TRI+52ca9b6a+2023-11-02-13h-43m-23s/ext1_f00254.npz
TRI+52ca9b6a+2023-11-02-13h-43m-23s,ext1,358,ok,66,11,0.011123046875,379,379,21,0.9595959595959596,0.7878787878787878,1.48,14.2,0.65,,tracks/TRI+52ca9b6a+2023-11-02-13h-43m-23s/ext1_f00358.npz
TRI+52ca9b6a+2023-11-02-13h-43m-23s,ext2,254,ok,66,7,0.004174262152777778,379,379,125,0.3580606060606061,0.030303030303030304,6.56,19.0,0.65,,tracks/TRI+52ca9b6a+2023-11-02-13h-43m-23s/ext2_f00254.npz
TRI+52ca9b6a+2023-11-02-13h-43m-23s,ext2,358,ok,80,4,0.0016493055555555556,379,379,21,0.8910714285714286,0.9375,1.5,14.0,0.65,,tracks/TRI+52ca9b6a+2023-11-02-13h-43m-23s/ext2_f00358.npz
TRI+52ca9b6a+2023-11-02-13h-43m-23s,ext2,165,ok,60,7,0.004445529513888889,379,379,214,0.37274143302180685,0.6333333333333333,11.18,19.1,0.64,,tracks/TRI+52ca9b6a+2023-11-02-13h-43m-23s/ext2_f00165.npz
TRI+52ca9b6a+2023-11-02-13h-43m-23s,ext2,193,ok,70,6,0.003525390625,379,379,186,0.3331797235023041,0.6857142857142857,9.97,18.7,0.65,,tracks/TRI+52ca9b6a+2023-11-02-13h-43m-23s/ext2_f00193.npz
TRI+52ca9b6a+2023-11-02-14h-39m-17s,ext1,102,ok,65,10,0.008595920138888888,355,355,253,0.655883247187595,0.9076923076923077,13.28,19.1,0.65,,tracks/TRI+52ca9b6a+2023-11-02-14h-39m-17s/ext1_f00102.npz
TRI+52ca9b6a+2023-11-02-14h-39m-17s,ext2,102,ok,69,6,0.0034602864583333334,355,355,253,0.9974222374978519,0.9565217391304348,13.15,19.2,0.65,,tracks/TRI+52ca9b6a+2023-11-02-14h-39m-17s/ext2_f00102.npz
TRI+52ca9b6a+2023-11-02-15h-09m-47s,ext1,654,ok,71,10,0.009273003472222222,665,665,11,1.0,1.0,1.21,9.1,0.65,,tracks/TRI+52ca9b6a+2023-11-02-15h-09m-47s/ext1_f00654.npz
TRI+52ca9b6a+2023-11-02-15h-09m-47s,ext2,654,ok,60,7,0.003955078125,665,665,11,0.9954545454545455,1.0,1.34,8.2,0.65,,tracks/TRI+52ca9b6a+2023-11-02-15h-09m-47s/ext2_f00654.npz
TRI+52ca9b6a+2023-11-02-15h-18m-04s,ext1,141,ok,64,12,0.014952256944444445,278,278,137,0.916058394160584,0.78125,7.08,19.3,0.65,,tracks/TRI+52ca9b6a+2023-11-02-15h-18m-04s/ext1_f00141.npz
TRI+52ca9b6a+2023-11-02-15h-18m-04s,ext1,179,ok,75,16,0.021707899305555556,278,278,99,0.92,0.8666666666666667,5.26,18.8,0.65,,tracks/TRI+52ca9b6a+2023-11-02-15h-18m-04s/ext1_f00179.npz
TRI+52ca9b6a+2023-11-02-15h-18m-04s,ext1,247,ok,65,9,0.006535373263888889,278,278,31,0.9826302729528535,1.0,2.08,14.9,0.65,,tracks/TRI+52ca9b6a+2023-11-02-15h-18m-04s/ext1_f00247.npz
TRI+52ca9b6a+2023-11-02-15h-18m-04s,ext1,69,ok,62,15,0.01769965277777778,278,278,209,0.956551937027319,0.9516129032258065,10.66,19.6,0.64,,tracks/TRI+52ca9b6a+2023-11-02-15h-18m-04s/ext1_f00069.npz
TRI+52ca9b6a+2023-11-02-15h-18m-04s,ext1,104,ok,65,15,0.017763671875,278,278,174,0.8435897435897436,0.9076923076923077,9.1,19.1,0.65,,tracks/TRI+52ca9b6a+2023-11-02-15h-18m-04s/ext1_f00104.npz
TRI+52ca9b6a+2023-11-02-15h-18m-04s,ext2,69,ok,73,5,0.0025759548611111113,278,278,209,0.9992134757816085,1.0,10.9,19.2,0.65,,tracks/TRI+52ca9b6a+2023-11-02-15h-18m-04s/ext2_f00069.npz
TRI+52ca9b6a+2023-11-02-15h-18m-04s,ext2,104,ok,61,5,0.0022960069444444443,278,278,174,0.9999057848125118,1.0,8.99,19.4,0.65,,tracks/TRI+52ca9b6a+2023-11-02-15h-18m-04s/ext2_f00104.npz
TRI+52ca9b6a+2023-11-02-15h-18m-04s,ext2,141,ok,58,6,0.0028309461805555557,278,278,137,0.9976088598036748,1.0,7.13,19.2,0.65,,tracks/TRI+52ca9b6a+2023-11-02-15h-18m-04s/ext2_f00141.npz
TRI+52ca9b6a+2023-11-02-15h-18m-04s,ext2,179,ok,57,6,0.002864583333333333,278,278,99,0.9909622541201488,1.0,5.28,18.7,0.64,,tracks/TRI+52ca9b6a+2023-11-02-15h-18m-04s/ext2_f00179.npz
TRI+52ca9b6a+2023-11-02-15h-18m-04s,ext2,247,ok,73,5,0.0025900607638888887,278,278,31,0.996464869642068,1.0,1.94,16.0,0.65,,tracks/TRI+52ca9b6a+2023-11-02-15h-18m-04s/ext2_f00247.npz
TRI+52ca9b6a+2023-11-02-15h-41m-57s,ext1,111,ok,71,13,0.013948567708333333,292,292,181,0.5880476227530932,0.18309859154929578,9.32,19.4,0.65,,tracks/TRI+52ca9b6a+2023-11-02-15h-41m-57s/ext1_f00111.npz
TRI+52ca9b6a+2023-11-02-15h-41m-57s,ext1,255,ok,77,4,0.001838107638888889,292,292,37,1.0,1.0,2.25,16.5,0.65,,tracks/TRI+52ca9b6a+2023-11-02-15h-41m-57s/ext1_f00255.npz
TRI+52ca9b6a+2023-11-02-15h-41m-57s,ext2,111,ok,71,34,0.08617947048611112,292,292,181,0.545560656758229,0.5211267605633803,9.65,18.8,0.65,,tracks/TRI+52ca9b6a+2023-11-02-15h-41m-57s/ext2_f00111.npz
TRI+52ca9b6a+2023-11-02-15h-41m-57s,ext2,255,ok,69,34,0.08827582465277778,292,292,37,0.9467293380336859,0.9420289855072463,2.17,17.0,0.65,,tracks/TRI+52ca9b6a+2023-11-02-15h-41m-57s/ext2_f00255.npz
TRI+52ca9b6a+2023-11-02-15h-42m-30s,ext1,155,ok,69,23,0.039784071180555554,169,169,14,0.994824016563147,1.0,0.96,14.6,0.65,,tracks/TRI+52ca9b6a+2023-11-02-15h-42m-30s/ext1_f00155.npz
TRI+52ca9b6a+2023-11-02-15h-42m-30s,ext2,155,ok,61,10,0.007468532986111111,169,169,14,0.9976580796252927,1.0,0.96,14.5,0.65,,tracks/TRI+52ca9b6a+2023-11-02-15h-42m-30s/ext2_f00155.npz
TRI+52ca9b6a+2023-11-02-15h-45m-25s,ext1,216,ok,64,9,0.007036675347222222,232,232,16,0.9892578125,0.953125,1.11,14.4,0.64,,tracks/TRI+52ca9b6a+2023-11-02-15h-45m-25s/ext1_f00216.npz
TRI+52ca9b6a+2023-11-02-15h-45m-25s,ext2,216,ok,67,19,0.0276953125,232,232,16,0.9449626865671642,0.835820895522388,1.12,14.3,0.65,,tracks/TRI+52ca9b6a+2023-11-02-15h-45m-25s/ext2_f00216.npz
TRI+52ca9b6a+2023-11-02-15h-49m-00s,ext1,121,ok,63,13,0.014792751736111111,292,292,171,0.48380209783718553,0.5396825396825397,8.75,19.6,0.65,,tracks/TRI+52ca9b6a+2023-11-02-15h-49m-00s/ext1_f00121.npz
TRI+52ca9b6a+2023-11-02-15h-49m-00s,ext1,200,ok,65,9,0.006674262152777778,292,292,92,0.4944816053511706,0.9846153846153847,4.9,18.8,0.65,,tracks/TRI+52ca9b6a+2023-11-02-15h-49m-00s/ext1_f00200.npz
TRI+52ca9b6a+2023-11-02-15h-49m-00s,ext2,121,ok,63,8,0.0054958767361111115,292,292,171,0.1956743711129676,0.0,9.04,18.9,0.65,,tracks/TRI+52ca9b6a+2023-11-02-15h-49m-00s/ext2_f00121.npz
TRI+52ca9b6a+2023-11-02-15h-49m-00s,ext2,200,ok,71,4,0.0028255208333333335,292,292,92,0.4285058175137783,0.6619718309859155,4.99,18.4,0.65,,tracks/TRI+52ca9b6a+2023-11-02-15h-49m-00s/ext2_f00200.npz
TRI+52ca9b6a+2023-11-02-16h-18m-56s,ext1,190,ok,69,10,0.009214409722222223,416,416,226,0.7960754136206233,0.8985507246376812,11.84,19.1,0.65,,tracks/TRI+52ca9b6a+2023-11-02-16h-18m-56s/ext1_f00190.npz
TRI+52ca9b6a+2023-11-02-16h-18m-56s,ext1,206,ok,64,8,0.0055859375,416,416,210,0.6863095238095238,0.96875,10.99,19.1,0.65,,tracks/TRI+52ca9b6a+2023-11-02-16h-18m-56s/ext1_f00206.npz
TRI+52ca9b6a+2023-11-02-16h-18m-56s,ext2,190,ok,61,20,0.032100694444444446,416,416,226,0.14434933991005366,0.0,11.87,19.0,0.64,,tracks/TRI+52ca9b6a+2023-11-02-16h-18m-56s/ext2_f00190.npz
TRI+52ca9b6a+2023-11-02-16h-18m-56s,ext2,206,ok,55,22,0.0362890625,416,416,210,0.358961038961039,0.0,10.92,19.2,0.65,,tracks/TRI+52ca9b6a+2023-11-02-16h-18m-56s/ext2_f00206.npz
TRI+52ca9b6a+2023-11-02-16h-37m-25s,ext1,83,ok,57,6,0.00294921875,398,398,315,0.5297688666109719,0.5263157894736842,15.89,19.8,0.65,,tracks/TRI+52ca9b6a+2023-11-02-16h-37m-25s/ext1_f00083.npz
TRI+52ca9b6a+2023-11-02-16h-37m-25s,ext1,189,ok,65,4,0.0016579861111111112,398,398,209,0.9981597350018403,1.0,10.81,19.3,0.65,,tracks/TRI+52ca9b6a+2023-11-02-16h-37m-25s/ext1_f00189.npz
TRI+52ca9b6a+2023-11-02-16h-37m-25s,ext2,83,ok,64,17,0.022922092013888888,398,398,315,0.1261904761904762,0.046875,16.55,19.0,0.65,,tracks/TRI+52ca9b6a+2023-11-02-16h-37m-25s/ext2_f00083.npz
TRI+52ca9b6a+2023-11-02-16h-37m-25s,ext2,189,ok,68,11,0.013111979166666666,398,398,209,0.48100197016605684,0.8529411764705882,11.0,19.0,0.65,,tracks/TRI+52ca9b6a+2023-11-02-16h-37m-25s/ext2_f00189.npz
TRI+52ca9b6a+2023-11-02-17h-32m-00s,ext1,212,ok,65,4,0.0017068142361111112,597,597,385,0.07968031968031968,0.03076923076923077,19.84,19.4,0.65,,tracks/TRI+52ca9b6a+2023-11-02-17h-32m-00s/ext1_f00212.npz
TRI+52ca9b6a+2023-11-02-17h-32m-00s,ext1,361,ok,76,9,0.0089453125,597,597,236,0.8656891168599464,0.7368421052631579,12.56,18.8,0.65,,tracks/TRI+52ca9b6a+2023-11-02-17h-32m-00s/ext1_f00361.npz
TRI+52ca9b6a+2023-11-02-17h-32m-00s,ext1,547,ok,62,16,0.0199609375,597,597,50,0.8490322580645161,0.8548387096774194,3.14,15.9,0.64,,tracks/TRI+52ca9b6a+2023-11-02-17h-32m-00s/ext1_f00547.npz
TRI+52ca9b6a+2023-11-02-17h-32m-00s,ext1,594,ok,64,13,0.013434244791666666,597,597,3,1.0,1.0,0.83,3.6,0.65,,tracks/TRI+52ca9b6a+2023-11-02-17h-32m-00s/ext1_f00594.npz
TRI+52ca9b6a+2023-11-02-17h-32m-00s,ext2,212,ok,72,6,0.003820529513888889,597,597,385,0.26717171717171717,0.0,19.7,19.5,0.65,,tracks/TRI+52ca9b6a+2023-11-02-17h-32m-00s/ext2_f00212.npz
TRI+52ca9b6a+2023-11-02-17h-32m-00s,ext2,361,ok,69,19,0.027901475694444445,597,597,236,0.37871530336526654,0.0,12.39,19.1,0.65,,tracks/TRI+52ca9b6a+2023-11-02-17h-32m-00s/ext2_f00361.npz
TRI+52ca9b6a+2023-11-02-17h-32m-00s,ext2,547,ok,63,8,0.005508897569444444,597,597,50,0.5828571428571429,0.1111111111111111,3.24,15.4,0.65,,tracks/TRI+52ca9b6a+2023-11-02-17h-32m-00s/ext2_f00547.npz
TRI+52ca9b6a+2023-11-02-17h-32m-00s,ext2,594,ok,70,8,0.005424262152777777,597,597,3,1.0,1.0,0.89,3.4,0.65,,tracks/TRI+52ca9b6a+2023-11-02-17h-32m-00s/ext2_f00594.npz
TRI+52ca9b6a+2023-11-02-17h-33m-25s,ext1,151,ok,63,12,0.012467447916666667,251,251,100,0.7138095238095238,0.8253968253968254,5.32,18.8,0.65,,tracks/TRI+52ca9b6a+2023-11-02-17h-33m-25s/ext1_f00151.npz
TRI+52ca9b6a+2023-11-02-17h-33m-25s,ext1,197,ok,69,18,0.026246744791666665,251,251,54,0.6800858829844337,0.7971014492753623,3.05,17.7,0.65,,tracks/TRI+52ca9b6a+2023-11-02-17h-33m-25s/ext1_f00197.npz
TRI+52ca9b6a+2023-11-02-17h-33m-25s,ext2,151,ok,68,7,0.004321831597222222,251,251,100,0.21779411764705883,0.0,5.3,18.9,0.64,,tracks/TRI+52ca9b6a+2023-11-02-17h-33m-25s/ext2_f00151.npz
TRI+52ca9b6a+2023-11-02-17h-33m-25s,ext2,197,ok,76,8,0.0059754774305555555,251,251,54,0.9451754385964912,0.8552631578947368,3.05,17.7,0.65,,tracks/TRI+52ca9b6a+2023-11-02-17h-33m-25s/ext2_f00197.npz
TRI+52ca9b6a+2023-11-06-10h-24m-15s,ext1,167,ok,66,8,0.005314670138888889,374,374,207,0.5203484116527595,0.25757575757575757,10.64,19.5,0.65,,tracks/TRI+52ca9b6a+2023-11-06-10h-24m-15s/ext1_f00167.npz
TRI+52ca9b6a+2023-11-06-10h-24m-15s,ext2,167,ok,64,12,0.011465928819444445,374,374,207,0.6429649758454107,0.46875,10.66,19.4,0.65,,tracks/TRI+52ca9b6a+2023-11-06-10h-24m-15s/ext2_f00167.npz
TRI+52ca9b6a+2023-11-06-13h-58m-12s,ext1,79,ok,64,19,0.026233723958333333,229,229,150,0.5616666666666666,0.0,7.95,18.9,0.65,,tracks/TRI+52ca9b6a+2023-11-06-13h-58m-12s/ext1_f00079.npz
TRI+52ca9b6a+2023-11-06-13h-58m-12s,ext1,100,ok,69,35,0.0874609375,229,229,129,0.38164251207729466,0.0,6.9,18.7,0.65,,tracks/TRI+52ca9b6a+2023-11-06-13h-58m-12s/ext1_f00100.npz
TRI+52ca9b6a+2023-11-06-13h-58m-12s,ext1,146,ok,77,22,0.039499782986111114,229,229,83,0.6961351901110937,0.0,4.48,18.5,0.65,,tracks/TRI+52ca9b6a+2023-11-06-13h-58m-12s/ext1_f00146.npz
TRI+52ca9b6a+2023-11-06-13h-58m-12s,ext1,197,ok,70,27,0.05546006944444445,229,229,32,0.240625,0.0,1.95,16.4,0.65,,tracks/TRI+52ca9b6a+2023-11-06-13h-58m-12s/ext1_f00197.npz
TRI+52ca9b6a+2023-11-06-13h-58m-12s,ext2,146,ok,67,6,0.0033311631944444443,229,229,83,0.8032727926631901,0.08955223880597014,4.32,19.2,0.65,,tracks/TRI+52ca9b6a+2023-11-06-13h-58m-12s/ext2_f00146.npz
TRI+52ca9b6a+2023-11-06-13h-58m-12s,ext2,197,ok,75,6,0.0033550347222222224,229,229,32,0.53875,0.0,2.1,15.2,0.65,,tracks/TRI+52ca9b6a+2023-11-06-13h-58m-12s/ext2_f00197.npz
TRI+52ca9b6a+2023-11-06-13h-58m-12s,ext2,79,ok,66,8,0.006036241319444444,229,229,150,0.7122222222222222,0.0,7.74,19.4,0.64,,tracks/TRI+52ca9b6a+2023-11-06-13h-58m-12s/ext2_f00079.npz
TRI+52ca9b6a+2023-11-06-13h-58m-12s,ext2,100,ok,62,6,0.0027669270833333335,229,229,129,0.8879719929982496,0.0,6.79,19.0,0.65,,tracks/TRI+52ca9b6a+2023-11-06-13h-58m-12s/ext2_f00100.npz
TRI+52ca9b6a+2023-11-06-15h-45m-19s,ext1,68,ok,59,7,0.0040614149305555555,494,494,426,0.8058804806238561,0.6949152542372882,22.16,19.2,0.65,,tracks/TRI+52ca9b6a+2023-11-06-15h-45m-19s/ext1_f00068.npz
TRI+52ca9b6a+2023-11-06-15h-45m-19s,ext2,68,ok,72,15,0.01842013888888889,494,494,426,0.2247000521648409,0.0,21.98,19.4,0.65,,tracks/TRI+52ca9b6a+2023-11-06-15h-45m-19s/ext2_f00068.npz
TRI+52ca9b6a+2023-11-06-16h-21m-31s,ext1,148,ok,66,14,0.016012369791666668,387,387,239,0.5223152022315202,0.7575757575757576,12.33,19.4,0.65,,tracks/TRI+52ca9b6a+2023-11-06-16h-21m-31s/ext1_f00148.npz
TRI+52ca9b6a+2023-11-06-16h-21m-31s,ext2,148,ok,57,4,0.0012456597222222222,387,387,239,0.7855097996036116,0.5789473684210527,12.34,19.4,0.65,,tracks/TRI+52ca9b6a+2023-11-06-16h-21m-31s/ext2_f00148.npz
TRI+52ca9b6a+2023-11-07-14h-40m-05s,ext1,284,ok,55,4,0.0015071614583333332,477,477,193,0.9089024964672633,0.8909090909090909,10.05,19.2,0.64,,tracks/TRI+52ca9b6a+2023-11-07-14h-40m-05s/ext1_f00284.npz
TRI+52ca9b6a+2023-11-07-14h-40m-05s,ext2,284,ok,69,14,0.015788845486111112,477,477,193,0.9312157392806187,1.0,10.45,18.5,0.65,,tracks/TRI+52ca9b6a+2023-11-07-14h-40m-05s/ext2_f00284.npz
TRI+52ca9b6a+2023-11-07-14h-42m-14s,ext1,264,ok,76,8,0.005774739583333333,284,284,20,0.9782894736842105,0.9736842105263158,1.28,15.6,0.65,,tracks/TRI+52ca9b6a+2023-11-07-14h-42m-14s/ext1_f00264.npz
TRI+52ca9b6a+2023-11-07-14h-42m-14s,ext2,264,ok,54,13,0.013751085069444445,284,284,20,0.9259259259259259,0.9259259259259259,1.23,16.2,0.65,,tracks/TRI+52ca9b6a+2023-11-07-14h-42m-14s/ext2_f00264.npz
TRI+52ca9b6a+2023-11-07-14h-57m-27s,ext1,148,ok,77,6,0.0041037326388888885,349,349,201,0.8836983911610777,0.974025974025974,10.66,18.8,0.65,,tracks/TRI+52ca9b6a+2023-11-07-14h-57m-27s/ext1_f00148.npz
TRI+52ca9b6a+2023-11-07-14h-57m-27s,ext1,285,ok,55,8,0.004842664930555555,349,349,64,1.0,1.0,3.49,18.3,0.65,,tracks/TRI+52ca9b6a+2023-11-07-14h-57m-27s/ext1_f00285.npz
TRI+52ca9b6a+2023-11-07-14h-57m-27s,ext2,148,ok,67,11,0.009756944444444445,349,349,201,0.6991163585059775,1.0,10.42,19.3,0.65,,tracks/TRI+52ca9b6a+2023-11-07-14h-57m-27s/ext2_f00148.npz
TRI+52ca9b6a+2023-11-07-14h-57m-27s,ext2,285,ok,69,15,0.018460286458333332,349,349,64,0.9997735507246377,1.0,3.58,17.9,0.65,,tracks/TRI+52ca9b6a+2023-11-07-14h-57m-27s/ext2_f00285.npz
TRI+52ca9b6a+2023-11-07-16h-53m-41s,ext1,322,ok,71,33,0.08174913194444444,388,388,66,0.7385830132309006,0.7605633802816901,3.75,17.6,0.64,,tracks/TRI+52ca9b6a+2023-11-07-16h-53m-41s/ext1_f00322.npz
TRI+52ca9b6a+2023-11-07-16h-53m-41s,ext2,322,ok,72,7,0.004610460069444444,388,388,66,1.0,1.0,3.9,16.9,0.65,,tracks/TRI+52ca9b6a+2023-11-07-16h-53m-41s/ext2_f00322.npz
TRI+52ca9b6a+2023-11-07-17h-02m-11s,ext1,132,ok,59,9,0.006202256944444444,210,210,78,0.959800086918731,0.9322033898305084,4.07,19.2,0.65,,tracks/TRI+52ca9b6a+2023-11-07-17h-02m-11s/ext1_f00132.npz
TRI+52ca9b6a+2023-11-07-17h-02m-11s,ext2,132,ok,77,5,0.002963324652777778,210,210,78,0.8231768231768232,0.5844155844155844,4.16,18.7,0.65,,tracks/TRI+52ca9b6a+2023-11-07-17h-02m-11s/ext2_f00132.npz
TRI+52ca9b6a+2023-11-07-17h-13m-33s,ext1,58,ok,61,9,0.0064127604166666664,217,217,159,0.7440973296216105,0.7377049180327869,8.43,18.9,0.65,,tracks/TRI+52ca9b6a+2023-11-07-17h-13m-33s/ext1_f00058.npz
TRI+52ca9b6a+2023-11-07-17h-13m-33s,ext1,145,ok,64,14,0.016293402777777778,217,217,72,0.8754340277777778,0.765625,3.92,18.4,0.65,,tracks/TRI+52ca9b6a+2023-11-07-17h-13m-33s/ext1_f00145.npz
TRI+52ca9b6a+2023-11-07-17h-13m-33s,ext2,58,ok,64,7,0.0038953993055555556,217,217,159,0.6526139937106918,0.921875,8.25,19.3,0.65,,tracks/TRI+52ca9b6a+2023-11-07-17h-13m-33s/ext2_f00058.npz
TRI+52ca9b6a+2023-11-07-17h-13m-33s,ext2,145,ok,81,6,0.003929036458333333,217,217,72,0.995713305898491,0.9876543209876543,3.95,18.2,0.65,,tracks/TRI+52ca9b6a+2023-11-07-17h-13m-33s/ext2_f00145.npz
TRI+52ca9b6a+2023-11-07-17h-37m-02s,ext1,222,ok,58,7,0.004538845486111111,231,231,9,0.946360153256705,0.896551724137931,0.68,13.2,0.64,,tracks/TRI+52ca9b6a+2023-11-07-17h-37m-02s/ext1_f00222.npz
TRI+52ca9b6a+2023-11-07-17h-37m-02s,ext2,222,ok,24,4,0.0010481770833333333,231,231,9,1.0,1.0,0.69,13.0,0.65,,tracks/TRI+52ca9b6a+2023-11-07-17h-37m-02s/ext2_f00222.npz
TRI+52ca9b6a+2023-11-08-11h-06m-07s,ext1,198,ok,72,6,0.0035069444444444445,329,329,131,0.9867472434266328,1.0,6.88,19.0,0.65,,tracks/TRI+52ca9b6a+2023-11-08-11h-06m-07s/ext1_f00198.npz
TRI+52ca9b6a+2023-11-08-11h-06m-07s,ext1,206,ok,73,6,0.0037706163194444445,329,329,123,0.9822920147009689,0.821917808219178,6.53,18.8,0.65,,tracks/TRI+52ca9b6a+2023-11-08-11h-06m-07s/ext1_f00206.npz
TRI+52ca9b6a+2023-11-08-11h-06m-07s,ext2,198,ok,68,9,0.007835286458333333,329,329,131,0.890547822182308,1.0,7.13,18.4,0.65,,tracks/TRI+52ca9b6a+2023-11-08-11h-06m-07s/ext2_f00198.npz
TRI+52ca9b6a+2023-11-08-11h-06m-07s,ext2,206,ok,74,6,0.0038096788194444445,329,329,123,0.931663370687761,0.8648648648648649,6.8,18.1,0.65,,tracks/TRI+52ca9b6a+2023-11-08-11h-06m-07s/ext2_f00206.npz
TRI+52ca9b6a+2023-11-08-14h-21m-27s,ext1,419,ok,68,9,0.009551866319444444,508,508,89,0.8762392597488433,1.0,5.01,17.8,0.65,,tracks/TRI+52ca9b6a+2023-11-08-14h-21m-27s/ext1_f00419.npz
TRI+52ca9b6a+2023-11-08-14h-21m-27s,ext1,466,ok,7,4,0.0011371527777777777,508,508,42,0.6870748299319728,1.0,2.63,16.0,0.65,,tracks/TRI+52ca9b6a+2023-11-08-14h-21m-27s/ext1_f00466.npz
TRI+52ca9b6a+2023-11-08-14h-21m-27s,ext2,419,ok,63,7,0.004117838541666667,508,508,89,0.5987158908507223,0.09523809523809523,4.99,17.8,0.64,,tracks/TRI+52ca9b6a+2023-11-08-14h-21m-27s/ext2_f00419.npz
TRI+52ca9b6a+2023-11-08-14h-21m-27s,ext2,466,ok,69,8,0.005390625,508,508,42,0.6808143547273982,0.028985507246376812,2.67,15.7,0.65,,tracks/TRI+52ca9b6a+2023-11-08-14h-21m-27s/ext2_f00466.npz
TRI+52ca9b6a+2023-11-08-15h-14m-44s,ext1,96,ok,63,10,0.007876519097222222,210,210,114,0.7223614592035644,0.4603174603174603,5.89,19.4,0.65,,tracks/TRI+52ca9b6a+2023-11-08-15h-14m-44s/ext1_f00096.npz
TRI+52ca9b6a+2023-11-08-15h-14m-44s,ext2,96,ok,62,4,0.0013346354166666667,210,210,114,0.7757498585172609,0.8387096774193549,5.86,19.5,0.65,,tracks/TRI+52ca9b6a+2023-11-08-15h-14m-44s/ext2_f00096.npz
TRI+52ca9b6a+2023-11-08-15h-20m-46s,ext1,231,ok,71,5,0.0029698350694444446,283,283,52,0.9959371614301191,0.9859154929577465,3.03,17.2,0.65,,tracks/TRI+52ca9b6a+2023-11-08-15h-20m-46s/ext1_f00231.npz
TRI+52ca9b6a+2023-11-08-15h-20m-46s,ext2,231,ok,59,8,0.004892578125,283,283,52,0.9638200782268579,0.7966101694915254,2.98,17.5,0.65,,tracks/TRI+52ca9b6a+2023-11-08-15h-20m-46s/ext2_f00231.npz
TRI+52ca9b6a+2023-11-08-16h-54m-30s,ext1,105,ok,60,10,0.0076692708333333335,160,160,55,0.9736363636363636,0.95,2.95,18.7,0.65,,tracks/TRI+52ca9b6a+2023-11-08-16h-54m-30s/ext1_f00105.npz
TRI+52ca9b6a+2023-11-08-16h-54m-30s,ext2,105,ok,60,8,0.004542100694444444,160,160,55,0.9845454545454545,0.95,3.03,18.1,0.65,,tracks/TRI+52ca9b6a+2023-11-08-16h-54m-30s/ext2_f00105.npz
TRI+52ca9b6a+2023-11-08-17h-06m-58s,ext1,203,ok,68,8,0.006060112847222222,315,315,112,0.30370273109243695,0.22058823529411764,6.04,18.5,0.64,,tracks/TRI+52ca9b6a+2023-11-08-17h-06m-58s/ext1_f00203.npz
TRI+52ca9b6a+2023-11-08-17h-06m-58s,ext2,203,ok,82,5,0.0024967447916666666,315,315,112,0.9949912891986062,0.9146341463414634,6.29,17.8,0.65,,tracks/TRI+52ca9b6a+2023-11-08-17h-06m-58s/ext2_f00203.npz
TRI+52ca9b6a+2023-11-08-17h-18m-37s,ext1,136,ok,58,18,0.02598849826388889,200,200,64,0.9210668103448276,0.6379310344827587,3.43,18.7,0.65,,tracks/TRI+52ca9b6a+2023-11-08-17h-18m-37s/ext1_f00136.npz
TRI+52ca9b6a+2023-11-08-17h-18m-37s,ext2,136,ok,65,8,0.005301649305555556,200,200,64,0.9507211538461539,1.0,3.45,18.6,0.65,,tracks/TRI+52ca9b6a+2023-11-08-17h-18m-37s/ext2_f00136.npz
TRI+52ca9b6a+2023-11-08-17h-20m-14s,ext1,112,ok,28,4,0.0007725694444444444,283,283,171,0.1274018379281537,0.0,8.89,19.2,0.65,,tracks/TRI+52ca9b6a+2023-11-08-17h-20m-14s/ext1_f00112.npz
TRI+52ca9b6a+2023-11-08-17h-20m-14s,ext1,265,ok,63,21,0.03596571180555556,283,283,18,0.9091710758377425,0.8888888888888888,1.23,14.7,0.65,,tracks/TRI+52ca9b6a+2023-11-08-17h-20m-14s/ext1_f00265.npz
TRI+52ca9b6a+2023-11-08-17h-20m-14s,ext2,112,ok,59,18,0.023104383680555556,283,283,171,0.7881851521459015,0.5254237288135594,8.85,19.3,0.65,,tracks/TRI+52ca9b6a+2023-11-08-17h-20m-14s/ext2_f00112.npz
TRI+52ca9b6a+2023-11-08-17h-20m-14s,ext2,265,ok,78,5,0.002900390625,283,283,18,1.0,1.0,1.26,14.3,0.65,,tracks/TRI+52ca9b6a+2023-11-08-17h-20m-14s/ext2_f00265.npz
TRI+52ca9b6a+2023-11-08-17h-37m-38s,ext1,192,ok,60,4,0.0023838975694444446,202,202,10,1.0,1.0,0.77,13.0,0.64,,tracks/TRI+52ca9b6a+2023-11-08-17h-37m-38s/ext1_f00192.npz
TRI+52ca9b6a+2023-11-08-17h-37m-38s,ext2,192,ok,66,43,0.13084092881944445,202,202,10,0.9515151515151515,0.9393939393939394,0.85,11.8,0.65,,tracks/TRI+52ca9b6a+2023-11-08-17h-37m-38s/ext2_f00192.npz
TRI+52ca9b6a+2023-11-09-11h-45m-11s,ext1,206,ok,76,6,0.0047124565972222225,216,216,10,0.24342105263157895,0.02631578947368421,0.86,11.6,0.65,,tracks/TRI+52ca9b6a+2023-11-09-11h-45m-11s/ext1_f00206.npz
TRI+52ca9b6a+2023-11-09-11h-45m-11s,ext2,206,ok,68,11,0.012113715277777777,216,216,10,0.9970588235294118,0.9852941176470589,0.88,11.4,0.65,,tracks/TRI+52ca9b6a+2023-11-09-11h-45m-11s/ext2_f00206.npz
TRI+52ca9b6a+2023-11-09-14h-19m-47s,ext1,604,ok,58,12,0.011665581597222223,663,663,59,0.9389246054938633,0.9827586206896551,3.64,16.2,0.65,,tracks/TRI+52ca9b6a+2023-11-09-14h-19m-47s/ext1_f00604.npz
TRI+52ca9b6a+2023-11-09-14h-19m-47s,ext1,660,ok,64,8,0.0055653211805555556,663,663,3,1.0,1.0,0.82,3.7,0.65,,tracks/TRI+52ca9b6a+2023-11-09-14h-19m-47s/ext1_f00660.npz
TRI+52ca9b6a+2023-11-09-14h-19m-47s,ext2,604,ok,71,14,0.016897786458333335,663,663,59,0.5531153019813798,0.23943661971830985,3.62,16.3,0.65,,tracks/TRI+52ca9b6a+2023-11-09-14h-19m-47s/ext2_f00604.npz
TRI+52ca9b6a+2023-11-09-14h-19m-47s,ext2,660,ok,67,12,0.010325520833333334,663,663,3,1.0,1.0,0.84,3.6,0.65,,tracks/TRI+52ca9b6a+2023-11-09-14h-19m-47s/ext2_f00660.npz
TRI+52ca9b6a+2023-11-09-14h-22m-38s,ext1,594,ok,23,4,0.0011664496527777778,680,680,86,0.14711830131445905,0.08695652173913043,4.67,18.4,0.64,,tracks/TRI+52ca9b6a+2023-11-09-14h-22m-38s/ext1_f00594.npz
TRI+52ca9b6a+2023-11-09-14h-22m-38s,ext2,594,ok,69,10,0.008120659722222222,680,680,86,0.9427030670711156,0.9565217391304348,5.06,17.0,0.65,,tracks/TRI+52ca9b6a+2023-11-09-14h-22m-38s/ext2_f00594.npz
TRI+52ca9b6a+2023-11-09-15h-55m-03s,ext1,137,ok,66,8,0.005870225694444444,323,323,186,0.4371130661453242,0.8636363636363636,9.51,19.6,0.65,,tracks/TRI+52ca9b6a+2023-11-09-15h-55m-03s/ext1_f00137.npz
TRI+52ca9b6a+2023-11-09-15h-55m-03s,ext1,220,ok,76,6,0.003359375,323,323,103,0.9504343382728666,1.0,5.48,18.8,0.65,,tracks/TRI+52ca9b6a+2023-11-09-15h-55m-03s/ext1_f00220.npz
TRI+52ca9b6a+2023-11-09-15h-55m-03s,ext2,137,ok,61,11,0.009490017361111111,323,323,186,0.806275339326635,0.9180327868852459,9.83,18.9,0.65,,tracks/TRI+52ca9b6a+2023-11-09-15h-55m-03s/ext2_f00137.npz
TRI+52ca9b6a+2023-11-09-15h-55m-03s,ext2,220,ok,68,10,0.008271484375,323,323,103,0.9601656196459166,1.0,5.5,18.7,0.65,,tracks/TRI+52ca9b6a+2023-11-09-15h-55m-03s/ext2_f00220.npz
TRI+52ca9b6a+2023-11-13-14h-00m-07s,ext1,288,ok,68,21,0.03523654513888889,336,336,48,0.8412990196078431,0.7647058823529411,2.88,16.7,0.65,,tracks/TRI+52ca9b6a+2023-11-13-14h-00m-07s/ext1_f00288.npz
TRI+52ca9b6a+2023-11-13-14h-00m-07s,ext2,288,ok,69,12,0.013135850694444444,336,336,48,0.7663043478260869,0.5942028985507246,3.02,15.9,0.65,,tracks/TRI+52ca9b6a+2023-11-13-14h-00m-07s/ext2_f00288.npz
TRI+52ca9b6a+2023-11-13-14h-07m-17s,ext1,164,ok,58,14,0.014636501736111111,235,235,71,0.4113647401651287,0.10344827586206896,3.87,18.3,0.64,,tracks/TRI+52ca9b6a+2023-11-13-14h-07m-17s/ext1_f00164.npz
TRI+52ca9b6a+2023-11-13-14h-07m-17s,ext1,185,ok,63,9,0.006910807291666667,235,235,50,0.42698412698412697,0.3333333333333333,2.83,17.6,0.65,,tracks/TRI+52ca9b6a+2023-11-13-14h-07m-17s/ext1_f00185.npz
TRI+52ca9b6a+2023-11-13-14h-07m-17s,ext2,164,ok,63,13,0.01317599826388889,235,235,71,0.7426782919740667,0.5714285714285714,3.79,18.8,0.65,,tracks/TRI+52ca9b6a+2023-11-13-14h-07m-17s/ext2_f00164.npz
TRI+52ca9b6a+2023-11-13-14h-07m-17s,ext2,185,ok,61,15,0.018102213541666665,235,235,50,0.8465573770491803,0.7540983606557377,2.84,17.6,0.65,,tracks/TRI+52ca9b6a+2023-11-13-14h-07m-17s/ext2_f00185.npz
TRI+52ca9b6a+2023-11-13-14h-52m-10s,ext1,160,ok,63,13,0.014971788194444445,196,196,36,0.4497354497354497,0.15873015873015872,2.13,16.9,0.65,,tracks/TRI+52ca9b6a+2023-11-13-14h-52m-10s/ext1_f00160.npz
TRI+52ca9b6a+2023-11-13-14h-52m-10s,ext2,160,ok,57,25,0.046302083333333334,196,196,36,0.2719298245614035,0.03508771929824561,2.08,17.3,0.65,,tracks/TRI+52ca9b6a+2023-11-13-14h-52m-10s/ext2_f00160.npz
TRI+52ca9b6a+2023-11-13-16h-02m-20s,ext1,251,ok,68,9,0.007796223958333333,476,476,225,0.8540522875816994,0.7058823529411765,11.79,19.1,0.65,,tracks/TRI+52ca9b6a+2023-11-13-16h-02m-20s/ext1_f00251.npz
TRI+52ca9b6a+2023-11-13-16h-02m-20s,ext2,251,ok,70,33,0.088212890625,476,476,225,0.5810793650793651,0.0,11.85,19.0,0.65,,tracks/TRI+52ca9b6a+2023-11-13-16h-02m-20s/ext2_f00251.npz
TRI+52ca9b6a+2023-11-13-16h-03m-53s,ext1,70,ok,69,10,0.009008246527777777,190,190,120,0.7739130434782608,0.08695652173913043,6.32,19.0,0.64,,tracks/TRI+52ca9b6a+2023-11-13-16h-03m-53s/ext1_f00070.npz
TRI+52ca9b6a+2023-11-13-16h-03m-53s,ext2,70,ok,70,24,0.049358723958333336,190,190,120,0.048452380952380955,0.0,6.35,18.9,0.65,,tracks/TRI+52ca9b6a+2023-11-13-16h-03m-53s/ext2_f00070.npz
TRI+52ca9b6a+2023-11-13-16h-04m-30s,ext1,487,ok,59,10,0.008145616319444444,510,510,23,0.5976418570375829,0.13559322033898305,1.63,14.1,0.65,,tracks/TRI+52ca9b6a+2023-11-13-16h-04m-30s/ext1_f00487.npz
TRI+52ca9b6a+2023-11-13-16h-04m-30s,ext2,487,ok,67,27,0.057284071180555556,510,510,23,0.24853990914990265,0.0,1.74,13.2,0.65,,tracks/TRI+52ca9b6a+2023-11-13-16h-04m-30s/ext2_f00487.npz
TRI+52ca9b6a+2023-11-13-17h-11m-23s,ext1,176,ok,66,10,0.00919704861111111,216,216,40,0.9609848484848484,1.0,2.3,17.4,0.65,,tracks/TRI+52ca9b6a+2023-11-13-17h-11m-23s/ext1_f00176.npz
TRI+52ca9b6a+2023-11-13-17h-11m-23s,ext2,176,ok,70,13,0.014357638888888889,216,216,40,0.9478571428571428,0.8714285714285714,2.34,17.1,0.65,,tracks/TRI+52ca9b6a+2023-11-13-17h-11m-23s/ext2_f00176.npz
TRI+52ca9b6a+2023-11-14-12h-01m-00s,ext1,150,ok,58,9,0.007240668402777778,187,187,37,0.8560111835973905,0.8103448275862069,2.05,18.1,0.65,,tracks/TRI+52ca9b6a+2023-11-14-12h-01m-00s/ext1_f00150.npz
TRI+52ca9b6a+2023-11-14-12h-01m-00s,ext2,150,ok,76,14,0.017065972222222222,187,187,37,0.8399715504978663,0.8552631578947368,2.05,18.1,0.65,,tracks/TRI+52ca9b6a+2023-11-14-12h-01m-00s/ext2_f00150.npz
TRI+52ca9b6a+2023-11-14-13h-28m-07s,ext1,150,ok,69,5,0.0030251736111111113,218,218,68,0.8795822676896846,0.5652173913043478,3.72,18.3,0.64,,tracks/TRI+52ca9b6a+2023-11-14-13h-28m-07s/ext1_f00150.npz
TRI+52ca9b6a+2023-11-14-13h-28m-07s,ext2,150,ok,77,14,0.015411241319444444,218,218,68,0.8231474407944996,0.23376623376623376,3.74,18.2,0.65,,tracks/TRI+52ca9b6a+2023-11-14-13h-28m-07s/ext2_f00150.npz
TRI+52ca9b6a+2023-11-15-10h-57m-40s,ext1,250,ok,60,9,0.006771918402777778,402,402,152,0.9927631578947368,1.0,7.96,19.1,0.65,,tracks/TRI+52ca9b6a+2023-11-15-10h-57m-40s/ext1_f00250.npz
TRI+52ca9b6a+2023-11-15-10h-57m-40s,ext1,333,ok,54,5,0.0020399305555555557,402,402,69,0.8867418142780462,0.9444444444444444,3.88,17.8,0.65,,tracks/TRI+52ca9b6a+2023-11-15-10h-57m-40s/ext1_f00333.npz
TRI+52ca9b6a+2023-11-15-10h-57m-40s,ext2,250,ok,78,4,0.0019932725694444446,402,402,152,1.0,1.0,8.29,18.3,0.65,,tracks/TRI+52ca9b6a+2023-11-15-10h-57m-40s/ext2_f00250.npz
TRI+52ca9b6a+2023-11-15-10h-57m-40s,ext2,333,ok,62,15,0.016842447916666666,402,402,69,1.0,1.0,3.92,17.6,0.65,,tracks/TRI+52ca9b6a+2023-11-15-10h-57m-40s/ext2_f00333.npz
TRI+52ca9b6a+2023-11-15-11h-56m-18s,ext1,58,ok,73,14,0.01588433159722222,199,199,141,0.6775478480520742,0.4520547945205479,7.39,19.1,0.65,,tracks/TRI+52ca9b6a+2023-11-15-11h-56m-18s/ext1_f00058.npz
TRI+52ca9b6a+2023-11-15-11h-56m-18s,ext2,58,ok,69,8,0.005832248263888889,199,199,141,0.7177510535512386,0.9855072463768116,7.36,19.2,0.65,,tracks/TRI+52ca9b6a+2023-11-15-11h-56m-18s/ext2_f00058.npz
TRI+52ca9b6a+2023-11-15-14h-46m-07s,ext1,93,ok,67,22,0.03841254340277778,119,119,26,0.9225028702640643,0.8955223880597015,1.51,17.3,0.64,,tracks/TRI+52ca9b6a+2023-11-15-14h-46m-07s/ext1_f00093.npz
TRI+52ca9b6a+2023-11-15-14h-46m-07s,ext2,93,ok,63,12,0.011463758680555556,119,119,26,0.8412698412698413,0.5079365079365079,1.54,16.9,0.65,,tracks/TRI+52ca9b6a+2023-11-15-14h-46m-07s/ext2_f00093.npz
TRI+52ca9b6a+2023-11-15-17h-07m-58s,ext1,140,ok,66,7,0.004337022569444444,364,364,224,0.8405032467532467,1.0,11.42,19.6,0.65,,tracks/TRI+52ca9b6a+2023-11-15-17h-07m-58s/ext1_f00140.npz
TRI+52ca9b6a+2023-11-15-17h-07m-58s,ext1,359,ok,70,6,0.0036729600694444444,364,364,5,1.0,1.0,0.64,7.9,0.65,,tracks/TRI+52ca9b6a+2023-11-15-17h-07m-58s/ext1_f00359.npz
TRI+52ca9b6a+2023-11-15-17h-07m-58s,ext2,140,ok,60,10,0.007847222222222222,364,364,224,0.6708333333333333,0.0,11.7,19.1,0.65,,tracks/TRI+52ca9b6a+2023-11-15-17h-07m-58s/ext2_f00140.npz
TRI+52ca9b6a+2023-11-15-17h-07m-58s,ext2,359,ok,69,14,0.016437717013888888,364,364,5,1.0,1.0,0.72,6.9,0.65,,tracks/TRI+52ca9b6a+2023-11-15-17h-07m-58s/ext2_f00359.npz
TRI+52ca9b6a+2023-11-20-13h-49m-19s,ext1,156,ok,72,14,0.017204861111111112,524,524,368,0.6921044685990339,0.8472222222222222,19.08,19.3,0.65,,tracks/TRI+52ca9b6a+2023-11-20-13h-49m-19s/ext1_f00156.npz
TRI+52ca9b6a+2023-11-20-13h-49m-19s,ext1,366,ok,61,8,0.005668402777777777,524,524,158,0.9604689769661755,0.9836065573770492,8.44,18.7,0.65,,tracks/TRI+52ca9b6a+2023-11-20-13h-49m-19s/ext1_f00366.npz
TRI+52ca9b6a+2023-11-20-13h-49m-19s,ext2,156,ok,56,10,0.008046875,524,524,368,0.9457492236024845,1.0,18.87,19.5,0.64,,tracks/TRI+52ca9b6a+2023-11-20-13h-49m-19s/ext2_f00156.npz
TRI+52ca9b6a+2023-11-20-13h-49m-19s,ext2,366,ok,59,9,0.006496310763888889,524,524,158,0.8425230637202317,1.0,8.47,18.6,0.65,,tracks/TRI+52ca9b6a+2023-11-20-13h-49m-19s/ext2_f00366.npz
TRI+52ca9b6a+2023-11-27-13h-23m-58s,ext1,171,ok,71,23,0.038450520833333335,275,275,104,0.5083965330444203,0.9295774647887324,5.54,18.8,0.65,,tracks/TRI+52ca9b6a+2023-11-27-13h-23m-58s/ext1_f00171.npz
TRI+52ca9b6a+2023-11-27-13h-23m-58s,ext2,171,ok,68,7,0.004660373263888889,275,275,104,0.9594174208144797,1.0,5.49,19.0,0.65,,tracks/TRI+52ca9b6a+2023-11-27-13h-23m-58s/ext2_f00171.npz
TRI+52ca9b6a+2023-11-27-14h-19m-34s,ext1,120,ok,60,7,0.003841145833333333,288,288,168,0.9886904761904762,1.0,8.87,18.9,0.65,,tracks/TRI+52ca9b6a+2023-11-27-14h-19m-34s/ext1_f00120.npz
TRI+52ca9b6a+2023-11-27-14h-19m-34s,ext1,149,ok,67,8,0.00609375,288,288,139,0.9676795876731451,0.9552238805970149,7.33,19.0,0.65,,tracks/TRI+52ca9b6a+2023-11-27-14h-19m-34s/ext1_f00149.npz
TRI+52ca9b6a+2023-11-27-14h-19m-34s,ext2,120,ok,62,12,0.012017144097222222,288,288,168,0.11991167434715821,0.0,8.7,19.3,0.65,,tracks/TRI+52ca9b6a+2023-11-27-14h-19m-34s/ext2_f00120.npz
TRI+52ca9b6a+2023-11-27-14h-19m-34s,ext2,149,ok,58,7,0.0042241753472222225,288,288,139,0.038079880922847927,0.0,7.75,17.9,0.65,,tracks/TRI+52ca9b6a+2023-11-27-14h-19m-34s/ext2_f00149.npz
TRI+52ca9b6a+2023-11-27-14h-21m-07s,ext1,93,ok,70,7,0.0047819010416666665,311,311,218,0.3172346002621232,0.0,11.43,19.1,0.64,,tracks/TRI+52ca9b6a+2023-11-27-14h-21m-07s/ext1_f00093.npz
TRI+52ca9b6a+2023-11-27-14h-21m-07s,ext1,132,ok,57,9,0.006156684027777777,311,311,179,0.16906792119964717,0.0,9.32,19.2,0.65,,tracks/TRI+52ca9b6a+2023-11-27-14h-21m-07s/ext1_f00132.npz
TRI+52ca9b6a+2023-11-27-14h-21m-07s,ext2,93,ok,70,11,0.010391710069444445,311,311,218,0.7968545216251638,0.6428571428571429,11.16,19.5,0.65,,tracks/TRI+52ca9b6a+2023-11-27-14h-21m-07s/ext2_f00093.npz
TRI+52ca9b6a+2023-11-27-14h-21m-07s,ext2,132,ok,72,9,0.007697482638888889,311,311,179,0.6443978895096214,0.5416666666666666,9.31,19.2,0.65,,tracks/TRI+52ca9b6a+2023-11-27-14h-21m-07s/ext2_f00132.npz
TRI+52ca9b6a+2023-11-27-15h-01m-50s,ext1,48,ok,73,10,0.008338758680555556,474,474,426,0.803331403948807,0.9863013698630136,22.18,19.2,0.65,,tracks/TRI+52ca9b6a+2023-11-27-15h-01m-50s/ext1_f00048.npz
TRI+52ca9b6a+2023-11-27-15h-01m-50s,ext1,85,ok,73,13,0.013618706597222223,474,474,389,0.8258618868190302,1.0,20.16,19.3,0.65,,tracks/TRI+52ca9b6a+2023-11-27-15h-01m-50s/ext1_f00085.npz
TRI+52ca9b6a+2023-11-27-15h-01m-50s,ext1,137,ok,75,15,0.018072916666666668,474,474,337,0.8056973293768546,0.9066666666666666,18.15,18.6,0.65,,tracks/TRI+52ca9b6a+2023-11-27-15h-01m-50s/ext1_f00137.npz
TRI+52ca9b6a+2023-11-27-15h-01m-50s,ext1,235,ok,76,13,0.014449869791666667,474,474,239,0.8152939881083462,0.9605263157894737,12.52,19.1,0.65,,tracks/TRI+52ca9b6a+2023-11-27-15h-01m-50s/ext1_f00235.npz
TRI+52ca9b6a+2023-11-27-15h-01m-50s,ext1,288,ok,71,14,0.01635525173611111,474,474,186,0.6812812358019082,0.8591549295774648,9.89,18.8,0.64,,tracks/TRI+52ca9b6a+2023-11-27-15h-01m-50s/ext1_f00288.npz
TRI+52ca9b6a+2023-11-27-15h-01m-50s,ext1,307,ok,70,13,0.013089192708333334,474,474,167,0.9907613344739093,1.0,9.05,18.4,0.65,,tracks/TRI+52ca9b6a+2023-11-27-15h-01m-50s/ext1_f00307.npz
TRI+52ca9b6a+2023-11-27-15h-01m-50s,ext2,48,ok,68,14,0.01619683159722222,474,474,426,0.9005109085887876,0.6617647058823529,21.5,19.8,0.65,,tracks/TRI+52ca9b6a+2023-11-27-15h-01m-50s/ext2_f00048.npz
TRI+52ca9b6a+2023-11-27-15h-01m-50s,ext2,85,ok,58,12,0.010895182291666666,474,474,389,0.9741157698785569,0.8448275862068966,19.62,19.8,0.65,,tracks/TRI+52ca9b6a+2023-11-27-15h-01m-50s/ext2_f00085.npz
TRI+52ca9b6a+2023-11-27-15h-01m-50s,ext2,137,ok,64,9,0.007163628472222222,474,474,337,0.9820103857566765,0.90625,17.57,19.2,0.65,,tracks/TRI+52ca9b6a+2023-11-27-15h-01m-50s/ext2_f00137.npz
TRI+52ca9b6a+2023-11-27-15h-01m-50s,ext2,235,ok,70,9,0.007706163194444444,474,474,239,0.9834429169157203,0.8857142857142857,12.62,18.9,0.65,,tracks/TRI+52ca9b6a+2023-11-27-15h-01m-50s/ext2_f00235.npz
TRI+52ca9b6a+2023-11-27-15h-01m-50s,ext2,288,ok,65,10,0.010769314236111112,474,474,186,0.9980976013234077,0.9846153846153847,9.79,19.0,0.65,,tracks/TRI+52ca9b6a+2023-11-27-15h-01m-50s/ext2_f00288.npz
TRI+52ca9b6a+2023-11-27-15h-01m-50s,ext2,307,ok,61,12,0.012349175347222222,474,474,167,0.8508883871601061,0.8852459016393442,8.9,18.8,0.65,,tracks/TRI+52ca9b6a+2023-11-27-15h-01m-50s/ext2_f00307.npz
TRI+52ca9b6a+2023-11-27-15h-24m-48s,ext1,62,ok,75,8,0.005769314236111111,270,270,208,0.6122435897435897,0.0,10.8,19.3,0.64,,tracks/TRI+52ca9b6a+2023-11-27-15h-24m-48s/ext1_f00062.npz
TRI+52ca9b6a+2023-11-27-15h-24m-48s,ext2,62,ok,77,13,0.015824652777777778,270,270,208,0.9276348651348651,0.3246753246753247,10.93,19.0,0.65,,tracks/TRI+52ca9b6a+2023-11-27-15h-24m-48s/ext2_f00062.npz
TRI+52ca9b6a+2023-11-27-15h-45m-37s,ext1,83,ok,76,11,0.009931640625,306,306,223,0.6745928723153174,0.47368421052631576,11.38,19.6,0.65,,tracks/TRI+52ca9b6a+2023-11-27-15h-45m-37s/ext1_f00083.npz
TRI+52ca9b6a+2023-11-27-15h-45m-37s,ext1,100,ok,70,10,0.0080859375,306,306,206,0.6710124826629681,0.4,10.66,19.3,0.65,,tracks/TRI+52ca9b6a+2023-11-27-15h-45m-37s/ext1_f00100.npz
TRI+52ca9b6a+2023-11-27-15h-45m-37s,ext1,124,ok,63,11,0.0116015625,306,306,182,0.2165532879818594,0.015873015873015872,9.6,19.0,0.65,,tracks/TRI+52ca9b6a+2023-11-27-15h-45m-37s/ext1_f00124.npz
TRI+52ca9b6a+2023-11-27-15h-45m-37s,ext1,203,ok,78,15,0.018346354166666665,306,306,103,0.7300224047796864,0.44871794871794873,5.65,18.2,0.65,,tracks/TRI+52ca9b6a+2023-11-27-15h-45m-37s/ext1_f00203.npz
TRI+52ca9b6a+2023-11-27-15h-45m-37s,ext2,83,ok,69,7,0.004646267361111111,306,306,223,0.9204523298888673,0.927536231884058,11.73,19.0,0.65,,tracks/TRI+52ca9b6a+2023-11-27-15h-45m-37s/ext2_f00083.npz
TRI+52ca9b6a+2023-11-27-15h-45m-37s,ext2,100,ok,69,9,0.0077777777777777776,306,306,206,0.8370620514985225,0.6811594202898551,10.8,19.1,0.65,,tracks/TRI+52ca9b6a+2023-11-27-15h-45m-37s/ext2_f00100.npz
TRI+52ca9b6a+2023-11-27-15h-45m-37s,ext2,124,ok,62,7,0.004233940972222222,306,306,182,0.9414214817440624,0.9838709677419355,9.5,19.2,0.64,,tracks/TRI+52ca9b6a+2023-11-27-15h-45m-37s/ext2_f00124.npz
TRI+52ca9b6a+2023-11-27-15h-45m-37s,ext2,203,ok,66,8,0.005856119791666667,306,306,103,0.7961165048543689,0.8636363636363636,5.69,18.1,0.65,,tracks/TRI+52ca9b6a+2023-11-27-15h-45m-37s/ext2_f00203.npz
TRI+52ca9b6a+2023-11-27-16h-28m-10s,ext1,161,ok,71,7,0.0045225694444444445,236,236,75,0.9851643192488263,0.9154929577464789,4.0,18.7,0.65,,tracks/TRI+52ca9b6a+2023-11-27-16h-28m-10s/ext1_f00161.npz
TRI+52ca9b6a+2023-11-27-16h-28m-10s,ext2,161,ok,59,9,0.006351996527777778,236,236,75,0.751864406779661,0.7288135593220338,4.04,18.6,0.65,,tracks/TRI+52ca9b6a+2023-11-27-16h-28m-10s/ext2_f00161.npz
TRI+52ca9b6a+2023-11-29-14h-25m-05s,ext1,129,ok,61,9,0.006676432291666667,158,158,29,0.9954776710005653,0.9672131147540983,1.72,16.8,0.65,,tracks/TRI+52ca9b6a+2023-11-29-14h-25m-05s/ext1_f00129.npz
TRI+52ca9b6a+2023-11-29-14h-25m-05s,ext2,129,ok,66,7,0.004000651041666667,158,158,29,0.9973876698014629,0.9848484848484849,1.69,17.1,0.65,,tracks/TRI+52ca9b6a+2023-11-29-14h-25m-05s/ext2_f00129.npz
TRI+52ca9b6a+2023-11-29-14h-26m-25s,ext1,144,ok,59,14,0.015173611111111112,350,350,206,0.4543360210630245,0.3559322033898305,10.64,19.4,0.65,,tracks/TRI+52ca9b6a+2023-11-29-14h-26m-25s/ext1_f00144.npz
TRI+52ca9b6a+2023-11-29-14h-26m-25s,ext1,227,ok,66,11,0.01138671875,350,350,123,0.9575018477457502,0.9696969696969697,6.69,18.4,0.65,,tracks/TRI+52ca9b6a+2023-11-29-14h-26m-25s/ext1_f00227.npz
TRI+52ca9b6a+2023-11-29-14h-26m-25s,ext1,308,ok,65,17,0.022866753472222223,350,350,42,0.9934065934065934,0.9846153846153847,2.56,16.4,0.64,,tracks/TRI+52ca9b6a+2023-11-29-14h-26m-25s/ext1_f00308.npz
TRI+52ca9b6a+2023-11-29-14h-26m-25s,ext2,227,ok,81,9,0.007418619791666667,350,350,123,0.43029208069858477,0.1111111111111111,6.49,19.0,0.65,,tracks/TRI+52ca9b6a+2023-11-29-14h-26m-25s/ext2_f00227.npz
TRI+52ca9b6a+2023-11-29-14h-26m-25s,ext2,308,ok,59,10,0.007728949652777778,350,350,42,0.9612590799031477,1.0,2.46,17.0,0.65,,tracks/TRI+52ca9b6a+2023-11-29-14h-26m-25s/ext2_f00308.npz
TRI+52ca9b6a+2023-11-29-14h-26m-25s,ext2,144,ok,72,12,0.011431206597222222,350,350,206,0.12365156418554477,0.013888888888888888,10.86,19.0,0.65,,tracks/TRI+52ca9b6a+2023-11-29-14h-26m-25s/ext2_f00144.npz
TRI+52ca9b6a+2023-11-29-14h-46m-55s,ext1,288,ok,59,8,0.0052517361111111115,484,484,196,0.7263922518159807,1.0,10.48,18.7,0.65,,tracks/TRI+52ca9b6a+2023-11-29-14h-46m-55s/ext1_f00288.npz
TRI+52ca9b6a+2023-11-29-14h-46m-55s,ext1,359,ok,58,6,0.0030403645833333333,484,484,125,0.6253793103448276,0.7241379310344828,6.85,18.3,0.65,,tracks/TRI+52ca9b6a+2023-11-29-14h-46m-55s/ext1_f00359.npz
TRI+52ca9b6a+2023-11-29-14h-46m-55s,ext1,428,ok,58,13,0.01301540798611111,484,484,56,0.9325738916256158,0.8793103448275862,3.33,16.8,0.65,,tracks/TRI+52ca9b6a+2023-11-29-14h-46m-55s/ext1_f00428.npz
TRI+52ca9b6a+2023-11-29-14h-46m-55s,ext2,288,ok,61,17,0.021307508680555556,484,484,196,0.3325526932084309,0.09836065573770492,10.37,18.9,0.65,,tracks/TRI+52ca9b6a+2023-11-29-14h-46m-55s/ext2_f00288.npz
TRI+52ca9b6a+2023-11-29-14h-46m-55s,ext2,359,ok,71,21,0.034475911458333335,484,484,125,0.46569014084507043,0.5352112676056338,6.94,18.0,0.64,,tracks/TRI+52ca9b6a+2023-11-29-14h-46m-55s/ext2_f00359.npz
TRI+52ca9b6a+2023-11-29-14h-46m-55s,ext2,428,ok,67,19,0.028444010416666665,484,484,56,0.7348081023454158,0.7611940298507462,3.43,16.3,0.65,,tracks/TRI+52ca9b6a+2023-11-29-14h-46m-55s/ext2_f00428.npz
TRI+52ca9b6a+2023-11-29-15h-05m-33s,ext1,221,ok,64,14,0.015784505208333334,241,241,20,0.9828125,0.90625,1.32,15.1,0.65,,tracks/TRI+52ca9b6a+2023-11-29-15h-05m-33s/ext1_f00221.npz
TRI+52ca9b6a+2023-11-29-15h-05m-33s,ext2,221,ok,79,14,0.016525607638888887,241,241,20,0.8949367088607595,0.9240506329113924,1.36,14.7,0.65,,tracks/TRI+52ca9b6a+2023-11-29-15h-05m-33s/ext2_f00221.npz
TRI+52ca9b6a+2023-11-29-16h-54m-37s,ext1,523,ok,59,14,0.014330512152777778,554,554,31,0.9753963914707491,1.0,2.31,13.4,0.65,,tracks/TRI+52ca9b6a+2023-11-29-16h-54m-37s/ext1_f00523.npz
TRI+52ca9b6a+2023-11-29-16h-54m-37s,ext2,523,ok,68,6,0.0030631510416666667,554,554,31,0.9335863377609108,0.9852941176470589,2.24,13.9,0.65,,tracks/TRI+52ca9b6a+2023-11-29-16h-54m-37s/ext2_f00523.npz
TRI+52ca9b6a+2023-11-29-16h-55m-40s,ext1,151,ok,61,27,0.054217664930555555,189,189,38,0.8878343399482312,0.6065573770491803,2.17,17.5,0.65,,tracks/TRI+52ca9b6a+2023-11-29-16h-55m-40s/ext1_f00151.npz
TRI+52ca9b6a+2023-11-29-16h-55m-40s,ext2,151,ok,75,8,0.005696614583333333,189,189,38,0.6210526315789474,0.17333333333333334,2.18,17.4,0.65,,tracks/TRI+52ca9b6a+2023-11-29-16h-55m-40s/ext2_f00151.npz
TRI+52ca9b6a+2023-11-30-17h-09m-24s,ext1,55,ok,69,14,0.014749348958333333,137,137,82,0.8419936373276776,0.0,4.3,19.1,0.64,,tracks/TRI+52ca9b6a+2023-11-30-17h-09m-24s/ext1_f00055.npz
TRI+52ca9b6a+2023-11-30-17h-09m-24s,ext2,55,ok,68,14,0.015375434027777777,137,137,82,0.6743185078909613,0.0,4.34,18.9,0.65,,tracks/TRI+52ca9b6a+2023-11-30-17h-09m-24s/ext2_f00055.npz
TRI+52ca9b6a+2023-12-04-17h-10m-11s,ext1,306,ok,67,15,0.02146918402777778,485,485,179,0.9936629700658718,1.0,9.44,19.0,0.65,,tracks/TRI+52ca9b6a+2023-12-04-17h-10m-11s/ext1_f00306.npz
TRI+52ca9b6a+2023-12-04-17h-10m-11s,ext2,306,ok,71,20,0.03338216145833333,485,485,179,0.6735384373278779,0.056338028169014086,9.47,18.9,0.65,,tracks/TRI+52ca9b6a+2023-12-04-17h-10m-11s/ext2_f00306.npz
TRI+52ca9b6a+2023-12-04-17h-56m-11s,ext1,186,ok,79,9,0.007745225694444444,230,230,44,0.8581703107019563,0.6329113924050633,2.59,17.0,0.65,,tracks/TRI+52ca9b6a+2023-12-04-17h-56m-11s/ext1_f00186.npz
TRI+52ca9b6a+2023-12-04-17h-56m-11s,ext1,226,ok,73,8,0.00548828125,230,230,4,0.9726027397260274,1.0,0.44,9.1,0.65,,tracks/TRI+52ca9b6a+2023-12-04-17h-56m-11s/ext1_f00226.npz
TRI+52ca9b6a+2023-12-04-17h-56m-11s,ext2,186,ok,63,16,0.021195746527777778,230,230,44,0.8813131313131313,0.7777777777777778,2.46,17.9,0.65,,tracks/TRI+52ca9b6a+2023-12-04-17h-56m-11s/ext2_f00186.npz
TRI+52ca9b6a+2023-12-04-17h-56m-11s,ext2,226,ok,59,16,0.020810546875,230,230,4,1.0,1.0,0.5,8.0,0.65,,tracks/TRI+52ca9b6a+2023-12-04-17h-56m-11s/ext2_f00226.npz
TRI+52ca9b6a+2023-12-05-17h-34m-55s,ext1,67,ok,68,14,0.015927734375,398,398,331,0.8947041052070375,0.7794117647058824,17.11,19.3,0.64,,tracks/TRI+52ca9b6a+2023-12-05-17h-34m-55s/ext1_f00067.npz
TRI+52ca9b6a+2023-12-05-17h-34m-55s,ext2,67,ok,69,26,0.05330078125,398,398,331,0.543675292263234,0.5507246376811594,17.29,19.1,0.65,,tracks/TRI+52ca9b6a+2023-12-05-17h-34m-55s/ext2_f00067.npz
TRI+52ca9b6a+2023-12-06-14h-30m-47s,ext1,299,ok,49,4,0.001630859375,339,339,40,0.8091836734693878,0.9183673469387755,2.4,16.7,0.65,,tracks/TRI+52ca9b6a+2023-12-06-14h-30m-47s/ext1_f00299.npz
TRI+52ca9b6a+2023-12-06-14h-30m-47s,ext1,324,ok,65,4,0.0015158420138888888,339,339,15,1.0,1.0,1.23,12.2,0.65,,tracks/TRI+52ca9b6a+2023-12-06-14h-30m-47s/ext1_f00324.npz
TRI+52ca9b6a+2023-12-06-14h-30m-47s,ext2,299,ok,69,7,0.004711371527777778,339,339,40,0.8710144927536232,0.927536231884058,2.49,16.0,0.65,,tracks/TRI+52ca9b6a+2023-12-06-14h-30m-47s/ext2_f00299.npz
TRI+52ca9b6a+2023-12-06-14h-30m-47s,ext2,324,ok,71,4,0.0019129774305555556,339,339,15,0.9990610328638497,1.0,1.26,11.9,0.65,,tracks/TRI+52ca9b6a+2023-12-06-14h-30m-47s/ext2_f00324.npz
TRI+52ca9b6a+2023-12-06-14h-36m-11s,ext1,224,ok,61,14,0.017798394097222222,254,254,30,0.8098360655737705,0.7377049180327869,1.87,16.0,0.65,,tracks/TRI+52ca9b6a+2023-12-06-14h-36m-11s/ext1_f00224.npz
TRI+52ca9b6a+2023-12-06-14h-36m-11s,ext2,224,ok,57,6,0.0030870225694444443,254,254,30,0.9239766081871345,0.8245614035087719,1.9,15.8,0.65,,tracks/TRI+52ca9b6a+2023-12-06-14h-36m-11s/ext2_f00224.npz
TRI+52ca9b6a+2023-12-06-15h-48m-45s,ext1,214,ok,62,9,0.006227213541666667,477,477,263,0.4305163743407335,0.0,13.6,19.3,0.65,,tracks/TRI+52ca9b6a+2023-12-06-15h-48m-45s/ext1_f00214.npz
TRI+52ca9b6a+2023-12-06-15h-48m-45s,ext1,409,ok,55,8,0.005245225694444445,477,477,68,0.6128342245989304,0.03636363636363636,3.96,17.2,0.65,,tracks/TRI+52ca9b6a+2023-12-06-15h-48m-45s/ext1_f00409.npz
TRI+52ca9b6a+2023-12-06-15h-48m-45s,ext1,440,ok,80,5,0.0029210069444444444,477,477,37,0.4131756756756757,0.0,2.56,14.5,0.65,,tracks/TRI+52ca9b6a+2023-12-06-15h-48m-45s/ext1_f00440.npz
TRI+52ca9b6a+2023-12-06-15h-48m-45s,ext1,144,ok,72,9,0.007253689236111111,477,477,333,0.36686686686686687,0.0,17.32,19.2,0.64,,tracks/TRI+52ca9b6a+2023-12-06-15h-48m-45s/ext1_f00144.npz
TRI+52ca9b6a+2023-12-06-15h-48m-45s,ext1,195,ok,67,9,0.006232638888888889,477,477,282,0.4125119085423944,0.0,15.05,18.7,0.65,,tracks/TRI+52ca9b6a+2023-12-06-15h-48m-45s/ext1_f00195.npz
TRI+52ca9b6a+2023-12-06-15h-48m-45s,ext2,144,ok,33,4,0.0011002604166666667,477,477,333,0.825006825006825,0.9696969696969697,16.81,19.8,0.65,,tracks/TRI+52ca9b6a+2023-12-06-15h-48m-45s/ext2_f00144.npz
TRI+52ca9b6a+2023-12-06-15h-48m-45s,ext2,195,ok,56,5,0.0021484375,477,477,282,0.664387031408308,0.9821428571428571,14.58,19.3,0.65,,tracks/TRI+52ca9b6a+2023-12-06-15h-48m-45s/ext2_f00195.npz
TRI+52ca9b6a+2023-12-06-15h-48m-45s,ext2,214,ok,45,4,0.0012977430555555555,477,477,263,0.8393747359526827,0.7333333333333333,13.79,19.1,0.65,,tracks/TRI+52ca9b6a+2023-12-06-15h-48m-45s/ext2_f00214.npz
TRI+52ca9b6a+2023-12-06-15h-48m-45s,ext2,409,ok,43,4,0.001298828125,477,477,68,0.9839261285909713,1.0,3.99,17.1,0.64,,tracks/TRI+52ca9b6a+2023-12-06-15h-48m-45s/ext2_f00409.npz
TRI+52ca9b6a+2023-12-06-15h-48m-45s,ext2,440,ok,16,4,0.0009830729166666666,477,477,37,1.0,1.0,2.44,15.1,0.65,,tracks/TRI+52ca9b6a+2023-12-06-15h-48m-45s/ext2_f00440.npz
TRI+52ca9b6a+2023-12-06-16h-23m-38s,ext1,79,ok,56,7,0.003835720486111111,187,187,108,0.9808201058201058,1.0,5.64,19.1,0.65,,tracks/TRI+52ca9b6a+2023-12-06-16h-23m-38s/ext1_f00079.npz
TRI+52ca9b6a+2023-12-06-16h-23m-38s,ext2,79,ok,69,14,0.016041666666666666,187,187,108,0.33279656468062263,0.5942028985507246,5.67,19.0,0.65,,tracks/TRI+52ca9b6a+2023-12-06-16h-23m-38s/ext2_f00079.npz
TRI+52ca9b6a+2023-12-06-16h-34m-40s,ext1,21,ok,72,12,0.0118359375,159,159,138,0.5889694041867954,0.9583333333333334,7.26,19.0,0.65,,tracks/TRI+52ca9b6a+2023-12-06-16h-34m-40s/ext1_f00021.npz
TRI+52ca9b6a+2023-12-06-16h-34m-40s,ext2,21,ok,66,11,0.010793185763888888,159,159,138,0.3774703557312253,0.19696969696969696,7.11,19.4,0.65,,tracks/TRI+52ca9b6a+2023-12-06-16h-34m-40s/ext2_f00021.npz
TRI+52ca9b6a+2023-12-06-16h-35m-01s,ext1,480,ok,63,10,0.008014322916666667,568,568,88,0.9393939393939394,0.9206349206349206,5.08,17.3,0.65,,tracks/TRI+52ca9b6a+2023-12-06-16h-35m-01s/ext1_f00480.npz
TRI+52ca9b6a+2023-12-06-16h-35m-01s,ext1,504,ok,59,12,0.010774739583333333,568,568,64,0.9340572033898306,0.9322033898305084,4.01,16.0,0.65,,tracks/TRI+52ca9b6a+2023-12-06-16h-35m-01s/ext1_f00504.npz
TRI+52ca9b6a+2023-12-06-16h-35m-01s,ext2,480,ok,74,9,0.006966145833333334,568,568,88,0.7976044226044227,0.8378378378378378,5.09,17.3,0.64,,tracks/TRI+52ca9b6a+2023-12-06-16h-35m-01s/ext2_f00480.npz
TRI+52ca9b6a+2023-12-06-16h-35m-01s,ext2,504,ok,74,8,0.005389539930555556,568,568,64,0.8819679054054054,0.9054054054054054,3.93,16.3,0.65,,tracks/TRI+52ca9b6a+2023-12-06-16h-35m-01s/ext2_f00504.npz
TRI+52ca9b6a+2023-12-07-17h-23m-18s,ext1,261,ok,63,5,0.0023307291666666667,272,272,11,0.9971139971139971,1.0,0.97,11.3,0.65,,tracks/TRI+52ca9b6a+2023-12-07-17h-23m-18s/ext1_f00261.npz
TRI+52ca9b6a+2023-12-07-17h-23m-18s,ext2,261,ok,70,18,0.028624131944444443,272,272,11,0.912987012987013,0.8714285714285714,1.02,10.8,0.65,,tracks/TRI+52ca9b6a+2023-12-07-17h-23m-18s/ext2_f00261.npz
TRI+52ca9b6a+2023-12-11-10h-58m-41s,ext1,426,ok,70,7,0.004327256944444444,612,612,186,0.96036866359447,0.4714285714285714,10.13,18.4,0.65,,tracks/TRI+52ca9b6a+2023-12-11-10h-58m-41s/ext1_f00426.npz
TRI+52ca9b6a+2023-12-11-10h-58m-41s,ext2,426,ok,63,9,0.007529296875,612,612,186,0.9545144222563577,0.9682539682539683,10.02,18.6,0.65,,tracks/TRI+52ca9b6a+2023-12-11-10h-58m-41s/ext2_f00426.npz
TRI+52ca9b6a+2023-12-12-11h-01m-36s,ext1,44,ok,60,12,0.011227213541666666,606,606,562,0.8368623962040332,0.9,28.52,19.7,0.65,,tracks/TRI+52ca9b6a+2023-12-12-11h-01m-36s/ext1_f00044.npz
TRI+52ca9b6a+2023-12-12-11h-01m-36s,ext2,44,ok,67,12,0.011162109375,606,606,562,0.07396292558559515,0.0,29.2,19.2,0.65,,tracks/TRI+52ca9b6a+2023-12-12-11h-01m-36s/ext2_f00044.npz
TRI+52ca9b6a+2023-12-12-11h-27m-24s,ext1,166,ok,63,16,0.01932183159722222,477,477,311,0.12336038381054458,0.0,16.05,19.4,0.64,,tracks/TRI+52ca9b6a+2023-12-12-11h-27m-24s/ext1_f00166.npz
TRI+52ca9b6a+2023-12-12-11h-27m-24s,ext2,166,ok,64,4,0.001642795138888889,477,477,311,0.06677049839228295,0.0,16.51,18.8,0.65,,tracks/TRI+52ca9b6a+2023-12-12-11h-27m-24s/ext2_f00166.npz
TRI+52ca9b6a+2023-12-12-13h-48m-19s,ext1,150,ok,64,16,0.021965060763888888,235,235,85,0.8082720588235294,0.390625,4.61,18.4,0.65,,tracks/TRI+52ca9b6a+2023-12-12-13h-48m-19s/ext1_f00150.npz
TRI+52ca9b6a+2023-12-12-13h-48m-19s,ext2,150,ok,67,15,0.019618055555555555,235,235,85,0.7448639157155399,0.0,4.58,18.5,0.65,,tracks/TRI+52ca9b6a+2023-12-12-13h-48m-19s/ext2_f00150.npz
TRI+52ca9b6a+2023-12-13-13h-58m-47s,ext1,396,ok,64,6,0.0034353298611111112,617,617,221,0.9994343891402715,1.0,11.96,18.5,0.65,,tracks/TRI+52ca9b6a+2023-12-13-13h-58m-47s/ext1_f00396.npz
TRI+52ca9b6a+2023-12-13-13h-58m-47s,ext2,396,ok,64,15,0.01841579861111111,617,617,221,0.8491940045248869,0.796875,11.81,18.7,0.65,,tracks/TRI+52ca9b6a+2023-12-13-13h-58m-47s/ext2_f00396.npz
TRI+52ca9b6a+2024-01-02-11h-29m-36s,ext1,220,ok,62,17,0.022076822916666666,350,350,130,0.8168734491315136,0.7741935483870968,6.91,18.8,0.65,,tracks/TRI+52ca9b6a+2024-01-02-11h-29m-36s/ext1_f00220.npz
TRI+52ca9b6a+2024-01-02-11h-29m-36s,ext2,220,ok,42,4,0.0012608506944444444,350,350,130,0.9016483516483517,1.0,6.96,18.7,0.65,,tracks/TRI+52ca9b6a+2024-01-02-11h-29m-36s/ext2_f00220.npz
TRI+52ca9b6a+2024-01-04-15h-15m-18s,ext1,80,ok,77,8,0.006049262152777778,244,244,164,0.8043237250554324,0.948051948051948,8.59,19.1,0.64,,tracks/TRI+52ca9b6a+2024-01-04-15h-15m-18s/ext1_f00080.npz
TRI+52ca9b6a+2024-01-04-15h-15m-18s,ext1,123,ok,72,11,0.009769965277777778,244,244,121,0.9267676767676768,0.9444444444444444,6.46,18.7,0.65,,tracks/TRI+52ca9b6a+2024-01-04-15h-15m-18s/ext1_f00123.npz
TRI+52ca9b6a+2024-01-04-15h-15m-18s,ext2,80,ok,60,15,0.016899956597222224,244,244,164,0.9482723577235772,0.9666666666666667,8.3,19.8,0.65,,tracks/TRI+52ca9b6a+2024-01-04-15h-15m-18s/ext2_f00080.npz
TRI+52ca9b6a+2024-01-04-15h-15m-18s,ext2,123,ok,73,12,0.0120703125,244,244,121,0.9664893014830749,0.958904109589041,6.34,19.1,0.65,,tracks/TRI+52ca9b6a+2024-01-04-15h-15m-18s/ext2_f00123.npz
TRI+52ca9b6a+2024-01-04-15h-40m-24s,ext1,43,ok,66,12,0.011266276041666667,238,238,195,0.6881118881118881,0.045454545454545456,10.19,19.1,0.65,,tracks/TRI+52ca9b6a+2024-01-04-15h-40m-24s/ext1_f00043.npz
TRI+52ca9b6a+2024-01-04-15h-40m-24s,ext2,43,ok,57,8,0.004900173611111111,238,238,195,0.5958614484930275,0.9473684210526315,9.99,19.5,0.65,,tracks/TRI+52ca9b6a+2024-01-04-15h-40m-24s/ext2_f00043.npz
TRI+52ca9b6a+2024-01-04-16h-52m-59s,ext1,71,ok,76,8,0.006107855902777778,240,240,169,0.737776393646839,0.19736842105263158,8.77,19.3,0.65,,tracks/TRI+52ca9b6a+2024-01-04-16h-52m-59s/ext1_f00071.npz
TRI+52ca9b6a+2024-01-04-16h-52m-59s,ext1,167,ok,81,6,0.003466796875,240,240,73,0.787079316759682,0.0,4.03,18.1,0.65,,tracks/TRI+52ca9b6a+2024-01-04-16h-52m-59s/ext1_f00167.npz
TRI+52ca9b6a+2024-01-04-16h-52m-59s,ext1,190,ok,68,7,0.00384765625,240,240,50,0.7752941176470588,0.08823529411764706,2.8,17.9,0.64,,tracks/TRI+52ca9b6a+2024-01-04-16h-52m-59s/ext1_f00190.npz
TRI+52ca9b6a+2024-01-04-16h-52m-59s,ext2,167,ok,65,20,0.03111545138888889,240,240,73,0.8128556375131718,0.16923076923076924,3.8,19.2,0.65,,tracks/TRI+52ca9b6a+2024-01-04-16h-52m-59s/ext2_f00167.npz
TRI+52ca9b6a+2024-01-04-16h-52m-59s,ext2,190,ok,63,19,0.026778428819444443,240,240,50,0.8253968253968254,0.0,2.79,17.9,0.65,,tracks/TRI+52ca9b6a+2024-01-04-16h-52m-59s/ext2_f00190.npz
TRI+52ca9b6a+2024-01-04-16h-52m-59s,ext2,71,ok,66,12,0.012248263888888888,240,240,169,0.8601398601398601,0.12121212121212122,8.81,19.2,0.65,,tracks/TRI+52ca9b6a+2024-01-04-16h-52m-59s/ext2_f00071.npz
TRI+52ca9b6a+2024-01-08-13h-59m-08s,ext1,103,ok,66,14,0.016572265625,178,178,75,0.9365656565656566,0.9242424242424242,4.05,18.5,0.65,,tracks/TRI+52ca9b6a+2024-01-08-13h-59m-08s/ext1_f00103.npz
TRI+52ca9b6a+2024-01-08-13h-59m-08s,ext2,103,ok,67,7,0.004572482638888889,178,178,75,0.7755223880597015,0.7313432835820896,4.02,18.7,0.65,,tracks/TRI+52ca9b6a+2024-01-08-13h-59m-08s/ext2_f00103.npz
TRI+52ca9b6a+2024-01-09-11h-00m-46s,ext1,76,ok,67,11,0.009893663194444444,170,170,94,0.911082883455065,0.835820895522388,4.94,19.0,0.65,,tracks/TRI+52ca9b6a+2024-01-09-11h-00m-46s/ext1_f00076.npz
TRI+52ca9b6a+2024-01-09-11h-00m-46s,ext2,76,ok,71,9,0.006675347222222222,170,170,94,0.5322145639796224,0.0,5.0,18.8,0.65,,tracks/TRI+52ca9b6a+2024-01-09-11h-00m-46s/ext2_f00076.npz
TRI+52ca9b6a+2024-01-10-13h-56m-03s,ext1,164,ok,70,13,0.01252712673611111,189,189,25,0.9674285714285714,0.8857142857142857,1.51,16.5,0.64,,tracks/TRI+52ca9b6a+2024-01-10-13h-56m-03s/ext1_f00164.npz
TRI+52ca9b6a+2024-01-10-13h-56m-03s,ext2,164,ok,75,6,0.0037250434027777776,189,189,25,1.0,1.0,1.55,16.1,0.65,,tracks/TRI+52ca9b6a+2024-01-10-13h-56m-03s/ext2_f00164.npz
TRI+52ca9b6a+2024-01-10-14h-20m-07s,ext1,41,ok,73,9,0.006878255208333333,176,176,135,0.6374429223744292,0.4246575342465753,6.88,19.6,0.65,,tracks/TRI+52ca9b6a+2024-01-10-14h-20m-07s/ext1_f00041.npz
TRI+52ca9b6a+2024-01-10-14h-20m-07s,ext1,118,ok,70,10,0.007947048611111111,176,176,58,0.9852216748768473,0.9714285714285714,3.15,18.4,0.65,,tracks/TRI+52ca9b6a+2024-01-10-14h-20m-07s/ext1_f00118.npz
TRI+52ca9b6a+2024-01-10-14h-20m-07s,ext2,41,ok,67,7,0.005122612847222222,176,176,135,0.9432835820895522,0.9850746268656716,7.18,18.8,0.65,,tracks/TRI+52ca9b6a+2024-01-10-14h-20m-07s/ext2_f00041.npz
TRI+52ca9b6a+2024-01-10-14h-20m-07s,ext2,118,ok,59,8,0.005020616319444444,176,176,58,0.9903565166569258,0.8983050847457628,4.21,13.8,0.65,,tracks/TRI+52ca9b6a+2024-01-10-14h-20m-07s/ext2_f00118.npz
TRI+52ca9b6a+2024-01-16-15h-59m-36s,ext1,331,ok,70,14,0.015652126736111112,512,512,181,0.7906077348066298,0.8571428571428571,9.71,18.6,0.65,,tracks/TRI+52ca9b6a+2024-01-16-15h-59m-36s/ext1_f00331.npz
TRI+52ca9b6a+2024-01-16-15h-59m-36s,ext2,331,ok,71,16,0.020771484375,512,512,181,0.8314528052291651,0.9436619718309859,9.79,18.5,0.65,,tracks/TRI+52ca9b6a+2024-01-16-15h-59m-36s/ext2_f00331.npz
TRI+52ca9b6a+2024-01-17-10h-37m-14s,ext1,268,ok,77,6,0.003349609375,309,309,41,0.9733924611973392,0.5454545454545454,2.4,17.1,0.64,,tracks/TRI+52ca9b6a+2024-01-17-10h-37m-14s/ext1_f00268.npz
TRI+52ca9b6a+2024-01-17-10h-37m-14s,ext2,268,ok,61,15,0.01712456597222222,309,309,41,0.5373850459816074,0.7049180327868853,2.45,16.7,0.65,,tracks/TRI+52ca9b6a+2024-01-17-10h-37m-14s/ext2_f00268.npz
TRI+52ca9b6a+2024-01-17-11h-38m-07s,ext1,37,ok,65,6,0.0030989583333333333,301,301,264,0.887995337995338,0.8307692307692308,13.32,19.8,0.65,,tracks/TRI+52ca9b6a+2024-01-17-11h-38m-07s/ext1_f00037.npz
TRI+52ca9b6a+2024-01-17-11h-38m-07s,ext2,37,ok,65,22,0.03456271701388889,301,301,264,0.561013986013986,0.5538461538461539,13.56,19.5,0.65,,tracks/TRI+52ca9b6a+2024-01-17-11h-38m-07s/ext2_f00037.npz
TRI+52ca9b6a+2024-01-17-14h-17m-02s,ext1,32,ok,61,6,0.0029915364583333335,250,250,218,0.6250563994585652,0.47540983606557374,11.31,19.3,0.65,,tracks/TRI+52ca9b6a+2024-01-17-14h-17m-02s/ext1_f00032.npz
TRI+52ca9b6a+2024-01-17-14h-17m-02s,ext1,134,ok,78,6,0.0033094618055555555,250,250,116,0.7271220159151194,1.0,6.23,18.6,0.65,,tracks/TRI+52ca9b6a+2024-01-17-14h-17m-02s/ext1_f00134.npz
TRI+52ca9b6a+2024-01-17-14h-17m-02s,ext2,32,ok,69,12,0.012434895833333333,250,250,218,0.8902406594867703,0.9855072463768116,11.16,19.5,0.65,,tracks/TRI+52ca9b6a+2024-01-17-14h-17m-02s/ext2_f00032.npz
TRI+52ca9b6a+2024-01-17-14h-17m-02s,ext2,134,ok,62,13,0.01279079861111111,250,250,116,0.9346496106785317,0.967741935483871,6.11,19.0,0.65,,tracks/TRI+52ca9b6a+2024-01-17-14h-17m-02s/ext2_f00134.npz
TRI+52ca9b6a+2024-01-17-16h-02m-04s,ext1,242,ok,67,10,0.0076963975694444445,298,298,56,0.6833688699360341,0.0,3.13,17.9,0.65,,tracks/TRI+52ca9b6a+2024-01-17-16h-02m-04s/ext1_f00242.npz
TRI+52ca9b6a+2024-01-17-16h-02m-04s,ext1,93,ok,72,8,0.005390625,298,298,205,0.6072493224932249,0.0,10.71,19.1,0.64,,tracks/TRI+52ca9b6a+2024-01-17-16h-02m-04s/ext1_f00093.npz
TRI+52ca9b6a+2024-01-17-16h-02m-04s,ext1,205,ok,70,7,0.0042632378472222225,298,298,93,0.39447004608294933,0.0,5.16,18.0,0.65,,tracks/TRI+52ca9b6a+2024-01-17-16h-02m-04s/ext1_f00205.npz
TRI+52ca9b6a+2024-01-17-16h-02m-04s,ext2,93,ok,65,8,0.005128038194444445,298,298,205,0.5878424015009381,0.0,10.52,19.5,0.65,,tracks/TRI+52ca9b6a+2024-01-17-16h-02m-04s/ext2_f00093.npz
TRI+52ca9b6a+2024-01-17-16h-02m-04s,ext2,205,ok,70,8,0.0055262586805555555,298,298,93,0.556989247311828,0.0,5.1,18.2,0.65,,tracks/TRI+52ca9b6a+2024-01-17-16h-02m-04s/ext2_f00205.npz
TRI+52ca9b6a+2024-01-17-16h-02m-04s,ext2,242,ok,61,8,0.005228949652777778,298,298,56,0.8507025761124122,0.0,3.13,17.9,0.65,,tracks/TRI+52ca9b6a+2024-01-17-16h-02m-04s/ext2_f00242.npz
TRI+52ca9b6a+2024-01-22-14h-05m-58s,ext1,100,ok,76,4,0.002250434027777778,273,273,173,0.5657894736842105,0.6710526315789473,9.07,19.1,0.65,,tracks/TRI+52ca9b6a+2024-01-22-14h-05m-58s/ext1_f00100.npz
TRI+52ca9b6a+2024-01-22-14h-05m-58s,ext1,178,ok,70,18,0.024224175347222224,273,273,95,0.7766917293233083,0.7571428571428571,5.28,18.0,0.65,,tracks/TRI+52ca9b6a+2024-01-22-14h-05m-58s/ext1_f00178.npz
TRI+52ca9b6a+2024-01-22-14h-05m-58s,ext2,100,ok,61,15,0.017545572916666665,273,273,173,0.6721311475409836,0.819672131147541,8.91,19.4,0.64,,tracks/TRI+52ca9b6a+2024-01-22-14h-05m-58s/ext2_f00100.npz
TRI+52ca9b6a+2024-01-22-14h-05m-58s,ext2,178,ok,69,10,0.008238932291666667,273,273,95,0.950419527078566,0.9130434782608695,5.17,18.4,0.65,,tracks/TRI+52ca9b6a+2024-01-22-14h-05m-58s/ext2_f00178.npz
TRI+52ca9b6a+2024-01-22-17h-15m-52s,ext1,118,ok,63,18,0.024318576388888888,254,254,136,0.9683706816059757,0.9682539682539683,7.04,19.3,0.65,,tracks/TRI+52ca9b6a+2024-01-22-17h-15m-52s/ext1_f00118.npz
TRI+52ca9b6a+2024-01-22-17h-15m-52s,ext2,118,ok,70,9,0.0071148003472222224,254,254,136,0.9122899159663865,1.0,7.1,19.2,0.65,,tracks/TRI+52ca9b6a+2024-01-22-17h-15m-52s/ext2_f00118.npz
TRI+52ca9b6a+2024-01-23-10h-39m-36s,ext1,176,ok,56,14,0.018478732638888887,224,224,48,0.5651041666666666,0.4642857142857143,2.69,17.9,0.65,,tracks/TRI+52ca9b6a+2024-01-23-10h-39m-36s/ext1_f00176.npz
TRI+52ca9b6a+2024-01-23-10h-39m-36s,ext2,176,ok,66,11,0.011899956597222223,224,224,48,0.5482954545454546,0.015151515151515152,2.68,17.9,0.65,,tracks/TRI+52ca9b6a+2024-01-23-10h-39m-36s/ext2_f00176.npz
TRI+52ca9b6a+2024-01-23-10h-40m-00s,ext1,209,ok,62,15,0.01714626736111111,379,379,170,0.9998102466793168,1.0,8.91,19.1,0.65,,tracks/TRI+52ca9b6a+2024-01-23-10h-40m-00s/ext1_f00209.npz
TRI+52ca9b6a+2024-01-23-10h-40m-00s,ext2,209,ok,60,10,0.008157552083333333,379,379,170,0.6084313725490196,0.0,8.96,19.0,0.65,,tracks/TRI+52ca9b6a+2024-01-23-10h-40m-00s/ext2_f00209.npz
TRI+52ca9b6a+2024-01-23-10h-56m-22s,ext1,125,ok,56,13,0.015189887152777777,291,291,166,0.7967943201376936,0.25,8.6,19.3,0.64,,tracks/TRI+52ca9b6a+2024-01-23-10h-56m-22s/ext1_f00125.npz
TRI+52ca9b6a+2024-01-23-10h-56m-22s,ext1,274,ok,65,12,0.010946180555555556,291,291,17,0.9420814479638009,0.8461538461538461,1.21,14.0,0.65,,tracks/TRI+52ca9b6a+2024-01-23-10h-56m-22s/ext1_f00274.npz
TRI+52ca9b6a+2024-01-23-10h-56m-22s,ext2,125,ok,64,8,0.005411241319444445,291,291,166,0.9975527108433735,0.96875,8.5,19.5,0.65,,tracks/TRI+52ca9b6a+2024-01-23-10h-56m-22s/ext2_f00125.npz
TRI+52ca9b6a+2024-01-23-10h-56m-22s,ext2,274,ok,61,10,0.008576388888888889,291,291,17,0.996142719382835,1.0,1.24,13.7,0.65,,tracks/TRI+52ca9b6a+2024-01-23-10h-56m-22s/ext2_f00274.npz
TRI+52ca9b6a+2024-01-23-11h-03m-50s,ext1,111,ok,65,13,0.013230251736111111,293,293,182,0.9685545224006763,1.0,9.58,19.0,0.65,,tracks/TRI+52ca9b6a+2024-01-23-11h-03m-50s/ext1_f00111.npz
TRI+52ca9b6a+2024-01-23-11h-03m-50s,ext2,111,ok,74,10,0.008818359375,293,293,182,0.7772497772497773,0.3918918918918919,9.49,19.2,0.65,,tracks/TRI+52ca9b6a+2024-01-23-11h-03m-50s/ext2_f00111.npz
TRI+52ca9b6a+2024-01-23-11h-16m-17s,ext1,34,ok,62,20,0.029227430555555555,224,224,190,0.597792869269949,0.14516129032258066,9.83,19.3,0.65,,tracks/TRI+52ca9b6a+2024-01-23-11h-16m-17s/ext1_f00034.npz
TRI+52ca9b6a+2024-01-23-11h-16m-17s,ext2,34,ok,67,6,0.0033365885416666665,224,224,190,0.9898664571877455,1.0,9.87,19.2,0.65,,tracks/TRI+52ca9b6a+2024-01-23-11h-16m-17s/ext2_f00034.npz
TRI+52ca9b6a+2024-01-24-12h-47m-30s,ext1,342,ok,63,7,0.0043207465277777775,866,866,524,0.20819701926572157,0.0,26.58,19.7,0.65,,tracks/TRI+52ca9b6a+2024-01-24-12h-47m-30s/ext1_f00342.npz
TRI+52ca9b6a+2024-01-24-12h-47m-30s,ext1,390,ok,60,10,0.007478298611111111,866,866,476,0.18834033613445378,0.0,24.38,19.5,0.65,,tracks/TRI+52ca9b6a+2024-01-24-12h-47m-30s/ext1_f00390.npz
TRI+52ca9b6a+2024-01-24-12h-47m-30s,ext1,807,ok,63,20,0.033182508680555556,866,866,59,0.6454129674468657,0.31746031746031744,3.73,15.8,0.65,,tracks/TRI+52ca9b6a+2024-01-24-12h-47m-30s/ext1_f00807.npz
TRI+52ca9b6a+2024-01-24-12h-47m-30s,ext1,46,ok,64,13,0.011827256944444444,866,866,820,0.4137957317073171,0.0,42.04,19.5,0.64,,tracks/TRI+52ca9b6a+2024-01-24-12h-47m-30s/ext1_f00046.npz
TRI+52ca9b6a+2024-01-24-12h-47m-30s,ext1,137,ok,75,12,0.012169053819444444,866,866,729,0.4102789208962048,0.17333333333333334,38.16,19.1,0.65,,tracks/TRI+52ca9b6a+2024-01-24-12h-47m-30s/ext1_f00137.npz
TRI+52ca9b6a+2024-01-24-12h-47m-30s,ext2,46,ok,62,13,0.014671223958333333,866,866,820,0.39171911880409127,0.0,41.55,19.7,0.65,,tracks/TRI+52ca9b6a+2024-01-24-12h-47m-30s/ext2_f00046.npz
TRI+52ca9b6a+2024-01-24-12h-47m-30s,ext2,137,ok,65,17,0.02399631076388889,866,866,729,0.28323309064049806,0.0,37.3,19.5,0.65,,tracks/TRI+52ca9b6a+2024-01-24-12h-47m-30s/ext2_f00137.npz
TRI+52ca9b6a+2024-01-24-12h-47m-30s,ext2,342,ok,74,12,0.012528211805555555,866,866,524,0.19599752424179906,0.0,27.4,19.1,0.65,,tracks/TRI+52ca9b6a+2024-01-24-12h-47m-30s/ext2_f00342.npz
TRI+52ca9b6a+2024-01-24-12h-47m-30s,ext2,390,ok,66,24,0.042985026041666666,866,866,476,0.15463458110516934,0.0,24.78,19.2,0.64,,tracks/TRI+52ca9b6a+2024-01-24-12h-47m-30s/ext2_f00390.npz
TRI+52ca9b6a+2024-01-24-12h-47m-30s,ext2,807,ok,79,4,0.002859157986111111,866,866,59,0.466208968032611,0.0,3.82,15.4,0.65,,tracks/TRI+52ca9b6a+2024-01-24-12h-47m-30s/ext2_f00807.npz
TRI+52ca9b6a+2024-01-24-12h-50m-26s,ext1,212,ok,66,13,0.012426215277777777,249,249,37,0.7391482391482391,0.15151515151515152,2.06,18.0,0.65,,tracks/TRI+52ca9b6a+2024-01-24-12h-50m-26s/ext1_f00212.npz
TRI+52ca9b6a+2024-01-24-12h-50m-26s,ext2,212,ok,65,14,0.01547634548611111,249,249,37,0.9413721413721414,0.7076923076923077,2.11,17.6,0.65,,tracks/TRI+52ca9b6a+2024-01-24-12h-50m-26s/ext2_f00212.npz
TRI+52ca9b6a+2024-01-24-14h-37m-55s,ext1,164,ok,74,6,0.003755425347222222,190,190,26,1.0,1.0,1.54,16.9,0.65,,tracks/TRI+52ca9b6a+2024-01-24-14h-37m-55s/ext1_f00164.npz
TRI+52ca9b6a+2024-01-24-14h-37m-55s,ext2,164,ok,67,5,0.0022493489583333332,190,190,26,1.0,1.0,1.54,16.9,0.65,,tracks/TRI+52ca9b6a+2024-01-24-14h-37m-55s/ext2_f00164.npz
TRI+52ca9b6a+2024-01-24-14h-54m-11s,ext1,149,ok,65,9,0.00791015625,211,211,62,0.8719602977667493,0.8615384615384616,3.36,18.5,0.65,,tracks/TRI+52ca9b6a+2024-01-24-14h-54m-11s/ext1_f00149.npz
TRI+52ca9b6a+2024-01-24-14h-54m-11s,ext2,149,ok,71,16,0.020500217013888888,211,211,62,0.9756928668786915,0.9859154929577465,3.43,18.1,0.65,,tracks/TRI+52ca9b6a+2024-01-24-14h-54m-11s/ext2_f00149.npz
TRI+52ca9b6a+2024-01-25-10h-40m-10s,ext1,87,ok,63,10,0.007953559027777777,261,261,174,0.7527823389892355,0.8095238095238095,8.99,19.3,0.64,,tracks/TRI+52ca9b6a+2024-01-25-10h-40m-10s/ext1_f00087.npz
TRI+52ca9b6a+2024-01-25-10h-40m-10s,ext1,134,ok,60,12,0.011348741319444444,261,261,127,0.8287401574803149,0.8166666666666667,6.75,18.8,0.65,,tracks/TRI+52ca9b6a+2024-01-25-10h-40m-10s/ext1_f00134.npz
TRI+52ca9b6a+2024-01-25-10h-40m-10s,ext2,87,ok,65,19,0.026417100694444445,261,261,174,0.8098143236074271,0.7384615384615385,8.82,19.7,0.65,,tracks/TRI+52ca9b6a+2024-01-25-10h-40m-10s/ext2_f00087.npz
TRI+52ca9b6a+2024-01-25-10h-40m-10s,ext2,134,ok,68,13,0.015406901041666667,261,261,127,0.5517600741083835,0.4852941176470588,6.64,19.1,0.65,,tracks/TRI+52ca9b6a+2024-01-25-10h-40m-10s/ext2_f00134.npz
TRI+52ca9b6a+2024-01-25-14h-50m-29s,ext1,33,ok,61,7,0.004128689236111111,266,266,233,0.9427988461267853,0.9672131147540983,12.16,19.2,0.65,,tracks/TRI+52ca9b6a+2024-01-25-14h-50m-29s/ext1_f00033.npz
TRI+52ca9b6a+2024-01-25-14h-50m-29s,ext2,33,ok,68,10,0.007850477430555556,266,266,233,0.3872759404190861,0.0,11.99,19.4,0.65,,tracks/TRI+52ca9b6a+2024-01-25-14h-50m-29s/ext2_f00033.npz
TRI+52ca9b6a+2024-01-25-15h-18m-14s,ext1,52,ok,73,8,0.006340060763888889,235,235,183,0.36776704843176883,0.0,9.44,19.4,0.65,,tracks/TRI+52ca9b6a+2024-01-25-15h-18m-14s/ext1_f00052.npz
TRI+52ca9b6a+2024-01-25-15h-18m-14s,ext2,52,ok,63,12,0.011667751736111112,235,235,183,0.6500130106687484,0.015873015873015872,9.54,19.2,0.65,,tracks/TRI+52ca9b6a+2024-01-25-15h-18m-14s/ext2_f00052.npz
TRI+52ca9b6a+2024-01-25-16h-01m-49s,ext1,212,ok,63,7,0.004713541666666667,226,226,14,0.9682539682539683,1.0,0.91,15.4,0.64,,tracks/TRI+52ca9b6a+2024-01-25-16h-01m-49s/ext1_f00212.npz
TRI+52ca9b6a+2024-01-25-16h-01m-49s,ext2,212,ok,62,20,0.030350477430555557,226,226,14,0.9262672811059908,0.8870967741935484,0.95,14.8,0.65,,tracks/TRI+52ca9b6a+2024-01-25-16h-01m-49s/ext2_f00212.npz
TRI+52ca9b6a+2024-01-25-16h-18m-43s,ext1,304,ok,65,8,0.005807291666666666,318,318,14,0.9516483516483516,0.9692307692307692,1.24,11.3,0.65,,tracks/TRI+52ca9b6a+2024-01-25-16h-18m-43s/ext1_f00304.npz
TRI+52ca9b6a+2024-01-25-16h-18m-43s,ext2,304,ok,60,16,0.019204644097222223,318,318,14,0.9273809523809524,0.85,1.0,14.0,0.65,,tracks/TRI+52ca9b6a+2024-01-25-16h-18m-43s/ext2_f00304.npz
TRI+52ca9b6a+2024-01-25-16h-20m-36s,ext1,93,ok,73,11,0.010836588541666666,259,259,166,0.36062056444957913,0.6164383561643836,8.88,18.7,0.65,,tracks/TRI+52ca9b6a+2024-01-25-16h-20m-36s/ext1_f00093.npz
TRI+52ca9b6a+2024-01-25-16h-20m-36s,ext2,93,ok,65,19,0.028792317708333334,259,259,166,0.41065801668211305,0.47692307692307695,8.61,19.3,0.65,,tracks/TRI+52ca9b6a+2024-01-25-16h-20m-36s/ext2_f00093.npz
TRI+52ca9b6a+2024-01-25-16h-41m-41s,ext1,157,ok,60,14,0.016002604166666667,227,227,70,0.8554761904761905,0.8333333333333334,3.81,18.4,0.65,,tracks/TRI+52ca9b6a+2024-01-25-16h-41m-41s/ext1_f00157.npz
TRI+52ca9b6a+2024-01-25-16h-41m-41s,ext2,157,ok,62,25,0.04740234375,227,227,70,0.5200460829493088,0.2903225806451613,3.8,18.4,0.65,,tracks/TRI+52ca9b6a+2024-01-25-16h-41m-41s/ext2_f00157.npz
TRI+52ca9b6a+2024-01-25-16h-45m-03s,ext1,227,ok,63,13,0.01293728298611111,247,247,20,0.5,0.42857142857142855,1.23,16.3,0.64,,tracks/TRI+52ca9b6a+2024-01-25-16h-45m-03s/ext1_f00227.npz
TRI+52ca9b6a+2024-01-25-16h-45m-03s,ext2,227,ok,67,30,0.06996527777777778,247,247,20,0.835820895522388,0.8208955223880597,1.32,15.1,0.65,,tracks/TRI+52ca9b6a+2024-01-25-16h-45m-03s/ext2_f00227.npz
TRI+52ca9b6a+2024-01-25-16h-54m-03s,ext1,151,ok,65,7,0.004188368055555555,173,173,22,0.9846153846153847,1.0,1.28,17.2,0.65,,tracks/TRI+52ca9b6a+2024-01-25-16h-54m-03s/ext1_f00151.npz
TRI+52ca9b6a+2024-01-25-16h-54m-03s,ext2,151,ok,71,5,0.0024164496527777778,173,173,22,0.6209987195902689,0.0,1.33,16.5,0.65,,tracks/TRI+52ca9b6a+2024-01-25-16h-54m-03s/ext2_f00151.npz
TRI+52ca9b6a+2024-01-25-17h-16m-01s,ext1,139,ok,61,13,0.017301432291666665,165,165,26,0.9306431273644389,0.8524590163934426,1.59,16.4,0.65,,tracks/TRI+52ca9b6a+2024-01-25-17h-16m-01s/ext1_f00139.npz
TRI+52ca9b6a+2024-01-25-17h-16m-01s,ext2,139,ok,70,7,0.004286024305555556,165,165,26,0.8956043956043956,0.44285714285714284,1.49,17.4,0.65,,tracks/TRI+52ca9b6a+2024-01-25-17h-16m-01s/ext2_f00139.npz
TRI+52ca9b6a+2024-01-29-15h-30m-18s,ext1,197,ok,67,8,0.005768229166666666,309,309,112,0.9981343283582089,1.0,5.95,18.8,0.65,,tracks/TRI+52ca9b6a+2024-01-29-15h-30m-18s/ext1_f00197.npz
TRI+52ca9b6a+2024-01-29-15h-30m-18s,ext2,197,ok,67,19,0.028760850694444444,309,309,112,0.8332889125799574,0.9552238805970149,6.01,18.6,0.65,,tracks/TRI+52ca9b6a+2024-01-29-15h-30m-18s/ext2_f00197.npz
TRI+52ca9b6a+2024-01-29-16h-25m-08s,ext1,116,ok,70,7,0.004823133680555556,467,467,351,0.8362230362230362,1.0,18.27,19.2,0.64,,tracks/TRI+52ca9b6a+2024-01-29-16h-25m-08s/ext1_f00116.npz
TRI+52ca9b6a+2024-01-29-16h-25m-08s,ext1,237,ok,61,7,0.003931206597222223,467,467,230,0.839344262295082,1.0,12.02,19.1,0.65,,tracks/TRI+52ca9b6a+2024-01-29-16h-25m-08s/ext1_f00237.npz
TRI+52ca9b6a+2024-01-29-16h-25m-08s,ext2,116,ok,61,11,0.009151475694444444,467,467,351,0.7224790995282798,0.6557377049180327,17.65,19.9,0.65,,tracks/TRI+52ca9b6a+2024-01-29-16h-25m-08s/ext2_f00116.npz
TRI+52ca9b6a+2024-01-29-16h-25m-08s,ext2,237,ok,55,13,0.012570529513888888,467,467,230,0.6958102766798419,0.5454545454545454,11.75,19.6,0.65,,tracks/TRI+52ca9b6a+2024-01-29-16h-25m-08s/ext2_f00237.npz
TRI+52ca9b6a+2024-01-30-14h-38m-18s,ext1,113,ok,39,4,0.0009657118055555556,130,130,17,0.995475113122172,0.9743589743589743,1.06,16.1,0.65,,tracks/TRI+52ca9b6a+2024-01-30-14h-38m-18s/ext1_f00113.npz
TRI+52ca9b6a+2024-01-30-14h-38m-18s,ext2,113,ok,66,12,0.0115625,130,130,17,0.9919786096256684,1.0,1.03,16.5,0.65,,tracks/TRI+52ca9b6a+2024-01-30-14h-38m-18s/ext2_f00113.npz
TRI+52ca9b6a+2024-01-30-15h-03m-07s,ext1,91,ok,64,12,0.011082899305555555,143,143,52,0.9696514423076923,0.828125,2.81,18.5,0.65,,tracks/TRI+52ca9b6a+2024-01-30-15h-03m-07s/ext1_f00091.npz
TRI+52ca9b6a+2024-01-30-15h-03m-07s,ext2,91,ok,65,7,0.004253472222222222,143,143,52,0.9920118343195267,1.0,2.84,18.3,0.65,,tracks/TRI+52ca9b6a+2024-01-30-15h-03m-07s/ext2_f00091.npz
TRI+52ca9b6a+2024-01-30-15h-22m-59s,ext1,92,ok,73,7,0.004568142361111111,330,330,238,0.9999424427305169,1.0,12.29,19.4,0.64,,tracks/TRI+52ca9b6a+2024-01-30-15h-22m-59s/ext1_f00092.npz
TRI+52ca9b6a+2024-01-30-15h-22m-59s,ext2,92,ok,64,12,0.011287977430555556,330,330,238,0.43986344537815125,0.671875,12.41,19.2,0.65,,tracks/TRI+52ca9b6a+2024-01-30-15h-22m-59s/ext2_f00092.npz
TRI+52ca9b6a+2024-01-30-16h-43m-53s,ext1,120,ok,26,4,0.001857638888888889,244,244,124,0.6460918114143921,0.6923076923076923,6.12,20.2,0.65,,tracks/TRI+52ca9b6a+2024-01-30-16h-43m-53s/ext1_f00120.npz
TRI+52ca9b6a+2024-01-30-16h-43m-53s,ext1,171,ok,61,11,0.012808159722222223,244,244,73,0.829777677969908,0.4262295081967213,3.91,18.7,0.65,,tracks/TRI+52ca9b6a+2024-01-30-16h-43m-53s/ext1_f00171.npz
TRI+52ca9b6a+2024-01-30-16h-43m-53s,ext1,234,ok,57,5,0.002302517361111111,244,244,10,1.0,1.0,0.83,12.1,0.65,,tracks/TRI+52ca9b6a+2024-01-30-16h-43m-53s/ext1_f00234.npz
TRI+52ca9b6a+2024-01-30-16h-43m-53s,ext2,120,ok,78,6,0.003734809027777778,244,244,124,0.5296732837055418,0.3076923076923077,6.69,18.5,0.65,,tracks/TRI+52ca9b6a+2024-01-30-16h-43m-53s/ext2_f00120.npz
TRI+52ca9b6a+2024-01-30-16h-43m-53s,ext2,171,ok,56,7,0.00373046875,244,244,73,0.5139432485322897,0.21428571428571427,3.94,18.5,0.65,,tracks/TRI+52ca9b6a+2024-01-30-16h-43m-53s/ext2_f00171.npz
TRI+52ca9b6a+2024-01-30-16h-43m-53s,ext2,234,ok,61,11,0.009195963541666666,244,244,10,0.9819672131147541,0.9672131147540983,0.83,12.0,0.65,,tracks/TRI+52ca9b6a+2024-01-30-16h-43m-53s/ext2_f00234.npz
TRI+52ca9b6a+2024-01-31-11h-39m-21s,ext1,159,ok,65,5,0.0021527777777777778,187,187,28,0.6324175824175824,0.7538461538461538,1.63,17.2,0.64,,tracks/TRI+52ca9b6a+2024-01-31-11h-39m-21s/ext1_f00159.npz
TRI+52ca9b6a+2024-01-31-11h-39m-21s,ext2,159,ok,75,9,0.007836371527777778,187,187,28,0.5523809523809524,0.38666666666666666,1.71,16.4,0.65,,tracks/TRI+52ca9b6a+2024-01-31-11h-39m-21s/ext2_f00159.npz
TRI+52ca9b6a+2024-01-31-15h-51m-47s,ext1,242,ok,61,9,0.006123046875,250,250,8,1.0,1.0,0.64,12.6,0.65,,tracks/TRI+52ca9b6a+2024-01-31-15h-51m-47s/ext1_f00242.npz
TRI+52ca9b6a+2024-01-31-15h-51m-47s,ext2,242,ok,73,17,0.023180338541666668,250,250,8,0.8647260273972602,0.8356164383561644,0.64,12.5,0.65,,tracks/TRI+52ca9b6a+2024-01-31-15h-51m-47s/ext2_f00242.npz
TRI+52ca9b6a+2024-01-31-16h-07m-13s,ext1,104,ok,65,9,0.006980251736111111,351,351,247,0.33547181563375894,0.0,13.01,19.0,0.65,,tracks/TRI+52ca9b6a+2024-01-31-16h-07m-13s/ext1_f00104.npz
TRI+52ca9b6a+2024-01-31-16h-07m-13s,ext2,104,ok,32,4,0.002190755208333333,351,351,247,0.5164473684210527,0.0,12.4,19.9,0.65,,tracks/TRI+52ca9b6a+2024-01-31-16h-07m-13s/ext2_f00104.npz
TRI+52ca9b6a+2024-01-31-16h-34m-18s,ext1,186,ok,61,10,0.007854817708333333,321,321,135,0.729083181542198,0.5901639344262295,7.12,19.0,0.65,,tracks/TRI+52ca9b6a+2024-01-31-16h-34m-18s/ext1_f00186.npz
TRI+52ca9b6a+2024-01-31-16h-34m-18s,ext2,186,ok,61,11,0.01163302951388889,321,321,135,0.8459016393442623,0.5081967213114754,7.28,18.5,0.65,,tracks/TRI+52ca9b6a+2024-01-31-16h-34m-18s/ext2_f00186.npz
TRI+52ca9b6a+2024-01-31-16h-35m-37s,ext1,307,ok,57,9,0.00625,490,490,183,0.9626114466494105,1.0,9.71,18.8,0.64,,tracks/TRI+52ca9b6a+2024-01-31-16h-35m-37s/ext1_f00307.npz
TRI+52ca9b6a+2024-01-31-16h-35m-37s,ext2,307,ok,71,6,0.0034071180555555556,490,490,183,0.895482182713769,0.0,9.81,18.7,0.65,,tracks/TRI+52ca9b6a+2024-01-31-16h-35m-37s/ext2_f00307.npz
TRI+52ca9b6a+2024-01-31-16h-37m-44s,ext1,231,ok,71,8,0.006024305555555555,234,234,3,1.0,1.0,0.45,6.7,0.65,,tracks/TRI+52ca9b6a+2024-01-31-16h-37m-44s/ext1_f00231.npz
TRI+52ca9b6a+2024-01-31-16h-37m-44s,ext2,231,ok,72,12,0.01163302951388889,234,234,3,0.9629629629629629,0.9583333333333334,0.47,6.3,0.65,,tracks/TRI+52ca9b6a+2024-01-31-16h-37m-44s/ext2_f00231.npz
TRI+52ca9b6a+2024-02-01-14h-22m-51s,ext1,65,ok,68,8,0.005766059027777778,203,203,138,0.9627024722932651,0.8823529411764706,7.3,18.9,0.65,,tracks/TRI+52ca9b6a+2024-02-01-14h-22m-51s/ext1_f00065.npz
TRI+52ca9b6a+2024-02-01-14h-22m-51s,ext1,106,ok,73,8,0.006745876736111111,203,203,97,0.9911029515605141,0.9452054794520548,5.12,19.0,0.65,,tracks/TRI+52ca9b6a+2024-02-01-14h-22m-51s/ext1_f00106.npz
TRI+52ca9b6a+2024-02-01-14h-22m-51s,ext2,65,ok,67,11,0.01066623263888889,203,203,138,0.781851611507679,0.7313432835820896,7.19,19.2,0.65,,tracks/TRI+52ca9b6a+2024-02-01-14h-22m-51s/ext2_f00065.npz
TRI+52ca9b6a+2024-02-01-14h-22m-51s,ext2,106,ok,81,11,0.01098415798611111,203,203,97,0.8627975054091892,0.6666666666666666,5.22,18.6,0.65,,tracks/TRI+52ca9b6a+2024-02-01-14h-22m-51s/ext2_f00106.npz
TRI+52ca9b6a+2024-02-01-14h-27m-00s,ext1,150,ok,95,8,0.006860894097222223,333,333,183,0.9317227494966925,0.9789473684210527,9.76,18.7,0.66,,tracks/TRI+52ca9b6a+2024-02-01-14h-27m-00s/ext1_f00150.npz
TRI+52ca9b6a+2024-02-01-14h-27m-00s,ext2,150,ok,67,9,0.006761067708333333,333,333,183,0.8287252263273795,0.04477611940298507,9.6,19.1,0.65,,tracks/TRI+52ca9b6a+2024-02-01-14h-27m-00s/ext2_f00150.npz
TRI+52ca9b6a+2024-02-01-15h-33m-30s,ext1,177,ok,72,8,0.006183810763888889,182,182,5,1.0,1.0,0.45,11.2,0.65,,tracks/TRI+52ca9b6a+2024-02-01-15h-33m-30s/ext1_f00177.npz
TRI+52ca9b6a+2024-02-01-15h-33m-30s,ext2,177,ok,73,9,0.007214626736111111,182,182,5,0.9917808219178083,0.9863013698630136,0.54,9.2,0.65,,tracks/TRI+52ca9b6a+2024-02-01-15h-33m-30s/ext2_f00177.npz
TRI+52ca9b6a+2024-02-01-15h-43m-27s,ext1,213,ok,71,5,0.0028200954861111113,396,396,183,0.42476718232894634,0.971830985915493,9.79,18.7,0.65,,tracks/TRI+52ca9b6a+2024-02-01-15h-43m-27s/ext1_f00213.npz
TRI+52ca9b6a+2024-02-01-15h-43m-27s,ext1,240,ok,76,7,0.005570746527777778,396,396,156,0.483974358974359,0.35526315789473684,8.26,18.9,0.65,,tracks/TRI+52ca9b6a+2024-02-01-15h-43m-27s/ext1_f00240.npz
TRI+52ca9b6a+2024-02-01-15h-43m-27s,ext1,274,ok,67,13,0.012834201388888888,396,396,122,0.423660386591632,0.3283582089552239,6.48,18.8,0.65,,tracks/TRI+52ca9b6a+2024-02-01-15h-43m-27s/ext1_f00274.npz
TRI+52ca9b6a+2024-02-01-15h-43m-27s,ext1,339,ok,60,12,0.011662326388888889,396,396,57,0.8944444444444445,0.55,3.26,17.5,0.65,,tracks/TRI+52ca9b6a+2024-02-01-15h-43m-27s/ext1_f00339.npz
TRI+52ca9b6a+2024-02-01-15h-43m-27s,ext1,365,ok,62,14,0.01482204861111111,396,396,31,0.9380853277835588,0.9032258064516129,1.88,16.5,0.66,,tracks/TRI+52ca9b6a+2024-02-01-15h-43m-27s/ext1_f00365.npz
TRI+52ca9b6a+2024-02-01-15h-43m-27s,ext2,240,ok,75,6,0.003865017361111111,396,396,156,0.78,0.0,8.14,19.2,0.65,,tracks/TRI+52ca9b6a+2024-02-01-15h-43m-27s/ext2_f00240.npz
TRI+52ca9b6a+2024-02-01-15h-43m-27s,ext2,274,ok,69,8,0.005901692708333333,396,396,122,0.6676170111665479,0.0,6.44,18.9,0.65,,tracks/TRI+52ca9b6a+2024-02-01-15h-43m-27s/ext2_f00274.npz
TRI+52ca9b6a+2024-02-01-15h-43m-27s,ext2,339,ok,64,9,0.007241753472222222,396,396,57,0.2746710526315789,0.046875,3.29,17.3,0.65,,tracks/TRI+52ca9b6a+2024-02-01-15h-43m-27s/ext2_f00339.npz
TRI+52ca9b6a+2024-02-01-15h-43m-27s,ext2,365,ok,58,5,0.0021614583333333334,396,396,31,0.41546162402669634,0.0,1.88,16.5,0.65,,tracks/TRI+52ca9b6a+2024-02-01-15h-43m-27s/ext2_f00365.npz
TRI+52ca9b6a+2024-02-01-15h-43m-27s,ext2,213,ok,60,6,0.0035210503472222223,396,396,183,0.8170309653916211,0.0,9.55,19.2,0.65,,tracks/TRI+52ca9b6a+2024-02-01-15h-43m-27s/ext2_f00213.npz
TRI+52ca9b6a+2024-02-05-13h-31m-19s,ext1,126,ok,57,11,0.008955078125,172,172,46,0.9729214340198322,0.7719298245614035,2.63,17.5,0.65,,tracks/TRI+52ca9b6a+2024-02-05-13h-31m-19s/ext1_f00126.npz
TRI+52ca9b6a+2024-02-05-13h-31m-19s,ext2,126,ok,72,10,0.00813259548611111,172,172,46,0.9842995169082126,0.9027777777777778,2.55,18.1,0.65,,tracks/TRI+52ca9b6a+2024-02-05-13h-31m-19s/ext2_f00126.npz
TRI+52ca9b6a+2024-02-05-13h-44m-47s,ext1,32,ok,67,12,0.011052517361111111,163,163,131,0.9042953173065967,0.9104477611940298,6.81,19.2,0.66,,tracks/TRI+52ca9b6a+2024-02-05-13h-44m-47s/ext1_f00032.npz
TRI+52ca9b6a+2024-02-05-13h-44m-47s,ext2,32,ok,64,11,0.008843315972222222,163,163,131,0.5565362595419847,0.546875,6.89,19.0,0.65,,tracks/TRI+52ca9b6a+2024-02-05-13h-44m-47s/ext2_f00032.npz
TRI+52ca9b6a+2024-02-06-13h-45m-13s,ext1,187,ok,62,13,0.013411458333333333,294,294,107,0.9493518239372928,0.9193548387096774,5.55,19.3,0.65,,tracks/TRI+52ca9b6a+2024-02-06-13h-45m-13s/ext1_f00187.npz
TRI+52ca9b6a+2024-02-06-13h-45m-13s,ext2,187,ok,70,13,0.014254557291666666,294,294,107,0.8169559412550067,0.6142857142857143,5.71,18.7,0.65,,tracks/TRI+52ca9b6a+2024-02-06-13h-45m-13s/ext2_f00187.npz
TRI+52ca9b6a+2024-02-06-15h-12m-51s,ext1,136,ok,67,9,0.006834852430555555,276,276,140,0.6778251599147121,1.0,8.3,16.9,0.65,,tracks/TRI+52ca9b6a+2024-02-06-15h-12m-51s/ext1_f00136.npz
TRI+52ca9b6a+2024-02-06-15h-12m-51s,ext2,136,ok,62,6,0.003208550347222222,276,276,140,0.9283410138248848,1.0,7.29,19.2,0.65,,tracks/TRI+52ca9b6a+2024-02-06-15h-12m-51s/ext2_f00136.npz
TRI+52ca9b6a+2024-02-06-15h-20m-34s,ext1,115,ok,77,4,0.002348090277777778,192,192,77,0.9612076235452859,0.8181818181818182,4.07,18.9,0.65,,tracks/TRI+52ca9b6a+2024-02-06-15h-20m-34s/ext1_f00115.npz
TRI+52ca9b6a+2024-02-06-15h-20m-34s,ext2,115,ok,58,19,0.0278515625,192,192,77,0.8553515450067174,0.27586206896551724,4.11,18.8,0.65,,tracks/TRI+52ca9b6a+2024-02-06-15h-20m-34s/ext2_f00115.npz
TRI+52ca9b6a+2024-02-07-10h-55m-26s,ext1,186,ok,65,8,0.004892578125,477,477,291,0.866243721913825,0.0,15.37,18.9,0.66,,tracks/TRI+52ca9b6a+2024-02-07-10h-55m-26s/ext1_f00186.npz
TRI+52ca9b6a+2024-02-07-10h-55m-26s,ext2,186,ok,58,11,0.00942599826388889,477,477,291,0.7910889915866809,0.0,15.21,19.1,0.65,,tracks/TRI+52ca9b6a+2024-02-07-10h-55m-26s/ext2_f00186.npz
TRI+52ca9b6a+2024-02-07-15h-36m-24s,ext1,354,ok,65,6,0.0030598958333333333,380,380,26,1.0,1.0,1.72,15.1,0.65,,tracks/TRI+52ca9b6a+2024-02-07-15h-36m-24s/ext1_f00354.npz
TRI+52ca9b6a+2024-02-07-15h-36m-24s,ext2,354,ok,66,14,0.016243489583333333,380,380,26,0.8822843822843823,0.7878787878787878,1.74,15.0,0.65,,tracks/TRI+52ca9b6a+2024-02-07-15h-36m-24s/ext2_f00354.npz
TRI+52ca9b6a+2024-02-08-14h-15m-10s,ext1,157,ok,67,9,0.007261284722222222,198,198,41,0.9446669093556607,0.9402985074626866,2.33,17.6,0.65,,tracks/TRI+52ca9b6a+2024-02-08-14h-15m-10s/ext1_f00157.npz
TRI+52ca9b6a+2024-02-08-14h-15m-10s,ext2,157,ok,76,10,0.008920355902777777,198,198,41,0.9342105263157895,0.8552631578947368,2.39,17.1,0.65,,tracks/TRI+52ca9b6a+2024-02-08-14h-15m-10s/ext2_f00157.npz
TRI+52ca9b6a+2024-02-08-15h-39m-31s,ext1,48,ok,68,9,0.007036675347222222,275,275,227,0.8084348276755636,0.5588235294117647,11.71,19.4,0.65,,tracks/TRI+52ca9b6a+2024-02-08-15h-39m-31s/ext1_f00048.npz
TRI+52ca9b6a+2024-02-08-15h-39m-31s,ext2,48,ok,66,7,0.004728732638888889,275,275,227,0.47864103590975837,0.15151515151515152,11.85,19.2,0.65,,tracks/TRI+52ca9b6a+2024-02-08-15h-39m-31s/ext2_f00048.npz
TRI+52ca9b6a+2024-02-08-16h-07m-51s,ext1,157,ok,70,12,0.012497829861111111,200,200,43,0.627906976744186,0.0,2.48,17.4,0.66,,tracks/TRI+52ca9b6a+2024-02-08-16h-07m-51s/ext1_f00157.npz
TRI+52ca9b6a+2024-02-08-16h-07m-51s,ext2,157,ok,62,7,0.0045345052083333335,200,200,43,0.5086271567891973,0.9354838709677419,2.48,17.3,0.65,,tracks/TRI+52ca9b6a+2024-02-08-16h-07m-51s/ext2_f00157.npz
TRI+52ca9b6a+2024-02-08-16h-53m-13s,ext1,120,ok,70,11,0.009832899305555556,175,175,55,0.951948051948052,0.9857142857142858,2.97,18.5,0.65,,tracks/TRI+52ca9b6a+2024-02-08-16h-53m-13s/ext1_f00120.npz
TRI+52ca9b6a+2024-02-08-16h-53m-13s,ext2,120,ok,53,11,0.010035807291666667,175,175,55,0.8178387650085763,0.7358490566037735,2.98,18.4,0.65,,tracks/TRI+52ca9b6a+2024-02-08-16h-53m-13s/ext2_f00120.npz
TRI+52ca9b6a+2024-02-12-14h-06m-08s,ext1,100,ok,67,6,0.0035264756944444445,227,227,127,0.7254671524268421,0.0,6.78,18.7,0.65,,tracks/TRI+52ca9b6a+2024-02-12-14h-06m-08s/ext1_f00100.npz
TRI+52ca9b6a+2024-02-12-14h-06m-08s,ext1,182,ok,70,9,0.006537543402777778,227,227,45,0.5698412698412698,0.0,2.53,17.8,0.65,,tracks/TRI+52ca9b6a+2024-02-12-14h-06m-08s/ext1_f00182.npz
TRI+52ca9b6a+2024-02-12-14h-06m-08s,ext2,100,ok,71,6,0.0035199652777777777,227,227,127,0.9386713984695575,0.8309859154929577,6.64,19.1,0.65,,tracks/TRI+52ca9b6a+2024-02-12-14h-06m-08s/ext2_f00100.npz
TRI+52ca9b6a+2024-02-12-14h-06m-08s,ext2,182,ok,63,8,0.0052734375,227,227,45,0.9555555555555556,0.6984126984126984,2.57,17.5,0.65,,tracks/TRI+52ca9b6a+2024-02-12-14h-06m-08s/ext2_f00182.npz
TRI+52ca9b6a+2024-02-13-10h-49m-15s,ext1,107,ok,61,4,0.0015733506944444445,188,188,81,0.3404169196518923,0.0,4.24,19.1,0.66,,tracks/TRI+52ca9b6a+2024-02-13-10h-49m-15s/ext1_f00107.npz
TRI+52ca9b6a+2024-02-13-10h-49m-15s,ext2,107,ok,69,10,0.009090711805555556,188,188,81,0.9516908212560387,1.0,4.41,18.4,0.65,,tracks/TRI+52ca9b6a+2024-02-13-10h-49m-15s/ext2_f00107.npz
TRI+938130c4+2023-08-09-09h-13m-08s,ext1,98,ok,58,6,0.0028776041666666668,159,159,61,0.8988128886376484,1.0,3.2,19.1,0.65,,tracks/TRI+938130c4+2023-08-09-09h-13m-08s/ext1_f00098.npz
TRI+938130c4+2023-08-09-09h-13m-08s,ext2,98,ok,62,10,0.007643229166666667,159,159,61,0.9833421470121628,1.0,3.3,18.5,0.65,,tracks/TRI+938130c4+2023-08-09-09h-13m-08s/ext2_f00098.npz
TRI+938130c4+2023-08-09-17h-30m-35s,ext1,102,ok,23,4,0.0005631510416666667,116,116,14,1.0,1.0,0.95,14.7,0.65,,tracks/TRI+938130c4+2023-08-09-17h-30m-35s/ext1_f00102.npz
TRI+938130c4+2023-08-09-17h-30m-35s,ext2,102,ok,62,6,0.0034375,116,116,14,0.9101382488479263,0.8548387096774194,0.9,15.6,0.65,,tracks/TRI+938130c4+2023-08-09-17h-30m-35s/ext2_f00102.npz
TRI+938130c4+2023-08-22-16h-15m-47s,ext1,147,ok,68,9,0.007435980902777778,356,356,209,0.9977483816493105,1.0,10.88,19.2,0.65,,tracks/TRI+938130c4+2023-08-22-16h-15m-47s/ext1_f00147.npz
TRI+938130c4+2023-08-22-16h-15m-47s,ext2,147,ok,69,17,0.025616319444444445,356,356,209,0.9843977532764718,1.0,11.04,18.9,0.65,,tracks/TRI+938130c4+2023-08-22-16h-15m-47s/ext2_f00147.npz
TRI+a23987ac+2023-10-12-11h-17m-45s,ext1,406,ok,57,10,0.007719184027777778,494,494,88,0.7910685805422647,0.6140350877192983,4.87,18.1,0.66,,tracks/TRI+a23987ac+2023-10-12-11h-17m-45s/ext1_f00406.npz
TRI+a23987ac+2023-10-12-11h-17m-45s,ext2,406,ok,64,4,0.0017632378472222222,494,494,88,0.9470880681818182,1.0,4.94,17.8,0.65,,tracks/TRI+a23987ac+2023-10-12-11h-17m-45s/ext2_f00406.npz
TRI+a8754edb+2023-10-12-10h-29m-09s,ext1,405,ok,75,6,0.003735894097222222,426,426,21,0.9834920634920635,0.96,1.48,14.2,0.65,,tracks/TRI+a8754edb+2023-10-12-10h-29m-09s/ext1_f00405.npz
TRI+a8754edb+2023-10-12-10h-29m-09s,ext2,405,ok,62,20,0.029810112847222223,426,426,21,0.9423963133640553,0.9516129032258065,1.48,14.1,0.65,,tracks/TRI+a8754edb+2023-10-12-10h-29m-09s/ext2_f00405.npz
TRI+a8754edb+2023-10-12-18h-22m-19s,ext1,67,ok,63,8,0.005289713541666667,610,610,543,0.9809406881230086,1.0,28.29,19.2,0.65,,tracks/TRI+a8754edb+2023-10-12-18h-22m-19s/ext1_f00067.npz
TRI+a8754edb+2023-10-12-18h-22m-19s,ext2,67,ok,18,4,0.0006792534722222223,610,610,543,1.0,1.0,26.65,20.4,0.65,,tracks/TRI+a8754edb+2023-10-12-18h-22m-19s/ext2_f00067.npz
WEIRD+30c3da59+2023-12-01-17h-19m-25s,ext1,742,ok,75,8,0.005846354166666666,765,765,23,0.9257971014492754,1.0,1.79,12.9,0.65,,tracks/WEIRD+30c3da59+2023-12-01-17h-19m-25s/ext1_f00742.npz
WEIRD+30c3da59+2023-12-01-17h-19m-25s,ext1,148,ok,68,5,0.004177517361111111,765,765,617,0.5372294785012871,0.9411764705882353,31.65,19.5,0.65,,tracks/WEIRD+30c3da59+2023-12-01-17h-19m-25s/ext1_f00148.npz
WEIRD+30c3da59+2023-12-01-17h-19m-25s,ext1,216,ok,72,11,0.012605251736111111,765,765,549,0.507260675976523,0.8055555555555556,28.55,19.2,0.65,,tracks/WEIRD+30c3da59+2023-12-01-17h-19m-25s/ext1_f00216.npz
WEIRD+30c3da59+2023-12-01-17h-19m-25s,ext1,290,ok,79,9,0.007133246527777777,765,765,475,0.7113124583610926,0.9873417721518988,24.75,19.2,0.66,,tracks/WEIRD+30c3da59+2023-12-01-17h-19m-25s/ext1_f00290.npz
WEIRD+30c3da59+2023-12-01-17h-19m-25s,ext1,688,ok,76,9,0.007124565972222222,765,765,77,0.3462064251537936,1.0,4.6,16.7,0.65,,tracks/WEIRD+30c3da59+2023-12-01-17h-19m-25s/ext1_f00688.npz
WEIRD+30c3da59+2023-12-01-17h-19m-25s,ext2,148,ok,59,12,0.010782335069444444,765,765,617,0.8798175974507596,0.8305084745762712,31.14,19.8,0.65,,tracks/WEIRD+30c3da59+2023-12-01-17h-19m-25s/ext2_f00148.npz
WEIRD+30c3da59+2023-12-01-17h-19m-25s,ext2,216,ok,68,12,0.012158203125,765,765,549,0.7457141326475946,0.7941176470588235,28.68,19.1,0.65,,tracks/WEIRD+30c3da59+2023-12-01-17h-19m-25s/ext2_f00216.npz
WEIRD+30c3da59+2023-12-01-17h-19m-25s,ext2,290,ok,70,10,0.008563368055555555,765,765,475,0.988421052631579,0.9428571428571428,24.49,19.4,0.65,,tracks/WEIRD+30c3da59+2023-12-01-17h-19m-25s/ext2_f00290.npz
WEIRD+30c3da59+2023-12-01-17h-19m-25s,ext2,688,ok,62,9,0.006576605902777778,765,765,77,0.9706744868035191,0.9032258064516129,4.51,17.1,0.65,,tracks/WEIRD+30c3da59+2023-12-01-17h-19m-25s/ext2_f00688.npz
WEIRD+30c3da59+2023-12-01-17h-19m-25s,ext2,742,ok,63,10,0.007761501736111111,765,765,23,1.0,1.0,1.97,11.6,0.65,,tracks/WEIRD+30c3da59+2023-12-01-17h-19m-25s/ext2_f00742.npz
WEIRD+30c3da59+2023-12-06-17h-29m-17s,ext1,282,ok,67,5,0.002931857638888889,331,331,49,0.41303685653365824,0.029850746268656716,2.84,17.3,0.65,,tracks/WEIRD+30c3da59+2023-12-06-17h-29m-17s/ext1_f00282.npz
WEIRD+30c3da59+2023-12-06-17h-29m-17s,ext1,326,ok,71,11,0.012352430555555556,331,331,5,0.8338028169014085,0.704225352112676,0.77,6.5,0.65,,tracks/WEIRD+30c3da59+2023-12-06-17h-29m-17s/ext1_f00326.npz
WEIRD+30c3da59+2023-12-06-17h-29m-17s,ext1,118,ok,2,4,6.293402777777778e-05,331,331,213,0.392018779342723,1.0,10.68,19.9,0.66,,tracks/WEIRD+30c3da59+2023-12-06-17h-29m-17s/ext1_f00118.npz
WEIRD+30c3da59+2023-12-06-17h-29m-17s,ext1,131,ok,55,8,0.005260416666666667,331,331,200,0.31481818181818183,0.6727272727272727,10.53,19.0,0.65,,tracks/WEIRD+30c3da59+2023-12-06-17h-29m-17s/ext1_f00131.npz
WEIRD+30c3da59+2023-12-06-17h-29m-17s,ext2,118,ok,68,10,0.007909071180555555,331,331,213,0.22162386081193042,0.014705882352941176,11.32,18.8,0.65,,tracks/WEIRD+30c3da59+2023-12-06-17h-29m-17s/ext2_f00118.npz
WEIRD+30c3da59+2023-12-06-17h-29m-17s,ext2,131,ok,66,11,0.008740234375,331,331,200,0.16962121212121212,0.0,10.46,19.1,0.65,,tracks/WEIRD+30c3da59+2023-12-06-17h-29m-17s/ext2_f00131.npz
WEIRD+30c3da59+2023-12-06-17h-29m-17s,ext2,282,ok,68,11,0.009984809027777777,331,331,49,0.6137454981992797,0.4852941176470588,2.94,16.7,0.65,,tracks/WEIRD+30c3da59+2023-12-06-17h-29m-17s/ext2_f00282.npz
WEIRD+30c3da59+2023-12-06-17h-29m-17s,ext2,326,ok,69,7,0.0043359375,331,331,5,1.0,1.0,0.7,7.2,0.65,,tracks/WEIRD+30c3da59+2023-12-06-17h-29m-17s/ext2_f00326.npz
WEIRD+30c3da59+2023-12-06-17h-29m-54s,ext1,141,ok,56,4,0.0018912760416666668,475,475,334,0.6825278015397775,0.017857142857142856,17.24,19.4,0.66,,tracks/WEIRD+30c3da59+2023-12-06-17h-29m-54s/ext1_f00141.npz
WEIRD+30c3da59+2023-12-06-17h-29m-54s,ext1,313,ok,57,6,0.0030577256944444445,475,475,162,0.3567251461988304,0.6140350877192983,8.84,18.3,0.65,,tracks/WEIRD+30c3da59+2023-12-06-17h-29m-54s/ext1_f00313.npz
WEIRD+30c3da59+2023-12-06-17h-29m-54s,ext2,141,ok,69,13,0.013697916666666667,475,475,334,0.7363533801961295,0.8115942028985508,17.08,19.6,0.65,,tracks/WEIRD+30c3da59+2023-12-06-17h-29m-54s/ext2_f00141.npz
WEIRD+30c3da59+2023-12-06-17h-29m-54s,ext2,313,ok,67,9,0.006973741319444444,475,475,162,0.8003501013451262,0.9402985074626866,8.87,18.3,0.65,,tracks/WEIRD+30c3da59+2023-12-06-17h-29m-54s/ext2_f00313.npz
WEIRD+417ecf07+2023-11-21-20h-52m-51s,ext1,203,ok,71,12,0.013067491319444444,244,244,41,0.8557196839574029,0.49295774647887325,2.91,14.1,0.65,,tracks/WEIRD+417ecf07+2023-11-21-20h-52m-51s/ext1_f00203.npz
WEIRD+417ecf07+2023-11-21-20h-52m-51s,ext2,203,ok,65,11,0.009481336805555556,244,244,41,0.4878048780487805,0.0,2.41,17.0,0.65,,tracks/WEIRD+417ecf07+2023-11-21-20h-52m-51s/ext2_f00203.npz
WEIRD+5a211037+2023-11-22-17h-29m-29s,ext1,676,ok,67,11,0.009484592013888888,687,687,11,0.9728629579375848,0.9552238805970149,1.43,7.7,0.65,,tracks/WEIRD+5a211037+2023-11-22-17h-29m-29s/ext1_f00676.npz
WEIRD+5a211037+2023-11-22-17h-29m-29s,ext2,676,ok,75,9,0.00716796875,687,687,11,0.9793939393939394,0.9733333333333334,1.52,7.2,0.65,,tracks/WEIRD+5a211037+2023-11-22-17h-29m-29s/ext2_f00676.npz
WEIRD+9338a0f6+2023-12-04-21h-58m-01s,ext1,402,ok,76,10,0.009032118055555555,1076,1076,674,0.026569576760893332,0.0,35.35,19.1,0.66,,tracks/WEIRD+9338a0f6+2023-12-04-21h-58m-01s/ext1_f00402.npz
WEIRD+9338a0f6+2023-12-04-21h-58m-01s,ext1,713,ok,65,6,0.003688151041666667,1076,1076,363,0.668743377834287,0.6615384615384615,19.44,18.7,0.65,,tracks/WEIRD+9338a0f6+2023-12-04-21h-58m-01s/ext1_f00713.npz
WEIRD+9338a0f6+2023-12-04-21h-58m-01s,ext2,402,ok,65,4,0.001633029513888889,1076,1076,674,0.4911664003652134,1.0,34.42,19.6,0.65,,tracks/WEIRD+9338a0f6+2023-12-04-21h-58m-01s/ext2_f00402.npz
WEIRD+9338a0f6+2023-12-04-21h-58m-01s,ext2,713,ok,59,7,0.003716362847222222,1076,1076,363,0.5592753420180231,1.0,19.14,19.0,0.65,,tracks/WEIRD+9338a0f6+2023-12-04-21h-58m-01s/ext2_f00713.npz
WEIRD+b0440f67+2024-01-11-20h-24m-09s,ext1,540,ok,68,11,0.009747178819444445,603,603,63,0.9796918767507002,0.9852941176470589,3.96,15.9,0.65,,tracks/WEIRD+b0440f67+2024-01-11-20h-24m-09s/ext1_f00540.npz
WEIRD+b0440f67+2024-01-11-20h-24m-09s,ext2,540,ok,74,4,0.0015711805555555555,603,603,63,0.978978978978979,0.972972972972973,3.9,16.2,0.65,,tracks/WEIRD+b0440f67+2024-01-11-20h-24m-09s/ext2_f00540.npz
WEIRD+bccfde6e+2023-12-11-21h-49m-27s,ext1,153,ok,69,12,0.010754123263888889,328,328,175,0.6823188405797102,0.7246376811594203,9.24,18.9,0.65,,tracks/WEIRD+bccfde6e+2023-12-11-21h-49m-27s/ext1_f00153.npz
WEIRD+bccfde6e+2023-12-11-21h-49m-27s,ext2,153,ok,60,8,0.006194661458333334,328,328,175,0.9338095238095238,0.9166666666666666,9.2,19.0,0.65,,tracks/WEIRD+bccfde6e+2023-12-11-21h-49m-27s/ext2_f00153.npz
WEIRD+bcd0b679+2023-11-21-21h-19m-34s,ext1,1128,ok,60,4,0.0014670138888888888,1358,1358,230,0.7476086956521739,0.7166666666666667,12.65,18.2,0.65,,tracks/WEIRD+bcd0b679+2023-11-21-21h-19m-34s/ext1_f01128.npz
WEIRD+bcd0b679+2023-11-21-21h-19m-34s,ext1,1165,ok,71,6,0.00376953125,1358,1358,193,0.6947383784572722,0.43661971830985913,11.1,17.4,0.65,,tracks/WEIRD+bcd0b679+2023-11-21-21h-19m-34s/ext1_f01165.npz
WEIRD+bcd0b679+2023-11-21-21h-19m-34s,ext1,754,ok,40,4,0.00150390625,1358,1358,604,0.6972268211920529,0.9,31.19,19.4,0.66,,tracks/WEIRD+bcd0b679+2023-11-21-21h-19m-34s/ext1_f00754.npz
WEIRD+bcd0b679+2023-11-21-21h-19m-34s,ext1,812,ok,57,6,0.0031315104166666666,1358,1358,546,0.838538654328128,0.38596491228070173,28.88,18.9,0.65,,tracks/WEIRD+bcd0b679+2023-11-21-21h-19m-34s/ext1_f00812.npz
WEIRD+bcd0b679+2023-11-21-21h-19m-34s,ext2,754,ok,48,4,0.0013292100694444445,1358,1358,604,0.4376724613686534,0.8333333333333334,31.97,18.9,0.65,,tracks/WEIRD+bcd0b679+2023-11-21-21h-19m-34s/ext2_f00754.npz
WEIRD+bcd0b679+2023-11-21-21h-19m-34s,ext2,812,ok,61,4,0.0013639322916666667,1358,1358,546,0.6584999699753799,0.0,28.84,18.9,0.65,,tracks/WEIRD+bcd0b679+2023-11-21-21h-19m-34s/ext2_f00812.npz
WEIRD+bcd0b679+2023-11-21-21h-19m-34s,ext2,1128,ok,61,10,0.008217230902777779,1358,1358,230,0.5707056307911618,0.0,12.97,17.7,0.65,,tracks/WEIRD+bcd0b679+2023-11-21-21h-19m-34s/ext2_f01128.npz
WEIRD+bcd0b679+2023-11-21-21h-19m-34s,ext2,1165,ok,64,8,0.005149739583333333,1358,1358,193,0.6466159326424871,0.0,11.26,17.1,0.65,,tracks/WEIRD+bcd0b679+2023-11-21-21h-19m-34s/ext2_f01165.npz
WEIRD+d5edb57c+2023-11-22-22h-21m-10s,ext1,247,ok,46,4,0.001994357638888889,1336,1336,1089,0.7492314448836188,0.0,55.19,19.7,0.66,,tracks/WEIRD+d5edb57c+2023-11-22-22h-21m-10s/ext1_f00247.npz
WEIRD+d5edb57c+2023-11-22-22h-21m-10s,ext1,686,ok,74,6,0.0035384114583333335,1336,1336,650,0.7266735966735967,0.0,34.71,18.7,0.65,,tracks/WEIRD+d5edb57c+2023-11-22-22h-21m-10s/ext1_f00686.npz
WEIRD+d5edb57c+2023-11-22-22h-21m-10s,ext2,247,ok,63,8,0.005361328125,1336,1336,1089,0.6915475097293279,0.0,55.27,19.7,0.65,,tracks/WEIRD+d5edb57c+2023-11-22-22h-21m-10s/ext2_f00247.npz
WEIRD+d5edb57c+2023-11-22-22h-21m-10s,ext2,686,ok,62,12,0.01080078125,1336,1336,650,0.5675434243176178,0.0,33.46,19.4,0.65,,tracks/WEIRD+d5edb57c+2023-11-22-22h-21m-10s/ext2_f00686.npz
WEIRD+d5edb57c+2023-11-22-22h-41m-07s,ext1,186,ok,63,13,0.01326388888888889,412,412,226,0.9314510464952943,0.9523809523809523,12.05,18.8,0.65,,tracks/WEIRD+d5edb57c+2023-11-22-22h-41m-07s/ext1_f00186.npz
WEIRD+d5edb57c+2023-11-22-22h-41m-07s,ext1,216,ok,60,15,0.016732855902777777,412,412,196,0.9106292517006803,0.9,10.27,19.1,0.65,,tracks/WEIRD+d5edb57c+2023-11-22-22h-41m-07s/ext1_f00216.npz
WEIRD+d5edb57c+2023-11-22-22h-41m-07s,ext1,254,ok,64,12,0.011369357638888888,412,412,158,0.9369066455696202,0.953125,8.45,18.7,0.65,,tracks/WEIRD+d5edb57c+2023-11-22-22h-41m-07s/ext1_f00254.npz
WEIRD+d5edb57c+2023-11-22-22h-41m-07s,ext1,287,ok,68,13,0.014052734375,412,412,125,0.8987058823529411,0.8382352941176471,7.06,17.7,0.65,,tracks/WEIRD+d5edb57c+2023-11-22-22h-41m-07s/ext1_f00287.npz
WEIRD+d5edb57c+2023-11-22-22h-41m-07s,ext1,327,ok,60,13,0.012683376736111111,412,412,85,0.8721568627450981,0.9166666666666666,4.95,17.2,0.66,,tracks/WEIRD+d5edb57c+2023-11-22-22h-41m-07s/ext1_f00327.npz
WEIRD+d5edb57c+2023-11-22-22h-41m-07s,ext2,216,ok,71,9,0.008138020833333334,412,412,196,0.8605921241736131,0.11267605633802817,10.19,19.2,0.65,,tracks/WEIRD+d5edb57c+2023-11-22-22h-41m-07s/ext2_f00216.npz
WEIRD+d5edb57c+2023-11-22-22h-41m-07s,ext2,254,ok,64,10,0.00921657986111111,412,412,158,0.8255537974683544,0.109375,8.36,18.9,0.65,,tracks/WEIRD+d5edb57c+2023-11-22-22h-41m-07s/ext2_f00254.npz
WEIRD+d5edb57c+2023-11-22-22h-41m-07s,ext2,287,ok,65,10,0.008929036458333333,412,412,125,0.7821538461538462,0.1076923076923077,6.94,18.0,0.65,,tracks/WEIRD+d5edb57c+2023-11-22-22h-41m-07s/ext2_f00287.npz
WEIRD+d5edb57c+2023-11-22-22h-41m-07s,ext2,327,ok,62,7,0.004825303819444444,412,412,85,0.6552182163187856,0.04838709677419355,4.77,17.8,0.65,,tracks/WEIRD+d5edb57c+2023-11-22-22h-41m-07s/ext2_f00327.npz
WEIRD+d5edb57c+2023-11-22-22h-41m-07s,ext2,186,ok,66,7,0.0039713541666666664,412,412,226,0.7879458299812282,0.0,12.02,18.8,0.65,,tracks/WEIRD+d5edb57c+2023-11-22-22h-41m-07s/ext2_f00186.npz
WEIRD+d5edb57c+2023-12-01-16h-12m-37s,ext1,743,ok,81,5,0.002515190972222222,803,803,60,1.0,1.0,3.71,16.2,0.65,,tracks/WEIRD+d5edb57c+2023-12-01-16h-12m-37s/ext1_f00743.npz
WEIRD+d5edb57c+2023-12-01-16h-12m-37s,ext2,743,ok,32,4,0.001003689236111111,803,803,60,0.9385416666666667,1.0,3.69,16.3,0.65,,tracks/WEIRD+d5edb57c+2023-12-01-16h-12m-37s/ext2_f00743.npz
WEIRD+e604eeed+2023-12-01-16h-52m-08s,ext1,162,ok,69,7,0.0048361545138888885,524,524,362,0.22687965409560412,0.8405797101449275,18.49,19.6,0.65,,tracks/WEIRD+e604eeed+2023-12-01-16h-52m-08s/ext1_f00162.npz
WEIRD+e604eeed+2023-12-01-16h-52m-08s,ext1,199,ok,59,6,0.005028211805555556,524,524,325,0.3789308996088657,0.5932203389830508,16.59,19.6,0.65,,tracks/WEIRD+e604eeed+2023-12-01-16h-52m-08s/ext1_f00199.npz
WEIRD+e604eeed+2023-12-01-16h-52m-08s,ext1,405,ok,69,12,0.013697916666666667,524,524,119,0.09389842893679211,0.0,6.5,18.3,0.65,,tracks/WEIRD+e604eeed+2023-12-01-16h-52m-08s/ext1_f00405.npz
WEIRD+e604eeed+2023-12-01-16h-52m-08s,ext1,112,ok,74,5,0.0037706163194444445,524,524,412,0.5083639464707426,0.0,21.3,19.3,0.66,,tracks/WEIRD+e604eeed+2023-12-01-16h-52m-08s/ext1_f00112.npz
WEIRD+e604eeed+2023-12-01-16h-52m-08s,ext1,142,ok,64,5,0.0030121527777777777,524,524,382,0.3590068717277487,0.875,19.89,19.2,0.65,,tracks/WEIRD+e604eeed+2023-12-01-16h-52m-08s/ext1_f00142.npz
WEIRD+e604eeed+2023-12-01-16h-52m-08s,ext2,112,ok,65,29,0.06451931423611111,524,524,412,0.765496639283047,0.3384615384615385,21.1,19.5,0.65,,tracks/WEIRD+e604eeed+2023-12-01-16h-52m-08s/ext2_f00112.npz
WEIRD+e604eeed+2023-12-01-16h-52m-08s,ext2,142,ok,62,29,0.06551649305555556,524,524,382,0.7154196926194899,0.24193548387096775,19.63,19.5,0.65,,tracks/WEIRD+e604eeed+2023-12-01-16h-52m-08s/ext2_f00142.npz
WEIRD+e604eeed+2023-12-01-16h-52m-08s,ext2,162,ok,68,32,0.07607313368055556,524,524,362,0.683132921676958,0.23529411764705882,18.83,19.2,0.65,,tracks/WEIRD+e604eeed+2023-12-01-16h-52m-08s/ext2_f00162.npz
WEIRD+e604eeed+2023-12-01-16h-52m-08s,ext2,199,ok,66,24,0.042215711805555556,524,524,325,0.7042890442890443,0.5757575757575758,16.86,19.3,0.66,,tracks/WEIRD+e604eeed+2023-12-01-16h-52m-08s/ext2_f00199.npz
WEIRD+e604eeed+2023-12-01-16h-52m-08s,ext2,405,ok,72,20,0.030709635416666665,524,524,119,0.9274042950513539,0.7916666666666666,6.64,17.9,0.65,,tracks/WEIRD+e604eeed+2023-12-01-16h-52m-08s/ext2_f00405.npz
WEIRD+e604eeed+2023-12-01-16h-52m-54s,ext1,541,ok,63,7,0.004255642361111111,909,909,368,0.8357487922705314,0.9047619047619048,18.98,19.4,0.65,,tracks/WEIRD+e604eeed+2023-12-01-16h-52m-54s/ext1_f00541.npz
WEIRD+e604eeed+2023-12-01-16h-52m-54s,ext1,655,ok,71,6,0.0061653645833333335,909,909,254,0.9612398802262393,0.9859154929577465,13.5,18.8,0.65,,tracks/WEIRD+e604eeed+2023-12-01-16h-52m-54s/ext1_f00655.npz
WEIRD+e604eeed+2023-12-01-16h-52m-54s,ext2,541,ok,66,7,0.006235894097222222,909,909,368,0.980566534914361,0.9696969696969697,19.68,18.7,0.65,,tracks/WEIRD+e604eeed+2023-12-01-16h-52m-54s/ext2_f00541.npz
WEIRD+e604eeed+2023-12-01-16h-52m-54s,ext2,655,ok,56,12,0.014133029513888888,909,909,254,0.9580989876265467,0.8392857142857143,13.44,18.9,0.65,,tracks/WEIRD+e604eeed+2023-12-01-16h-52m-54s/ext2_f00655.npz
WEIRD+e604eeed+2023-12-08-18h-14m-48s,ext1,387,ok,63,15,0.016802300347222222,560,560,173,0.7618130103679237,0.0,9.41,18.4,0.65,,tracks/WEIRD+e604eeed+2023-12-08-18h-14m-48s/ext1_f00387.npz
WEIRD+e604eeed+2023-12-08-18h-14m-48s,ext1,497,ok,65,9,0.008166232638888889,560,560,63,0.8332112332112332,0.5692307692307692,3.94,16.0,0.65,,tracks/WEIRD+e604eeed+2023-12-08-18h-14m-48s/ext1_f00497.npz
WEIRD+e604eeed+2023-12-08-18h-14m-48s,ext2,387,ok,67,12,0.011890190972222223,560,560,173,0.675437839703218,0.1044776119402985,9.32,18.6,0.66,,tracks/WEIRD+e604eeed+2023-12-08-18h-14m-48s/ext2_f00387.npz
WEIRD+e604eeed+2023-12-08-18h-14m-48s,ext2,497,ok,75,6,0.003659939236111111,560,560,63,0.34095238095238095,0.24,3.96,15.9,0.65,,tracks/WEIRD+e604eeed+2023-12-08-18h-14m-48s/ext2_f00497.npz
WEIRD+e604eeed+2023-12-08-20h-51m-49s,ext1,660,ok,55,7,0.004448784722222222,867,867,207,0.8787878787878788,0.38181818181818183,11.22,18.5,0.65,,tracks/WEIRD+e604eeed+2023-12-08-20h-51m-49s/ext1_f00660.npz
WEIRD+e604eeed+2023-12-08-20h-51m-49s,ext2,660,ok,71,7,0.004181857638888889,867,867,207,0.9025651493502075,0.8169014084507042,11.36,18.2,0.65,,tracks/WEIRD+e604eeed+2023-12-08-20h-51m-49s/ext2_f00660.npz
WEIRD+e604eeed+2023-12-13-20h-42m-31s,ext1,543,ok,73,6,0.003997395833333334,721,721,178,1.0,1.0,10.12,17.6,0.65,,tracks/WEIRD+e604eeed+2023-12-13-20h-42m-31s/ext1_f00543.npz
WEIRD+e604eeed+2023-12-13-20h-42m-31s,ext2,543,ok,66,10,0.008202039930555556,721,721,178,0.6887980932924753,0.0,9.8,18.2,0.65,,tracks/WEIRD+e604eeed+2023-12-13-20h-42m-31s/ext2_f00543.npz
WEIRD+f1c42455+2024-01-16-00h-49m-38s,ext1,713,ok,64,4,0.0019639756944444444,1113,1113,400,0.993203125,0.984375,20.92,19.1,0.65,,tracks/WEIRD+f1c42455+2024-01-16-00h-49m-38s/ext1_f00713.npz
WEIRD+f1c42455+2024-01-16-00h-49m-38s,ext1,1065,ok,74,5,0.0035275607638888887,1113,1113,48,0.9929617117117117,0.9864864864864865,3.51,13.7,0.65,,tracks/WEIRD+f1c42455+2024-01-16-00h-49m-38s/ext1_f01065.npz
WEIRD+f1c42455+2024-01-16-00h-49m-38s,ext1,107,ok,70,7,0.005111762152777778,1113,1113,1006,0.7221385969894917,0.7428571428571429,51.33,19.6,0.65,,tracks/WEIRD+f1c42455+2024-01-16-00h-49m-38s/ext1_f00107.npz
WEIRD+f1c42455+2024-01-16-00h-49m-38s,ext1,271,ok,79,4,0.002162543402777778,1113,1113,842,0.9470970263688024,0.9873417721518988,43.73,19.3,0.65,,tracks/WEIRD+f1c42455+2024-01-16-00h-49m-38s/ext1_f00271.npz
WEIRD+f1c42455+2024-01-16-00h-49m-38s,ext1,412,ok,68,6,0.0032411024305555557,1113,1113,701,0.8943316270873543,0.9411764705882353,36.28,19.3,0.66,,tracks/WEIRD+f1c42455+2024-01-16-00h-49m-38s/ext1_f00412.npz
WEIRD+f1c42455+2024-01-16-00h-49m-38s,ext1,532,ok,59,6,0.003291015625,1113,1113,581,0.9607048046909187,0.9491525423728814,30.31,19.2,0.65,,tracks/WEIRD+f1c42455+2024-01-16-00h-49m-38s/ext1_f00532.npz
WEIRD+f1c42455+2024-01-16-00h-49m-38s,ext2,107,ok,63,8,0.0052788628472222225,1113,1113,1006,0.5465461201047682,0.015873015873015872,51.96,19.4,0.65,,tracks/WEIRD+f1c42455+2024-01-16-00h-49m-38s/ext2_f00107.npz
WEIRD+f1c42455+2024-01-16-00h-49m-38s,ext2,271,ok,72,6,0.0037565104166666667,1113,1113,842,0.7043910002639219,0.0,43.56,19.3,0.65,,tracks/WEIRD+f1c42455+2024-01-16-00h-49m-38s/ext2_f00271.npz
WEIRD+f1c42455+2024-01-16-00h-49m-38s,ext2,412,ok,67,7,0.004282769097222222,1113,1113,701,0.636468158494262,0.0,35.99,19.5,0.65,,tracks/WEIRD+f1c42455+2024-01-16-00h-49m-38s/ext2_f00412.npz
WEIRD+f1c42455+2024-01-16-00h-49m-38s,ext2,532,ok,14,4,0.0005219184027777778,1113,1113,581,0.8790263093189082,0.0,29.01,20.0,0.65,,tracks/WEIRD+f1c42455+2024-01-16-00h-49m-38s/ext2_f00532.npz
WEIRD+f1c42455+2024-01-16-00h-49m-38s,ext2,713,ok,8,4,0.000283203125,1113,1113,400,0.884375,0.0,20.32,19.7,0.66,,tracks/WEIRD+f1c42455+2024-01-16-00h-49m-38s/ext2_f00713.npz
WEIRD+f1c42455+2024-01-16-00h-49m-38s,ext2,1065,ok,75,5,0.002884114583333333,1113,1113,48,0.23944444444444443,0.0,3.58,13.4,0.65,,tracks/WEIRD+f1c42455+2024-01-16-00h-49m-38s/ext2_f01065.npz
WEIRD+f61abce9+2023-11-29-20h-19m-08s,ext1,489,ok,69,12,0.01312282986111111,1611,1611,1122,0.9868893538970265,1.0,58.34,19.2,0.65,,tracks/WEIRD+f61abce9+2023-11-29-20h-19m-08s/ext1_f00489.npz
WEIRD+f61abce9+2023-11-29-20h-19m-08s,ext2,489,ok,62,5,0.001794704861111111,1611,1611,1122,0.7185900753263182,0.9354838709677419,57.13,19.6,0.65,,tracks/WEIRD+f61abce9+2023-11-29-20h-19m-08s/ext2_f00489.npz
WEIRD+f61abce9+2023-12-06-18h-39m-49s,ext1,285,ok,68,8,0.005901692708333333,548,548,263,0.39197047640348914,0.2647058823529412,14.0,18.8,0.65,,tracks/WEIRD+f61abce9+2023-12-06-18h-39m-49s/ext1_f00285.npz
WEIRD+f61abce9+2023-12-06-18h-39m-49s,ext2,285,ok,61,5,0.0022493489583333332,548,548,263,0.9127968584429346,0.9836065573770492,13.74,19.1,0.65,,tracks/WEIRD+f61abce9+2023-12-06-18h-39m-49s/ext2_f00285.npz
WEIRD+f61abce9+2023-12-08-19h-07m-22s,ext1,330,ok,68,11,0.012179904513888888,536,536,206,0.7874785836664763,0.5882352941176471,10.94,18.8,0.65,,tracks/WEIRD+f61abce9+2023-12-08-19h-07m-22s/ext1_f00330.npz
WEIRD+f61abce9+2023-12-08-19h-07m-22s,ext2,330,ok,77,9,0.007300347222222222,536,536,206,0.9559324170974657,0.922077922077922,11.18,18.4,0.65,,tracks/WEIRD+f61abce9+2023-12-08-19h-07m-22s/ext2_f00330.npz
WEIRD+f61abce9+2023-12-09-17h-45m-41s,ext1,642,ok,56,7,0.004106987847222222,1820,1819,1177,0.8506796941376381,0.9464285714285714,60.24,19.5,0.66,,tracks/WEIRD+f61abce9+2023-12-09-17h-45m-41s/ext1_f00642.npz
WEIRD+f61abce9+2023-12-09-17h-45m-41s,ext2,642,ok,74,13,0.013562282986111111,1820,1819,1177,0.6238489976807734,0.6756756756756757,61.7,19.1,0.65,,tracks/WEIRD+f61abce9+2023-12-09-17h-45m-41s/ext2_f00642.npz
